text,diggCount,replyCommentTotal,createTimeISO,uniqueId,videoWebUrl,uid,cid,avatarThumbnail
[Sticker] ,1,0,2026-04-21T04:58:56.000Z,maddie._272,https://www.tiktok.com/@luv_nomi/video/7631060976460188959,7015744275612058630,7631072356228711199,https://p16-common-sign.tiktokcdn-us.com/tos-useast8-avt-0068-tx2/108d34c381de9b75580c330818c6d593~tplv-tiktokx-cropcenter:100:100.jpg?dr=9640&refresh_token=ce6a9c7a&x-expires=1778140800&x-signature=%2FkROlpS6tPQU%2BguIYbq1Efolbb4%3D&t=4d5b0474&ps=13740610&shp=30310797&shcp=ff37627b&idc=useast5
Voooy corriendo 🏃‍♀️,0,0,2026-04-21T05:23:51.000Z,yovanicanole,https://www.tiktok.com/@isabella.bracamonte/video/7631077539837971725,79871571061788673,7631078827812340511,https://p19-common-sign.tiktokcdn.com/tos-maliva-avt-0068/b271b76e595209c4af9e15cd65134217~tplv-tiktokx-cropcenter:100:100.jpg?dr=14579&refresh_token=4d4384aa&x-expires=1778140800&x-signature=LBv%2BvYfRUKxrsYVx6NFhEEje7DU%3D&t=4d5b0474&ps=13740610&shp=30310797&shcp=ff37627b&idc=my
Que buena mascarilla,0,0,2026-04-23T04:56:18.000Z,zairawdd,https://www.tiktok.com/@isabella.bracamonte/video/7631077539837971725,7273560369083761707,7631813804565840654,https://p16-common-sign.tiktokcdn.com/tos-maliva-avt-0068/476581d90d7903b4bfeba75691de14d5~tplv-tiktokx-cropcenter:100:100.jpg?dr=14579&refresh_token=90670ac4&x-expires=1778140800&x-signature=FAa%2BavmjlGp360jjMuMGt6IWRX4%3D&t=4d5b0474&ps=13740610&shp=30310797&shcp=ff37627b&idc=my
😍😍😍,0,0,2026-04-21T13:41:26.000Z,nare56085,https://www.tiktok.com/@isabella.bracamonte/video/7631077539837971725,7403843235630498862,7631207016375747341,https://p16-common-sign.tiktokcdn.com/tos-maliva-avt-0068/ebe09e750d1f6bef7fc5673dc2f46df3~tplv-tiktokx-cropcenter:100:100.jpg?dr=14579&refresh_token=5b99d646&x-expires=1778140800&x-signature=E%2B72iCuaOmIS8yOVnN24oLdK1hc%3D&t=4d5b0474&ps=13740610&shp=30310797&shcp=ff37627b&idc=my
❤️❤️❤️Lovely,3,0,2026-04-18T01:53:39.000Z,beautyu,https://www.tiktok.com/@life_choic3s/video/7629462153296235790,7468537483698291754,7629911427558261518,https://p16-common-sign.tiktokcdn-us.com/tos-useast5-avt-0068-tx/791a4e61dc21c66665e9404c380ed452~tplv-tiktokx-cropcenter:100:100.jpg?dr=9640&refresh_token=0466aa87&x-expires=1778140800&x-signature=hGBJeexZXAOfvUSZn7ugMTItjmM%3D&t=4d5b0474&ps=13740610&shp=30310797&shcp=ff37627b&idc=useast8
🥰🥰🥰,1,0,2026-04-20T20:43:53.000Z,elmiraminasyan1,https://www.tiktok.com/@life_choic3s/video/7629462153296235790,7172726848073008171,7630944908996002573,https://p16-common-sign.tiktokcdn-us.com/tos-useast5-avt-0068-tx/db009cf199007d1f18ead2a0f7b57e9d~tplv-tiktokx-cropcenter:100:100.jpg?dr=9640&refresh_token=187dd2b0&x-expires=1778140800&x-signature=6ScW2HS24h1p67ex0JG35R1nzAY%3D&t=4d5b0474&ps=13740610&shp=30310797&shcp=ff37627b&idc=useast8
"Well, this looks nice. So awesome it doesn't slip.",0,0,2026-04-21T17:04:32.000Z,fluffybunnywarrior,https://www.tiktok.com/@m_monsam/video/7630678821301243143,7106972517898290222,7631259421779477261,https://p19-common-sign.tiktokcdn-us.com/tos-useast5-avt-0068-tx/042374e174e7810fee608b752500c894~tplv-tiktokx-cropcenter:100:100.jpg?dr=9640&refresh_token=b2d581e2&x-expires=1778140800&x-signature=%2FNhxwLwutCeYGEY12l2vRp7Kw4A%3D&t=4d5b0474&ps=13740610&shp=30310797&shcp=ff37627b&idc=useast8
Lol,3,1,2026-04-21T02:31:37.000Z,lychee9788,https://www.tiktok.com/@vivlybum/video/7631033660216511774,7541262770857198647,7631034470905135902,https://p16-common-sign.tiktokcdn.com/tos-maliva-avt-0068/a1621bec8c3178822e74dbe07a32f0d1~tplv-tiktokx-cropcenter:100:100.jpg?dr=14579&refresh_token=79f3c551&x-expires=1778140800&x-signature=9eR0m7bzYMWA7yDs%2FhlAz7jsw1I%3D&t=4d5b0474&ps=13740610&shp=30310797&shcp=ff37627b&idc=my2
Omg the lip mask packaging is so cute 😍,2,1,2026-04-16T13:34:38.000Z,camachosamyy,https://www.tiktok.com/@jackie_just_/video/7629228604035009806,135272647310921728,7629349843261621006,https://p16-common-sign.tiktokcdn-eu.com/tos-maliva-avt-0068/b1b09d91e9a3925eee1500e64b2c695a~tplv-tiktokx-cropcenter:100:100.jpg?dr=10399&refresh_token=0c439cb7&x-expires=1778140800&x-signature=x3RSHpfrNRc%2FNW%2Fj9RiPciid3z0%3D&t=4d5b0474&ps=13740610&shp=30310797&shcp=ff37627b&idc=no1a
It just looks sooo good!!🥰🥰,0,0,2026-05-01T11:10:34.000Z,carefree_cass,https://www.tiktok.com/@jackie_just_/video/7629228604035009806,7507685525077460014,7634879007502156575,https://p16-common-sign.tiktokcdn-eu.com/tos-maliva-avt-0068/17ffb3c34a352f680b15d18330a570c4~tplv-tiktokx-cropcenter:100:100.jpg?dr=10399&refresh_token=52e31fcc&x-expires=1778140800&x-signature=d7y0Q%2FlHXluUNDy6CUkwL0Ub5Go%3D&t=4d5b0474&ps=13740610&shp=30310797&shcp=ff37627b&idc=no1a
Oooh I’ve never done a lip mask!,1,1,2026-04-16T12:53:29.000Z,michellenunezflores,https://www.tiktok.com/@jackie_just_/video/7629228604035009806,6799033533295576069,7629339191240098574,https://p16-common-sign.tiktokcdn-eu.com/tos-maliva-avt-0068/088f1d479e79d1d7d08d630461bd0afc~tplv-tiktokx-cropcenter:100:100.jpg?dr=10399&refresh_token=1960ae63&x-expires=1778140800&x-signature=SFgCM4yISfoihpY5zyi5sQ3e9Vw%3D&t=4d5b0474&ps=13740610&shp=30310797&shcp=ff37627b&idc=no1a
WOWOWOWOW okay glass skin!!!!,0,0,2026-04-17T14:28:44.000Z,eedawwg,https://www.tiktok.com/@jackie_just_/video/7629228604035009806,7091709596989604907,7629734900975354637,https://p16-common-sign.tiktokcdn-eu.com/tos-maliva-avt-0068/dfae513a57521eb854a04a7d088bf59d~tplv-tiktokx-cropcenter:100:100.jpg?dr=10399&refresh_token=2cbcf7de&x-expires=1778140800&x-signature=8UULZ0vIftRLmnr2WhxHUFEQ19U%3D&t=4d5b0474&ps=13740610&shp=30310797&shcp=ff37627b&idc=no1a
The lip masks are wayy too cute 😍,0,0,2026-04-16T16:26:33.000Z,elizzza.g98,https://www.tiktok.com/@jackie_just_/video/7629228604035009806,6894280259194536966,7629394192901014286,https://p16-common-sign.tiktokcdn-eu.com/tos-maliva-avt-0068/d5efda064fd636d4dde966320fc1bf54~tplv-tiktokx-cropcenter:100:100.jpg?dr=10399&refresh_token=74524b1d&x-expires=1778140800&x-signature=m6mx46Elb0zTHEbfQuhUG2wnP4Q%3D&t=4d5b0474&ps=13740610&shp=30310797&shcp=ff37627b&idc=no1a
It IS serious!! Love the effort and the results 🪩💦🪞,0,0,2026-04-18T00:18:41.000Z,anagabrieldeleonsoto,https://www.tiktok.com/@jackie_just_/video/7629228604035009806,6620054625930625029,7629886942326670094,https://p16-common-sign.tiktokcdn-eu.com/tos-maliva-avt-0068/7675192b801d7e85169bfe51c22511d7~tplv-tiktokx-cropcenter:100:100.jpg?dr=10399&refresh_token=efc65bb1&x-expires=1778140800&x-signature=AWMJhsrkVp%2FmcpNl1TiqRhBekPw%3D&t=4d5b0474&ps=13740610&shp=30310797&shcp=ff37627b&idc=no1a
Oooo has those good ingredients 😍,0,0,2026-04-16T05:51:36.000Z,ppaolasa,https://www.tiktok.com/@jackie_just_/video/7629228604035009806,6977945481435415557,7629230331036271374,https://p16-common-sign.tiktokcdn-eu.com/tos-maliva-avt-0068/f960d539a9339cc3ca1db18dc731cee9~tplv-tiktokx-cropcenter:100:100.jpg?dr=10399&refresh_token=71b45112&x-expires=1778140800&x-signature=rREgQUwO2JP8fqTvocbapoUIU70%3D&t=4d5b0474&ps=13740610&shp=30310797&shcp=ff37627b&idc=no1a
That hydration is incredibleeee!! 😍,0,0,2026-04-16T22:09:37.000Z,rawan.asad04,https://www.tiktok.com/@jackie_just_/video/7629228604035009806,7441858711332258862,7629482577326310157,https://p16-common-sign.tiktokcdn-eu.com/tos-maliva-avt-0068/3e119e134330ed17fb8f9c4ce64fc442~tplv-tiktokx-cropcenter:100:100.jpg?dr=10399&refresh_token=b39f5586&x-expires=1778140800&x-signature=MrtDObEZ6obWrh4N6cBuzxWATss%3D&t=4d5b0474&ps=13740610&shp=30310797&shcp=ff37627b&idc=no1a
What a nice mask❤️,0,0,2026-04-16T23:07:22.000Z,xo_carmen.g,https://www.tiktok.com/@jackie_just_/video/7629228604035009806,7521424103044334606,7629497490215863053,https://p19-common-sign.tiktokcdn-eu.com/tos-maliva-avt-0068/121f40ca825d3b3d03c7e4f4839041d6~tplv-tiktokx-cropcenter:100:100.jpg?dr=10399&refresh_token=89d6754d&x-expires=1778140800&x-signature=iz9WbXL%2Fn0Gn4eUWWsKY8J35HaM%3D&t=4d5b0474&ps=13740610&shp=30310797&shcp=ff37627b&idc=no1a
Loving this duo!,0,0,2026-04-20T02:08:06.000Z,nadyadangbidness,https://www.tiktok.com/@jackie_just_/video/7629228604035009806,6816028529907221510,7630657310084219661,https://p19-common-sign.tiktokcdn-eu.com/tos-maliva-avt-0068/7d303da334a9964cf712ff9f7d332085~tplv-tiktokx-cropcenter:100:100.jpg?dr=10399&refresh_token=f58080f0&x-expires=1778140800&x-signature=AOFooKLPTOGP7siKox%2BGhCh1w1s%3D&t=4d5b0474&ps=13740610&shp=30310797&shcp=ff37627b&idc=no1a
😍😍😍,1,1,2026-04-16T06:02:55.000Z,karo.urzua,https://www.tiktok.com/@jackie_just_/video/7629228604035009806,7787576,7629233445968806670,https://p16-common-sign.tiktokcdn-eu.com/tos-maliva-avt-0068/bf3e0ae729d046fb88c52f15277c0c70~tplv-tiktokx-cropcenter:100:100.jpg?dr=10399&refresh_token=a632b688&x-expires=1778140800&x-signature=Lo1hNrRvW11Mn12tbS4kZ35rvx4%3D&t=4d5b0474&ps=13740610&shp=30310797&shcp=ff37627b&idc=no1a
😍😍,0,0,2026-04-16T18:42:37.000Z,natvallejo13,https://www.tiktok.com/@jackie_just_/video/7629228604035009806,6731074447908996101,7629429216979026718,https://p16-common-sign.tiktokcdn-eu.com/tos-maliva-avt-0068/d0e6194427aef8dc322e516d2c25b4d8~tplv-tiktokx-cropcenter:100:100.jpg?dr=10399&refresh_token=bdd79f62&x-expires=1778140800&x-signature=iudXTJapNoEbqQE9h7T23B8HZCs%3D&t=4d5b0474&ps=13740610&shp=30310797&shcp=ff37627b&idc=no1a
Que brillo tan bonito dejo en la piel 😍,0,0,2026-04-21T05:36:11.000Z,amaliapascuas,https://www.tiktok.com/@isabella.bracamonte/video/7631077539837971725,7579420019730318349,7631081885875225374,https://p16-common-sign.tiktokcdn-eu.com/tos-maliva-avt-0068/ae3ada786cfc50cfd398531088e4c1cf~tplv-tiktokx-cropcenter:100:100.jpg?dr=10399&refresh_token=6be1ca84&x-expires=1778140800&x-signature=uTj691loQ4vpJuVvtQd3pRFA9rg%3D&t=4d5b0474&ps=13740610&shp=30310797&shcp=ff37627b&idc=no1a
🥰🥰🥰,0,0,2026-04-22T03:24:35.000Z,carlos.agustn775,https://www.tiktok.com/@isabella.bracamonte/video/7631077539837971725,7578002900305527863,7631419272161624863,https://p16-common-sign.tiktokcdn-eu.com/tos-maliva-avt-0068/a488cb7ee5574064919e4624f5576b31~tplv-tiktokx-cropcenter:100:100.jpg?dr=10399&refresh_token=f9dac240&x-expires=1778140800&x-signature=sXkEsrLCxhGLh5giuHochViCfjs%3D&t=4d5b0474&ps=13740610&shp=30310797&shcp=ff37627b&idc=no1a
Skin is hydrated and glowy.✨️,1,0,2026-04-24T07:05:16.000Z,violetaura,https://www.tiktok.com/@moknows_13/video/7629490626819542302,132500271292641280,7632217869120488206,https://p19-common-sign.tiktokcdn-us.com/tos-useast5-avt-0068-tx/792361f58a355c37e818236e5dbf14bd~tplv-tiktokx-cropcenter:100:100.jpg?dr=9640&refresh_token=b5fa79b8&x-expires=1778140800&x-signature=%2BjcORArledTSt0HnXpvkd2OQI6Q%3D&t=4d5b0474&ps=13740610&shp=30310797&shcp=ff37627b&idc=useast5
🥰🔥😍🥰,1,0,2026-04-24T12:51:43.000Z,briannany31,https://www.tiktok.com/@moknows_13/video/7629490626819542302,6928938587371815942,7632307458581005069,https://p19-common-sign.tiktokcdn-us.com/tos-useast5-avt-0068-tx/79431ba50b1e48538a0100ae9c3fe7c7~tplv-tiktokx-cropcenter:100:100.jpg?dr=9640&refresh_token=090df3d0&x-expires=1778140800&x-signature=T3Hn42lnj9q18d2pwmcdwymYmjY%3D&t=4d5b0474&ps=13740610&shp=30310797&shcp=ff37627b&idc=useast5
🔥🔥🔥,1,1,2026-04-14T22:42:26.000Z,meekrocks,https://www.tiktok.com/@nicolemarierumas/video/7628687054049676575,297684215230271488,7628748762945946398,https://p16-common-sign.tiktokcdn-us.com/tos-useast8-avt-0068-tx2/ec92524d65e3a38b6bc2a119fcfd4e72~tplv-tiktokx-cropcenter:100:100.jpg?dr=9640&refresh_token=cc964480&x-expires=1778140800&x-signature=5QEbDCyGo0ZVZEdPKp1pmqlU6aY%3D&t=4d5b0474&ps=13740610&shp=30310797&shcp=ff37627b&idc=useast5
New to me 😍😍,1,0,2026-04-07T15:39:26.000Z,byrameez,https://www.tiktok.com/@yupiyapa/video/7625763301611375886,7390804507280802848,7626042364704473878,https://p16-common-sign.tiktokcdn-eu.com/tos-no1a-avt-0068c001-no/d966c2fc7d7173d1f043b924be44937a~tplv-tiktokx-cropcenter:100:100.jpg?dr=10399&refresh_token=5d405607&x-expires=1778140800&x-signature=sXFc2muTmRYe%2F5Qt0Vor24fgxqQ%3D&t=4d5b0474&ps=13740610&shp=30310797&shcp=ff37627b&idc=no1a
I want to try the lip mask!!!!🥰,1,0,2026-04-07T15:41:10.000Z,maryalicepettus,https://www.tiktok.com/@yupiyapa/video/7625763301611375886,6853827464486831109,7626042715725447949,https://p16-common-sign.tiktokcdn-eu.com/tos-maliva-avt-0068/bc0fe033a0b1a1ac1ba50d156ba65e3c~tplv-tiktokx-cropcenter:100:100.jpg?dr=10399&refresh_token=b1df49cb&x-expires=1778140800&x-signature=tdaMAB8yXxUGL%2F32adIVzY5uGWM%3D&t=4d5b0474&ps=13740610&shp=30310797&shcp=ff37627b&idc=no1a
Ooh those masks look amazing 😻,1,0,2026-04-07T01:50:04.000Z,trend_tracker_kk,https://www.tiktok.com/@yupiyapa/video/7625763301611375886,6814379847160235014,7625828609303577365,https://p16-common-sign.tiktokcdn-eu.com/tos-alisg-avt-0068/9bcf776fc36734d0f7569e0547d3e245~tplv-tiktokx-cropcenter:100:100.jpg?dr=10399&refresh_token=040ea571&x-expires=1778140800&x-signature=qS3uXJ56JJQcIE1yKs3ScKLVRZo%3D&t=4d5b0474&ps=13740610&shp=30310797&shcp=ff37627b&idc=no1a
so nice❤️❤️❤️,0,0,2026-04-06T22:43:02.000Z,arlynang,https://www.tiktok.com/@yupiyapa/video/7625763301611375886,55083065538023424,7625780389907071757,https://p16-common-sign.tiktokcdn-eu.com/tos-maliva-avt-0068/903ce89dd6e355092d098914beb1f980~tplv-tiktokx-cropcenter:100:100.jpg?dr=10399&refresh_token=0361bf42&x-expires=1778140800&x-signature=1zIQNOgX82R6zROazLZCHC6Bn3s%3D&t=4d5b0474&ps=13740610&shp=30310797&shcp=ff37627b&idc=no1a
So beautiful 🥰,1,0,2026-04-08T04:38:56.000Z,gabyyoshikawaa,https://www.tiktok.com/@yupiyapa/video/7625763301611375886,7355355981491012651,7626243070594777887,https://p16-common-sign.tiktokcdn-eu.com/tos-maliva-avt-0068/4c578b18fde3eee6c6930e37741102b1~tplv-tiktokx-cropcenter:100:100.jpg?dr=10399&refresh_token=e0ef4d78&x-expires=1778140800&x-signature=WJOa4B1u0fr%2BQnL9SsaAEAXEa8U%3D&t=4d5b0474&ps=13740610&shp=30310797&shcp=ff37627b&idc=no1a
🥰,1,0,2026-04-07T20:58:00.000Z,vehherman.ugc,https://www.tiktok.com/@yupiyapa/video/7625763301611375886,7379447493105353774,7626124258709013279,https://p16-common-sign.tiktokcdn-eu.com/tos-maliva-avt-0068/8333f9dfa0f3b8496a22610aaddd9163~tplv-tiktokx-cropcenter:100:100.jpg?dr=10399&refresh_token=0b3d672f&x-expires=1778140800&x-signature=7nhoBllxb3qcMdMqm2nkuEtCaL4%3D&t=4d5b0474&ps=13740610&shp=30310797&shcp=ff37627b&idc=no1a
I'm coming now to pock these😂,1,1,2026-03-10T14:29:36.000Z,s.s.noore,https://www.tiktok.com/@makeupby_ain/video/7615499475875941640,6797411223882302470,7615633997318685460,https://p19-common-sign.tiktokcdn-us.com/tos-maliva-avt-0068/29b404dc05133b8cc9a19f61c6adf138~tplv-tiktokx-cropcenter:100:100.jpg?dr=9640&refresh_token=f7805f60&x-expires=1778140800&x-signature=HAjCe2eEqAg16qQaSzqcJ44Ba2g%3D&t=4d5b0474&ps=13740610&shp=30310797&shcp=ff37627b&idc=useast5
🥰🥰🥰,1,0,2026-03-10T14:29:12.000Z,s.s.noore,https://www.tiktok.com/@makeupby_ain/video/7615499475875941640,6797411223882302470,7615633879760978709,https://p19-common-sign.tiktokcdn-us.com/tos-maliva-avt-0068/29b404dc05133b8cc9a19f61c6adf138~tplv-tiktokx-cropcenter:100:100.jpg?dr=9640&refresh_token=f7805f60&x-expires=1778140800&x-signature=HAjCe2eEqAg16qQaSzqcJ44Ba2g%3D&t=4d5b0474&ps=13740610&shp=30310797&shcp=ff37627b&idc=useast5
Gorgeous bestie 😍😍,1,1,2026-04-22T19:52:45.000Z,naomij__,https://www.tiktok.com/@rafiyaww/video/7630973164813552917,6942565203134579717,7631673921313473301,https://p16-common-sign.tiktokcdn-us.com/tos-alisg-avt-0068/496223438c30f1380a095bae3b48e213~tplv-tiktokx-cropcenter:100:100.jpg?dr=9640&refresh_token=16b5fec5&x-expires=1778140800&x-signature=dgyk6exjfv%2FXcNGTwTd6rOa9vbM%3D&t=4d5b0474&ps=13740610&shp=30310797&shcp=ff37627b&idc=useast5
Tried and love these😍,1,1,2026-04-22T12:40:58.000Z,kaur.ramneet,https://www.tiktok.com/@rafiyaww/video/7630973164813552917,6797416792689689605,7631562651601404690,https://p16-common-sign.tiktokcdn-us.com/tos-alisg-avt-0068/788aefd2f4b45ad0a8c9e2ea0fdf120d~tplv-tiktokx-cropcenter:100:100.jpg?dr=9640&refresh_token=ceac7a20&x-expires=1778140800&x-signature=RA3wyH6A4tsGOl1pdpHWNIbhxgY%3D&t=4d5b0474&ps=13740610&shp=30310797&shcp=ff37627b&idc=useast5
Amazing gloooow ✨🤩,1,1,2026-04-22T08:26:34.000Z,glow.by.deee,https://www.tiktok.com/@rafiyaww/video/7630973164813552917,6856346420660667397,7631497101282476820,https://p16-common-sign.tiktokcdn-us.com/tos-alisg-avt-0068/8a2869ec60cb45bd6e1a3e69fc493bc0~tplv-tiktokx-cropcenter:100:100.jpg?dr=9640&refresh_token=e6f66e46&x-expires=1778140800&x-signature=C6tAuzuQmxiVGY1RuqSBpy%2BoeYY%3D&t=4d5b0474&ps=13740610&shp=30310797&shcp=ff37627b&idc=useast5
Queen energy 👌 😍,1,1,2026-04-21T00:09:26.000Z,shirlswithlove,https://www.tiktok.com/@rafiyaww/video/7630973164813552917,282085441615564800,7630997833391686407,https://p19-common-sign.tiktokcdn-us.com/tos-maliva-avt-0068/d341973b43abe66f1499d7e1cbfc1230~tplv-tiktokx-cropcenter:100:100.jpg?dr=9640&refresh_token=cf242b44&x-expires=1778140800&x-signature=SbI7xcjFRxfdoKzyRurTA3gKztE%3D&t=4d5b0474&ps=13740610&shp=30310797&shcp=ff37627b&idc=useast5
Yess girll 😍😍😍😍😍,1,1,2026-04-21T16:06:56.000Z,gabriellakasto,https://www.tiktok.com/@rafiyaww/video/7630973164813552917,6620709232344285189,7631244641026851616,https://p19-common-sign.tiktokcdn-us.com/tos-maliva-avt-0068/a1ac192500dc68c05002c5bc952488e5~tplv-tiktokx-cropcenter:100:100.jpg?dr=9640&refresh_token=aaebabbd&x-expires=1778140800&x-signature=7ckxTEHZnJX867wCz7lOnJQ7KyE%3D&t=4d5b0474&ps=13740610&shp=30310797&shcp=ff37627b&idc=useast5
wow🥰,1,1,2026-04-20T23:38:11.000Z,jd_meet22,https://www.tiktok.com/@rafiyaww/video/7630973164813552917,6547707685108732928,7630989794784903956,https://p19-common-sign.tiktokcdn-us.com/tos-maliva-avt-0068/0e09007a367674964485dacd21dda0d0~tplv-tiktokx-cropcenter:100:100.jpg?dr=9640&refresh_token=2b7a703d&x-expires=1778140800&x-signature=rqY3pVLnHJppHyOlg1Bl%2FKFaK58%3D&t=4d5b0474&ps=13740610&shp=30310797&shcp=ff37627b&idc=useast5
Omg yes,1,1,2026-04-20T23:30:41.000Z,franzandayyy,https://www.tiktok.com/@rafiyaww/video/7630973164813552917,7216378176272073734,7630987878042354453,https://p19-common-sign.tiktokcdn-us.com/tos-alisg-avt-0068/80c1978f2e3d98dd1abf9dbafe59ebca~tplv-tiktokx-cropcenter:100:100.jpg?dr=9640&refresh_token=128e1bf4&x-expires=1778140800&x-signature=%2FEFl5prYdhp97Uu9vlPvVKnB1D8%3D&t=4d5b0474&ps=13740610&shp=30310797&shcp=ff37627b&idc=useast5
Sooo nice 💙,1,1,2026-04-21T08:53:10.000Z,imsyneathita2,https://www.tiktok.com/@rafiyaww/video/7630973164813552917,7422623835130889223,7631132847370027797,https://p19-common-sign.tiktokcdn-us.com/tos-alisg-avt-0068/1b98c0eff9e3df54a3d6944578fcec4d~tplv-tiktokx-cropcenter:100:100.jpg?dr=9640&refresh_token=78bdb9bc&x-expires=1778140800&x-signature=f9HMxEgUpmw%2BL1aWXHEQWNibhgo%3D&t=4d5b0474&ps=13740610&shp=30310797&shcp=ff37627b&idc=useast5
Oooh I love your routine 🥰,1,1,2026-04-11T12:43:48.000Z,slpnnrm,https://www.tiktok.com/@rachelleking93/video/7627225011656379656,86512586438934528,7627481474828190472,https://p16-common-sign.tiktokcdn.com/tos-alisg-avt-0068/107b448f1105e29a68ff92b031ec4921~tplv-tiktokx-cropcenter:100:100.jpg?dr=14579&refresh_token=0ca6adbc&x-expires=1778140800&x-signature=DgvgwfRqJSv3fwXfzISqxsIe6IA%3D&t=4d5b0474&ps=13740610&shp=30310797&shcp=ff37627b&idc=my2
Looks so beautiful 😍,1,1,2026-04-12T02:53:20.000Z,gabyyoshikawaa,https://www.tiktok.com/@rachelleking93/video/7627225011656379656,7355355981491012651,7627700298328408863,https://p16-common-sign.tiktokcdn.com/tos-maliva-avt-0068/4c578b18fde3eee6c6930e37741102b1~tplv-tiktokx-cropcenter:100:100.jpg?dr=14579&refresh_token=38f411d0&x-expires=1778140800&x-signature=rhqUf1Ib1ZKPVdIxNCG4NbLHNSs%3D&t=4d5b0474&ps=13740610&shp=30310797&shcp=ff37627b&idc=my2
Both the mask looks amazing,1,1,2026-04-11T16:37:49.000Z,thereveriechronicles,https://www.tiktok.com/@rachelleking93/video/7627225011656379656,7491845632718537733,7627541768175305488,https://p16-common-sign.tiktokcdn.com/tos-alisg-avt-0068/95496ff26bc74aab76f8f04850029a58~tplv-tiktokx-cropcenter:100:100.jpg?dr=14579&refresh_token=871e07e4&x-expires=1778140800&x-signature=67w%2BnUnzkMgWtT%2FcIk37tmeSf%2Bo%3D&t=4d5b0474&ps=13740610&shp=30310797&shcp=ff37627b&idc=my2
Looks so good 😍,1,1,2026-04-13T13:27:39.000Z,swijayaaa,https://www.tiktok.com/@rachelleking93/video/7627225011656379656,6871900990724260866,7628234933743780625,https://p16-common-sign.tiktokcdn.com/tos-useast2a-avt-0068-giso/0b2803fca4e16a5a74c84ed7a59cf233~tplv-tiktokx-cropcenter:100:100.jpg?dr=14579&refresh_token=c1e20953&x-expires=1778140800&x-signature=aAm%2BAiwlr24QJYCCZqxou1WKD4c%3D&t=4d5b0474&ps=13740610&shp=30310797&shcp=ff37627b&idc=my2
The texture looks so good 😻,1,1,2026-04-11T13:51:27.000Z,kiyowoon7,https://www.tiktok.com/@rachelleking93/video/7627225011656379656,7287607530527999009,7627498885736416022,https://p16-common-sign.tiktokcdn.com/tos-maliva-avt-0068/211f2b47533e8d97564018f8f97d18f6~tplv-tiktokx-cropcenter:100:100.jpg?dr=14579&refresh_token=8c244abf&x-expires=1778140800&x-signature=52PZJxZb1SqDfFpCJctATeemwlM%3D&t=4d5b0474&ps=13740610&shp=30310797&shcp=ff37627b&idc=my2
La mascaría me encanta 20 minutos me parece perfecto uso las otras y son 2 horas me parece demasiado ! Que bello empaque está hermoso los de los labios cuánto tiempo se los dejo ?,0,0,2026-04-13T17:22:49.000Z,gabriellecb92,https://www.tiktok.com/@raqueldiaryy/video/7628290880050416910,6925979470093255686,7628295262600119071,https://p19-common-sign.tiktokcdn-us.com/tos-useast8-avt-0068-tx2/c13aa189fd1cf197017c006163c8454d~tplv-tiktokx-cropcenter:100:100.jpg?dr=9640&refresh_token=2cf52214&x-expires=1778140800&x-signature=OoByEnfPLT3FqFrKEe%2FbDkc1%2FJY%3D&t=4d5b0474&ps=13740610&shp=30310797&shcp=ff37627b&idc=useast8
Esta marca no la conocía pero se ve que actúa bastante bien en la piel,0,0,2026-04-14T15:41:22.000Z,luz1468sandy,https://www.tiktok.com/@raqueldiaryy/video/7628290880050416910,7059920938334536710,7628640318230037261,https://p16-common-sign.tiktokcdn-us.com/tos-useast5-avt-0068-tx/d6f6fb597572e2d83442a2cd991418fd~tplv-tiktokx-cropcenter:100:100.jpg?dr=9640&refresh_token=460f0a5b&x-expires=1778140800&x-signature=6V0dNfm3rIOUPpHlMIWqL8wcwAY%3D&t=4d5b0474&ps=13740610&shp=30310797&shcp=ff37627b&idc=useast8
Quiero la mascarilla delos labios lo vente separado ?,0,0,2026-04-15T12:26:19.000Z,chily1993,https://www.tiktok.com/@raqueldiaryy/video/7628290880050416910,6866408478601200645,7628961141780398861,https://p19-common-sign.tiktokcdn-us.com/tos-useast5-avt-0068-tx/d4b41bd1786cbf5b14521a0d7f0009a3~tplv-tiktokx-cropcenter:100:100.jpg?dr=9640&refresh_token=9c3f8149&x-expires=1778140800&x-signature=rbp0bu3S0xu6gjcvMshDcvUplQU%3D&t=4d5b0474&ps=13740610&shp=30310797&shcp=ff37627b&idc=useast8
Amo las mascarillas diosiooo✨✨✨,0,0,2026-04-15T15:01:28.000Z,jesi_salcedo2,https://www.tiktok.com/@raqueldiaryy/video/7628290880050416910,7550176157100295182,7629001125082415885,https://p16-common-sign.tiktokcdn-us.com/tos-useast5-avt-0068-tx/775b781b35ca12a3fd6a5c0c37a494a9~tplv-tiktokx-cropcenter:100:100.jpg?dr=9640&refresh_token=6c6b0b90&x-expires=1778140800&x-signature=YCAAfbJvCsa6a7NQxYbK9egFihA%3D&t=4d5b0474&ps=13740610&shp=30310797&shcp=ff37627b&idc=useast8
Quieroooooo 😍,0,0,2026-04-15T20:00:47.000Z,kcasteayala,https://www.tiktok.com/@raqueldiaryy/video/7628290880050416910,116738771177410561,7629078377269642014,https://p19-common-sign.tiktokcdn-us.com/tos-useast8-avt-0068-tx2/3f94a6a3317dbc3146ad8dea80a28196~tplv-tiktokx-cropcenter:100:100.jpg?dr=9640&refresh_token=7a1520aa&x-expires=1778140800&x-signature=62prfNv%2FQhLZ%2F7UM3v1d9HHz1bE%3D&t=4d5b0474&ps=13740610&shp=30310797&shcp=ff37627b&idc=useast8
[Sticker] Lovee loveee,0,0,2026-04-17T04:07:29.000Z,sofirubalcava,https://www.tiktok.com/@raqueldiaryy/video/7628290880050416910,7445428125179544618,7629574767318450958,https://p16-common-sign.tiktokcdn-us.com/tos-useast5-avt-0068-tx/57a3d9cb31994ddb4f40cdec2056dd22~tplv-tiktokx-cropcenter:100:100.jpg?dr=9640&refresh_token=7df478f4&x-expires=1778140800&x-signature=nRGBLTcKiDAQ3aG9Bvr5ZCQ2Evg%3D&t=4d5b0474&ps=13740610&shp=30310797&shcp=ff37627b&idc=useast8
Yo la quiero probar 😍,0,0,2026-04-15T01:42:46.000Z,erikal0728,https://www.tiktok.com/@raqueldiaryy/video/7628290880050416910,6737063748961747973,7628795398576390925,https://p16-common-sign.tiktokcdn-us.com/tos-useast5-avt-0068-tx/c23c24348d7291862841a3dbef06a6b2~tplv-tiktokx-cropcenter:100:100.jpg?dr=9640&refresh_token=89a13556&x-expires=1778140800&x-signature=z%2B7vHedzsnXoiIej12wsg7GBYQI%3D&t=4d5b0474&ps=13740610&shp=30310797&shcp=ff37627b&idc=useast8
[Sticker] Glass skin!!!!,0,0,2026-04-16T03:37:34.000Z,nataliapasion0,https://www.tiktok.com/@raqueldiaryy/video/7628290880050416910,6797106861449511942,7629196072933688095,https://p19-common-sign.tiktokcdn-us.com/tos-useast8-avt-0068-tx2/adde76044d6f2efc099e41427e665ba1~tplv-tiktokx-cropcenter:100:100.jpg?dr=9640&refresh_token=b2ea4a43&x-expires=1778140800&x-signature=Tz%2Bk4shsNzclWMR3BLg6vcvoGcY%3D&t=4d5b0474&ps=13740610&shp=30310797&shcp=ff37627b&idc=useast8
Me encantooo💖,0,0,2026-04-17T01:36:20.000Z,heyliz010,https://www.tiktok.com/@raqueldiaryy/video/7628290880050416910,7450253176778359854,7629535944575779614,https://p19-common-sign.tiktokcdn-us.com/tos-useast8-avt-0068-tx2/dca3223cfa55cffc7837fc0c9489a45d~tplv-tiktokx-cropcenter:100:100.jpg?dr=9640&refresh_token=612db509&x-expires=1778140800&x-signature=lDA7n15g1eRdPc%2BLTVlGG2v93bo%3D&t=4d5b0474&ps=13740610&shp=30310797&shcp=ff37627b&idc=useast8
Se ve la piel hermosaaa ✨,0,0,2026-04-14T21:51:05.000Z,griseld.lov,https://www.tiktok.com/@raqueldiaryy/video/7628290880050416910,6974849327349744646,7628735728473752350,https://p19-common-sign.tiktokcdn-us.com/tos-useast8-avt-0068-tx2/03851034a81858cc0ac2d47f3b7b74eb~tplv-tiktokx-cropcenter:100:100.jpg?dr=9640&refresh_token=ef870fdc&x-expires=1778140800&x-signature=vuMJEyTKBfbPH2igcvsial3Fm7Y%3D&t=4d5b0474&ps=13740610&shp=30310797&shcp=ff37627b&idc=useast8
Amamos esas máscaras,0,0,2026-04-16T00:51:03.000Z,lili_j,https://www.tiktok.com/@raqueldiaryy/video/7628290880050416910,7011698875895464965,7629153092710548238,https://p19-common-sign.tiktokcdn-us.com/tos-useast5-avt-0068-tx/daa5d5ce82a6285f35ab1169a3032de0~tplv-tiktokx-cropcenter:100:100.jpg?dr=9640&refresh_token=e8aac010&x-expires=1778140800&x-signature=EgA8bNBt5a8npoOZWG3nI2DA328%3D&t=4d5b0474&ps=13740610&shp=30310797&shcp=ff37627b&idc=useast8
la pielll😍,0,0,2026-04-14T00:34:24.000Z,soyyaim,https://www.tiktok.com/@raqueldiaryy/video/7628290880050416910,6954725795035579397,7628406652435464974,https://p16-common-sign.tiktokcdn-us.com/tos-useast5-avt-0068-tx/cf8b1263c68b5d23ea49be7a1a9034eb~tplv-tiktokx-cropcenter:100:100.jpg?dr=9640&refresh_token=a9fc3524&x-expires=1778140800&x-signature=pwKrj5UUXonGr3ohInytfM9wCqg%3D&t=4d5b0474&ps=13740610&shp=30310797&shcp=ff37627b&idc=useast8
Que belleza 😍,0,0,2026-04-15T03:02:54.000Z,soydianagonzalez,https://www.tiktok.com/@raqueldiaryy/video/7628290880050416910,6537016126247801871,7628816025505235725,https://p19-common-sign.tiktokcdn-us.com/tos-useast5-avt-0068-tx/8784c95435d82802ab0fa6d2515f3843~tplv-tiktokx-cropcenter:100:100.jpg?dr=9640&refresh_token=62643bb9&x-expires=1778140800&x-signature=UzF2y%2Bf0S2GymzGTAFvsLQB0jDM%3D&t=4d5b0474&ps=13740610&shp=30310797&shcp=ff37627b&idc=useast8
Woww amooo como se ve puesta😍😍,0,0,2026-04-13T21:42:08.000Z,alejapadillagr,https://www.tiktok.com/@raqueldiaryy/video/7628290880050416910,6771423979083367430,7628362292795802399,https://p16-common-sign.tiktokcdn-us.com/tos-useast8-avt-0068-tx2/44295b1b841ba81feb0858b947ef19f7~tplv-tiktokx-cropcenter:100:100.jpg?dr=9640&refresh_token=d1f455da&x-expires=1778140800&x-signature=YtRCE88VNxbjz%2FEkvnhc2j3tID4%3D&t=4d5b0474&ps=13740610&shp=30310797&shcp=ff37627b&idc=useast8
Las quieroooo! Quiero esos resultados,0,0,2026-04-14T01:44:05.000Z,carley_9,https://www.tiktok.com/@raqueldiaryy/video/7628290880050416910,7186013750510601258,7628424590931198734,https://p19-common-sign.tiktokcdn-us.com/tos-useast5-avt-0068-tx/3efe016f366ad8de46e5588c7ed99530~tplv-tiktokx-cropcenter:100:100.jpg?dr=9640&refresh_token=7d2db9d9&x-expires=1778140800&x-signature=8l%2BB19%2Bqele1DTGrRqBnNIR0pnc%3D&t=4d5b0474&ps=13740610&shp=30310797&shcp=ff37627b&idc=useast8
Wow me encanta que te deja el glow 🥰💕,0,0,2026-04-14T00:00:59.000Z,isisraynor,https://www.tiktok.com/@raqueldiaryy/video/7628290880050416910,6761558128460088326,7628398086339707679,https://p16-common-sign.tiktokcdn-us.com/tos-useast8-avt-0068-tx2/7d2a9b323a0a6a53e6bb1b9071e56be3~tplv-tiktokx-cropcenter:100:100.jpg?dr=9640&refresh_token=a470148b&x-expires=1778140800&x-signature=1QivqOgxb1KXNrw564koJ5FqlT4%3D&t=4d5b0474&ps=13740610&shp=30310797&shcp=ff37627b&idc=useast8
se super rica en la piel e hidratante 😍😍😍,0,0,2026-04-14T05:39:33.000Z,jaasmiinaa7,https://www.tiktok.com/@raqueldiaryy/video/7628290880050416910,6800237861771609094,7628484857719816990,https://p16-common-sign.tiktokcdn-us.com/tos-useast8-avt-0068-tx2/3a4cb826cdbcb568b24c73bd9b8bf743~tplv-tiktokx-cropcenter:100:100.jpg?dr=9640&refresh_token=c6a4e64b&x-expires=1778140800&x-signature=Vcs9bjCADGz7w2Wm3X78uCVBojA%3D&t=4d5b0474&ps=13740610&shp=30310797&shcp=ff37627b&idc=useast8
Yo soy fans de las máscaras ✨,0,0,2026-04-14T03:51:27.000Z,viancacrespo,https://www.tiktok.com/@raqueldiaryy/video/7628290880050416910,6677384753686316037,7628457352136950541,https://p19-common-sign.tiktokcdn-us.com/tos-useast5-avt-0068-tx/b93dd49f0e844a2a9f69f1c44dedf7cb~tplv-tiktokx-cropcenter:100:100.jpg?dr=9640&refresh_token=c833f2c0&x-expires=1778140800&x-signature=jQACD%2FD05btQfTZQbZB60ZUlWuI%3D&t=4d5b0474&ps=13740610&shp=30310797&shcp=ff37627b&idc=useast8
La de labios me encanta 🤩,0,0,2026-04-13T17:27:46.000Z,lizethcaceres_,https://www.tiktok.com/@raqueldiaryy/video/7628290880050416910,6807923428063347718,7628296803691873031,https://p16-common-sign.tiktokcdn-us.com/tos-alisg-avt-0068/6152105d4b1a968d2597d3930bf19721~tplv-tiktokx-cropcenter:100:100.jpg?dr=9640&refresh_token=ccf52b7a&x-expires=1778140800&x-signature=mwRQb%2FGQhKs7GnoyoQEFxi0XeqU%3D&t=4d5b0474&ps=13740610&shp=30310797&shcp=ff37627b&idc=useast8
It looks great!,0,0,2026-04-13T18:50:13.000Z,gabbiebrs,https://www.tiktok.com/@raqueldiaryy/video/7628290880050416910,6795620413738681349,7628317895227392798,https://p19-common-sign.tiktokcdn-us.com/tos-useast5-avt-0068-tx/d3933f58ca1c45275623ef344596a885~tplv-tiktokx-cropcenter:100:100.jpg?dr=9640&refresh_token=20b0c5b6&x-expires=1778140800&x-signature=dBswNzDcbljN%2BcR2aUyBAFbOIQM%3D&t=4d5b0474&ps=13740610&shp=30310797&shcp=ff37627b&idc=useast8
Me encanta como deja tu piel 😍,0,0,2026-04-23T05:44:27.000Z,keiyani04,https://www.tiktok.com/@raqueldiaryy/video/7628290880050416910,6655451566755840006,7631826043137557279,https://p16-common-sign.tiktokcdn-us.com/tos-useast8-avt-0068-tx2/0dee1038e7eaf8b713e4b13f75eaaa56~tplv-tiktokx-cropcenter:100:100.jpg?dr=9640&refresh_token=b8e70fd3&x-expires=1778140800&x-signature=CY5AOfjg0izHwyH4Wa1lJ%2BxJsF0%3D&t=4d5b0474&ps=13740610&shp=30310797&shcp=ff37627b&idc=useast8
Wow I need this 🤩🤩,0,0,2026-04-13T21:33:45.000Z,yosselynrebeca,https://www.tiktok.com/@raqueldiaryy/video/7628290880050416910,6828968356525507590,7628360179188253470,https://p16-common-sign.tiktokcdn-us.com/tos-useast8-avt-0068-tx2/b1121f768e3e470e402c9b7cee9f5dc5~tplv-tiktokx-cropcenter:100:100.jpg?dr=9640&refresh_token=422dacf3&x-expires=1778140800&x-signature=esngcZ5yUYXH1p3amkLNcRjDIjE%3D&t=4d5b0474&ps=13740610&shp=30310797&shcp=ff37627b&idc=useast8
Collagen mask 🥰🥰🥰,0,0,2026-04-13T21:07:23.000Z,oox.kimmy,https://www.tiktok.com/@raqueldiaryy/video/7628290880050416910,6806071509226013701,7628353259155178270,https://p16-common-sign.tiktokcdn-us.com/tos-useast8-avt-0068-tx2/a7494c1311f527dd05812168fca37f6d~tplv-tiktokx-cropcenter:100:100.jpg?dr=9640&refresh_token=adecb788&x-expires=1778140800&x-signature=g08EKba%2FdGUo7gkUbXxO1G4R1a8%3D&t=4d5b0474&ps=13740610&shp=30310797&shcp=ff37627b&idc=useast8
It looks so hydrated and glowy 😍,0,0,2026-04-13T18:01:14.000Z,carolaysarcos,https://www.tiktok.com/@raqueldiaryy/video/7628290880050416910,27124978,7628305312735642398,https://p16-common-sign.tiktokcdn-us.com/tos-useast8-avt-0068-tx2/66f94994b78559edba96e28e5dad1c23~tplv-tiktokx-cropcenter:100:100.jpg?dr=9640&refresh_token=95146779&x-expires=1778140800&x-signature=uZdZscggRzc0DaCeow5simK4yNk%3D&t=4d5b0474&ps=13740610&shp=30310797&shcp=ff37627b&idc=useast8
Yo las tengo y todo que ver,0,0,2026-04-13T20:45:48.000Z,kaymc16,https://www.tiktok.com/@raqueldiaryy/video/7628290880050416910,6855347210474243077,7628347768759239437,https://p16-common-sign.tiktokcdn-us.com/tos-useast5-avt-0068-tx/86ace12e64991022cd4c1d6f24e7c53e~tplv-tiktokx-cropcenter:100:100.jpg?dr=9640&refresh_token=2461946a&x-expires=1778140800&x-signature=oTEkGnAOg4Idn4jm%2BrKfeOsTEWs%3D&t=4d5b0474&ps=13740610&shp=30310797&shcp=ff37627b&idc=useast8
Looks so amazing 😍,0,0,2026-04-13T19:13:19.000Z,nancyencaladaoficial,https://www.tiktok.com/@raqueldiaryy/video/7628290880050416910,6785962746191905797,7628323897792906014,https://p16-common-sign.tiktokcdn-us.com/tos-useast8-avt-0068-tx2/702e08e721e74a82cdb77c6d9cf5993f~tplv-tiktokx-cropcenter:100:100.jpg?dr=9640&refresh_token=699a4f6d&x-expires=1778140800&x-signature=FRcQSGeRwxb5GoDMtSxtYnk0YCQ%3D&t=4d5b0474&ps=13740610&shp=30310797&shcp=ff37627b&idc=useast8
Quédate bella con esa piel,0,0,2026-04-14T00:21:25.000Z,olgaortegab,https://www.tiktok.com/@raqueldiaryy/video/7628290880050416910,6803133900317213698,7628403363759473421,https://p16-common-sign.tiktokcdn-us.com/tos-useast5-avt-0068-tx/a7e65fffd9ebe2143e0ffb52dc3b4b74~tplv-tiktokx-cropcenter:100:100.jpg?dr=9640&refresh_token=59698d89&x-expires=1778140800&x-signature=1tYgxabahWMEJ0nK7eJiB7OY33o%3D&t=4d5b0474&ps=13740610&shp=30310797&shcp=ff37627b&idc=useast8
🙏🙏🙏,0,0,2026-04-13T20:49:29.000Z,luz.lpez2148,https://www.tiktok.com/@raqueldiaryy/video/7628290880050416910,7028077779632227334,7628348767473156872,https://p19-common-sign.tiktokcdn-us.com/tos-maliva-avt-0068/168ee60ba9caa3c4f1650f1443bdc01a~tplv-tiktokx-cropcenter:100:100.jpg?dr=9640&refresh_token=56a2408b&x-expires=1778140800&x-signature=IqbMjENxFHgrlPxNZuLOY7ahgnQ%3D&t=4d5b0474&ps=13740610&shp=30310797&shcp=ff37627b&idc=useast8
Kheeee eso está espectacular @Kocostar US 😍,0,0,2026-04-13T21:41:43.000Z,zoet.martinez,https://www.tiktok.com/@raqueldiaryy/video/7628290880050416910,7329598644611843118,7628362226860114718,https://p19-common-sign.tiktokcdn-us.com/tos-useast8-avt-0068-tx2/316864ad212e393314dffa593b5936f8~tplv-tiktokx-cropcenter:100:100.jpg?dr=9640&refresh_token=4bd76552&x-expires=1778140800&x-signature=45j1Y6Q%2FdIyByKlu%2FIpUqiwUh%2BQ%3D&t=4d5b0474&ps=13740610&shp=30310797&shcp=ff37627b&idc=useast8
😍😍😍,0,0,2026-04-15T02:46:23.000Z,alerestrella,https://www.tiktok.com/@raqueldiaryy/video/7628290880050416910,6797129607410861061,7628811764041876238,https://p16-common-sign.tiktokcdn-us.com/tos-useast5-avt-0068-tx/1f024ba953301a521bb5b72cdb076990~tplv-tiktokx-cropcenter:100:100.jpg?dr=9640&refresh_token=05122f3b&x-expires=1778140800&x-signature=vQjaMHec7h2QLqH2nwn1HOWNbSc%3D&t=4d5b0474&ps=13740610&shp=30310797&shcp=ff37627b&idc=useast8
hydrated 🔥🔥🔥,0,0,2026-04-18T23:13:28.000Z,judelineferdinand7,https://www.tiktok.com/@anyararodriguez5/video/7629934513610657042,7266406021345690630,7630241213472490260,https://p19-common-sign.tiktokcdn-us.com/tos-alisg-avt-0068/6514095d140ee20bbce3c2fbe0fbb1a3~tplv-tiktokx-cropcenter:100:100.jpg?dr=9640&refresh_token=41a31978&x-expires=1778140800&x-signature=uWfJVA3JM%2FN8govKwPK8AvLzvZc%3D&t=4d5b0474&ps=13740610&shp=30310797&shcp=ff37627b&idc=useast5
wow❤️,1,1,2026-05-04T13:05:16.000Z,neupanechanda05,https://www.tiktok.com/@ugcnatali/video/7632920644723805460,7077910492450292763,7636021948485223186,https://p19-common-sign.tiktokcdn-us.com/tos-alisg-avt-0068/5ab87cf211183990a5d35b282e1b7b60~tplv-tiktokx-cropcenter:100:100.jpg?dr=9640&refresh_token=24685fc8&x-expires=1778140800&x-signature=RK50MrIXYG8SwNaZTenX9KhuhEs%3D&t=4d5b0474&ps=13740610&shp=30310797&shcp=ff37627b&idc=useast5
Need the lip mask,1,1,2026-04-30T20:01:37.000Z,tatioramas,https://www.tiktok.com/@ugcnatali/video/7632920644723805460,6783815840259228678,7634644856057840392,https://p19-common-sign.tiktokcdn-us.com/tos-maliva-avt-0068/9a025f907b327429ba2887cecef58c2e~tplv-tiktokx-cropcenter:100:100.jpg?dr=9640&refresh_token=ce8e8426&x-expires=1778140800&x-signature=6BV%2F1zVhTGzDmUm8ufteIj7iUHw%3D&t=4d5b0474&ps=13740610&shp=30310797&shcp=ff37627b&idc=useast5
the lip mask packaging is so cute,0,0,2026-05-05T14:22:21.000Z,lauras_pen,https://www.tiktok.com/@ugcnatali/video/7632920644723805460,6755394552485676038,7636412847027602198,https://p16-common-sign.tiktokcdn-us.com/tos-maliva-avt-0068/366839d90362aa3ada3ef4dc807c895f~tplv-tiktokx-cropcenter:100:100.jpg?dr=9640&refresh_token=716dc355&x-expires=1778140800&x-signature=zHNzaGGVvNysWHqrlR9qK1WeLjw%3D&t=4d5b0474&ps=13740610&shp=30310797&shcp=ff37627b&idc=useast5
Sure was a great duo 💖💖💋,1,1,2026-04-28T16:32:11.000Z,9494diane,https://www.tiktok.com/@ugcnatali/video/7632920644723805460,7003960191419466757,7633848768806486792,https://p19-common-sign.tiktokcdn-us.com/tos-maliva-avt-0068/3a6e2a6b721e0cac90fe71924c333e71~tplv-tiktokx-cropcenter:100:100.jpg?dr=9640&refresh_token=821c346d&x-expires=1778140800&x-signature=qKOZYoWgVgS9bMerAVUV%2FXkKzVU%3D&t=4d5b0474&ps=13740610&shp=30310797&shcp=ff37627b&idc=useast5
It looks amazing 😍😍 and the lip mask is cute 🥰🥰🥰,1,1,2026-04-26T05:37:20.000Z,beautykat_official,https://www.tiktok.com/@ugcnatali/video/7632920644723805460,7061456490953950254,7632937655554196238,https://p16-common-sign.tiktokcdn-us.com/tos-useast5-avt-0068-tx/a87aa3c6c6ec83eb8fd010e522296e6c~tplv-tiktokx-cropcenter:100:100.jpg?dr=9640&refresh_token=42c4e565&x-expires=1778140800&x-signature=XzMpYSPakQ1VOm62h5YCtp1zs68%3D&t=4d5b0474&ps=13740610&shp=30310797&shcp=ff37627b&idc=useast5
How fun!,1,1,2026-04-26T16:23:04.000Z,zephyrinebeauty,https://www.tiktok.com/@ugcnatali/video/7632920644723805460,7205400634928055302,7633104251728069383,https://p19-common-sign.tiktokcdn-us.com/tos-alisg-avt-0068/cc62706e31eebe4059d9673dde33f850~tplv-tiktokx-cropcenter:100:100.jpg?dr=9640&refresh_token=c669ff12&x-expires=1778140800&x-signature=fwr%2BudHAH%2F9Fo63VTQBBlRTicMY%3D&t=4d5b0474&ps=13740610&shp=30310797&shcp=ff37627b&idc=useast5
Wow ! Lip mask looks so good 💋,1,1,2026-04-26T06:12:32.000Z,genkai_pore,https://www.tiktok.com/@ugcnatali/video/7632920644723805460,7610811479654548487,7632946897174446865,https://p16-common-sign.tiktokcdn-us.com/tos-alisg-avt-0068/b69d72029e52d2dc91cb47a672b85c2d~tplv-tiktokx-cropcenter:100:100.jpg?dr=9640&refresh_token=c286d4f1&x-expires=1778140800&x-signature=88CxJEZ%2BYNCK6WMnTijoPvjdUfA%3D&t=4d5b0474&ps=13740610&shp=30310797&shcp=ff37627b&idc=useast5
The lips mask is so cute ! Love the results,1,1,2026-04-26T05:57:12.000Z,rosie.rosa86,https://www.tiktok.com/@ugcnatali/video/7632920644723805460,7412216832990659600,7632942947369714448,https://p16-common-sign.tiktokcdn-us.com/tos-alisg-avt-0068/53100d94149e778cdf6eed5edec1c47c~tplv-tiktokx-cropcenter:100:100.jpg?dr=9640&refresh_token=0c0a9a7b&x-expires=1778140800&x-signature=60YKkH4t%2FP%2FgUdGl3kg9cRuZqrQ%3D&t=4d5b0474&ps=13740610&shp=30310797&shcp=ff37627b&idc=useast5
The lip mask looks interesting😍,1,1,2026-04-29T13:54:02.000Z,b.adorable93,https://www.tiktok.com/@ugcnatali/video/7632920644723805460,6843480377283150854,7634179025364140822,https://p16-common-sign.tiktokcdn-us.com/tos-maliva-avt-0068/c3d5b774185f22270743b10deec1912b~tplv-tiktokx-cropcenter:100:100.jpg?dr=9640&refresh_token=26bed43a&x-expires=1778140800&x-signature=qAHiS7SuS6ugZQixg8uU75wLvO8%3D&t=4d5b0474&ps=13740610&shp=30310797&shcp=ff37627b&idc=useast5
🌸🌸🌸,1,1,2026-04-26T05:56:48.000Z,rosie.rosa86,https://www.tiktok.com/@ugcnatali/video/7632920644723805460,7412216832990659600,7632942837160264449,https://p16-common-sign.tiktokcdn-us.com/tos-alisg-avt-0068/53100d94149e778cdf6eed5edec1c47c~tplv-tiktokx-cropcenter:100:100.jpg?dr=9640&refresh_token=0c0a9a7b&x-expires=1778140800&x-signature=60YKkH4t%2FP%2FgUdGl3kg9cRuZqrQ%3D&t=4d5b0474&ps=13740610&shp=30310797&shcp=ff37627b&idc=useast5
Oooo,1,1,2026-04-22T03:51:55.000Z,avaj0sseline,https://www.tiktok.com/@jotzelyv/video/7631205023346609422,7146076525222675502,7631426211159704334,https://p19-common-sign.tiktokcdn-us.com/tos-useast5-avt-0068-tx/74cbee22d65bbe1cbb521e90c7b399be~tplv-tiktokx-cropcenter:100:100.jpg?dr=9640&refresh_token=c56d3a5f&x-expires=1778140800&x-signature=EVZN%2BmWzIP5CQuFICFV7LJ%2FxEok%3D&t=4d5b0474&ps=13740610&shp=30310797&shcp=ff37627b&idc=useast5
#fyp,1,0,2026-04-21T13:47:52.000Z,adriivispamms,https://www.tiktok.com/@jotzelyv/video/7631205023346609422,7602825891235939342,7631208725420163871,https://p19-common-sign.tiktokcdn-us.com/tos-useast8-avt-0068-tx2/3de1630236cfb92784bf09ca3d0bf75c~tplv-tiktokx-cropcenter:100:100.jpg?dr=9640&refresh_token=b29c7813&x-expires=1778140800&x-signature=Jsk1h0t%2BZngQZx%2BndT21hYWWk5E%3D&t=4d5b0474&ps=13740610&shp=30310797&shcp=ff37627b&idc=useast5
😍😍😍,1,0,2026-04-21T13:47:48.000Z,adriivispamms,https://www.tiktok.com/@jotzelyv/video/7631205023346609422,7602825891235939342,7631208725289796382,https://p19-common-sign.tiktokcdn-us.com/tos-useast8-avt-0068-tx2/3de1630236cfb92784bf09ca3d0bf75c~tplv-tiktokx-cropcenter:100:100.jpg?dr=9640&refresh_token=b29c7813&x-expires=1778140800&x-signature=Jsk1h0t%2BZngQZx%2BndT21hYWWk5E%3D&t=4d5b0474&ps=13740610&shp=30310797&shcp=ff37627b&idc=useast5
Clearing the way for a wonderful week!!!! 🥰🥰🥰🥰🥰🥰,0,0,2026-04-17T23:16:14.000Z,garettreed1,https://www.tiktok.com/@unapologetic.kinda.life/video/7629866462068411662,6950240421168137221,7629870870329082637,https://p19-common-sign.tiktokcdn-us.com/tos-useast5-avt-0068-tx/864f58b7ca1ee68b4a0914978a7dd08b~tplv-tiktokx-cropcenter:100:100.jpg?dr=9640&refresh_token=58652108&x-expires=1778140800&x-signature=ULQnV80xOOTgDUmDOboRM0CgE1Q%3D&t=4d5b0474&ps=13740610&shp=30310797&shcp=ff37627b&idc=useast8
loveee masks days. this one left such a beautiful glow on you...Lookung fabulous beautiful 🥰,0,0,2026-04-18T13:59:11.000Z,glowsilverwithmary,https://www.tiktok.com/@unapologetic.kinda.life/video/7629866462068411662,7330740429774783531,7630098370330133262,https://p19-common-sign.tiktokcdn-us.com/tos-useast5-avt-0068-tx/0eb2877c5c201d83552471e6f75f7cee~tplv-tiktokx-cropcenter:100:100.jpg?dr=9640&refresh_token=b132d162&x-expires=1778140800&x-signature=Ripcws%2FkAvDjFjTzlLPmUd%2FG0h4%3D&t=4d5b0474&ps=13740610&shp=30310797&shcp=ff37627b&idc=useast8
i want😍,1,1,2026-04-20T06:13:05.000Z,shaikassrn,https://www.tiktok.com/@askmims/video/7630716021250346270,7091533409143817242,7630720553141240584,https://p19-common-sign.tiktokcdn-us.com/tos-alisg-avt-0068/ba188c1270ab4c967528c21c546e6ce6~tplv-tiktokx-cropcenter:100:100.jpg?dr=9640&refresh_token=b1c89ec0&x-expires=1778140800&x-signature=qG96TEyY%2B%2FD5ZXiqqcNrnUWYwkM%3D&t=4d5b0474&ps=13740610&shp=30310797&shcp=ff37627b&idc=useast8
je le veux 🥰🥰,1,1,2026-04-20T06:16:30.000Z,bellatry11,https://www.tiktok.com/@askmims/video/7630716021250346270,7550967848044266518,7630721337480725270,https://p16-common-sign.tiktokcdn-us.com/tos-maliva-avt-0068/18a425997e883039dbab44101b068d26~tplv-tiktokx-cropcenter:100:100.jpg?dr=9640&refresh_token=64a5bb11&x-expires=1778140800&x-signature=Wm2y5rsmwfj%2FeTCK7aWxAv%2Fcg9c%3D&t=4d5b0474&ps=13740610&shp=30310797&shcp=ff37627b&idc=useast8
I love this idea,2,1,2026-04-20T15:53:58.000Z,victoria_kskin100,https://www.tiktok.com/@askmims/video/7630716021250346270,7543277837911213078,7630870213357568790,https://p16-common-sign.tiktokcdn-us.com/tos-maliva-avt-0068/8b4600c40857dcd49797650519ba1792~tplv-tiktokx-cropcenter:100:100.jpg?dr=9640&refresh_token=2ebf9138&x-expires=1778140800&x-signature=VIybZ7f4phmfPotMSVzb7Vz5g38%3D&t=4d5b0474&ps=13740610&shp=30310797&shcp=ff37627b&idc=useast8
Love this masks 😍😍,1,1,2026-04-20T15:21:47.000Z,sophiebrekalo,https://www.tiktok.com/@askmims/video/7630716021250346270,12910382,7630861922287977248,https://p16-common-sign.tiktokcdn-us.com/tos-useast2a-avt-0068-euttp/33ca76eeb4828fbe1c5103525ec25106~tplv-tiktokx-cropcenter:100:100.jpg?dr=9640&refresh_token=a021d86f&x-expires=1778140800&x-signature=jl4PN4p8wX7pyYjzfVQCA7xl4Gk%3D&t=4d5b0474&ps=13740610&shp=30310797&shcp=ff37627b&idc=useast8
I love that you did them on the way! Beautiful masks,1,1,2026-04-20T15:39:11.000Z,dashifully,https://www.tiktok.com/@askmims/video/7630716021250346270,6950510488565842949,7630866406485295905,https://p16-common-sign.tiktokcdn-us.com/tos-maliva-avt-0068/a94823e4b720df9fa72a769fca45f5a7~tplv-tiktokx-cropcenter:100:100.jpg?dr=9640&refresh_token=40f50014&x-expires=1778140800&x-signature=mcKO1nehMJhnM2jH4%2FH%2B5VGekW8%3D&t=4d5b0474&ps=13740610&shp=30310797&shcp=ff37627b&idc=useast8
The lip mask looks so good 😍 it’s been sitting on my wishlist for so long!,1,1,2026-04-20T06:42:16.000Z,lopchen_beautyglo,https://www.tiktok.com/@askmims/video/7630716021250346270,7498876510817141790,7630727727415444255,https://p16-common-sign.tiktokcdn-us.com/tos-useast5-avt-0068-tx/20d46c94af80944aa87a741060efdafd~tplv-tiktokx-cropcenter:100:100.jpg?dr=9640&refresh_token=5cc0bdb8&x-expires=1778140800&x-signature=GVh%2Be77pe7KEhFIRzMeS799EHd8%3D&t=4d5b0474&ps=13740610&shp=30310797&shcp=ff37627b&idc=useast8
"Love you can use it anytime, anywhere",1,1,2026-04-20T14:37:02.000Z,bebangjusto,https://www.tiktok.com/@askmims/video/7630716021250346270,6822750991180973058,7630850308482745101,https://p19-common-sign.tiktokcdn-us.com/tos-useast5-avt-0068-tx/e6e8bf910bf54a2e761ed8029431bab9~tplv-tiktokx-cropcenter:100:100.jpg?dr=9640&refresh_token=0734bcb5&x-expires=1778140800&x-signature=QVdeRqoKXj62AanXHQlCWOUPj9o%3D&t=4d5b0474&ps=13740610&shp=30310797&shcp=ff37627b&idc=useast8
Such a good idea! Way to multitask and kill 2 birds with 1 stone!,1,1,2026-04-20T12:49:53.000Z,worldschoolmama,https://www.tiktok.com/@askmims/video/7630716021250346270,7540142286924317709,7630822723861873439,https://p19-common-sign.tiktokcdn-us.com/tos-useast8-avt-0068-tx2/a967d4eb14369aca3a99df2a7775996f~tplv-tiktokx-cropcenter:100:100.jpg?dr=9640&refresh_token=325f0ea1&x-expires=1778140800&x-signature=b%2BQZaDAlSnhr4VzJBjVXknGMrgw%3D&t=4d5b0474&ps=13740610&shp=30310797&shcp=ff37627b&idc=useast8
I love a good mask!,1,1,2026-04-20T14:40:38.000Z,fabiola.acosta,https://www.tiktok.com/@askmims/video/7630716021250346270,6760056010478748678,7630851178046571294,https://p16-common-sign.tiktokcdn-us.com/tos-useast8-avt-0068-tx2/7fccacba894073e6ac81cab0144ddf56~tplv-tiktokx-cropcenter:100:100.jpg?dr=9640&refresh_token=741a8fc6&x-expires=1778140800&x-signature=YNBgf3qBg2KlBYBFXU5MjX7Je4w%3D&t=4d5b0474&ps=13740610&shp=30310797&shcp=ff37627b&idc=useast8
How amazing is all of this 😍😍,1,1,2026-04-20T06:10:46.000Z,theyorkshire_girl,https://www.tiktok.com/@askmims/video/7630716021250346270,7496028262540526614,7630719833773015830,https://p19-common-sign.tiktokcdn-us.com/tos-maliva-avt-0068/996b2fb67c709bc232e436f8b9e11d49~tplv-tiktokx-cropcenter:100:100.jpg?dr=9640&refresh_token=c5d11309&x-expires=1778140800&x-signature=isn4MWbDp63%2BYq7ndYy8ywhk25w%3D&t=4d5b0474&ps=13740610&shp=30310797&shcp=ff37627b&idc=useast8
wow it's so clear! 😍😍,1,1,2026-04-20T15:27:51.000Z,marypesocials,https://www.tiktok.com/@askmims/video/7630716021250346270,7576525553390748685,7630863412171571998,https://p16-common-sign.tiktokcdn-us.com/tos-useast8-avt-0068-tx2/863f34fab05e2284c7a08cad24071b3f~tplv-tiktokx-cropcenter:100:100.jpg?dr=9640&refresh_token=87cf60be&x-expires=1778140800&x-signature=gADk99SqEZUhHqUlQzI1Br%2FmJA0%3D&t=4d5b0474&ps=13740610&shp=30310797&shcp=ff37627b&idc=useast8
This mask is insane😍😍,1,1,2026-04-20T13:34:37.000Z,iluvliceth,https://www.tiktok.com/@askmims/video/7630716021250346270,7056769512293188614,7630833985019790093,https://p19-common-sign.tiktokcdn-us.com/tos-useast5-avt-0068-tx/6bb893b0daa0d97d759e9f18b8d89ac8~tplv-tiktokx-cropcenter:100:100.jpg?dr=9640&refresh_token=350c1890&x-expires=1778140800&x-signature=KUb99oVWeLO%2FKsh5X4po4zUjK1A%3D&t=4d5b0474&ps=13740610&shp=30310797&shcp=ff37627b&idc=useast8
yess always time for self-care🤩💞,1,1,2026-04-20T06:31:18.000Z,georgiahouse1,https://www.tiktok.com/@askmims/video/7630716021250346270,6741461185696826374,7630725170424316694,https://p16-common-sign.tiktokcdn-us.com/tos-maliva-avt-0068/e82914360544f0bf9a7f46692e0870fa~tplv-tiktokx-cropcenter:100:100.jpg?dr=9640&refresh_token=89f60048&x-expires=1778140800&x-signature=0o9ENvEfUwNHQBDQORJUNN0f3EQ%3D&t=4d5b0474&ps=13740610&shp=30310797&shcp=ff37627b&idc=useast8
I want 😍😍,1,1,2026-04-20T06:41:39.000Z,skin.obsessive,https://www.tiktok.com/@askmims/video/7630716021250346270,7190305232529310726,7630727781445911329,https://p16-common-sign.tiktokcdn-us.com/tos-maliva-avt-0068/1c76f12025cc7316b0580178bf1d3edb~tplv-tiktokx-cropcenter:100:100.jpg?dr=9640&refresh_token=af053e2d&x-expires=1778140800&x-signature=R8IvZVBvUPzVhMK0aovLNvMurUo%3D&t=4d5b0474&ps=13740610&shp=30310797&shcp=ff37627b&idc=useast8
So convenient 😍 ur skin looks lovely,1,1,2026-04-20T06:30:26.000Z,autessism,https://www.tiktok.com/@askmims/video/7630716021250346270,6633292648679964678,7630724889033491222,https://p16-common-sign.tiktokcdn-us.com/tos-maliva-avt-0068/f9a8e11561c60a3cffb84da51ae80c4a~tplv-tiktokx-cropcenter:100:100.jpg?dr=9640&refresh_token=937b9d86&x-expires=1778140800&x-signature=AiG57ZpQcmroGxQzk8RiB2G2k9k%3D&t=4d5b0474&ps=13740610&shp=30310797&shcp=ff37627b&idc=useast8
Wow,1,1,2026-04-20T07:15:50.000Z,sumitaskincare,https://www.tiktok.com/@askmims/video/7630716021250346270,7250309702708544513,7630736671634703112,https://p16-common-sign.tiktokcdn-us.com/tos-alisg-avt-0068/2d32e2c2154efcb321c6116a040c9e7a~tplv-tiktokx-cropcenter:100:100.jpg?dr=9640&refresh_token=67c77d9e&x-expires=1778140800&x-signature=x6%2B7pf4nL6cpSxyYp1OKcS6CYIQ%3D&t=4d5b0474&ps=13740610&shp=30310797&shcp=ff37627b&idc=useast8
Oh wow😍😍😍,1,1,2026-04-20T06:15:53.000Z,emilybarron7,https://www.tiktok.com/@askmims/video/7630716021250346270,6757730566189122566,7630721145302745878,https://p19-common-sign.tiktokcdn-us.com/tos-useast2a-avt-0068-euttp/6ff4743c76edbc29be70787685f2e71f~tplv-tiktokx-cropcenter:100:100.jpg?dr=9640&refresh_token=0b501172&x-expires=1778140800&x-signature=%2Fy21qo0VQ%2BX4zd0KHX65mZ%2BYMIc%3D&t=4d5b0474&ps=13740610&shp=30310797&shcp=ff37627b&idc=useast8
Wow love the glow!!,1,1,2026-04-20T07:33:33.000Z,xo_missanna,https://www.tiktok.com/@askmims/video/7630716021250346270,6842650304946963462,7630741172182106883,https://p19-common-sign.tiktokcdn-us.com/tos-maliva-avt-0068/be74f7c81154d851f377b97999970d45~tplv-tiktokx-cropcenter:100:100.jpg?dr=9640&refresh_token=57d381ea&x-expires=1778140800&x-signature=KAb6mQGnCYbsCHitKH55zW9LfoU%3D&t=4d5b0474&ps=13740610&shp=30310797&shcp=ff37627b&idc=useast8
Love that for uuu,1,1,2026-04-20T06:18:17.000Z,love.mze,https://www.tiktok.com/@askmims/video/7630716021250346270,7232193235656688645,7630721836183503632,https://p19-common-sign.tiktokcdn-us.com/tos-alisg-avt-0068/f0c2ff19d41f3be174a7371d0299a196~tplv-tiktokx-cropcenter:100:100.jpg?dr=9640&refresh_token=d7090ff2&x-expires=1778140800&x-signature=JtYKeyO7T%2FkTWUWQ1ARLC98D5z8%3D&t=4d5b0474&ps=13740610&shp=30310797&shcp=ff37627b&idc=useast8
what a life hack!,1,1,2026-04-20T14:09:32.000Z,lelrecommends,https://www.tiktok.com/@askmims/video/7630716021250346270,7144801729053770758,7630843244604490518,https://p19-common-sign.tiktokcdn-us.com/tos-maliva-avt-0068/2c5a77f5bb007cc0006d9409126ffe16~tplv-tiktokx-cropcenter:100:100.jpg?dr=9640&refresh_token=ad9e0d87&x-expires=1778140800&x-signature=jXlQKmEIVRzF48vxWgJLDZ3tWNM%3D&t=4d5b0474&ps=13740610&shp=30310797&shcp=ff37627b&idc=useast8
I need this 😍,1,1,2026-04-20T07:51:03.000Z,brighttoluwalop,https://www.tiktok.com/@askmims/video/7630716021250346270,6980416999134954501,7630745750472950545,https://p19-common-sign.tiktokcdn-us.com/tos-maliva-avt-0068/5e08f4fa87d0c345422883d8f51d56a0~tplv-tiktokx-cropcenter:100:100.jpg?dr=9640&refresh_token=ddc90511&x-expires=1778140800&x-signature=MEERbT8axdlqNwQKdshKTM6iJok%3D&t=4d5b0474&ps=13740610&shp=30310797&shcp=ff37627b&idc=useast8
Oooh genius! That glow 😁💜,1,1,2026-04-20T07:48:24.000Z,beautyndvlogs,https://www.tiktok.com/@askmims/video/7630716021250346270,7356920139415094277,7630745106437817105,https://p16-common-sign.tiktokcdn-us.com/tos-alisg-avt-0068/c20de9c7fcea3954378ae394f8af8bd0~tplv-tiktokx-cropcenter:100:100.jpg?dr=9640&refresh_token=1339821b&x-expires=1778140800&x-signature=qvsXyEV5ML%2FGJcawYYGjQO0q9%2Bo%3D&t=4d5b0474&ps=13740610&shp=30310797&shcp=ff37627b&idc=useast8
Yess!😻 self care at any time!😻✨,1,1,2026-04-20T06:46:42.000Z,missecbeauty,https://www.tiktok.com/@askmims/video/7630716021250346270,6656468972399460357,7630729094150718230,https://p16-common-sign.tiktokcdn-us.com/tos-maliva-avt-0068/75431043c3b15c5fad3bbb3684bcd81d~tplv-tiktokx-cropcenter:100:100.jpg?dr=9640&refresh_token=1ba83f0e&x-expires=1778140800&x-signature=mf1bNB7Tm0lcXArVGceyDdiP4AQ%3D&t=4d5b0474&ps=13740610&shp=30310797&shcp=ff37627b&idc=useast8
It’s actually so transparent and I love it 💚,1,1,2026-04-20T13:44:47.000Z,selinophile23,https://www.tiktok.com/@askmims/video/7630716021250346270,285144564892647424,7630836939914396437,https://p19-common-sign.tiktokcdn-us.com/tos-alisg-avt-0068/b963dcd5dccabf7e0ad0f45ee249c414~tplv-tiktokx-cropcenter:100:100.jpg?dr=9640&refresh_token=1163005a&x-expires=1778140800&x-signature=Nb9Wt59kQb3%2B4sthmyJC5W4i%2F4E%3D&t=4d5b0474&ps=13740610&shp=30310797&shcp=ff37627b&idc=useast8
Looks great 👍,1,1,2026-04-20T16:16:01.000Z,ugc.sweetstudio,https://www.tiktok.com/@askmims/video/7630716021250346270,7516575764188840991,7630875803107099422,https://p16-common-sign.tiktokcdn-us.com/tos-useast8-avt-0068-tx2/cbd20a1a59cba7d42aa81a8e3295da61~tplv-tiktokx-cropcenter:100:100.jpg?dr=9640&refresh_token=d2ac6b8a&x-expires=1778140800&x-signature=pszjDwQkurdEekrS6MCgSJt3JJs%3D&t=4d5b0474&ps=13740610&shp=30310797&shcp=ff37627b&idc=useast8
Great idea 🔝,1,0,2026-04-20T23:31:54.000Z,lallynalally,https://www.tiktok.com/@askmims/video/7630716021250346270,7387017610524050465,7630987900134802198,https://p16-common-sign.tiktokcdn-us.com/tos-maliva-avt-0068/d44757d7c6584d46ed4529b6e1e0731c~tplv-tiktokx-cropcenter:100:100.jpg?dr=9640&refresh_token=62229720&x-expires=1778140800&x-signature=mJSFAGdqN32m8k6y8tqn9rMysfE%3D&t=4d5b0474&ps=13740610&shp=30310797&shcp=ff37627b&idc=useast8
Looks so good!!,1,1,2026-04-20T06:09:41.000Z,immiemae98,https://www.tiktok.com/@askmims/video/7630716021250346270,7367115069274915873,7630719556626858774,https://p16-common-sign.tiktokcdn-us.com/tos-maliva-avt-0068/41f55baa2b3637051b8afd84491971ba~tplv-tiktokx-cropcenter:100:100.jpg?dr=9640&refresh_token=ed9e404c&x-expires=1778140800&x-signature=aJLE73%2B4YOdMuFDkwOABQDfRymg%3D&t=4d5b0474&ps=13740610&shp=30310797&shcp=ff37627b&idc=useast8
Love the texture of that mask and that lip mask looks so good 😍😍,1,1,2026-04-20T06:31:25.000Z,sahana_budhathoki,https://www.tiktok.com/@askmims/video/7630716021250346270,6607582815678660613,7630725235427951381,https://p19-common-sign.tiktokcdn-us.com/tos-alisg-avt-0068/374fcb4a605ff909e142329b7b7553b2~tplv-tiktokx-cropcenter:100:100.jpg?dr=9640&refresh_token=e69f87f1&x-expires=1778140800&x-signature=TEkxUsugOrJYaa9HCrBuBg2K4DI%3D&t=4d5b0474&ps=13740610&shp=30310797&shcp=ff37627b&idc=useast8
yes girl self care anywhere,1,1,2026-04-20T07:35:25.000Z,tracypaulpinto,https://www.tiktok.com/@askmims/video/7630716021250346270,312458836853092353,7630741601952580355,https://p16-common-sign.tiktokcdn-us.com/tos-maliva-avt-0068/a37559a52b096e73ff391891f78901ff~tplv-tiktokx-cropcenter:100:100.jpg?dr=9640&refresh_token=8c1540d8&x-expires=1778140800&x-signature=xjR1tnwso88o7ewD00%2Fko9YEJFc%3D&t=4d5b0474&ps=13740610&shp=30310797&shcp=ff37627b&idc=useast8
Exactly can do it at home while doing bits around house! Left your skin looking so good,0,1,2026-04-20T07:30:27.000Z,nicola_reviews,https://www.tiktok.com/@askmims/video/7630716021250346270,6989326581957837829,7630740353764066070,https://p16-common-sign.tiktokcdn-us.com/tos-maliva-avt-0068/6366f8f71111d75dfff71c6ab6c02ff8~tplv-tiktokx-cropcenter:100:100.jpg?dr=9640&refresh_token=f6bd17e9&x-expires=1778140800&x-signature=Hg5vZGHJY3uSQiDQX%2FFL7smi5r8%3D&t=4d5b0474&ps=13740610&shp=30310797&shcp=ff37627b&idc=useast8
I love the way it hugs your face 💗,0,0,2026-04-18T04:06:43.000Z,lennytheshark00,https://www.tiktok.com/@rokeya087/video/7627235116275797261,16017506,7629945715225215758,https://p19-common-sign.tiktokcdn-us.com/tos-useast5-avt-0068-tx/c352c4b34bc683a889491f90300b83fc~tplv-tiktokx-cropcenter:100:100.jpg?dr=9640&refresh_token=27398df0&x-expires=1778140800&x-signature=SzzunKJjbIC48djNtMo%2BSzh48SY%3D&t=4d5b0474&ps=13740610&shp=30310797&shcp=ff37627b&idc=useast5
Ooo ilove to try that mask 😍 skin so plump,0,0,2026-04-11T19:01:34.000Z,christine.things,https://www.tiktok.com/@rokeya087/video/7627235116275797261,7548164227216802829,7627578769037509389,https://p16-common-sign.tiktokcdn-us.com/tos-useast5-avt-0068-tx/0dd5fd6ac6bb5daeabe159361335e577~tplv-tiktokx-cropcenter:100:100.jpg?dr=9640&refresh_token=14570ffe&x-expires=1778140800&x-signature=%2BBxk9igjb1puQfdeKrIDxFHBZOM%3D&t=4d5b0474&ps=13740610&shp=30310797&shcp=ff37627b&idc=useast5
the lip mask🤩,0,0,2026-04-15T00:00:40.000Z,leah.trbl,https://www.tiktok.com/@rokeya087/video/7627235116275797261,52335387842473984,7628769089545487118,https://p16-common-sign.tiktokcdn-us.com/tos-useast5-avt-0068-tx/44dfd6d3de1f28dbe097be492e76237c~tplv-tiktokx-cropcenter:100:100.jpg?dr=9640&refresh_token=ed3b2e98&x-expires=1778140800&x-signature=7E2jOu%2FGI7VLyliYEe5iB6SvPZM%3D&t=4d5b0474&ps=13740610&shp=30310797&shcp=ff37627b&idc=useast5
Woow i need to try ❤️,1,0,2026-04-10T23:40:13.000Z,malek.b.moussa,https://www.tiktok.com/@rokeya087/video/7627235116275797261,7501715632296723478,7627279439571256086,https://p19-common-sign.tiktokcdn-us.com/tos-maliva-avt-0068/c9e59facec5f3da980c0e98503a6ee61~tplv-tiktokx-cropcenter:100:100.jpg?dr=9640&refresh_token=f5ff9c29&x-expires=1778140800&x-signature=xjMPclxVAdGkrzwrq3%2Bkf1KyK5I%3D&t=4d5b0474&ps=13740610&shp=30310797&shcp=ff37627b&idc=useast5
This is an interesting unique mask 🥰,0,0,2026-04-11T16:01:27.000Z,shomeskincare,https://www.tiktok.com/@rokeya087/video/7627235116275797261,6825069884012610565,7627532368795239186,https://p19-common-sign.tiktokcdn-us.com/tos-alisg-avt-0068/b332154a01aae03805e8a53371b8d98e~tplv-tiktokx-cropcenter:100:100.jpg?dr=9640&refresh_token=c16c9cc5&x-expires=1778140800&x-signature=hPLPzSb73zNuyLbS85kh7YIUMTw%3D&t=4d5b0474&ps=13740610&shp=30310797&shcp=ff37627b&idc=useast5
esas mascarillas nos dejan la piel radiante✨,0,0,2026-04-12T05:12:50.000Z,gia.vega.ugc,https://www.tiktok.com/@rokeya087/video/7627235116275797261,7601292284999009294,7627736290989163295,https://p16-common-sign.tiktokcdn-us.com/tos-useast8-avt-0068-tx2/3b15c542813647da714a8a22d436a0a8~tplv-tiktokx-cropcenter:100:100.jpg?dr=9640&refresh_token=39564ec4&x-expires=1778140800&x-signature=Pz%2B0xlMrcVQj%2FxoT77WG4wq6%2FAc%3D&t=4d5b0474&ps=13740610&shp=30310797&shcp=ff37627b&idc=useast5
Yes! I did one yesterday 🥰,0,0,2026-04-11T03:06:06.000Z,try.it.with.oma,https://www.tiktok.com/@rokeya087/video/7627235116275797261,7571544745940878391,7627332469491270430,https://p19-common-sign.tiktokcdn-us.com/tos-useast8-avt-0068-tx2/44cc27b945c017a7b5fca5a4675323e4~tplv-tiktokx-cropcenter:100:100.jpg?dr=9640&refresh_token=cbaf8773&x-expires=1778140800&x-signature=1%2BZdlBYt72OUUQ2pguaghzA0QR0%3D&t=4d5b0474&ps=13740610&shp=30310797&shcp=ff37627b&idc=useast5
this looks so cool,1,0,2026-04-10T22:11:27.000Z,skincarewithmaliha,https://www.tiktok.com/@rokeya087/video/7627235116275797261,7169653901187957761,7627256620506006292,https://p16-common-sign.tiktokcdn-us.com/tos-alisg-avt-0068/30660585630bfa6df4ed04bf6e334e45~tplv-tiktokx-cropcenter:100:100.jpg?dr=9640&refresh_token=04514276&x-expires=1778140800&x-signature=kp9EaBQMCZCR28NOLxXF4O%2BPs6o%3D&t=4d5b0474&ps=13740610&shp=30310797&shcp=ff37627b&idc=useast5
I need those lip masks,0,0,2026-04-12T18:25:31.000Z,.shopaholics_,https://www.tiktok.com/@rokeya087/video/7627235116275797261,7386409464687133739,7627940556026790687,https://p19-common-sign.tiktokcdn-us.com/tos-useast5-avt-0068-tx/4f6508cd598092e63153698e0f9fc2e8~tplv-tiktokx-cropcenter:100:100.jpg?dr=9640&refresh_token=f7f8097e&x-expires=1778140800&x-signature=p2lrF9%2FNHX8iXP0FAVVagrs4D28%3D&t=4d5b0474&ps=13740610&shp=30310797&shcp=ff37627b&idc=useast5
Ouu this looks nice😍,0,0,2026-04-12T13:59:15.000Z,222.pixie,https://www.tiktok.com/@rokeya087/video/7627235116275797261,7065405659047068719,7627871928728257311,https://p19-common-sign.tiktokcdn-us.com/tos-useast8-avt-0068-tx2/362cb12857109523bcb9fa75c874d703~tplv-tiktokx-cropcenter:100:100.jpg?dr=9640&refresh_token=0d6eb3c8&x-expires=1778140800&x-signature=5WBFaxIbDFhVpOZDCw84gOz3QAM%3D&t=4d5b0474&ps=13740610&shp=30310797&shcp=ff37627b&idc=useast5
Looks so good,0,0,2026-04-12T17:53:52.000Z,beautywithsadi,https://www.tiktok.com/@rokeya087/video/7627235116275797261,6574555612335226885,7627932401868931841,https://p19-common-sign.tiktokcdn-us.com/tos-alisg-avt-0068/d39e39e129d24534eea788c0a971739c~tplv-tiktokx-cropcenter:100:100.jpg?dr=9640&refresh_token=62bd70a7&x-expires=1778140800&x-signature=mhH9zHEi%2FgL32S83e8D6xNd8%2FVk%3D&t=4d5b0474&ps=13740610&shp=30310797&shcp=ff37627b&idc=useast5
"I want to try it too, the results are amazing",0,0,2026-04-13T10:54:16.000Z,glowupwithhij,https://www.tiktok.com/@rokeya087/video/7627235116275797261,7249522165946762245,7628195406568522514,https://p19-common-sign.tiktokcdn-us.com/tos-maliva-avt-0068/8e85b65a867e2916fa4465dd2ffe7a4b~tplv-tiktokx-cropcenter:100:100.jpg?dr=9640&refresh_token=cb5cc1bb&x-expires=1778140800&x-signature=Rp4xPfKpJ%2FL6H8r5zt6sHZsI49w%3D&t=4d5b0474&ps=13740610&shp=30310797&shcp=ff37627b&idc=useast5
The lip mask is definitely my fav!!,0,0,2026-04-11T16:45:39.000Z,purple_passion18,https://www.tiktok.com/@rokeya087/video/7627235116275797261,6841590554397606918,7627543676264497933,https://p16-common-sign.tiktokcdn-us.com/tos-useast5-avt-0068-tx/7352248872086798379~tplv-tiktokx-cropcenter:100:100.jpg?dr=9640&refresh_token=d9c3cc99&x-expires=1778140800&x-signature=h1xetru4%2FpP0Fbx9C1UlkdkIDZA%3D&t=4d5b0474&ps=13740610&shp=30310797&shcp=ff37627b&idc=useast5
everything gluthathoine is stunning,0,0,2026-04-11T17:14:52.000Z,tracypaulpinto,https://www.tiktok.com/@rokeya087/video/7627235116275797261,312458836853092353,7627551300347544342,https://p19-common-sign.tiktokcdn-us.com/tos-maliva-avt-0068/a37559a52b096e73ff391891f78901ff~tplv-tiktokx-cropcenter:100:100.jpg?dr=9640&refresh_token=a277d856&x-expires=1778140800&x-signature=TfYLR7HwcPAJjH4R7J9lAHBAufA%3D&t=4d5b0474&ps=13740610&shp=30310797&shcp=ff37627b&idc=useast5
love that the mask comes with 2 pieces 🥰,0,0,2026-04-12T06:16:17.000Z,glam_gloss_xoxo,https://www.tiktok.com/@rokeya087/video/7627235116275797261,7343909378057045024,7627752494929036064,https://p16-common-sign.tiktokcdn-us.com/tos-useast2a-avt-0068-euttp/312fb1445a860cca7774ecfcca6658ef~tplv-tiktokx-cropcenter:100:100.jpg?dr=9640&refresh_token=2938f6b2&x-expires=1778140800&x-signature=UWey9w7iQ1z47TBxzUWz%2BmB2l5k%3D&t=4d5b0474&ps=13740610&shp=30310797&shcp=ff37627b&idc=useast5
"Wow, amazing results!",1,0,2026-04-10T22:30:43.000Z,fairiesrunwild,https://www.tiktok.com/@rokeya087/video/7627235116275797261,7404209607449461792,7627261561673859873,https://p19-common-sign.tiktokcdn-us.com/tos-useast2a-avt-0068-euttp/15df0be787e6bcdf6e77c58501312544~tplv-tiktokx-cropcenter:100:100.jpg?dr=9640&refresh_token=6b21a74f&x-expires=1778140800&x-signature=kuyjKlMNtpJJ26S8nTzr90W76Dc%3D&t=4d5b0474&ps=13740610&shp=30310797&shcp=ff37627b&idc=useast5
in love with the result 😍,0,0,2026-04-11T23:51:23.000Z,dianasframos,https://www.tiktok.com/@rokeya087/video/7627235116275797261,205249137246969856,7627653423793603360,https://p16-common-sign.tiktokcdn-us.com/tos-useast2a-avt-0068-euttp/b7d97667e269b9a028cd0f6e9aa8023b~tplv-tiktokx-cropcenter:100:100.jpg?dr=9640&refresh_token=f7bcc348&x-expires=1778140800&x-signature=iUewmZEuHVJ%2BFsmeus9HruxB%2FbU%3D&t=4d5b0474&ps=13740610&shp=30310797&shcp=ff37627b&idc=useast5
I want to try this,1,0,2026-04-11T00:09:33.000Z,khearaht,https://www.tiktok.com/@rokeya087/video/7627235116275797261,7489110294032581637,7627287040824902421,https://p16-common-sign.tiktokcdn-us.com/tos-alisg-avt-0068/5c500005053cc350f03c664e87feb650~tplv-tiktokx-cropcenter:100:100.jpg?dr=9640&refresh_token=34d55686&x-expires=1778140800&x-signature=ttSdqMvl%2BTnWzzwzw2uSdB27iCM%3D&t=4d5b0474&ps=13740610&shp=30310797&shcp=ff37627b&idc=useast5
Love this combo ☺️,0,0,2026-04-12T13:27:31.000Z,tiptoesaturn69,https://www.tiktok.com/@rokeya087/video/7627235116275797261,6877690224827565062,7627863518230889246,https://p19-common-sign.tiktokcdn-us.com/tos-useast8-avt-0068-tx2/89d469406b946c8ad283e5c6a92954a5~tplv-tiktokx-cropcenter:100:100.jpg?dr=9640&refresh_token=b0d47b5c&x-expires=1778140800&x-signature=NHeaLQ546iAM83xqliz0pi%2FnRfA%3D&t=4d5b0474&ps=13740610&shp=30310797&shcp=ff37627b&idc=useast5
I've never tried a lip sheet mask im curious,0,0,2026-04-11T16:53:34.000Z,hellosunshinewithamber,https://www.tiktok.com/@rokeya087/video/7627235116275797261,7039785579399889966,7627545780954252063,https://p16-common-sign.tiktokcdn-us.com/tos-useast8-avt-0068-tx2/de1d26871cc1400fa9c968e01c1cc85a~tplv-tiktokx-cropcenter:100:100.jpg?dr=9640&refresh_token=b2c64624&x-expires=1778140800&x-signature=p4QiEcoQizk3RjMVj9fywY1Proo%3D&t=4d5b0474&ps=13740610&shp=30310797&shcp=ff37627b&idc=useast5
Wow that mask looks really good,1,0,2026-04-10T21:00:16.000Z,abisversion1989,https://www.tiktok.com/@rokeya087/video/7627235116275797261,6981080402728584197,7627238281353659158,https://p16-common-sign.tiktokcdn-us.com/tos-maliva-avt-0068/a56b2fa6772a7b7b86a2e9587177fefd~tplv-tiktokx-cropcenter:100:100.jpg?dr=9640&refresh_token=6593f2f5&x-expires=1778140800&x-signature=AXRExy%2FFjF9QjC9mUW%2FLA1%2BJkgM%3D&t=4d5b0474&ps=13740610&shp=30310797&shcp=ff37627b&idc=useast5
This looks gorgeous 💗,1,0,2026-04-10T21:26:45.000Z,nicpedder,https://www.tiktok.com/@rokeya087/video/7627235116275797261,7543317101489554454,7627245106530403094,https://p16-common-sign.tiktokcdn-us.com/tos-maliva-avt-0068/a75edcb5b36768f6178e9efdaba0846f~tplv-tiktokx-cropcenter:100:100.jpg?dr=9640&refresh_token=4a73e746&x-expires=1778140800&x-signature=JORN17UE6YhPNbJ4%2BeBKxPl3pzI%3D&t=4d5b0474&ps=13740610&shp=30310797&shcp=ff37627b&idc=useast5
Perfect idea 😍😍😍,1,0,2026-04-10T20:59:49.000Z,theyorkshire_girl,https://www.tiktok.com/@rokeya087/video/7627235116275797261,7496028262540526614,7627238194987631382,https://p19-common-sign.tiktokcdn-us.com/tos-maliva-avt-0068/996b2fb67c709bc232e436f8b9e11d49~tplv-tiktokx-cropcenter:100:100.jpg?dr=9640&refresh_token=c5d11309&x-expires=1778140800&x-signature=isn4MWbDp63%2BYq7ndYy8ywhk25w%3D&t=4d5b0474&ps=13740610&shp=30310797&shcp=ff37627b&idc=useast5
So beautiful girl!! Your skin looks so hydrated 🥰,0,0,2026-04-12T11:23:28.000Z,suzannebird8,https://www.tiktok.com/@rokeya087/video/7627235116275797261,6532053149782376449,7627831823234155286,https://p19-common-sign.tiktokcdn-us.com/tos-useast2a-avt-0068-euttp/f47c53fec342eb4bbf956c5926bec894~tplv-tiktokx-cropcenter:100:100.jpg?dr=9640&refresh_token=3c1cffa4&x-expires=1778140800&x-signature=0%2Feb368vDtyWuaL5qPE19%2FPzXT0%3D&t=4d5b0474&ps=13740610&shp=30310797&shcp=ff37627b&idc=useast5
I would love to try that mask 😍,0,0,2026-04-11T19:36:34.000Z,cessavila_,https://www.tiktok.com/@rokeya087/video/7627235116275797261,6685717154942174213,7627587760015311630,https://p19-common-sign.tiktokcdn-us.com/tos-useast5-avt-0068-tx/06e49408fd090aa692a5ac66e66eea9e~tplv-tiktokx-cropcenter:100:100.jpg?dr=9640&refresh_token=5d20b5d8&x-expires=1778140800&x-signature=ZCYnIKSPW%2F46IZNuRnPYRi2h4Ak%3D&t=4d5b0474&ps=13740610&shp=30310797&shcp=ff37627b&idc=useast5
Such a cute mask duo! You skin is so dewy and perfect,0,0,2026-04-12T13:47:49.000Z,dashifully,https://www.tiktok.com/@rokeya087/video/7627235116275797261,6950510488565842949,7627869037233472288,https://p19-common-sign.tiktokcdn-us.com/tos-maliva-avt-0068/a94823e4b720df9fa72a769fca45f5a7~tplv-tiktokx-cropcenter:100:100.jpg?dr=9640&refresh_token=8ccfaa51&x-expires=1778140800&x-signature=NTgjvX6QO9r4NyymKvoLONSqQVw%3D&t=4d5b0474&ps=13740610&shp=30310797&shcp=ff37627b&idc=useast5
Wow 😳😳,1,0,2026-04-10T21:09:39.000Z,healingwithbianca,https://www.tiktok.com/@rokeya087/video/7627235116275797261,7582371761850909752,7627240692918502152,https://p19-common-sign.tiktokcdn-us.com/tos-alisg-avt-0068/e359916db1142bc942fd7d79c5548e9a~tplv-tiktokx-cropcenter:100:100.jpg?dr=9640&refresh_token=e53f79bb&x-expires=1778140800&x-signature=vX5UMjKUqX6BZzTNd5Oz7H46FPY%3D&t=4d5b0474&ps=13740610&shp=30310797&shcp=ff37627b&idc=useast5
I can’t wait to try this,1,0,2026-04-11T01:14:27.000Z,askmims,https://www.tiktok.com/@rokeya087/video/7627235116275797261,7459283935421301803,7627303780551377694,https://p19-common-sign.tiktokcdn-us.com/tos-useast8-avt-0068-tx2/84d023f9b81608a60e866e60fe59eeae~tplv-tiktokx-cropcenter:100:100.jpg?dr=9640&refresh_token=0aff96c8&x-expires=1778140800&x-signature=STQLDuNo4MFdcND4GAP3XSNSczM%3D&t=4d5b0474&ps=13740610&shp=30310797&shcp=ff37627b&idc=useast5
Love these masks ❤️,1,0,2026-04-10T21:31:23.000Z,tiiaalgans,https://www.tiktok.com/@rokeya087/video/7627235116275797261,6849701944596988933,7627246280235336470,https://p16-common-sign.tiktokcdn-us.com/tos-useast2a-avt-0068-euttp/45626008b25162a75912d5768947f40a~tplv-tiktokx-cropcenter:100:100.jpg?dr=9640&refresh_token=3872b83d&x-expires=1778140800&x-signature=AtHTsEYCCDws6ZsHpfVHCJcWzoY%3D&t=4d5b0474&ps=13740610&shp=30310797&shcp=ff37627b&idc=useast5
Love a good mask 😍,1,0,2026-04-10T21:05:59.000Z,fainaa92,https://www.tiktok.com/@rokeya087/video/7627235116275797261,6948900707212116998,7627239785241068320,https://p19-common-sign.tiktokcdn-us.com/tos-useast2a-avt-0068-euttp/6a95eb15e0bd0dacfbff1e4ebfb766f2~tplv-tiktokx-cropcenter:100:100.jpg?dr=9640&refresh_token=7c13edf8&x-expires=1778140800&x-signature=S3erEpKU7WpgaWRqdm2uJlKV%2BpM%3D&t=4d5b0474&ps=13740610&shp=30310797&shcp=ff37627b&idc=useast5
Need to try such a lip mask 😍,1,0,2026-04-10T21:04:39.000Z,sophiebrekalo,https://www.tiktok.com/@rokeya087/video/7627235116275797261,12910382,7627239450354975521,https://p16-common-sign.tiktokcdn-us.com/tos-useast2a-avt-0068-euttp/33ca76eeb4828fbe1c5103525ec25106~tplv-tiktokx-cropcenter:100:100.jpg?dr=9640&refresh_token=a021d86f&x-expires=1778140800&x-signature=jl4PN4p8wX7pyYjzfVQCA7xl4Gk%3D&t=4d5b0474&ps=13740610&shp=30310797&shcp=ff37627b&idc=useast5
Love 😍😍,1,0,2026-04-10T21:42:23.000Z,immiemae98,https://www.tiktok.com/@rokeya087/video/7627235116275797261,7367115069274915873,7627249162597384982,https://p16-common-sign.tiktokcdn-us.com/tos-maliva-avt-0068/41f55baa2b3637051b8afd84491971ba~tplv-tiktokx-cropcenter:100:100.jpg?dr=9640&refresh_token=ed9e404c&x-expires=1778140800&x-signature=aJLE73%2B4YOdMuFDkwOABQDfRymg%3D&t=4d5b0474&ps=13740610&shp=30310797&shcp=ff37627b&idc=useast5
Never tried lip mask but now want to💕,1,0,2026-04-10T23:41:08.000Z,createwithme__07,https://www.tiktok.com/@rokeya087/video/7627235116275797261,6715388825663603718,7627279607599989517,https://p16-common-sign.tiktokcdn-us.com/tos-useast5-avt-0068-tx/52d8d4add25ab82aa5b6268637bcb80e~tplv-tiktokx-cropcenter:100:100.jpg?dr=9640&refresh_token=ff3368f6&x-expires=1778140800&x-signature=9VffN2020w1MG2nG8zCh%2B%2B1gIk0%3D&t=4d5b0474&ps=13740610&shp=30310797&shcp=ff37627b&idc=useast5
Oh wow the lip mask 😍😍😍😍 looks so fun,1,0,2026-04-10T21:11:14.000Z,autessism,https://www.tiktok.com/@rokeya087/video/7627235116275797261,6633292648679964678,7627241124445192982,https://p19-common-sign.tiktokcdn-us.com/tos-maliva-avt-0068/f9a8e11561c60a3cffb84da51ae80c4a~tplv-tiktokx-cropcenter:100:100.jpg?dr=9640&refresh_token=2f8b740f&x-expires=1778140800&x-signature=FOj5ujK%2F0jatrm6nzbAnWSTu2Zc%3D&t=4d5b0474&ps=13740610&shp=30310797&shcp=ff37627b&idc=useast5
uhh this looks good,1,0,2026-04-10T21:49:59.000Z,amberatelier,https://www.tiktok.com/@rokeya087/video/7627235116275797261,7453545284435067936,7627251109795283734,https://p16-common-sign.tiktokcdn-us.com/tos-maliva-avt-0068/58525a59426e4f8c5789b8bd44320812~tplv-tiktokx-cropcenter:100:100.jpg?dr=9640&refresh_token=8de4a74e&x-expires=1778140800&x-signature=BLaV%2FIviCBV02GveDTiu8cFQNF4%3D&t=4d5b0474&ps=13740610&shp=30310797&shcp=ff37627b&idc=useast5
Such an amazing mask,1,0,2026-04-11T00:59:07.000Z,justtiffanys,https://www.tiktok.com/@rokeya087/video/7627235116275797261,6800255269194236934,7627299845182882591,https://p19-common-sign.tiktokcdn-us.com/tos-useast8-avt-0068-tx2/ec7bc5fc84fe9e014cdc2ecb9b1d086b~tplv-tiktokx-cropcenter:100:100.jpg?dr=9640&refresh_token=81fc315d&x-expires=1778140800&x-signature=hMFHqt3dHHILogWyH%2FpC9VuC3iY%3D&t=4d5b0474&ps=13740610&shp=30310797&shcp=ff37627b&idc=useast5
Me gusta todo lo que sea hidratación 😊,1,0,2026-04-10T22:08:12.000Z,cristi_machioo,https://www.tiktok.com/@rokeya087/video/7627235116275797261,6938818848510493702,7627255776220103427,https://p19-common-sign.tiktokcdn-us.com/tos-maliva-avt-0068/4a16fede0b80aeeb194ff68b5b0a4b39~tplv-tiktokx-cropcenter:100:100.jpg?dr=9640&refresh_token=528a44f7&x-expires=1778140800&x-signature=5%2Be%2BWjtOB2Z%2Ft6G%2BlMXeH5g4n4M%3D&t=4d5b0474&ps=13740610&shp=30310797&shcp=ff37627b&idc=useast5
Woww the hydration it have u…😍😍 can’t wait to try mine,1,0,2026-04-10T22:17:15.000Z,apeksha132,https://www.tiktok.com/@rokeya087/video/7627235116275797261,7008185799082804229,7627258135291462430,https://p19-common-sign.tiktokcdn-us.com/tos-maliva-avt-0068/75eee4ac9d21046421098f6848b5b74b~tplv-tiktokx-cropcenter:100:100.jpg?dr=9640&refresh_token=e5a60ad8&x-expires=1778140800&x-signature=z7x0bOunaZ2g0p%2FjkC7s9G7yzDQ%3D&t=4d5b0474&ps=13740610&shp=30310797&shcp=ff37627b&idc=useast5
I need that lip mask 😍,1,0,2026-04-10T21:06:39.000Z,beauty.by.sonia.xo,https://www.tiktok.com/@rokeya087/video/7627235116275797261,7567062818303018006,7627239937327416086,https://p16-common-sign.tiktokcdn-us.com/tos-maliva-avt-0068/f4a2f11679e63d370c46fb8b2e7bda4c~tplv-tiktokx-cropcenter:100:100.jpg?dr=9640&refresh_token=e2925bbc&x-expires=1778140800&x-signature=kJvTvrqxfgru64MFB55AmuY9sMg%3D&t=4d5b0474&ps=13740610&shp=30310797&shcp=ff37627b&idc=useast5
Looks awesome ..specially lip 👄 one 🥰,0,0,2026-04-13T13:18:25.000Z,earth43107,https://www.tiktok.com/@rokeya087/video/7627235116275797261,7330806256610886661,7628232554193584903,https://p19-common-sign.tiktokcdn-us.com/tos-alisg-avt-0068/933d53297a9d3ff6c73223d9479950ce~tplv-tiktokx-cropcenter:100:100.jpg?dr=9640&refresh_token=29e272af&x-expires=1778140800&x-signature=n64X4KUJg%2BbakxhhemNq0AbCjhw%3D&t=4d5b0474&ps=13740610&shp=30310797&shcp=ff37627b&idc=useast5
#kocostar #amsundaymask #glassskin #crystalskin #glowroutine #collagenmask #glutathionemask #lipmask #glowroutine #kbeauty,0,0,2026-04-20T04:47:47.000Z,amber.bragg6,https://www.tiktok.com/@amber.bragg6/video/7630697524562529556,6958478873478644742,7630698540913902356,https://p19-common-sign.tiktokcdn-us.com/tos-maliva-avt-0068/b2627b65b8b11b813084045541578684~tplv-tiktokx-cropcenter:100:100.jpg?dr=9640&refresh_token=7e5cf722&x-expires=1778140800&x-signature=vcGEL42LSMtPXn%2BU%2Fr9KjGig3g4%3D&t=4d5b0474&ps=13740610&shp=30310797&shcp=ff37627b&idc=useast8
wow nice,1,1,2026-04-20T06:02:16.000Z,user8171618568783,https://www.tiktok.com/@amber.bragg6/video/7630697524562529556,7619029437871866888,7630716680290173714,https://p16-common-sign.tiktokcdn-us.com/tos-alisg-avt-0068/3309ab99dc7ff7dc5b1a6514df669e40~tplv-tiktokx-cropcenter:100:100.jpg?dr=9640&refresh_token=d6bb030e&x-expires=1778140800&x-signature=ZiKzys7MBN%2Fb3eP8KoYGjJNwThg%3D&t=4d5b0474&ps=13740610&shp=30310797&shcp=ff37627b&idc=useast8
Beautiful skin after l don’t know that brand,0,0,2026-04-20T23:22:52.000Z,ldesjard15,https://www.tiktok.com/@amber.bragg6/video/7630697524562529556,7398529253374952453,7630985835060839176,https://p19-common-sign.tiktokcdn-us.com/tos-maliva-avt-0068/5ff66db3219f13762fa9f7dcc8fd1d7c~tplv-tiktokx-cropcenter:100:100.jpg?dr=9640&refresh_token=e225f345&x-expires=1778140800&x-signature=DkEC8BtfMq4dBM6pbigsB%2B7D3yM%3D&t=4d5b0474&ps=13740610&shp=30310797&shcp=ff37627b&idc=useast8
I need to use lips masks more,0,0,2026-04-11T03:20:54.000Z,skindeepmegan,https://www.tiktok.com/@rokeya087/video/7627235116275797261,6772777156923851781,7627336358419825422,https://p16-common-sign.tiktokcdn-eu.com/tos-maliva-avt-0068/f82e30c92d3ef53e9d954e401ff7c34f~tplv-tiktokx-cropcenter:100:100.jpg?dr=10399&refresh_token=63f36642&x-expires=1778140800&x-signature=LI2rNOqTpx%2B6OekoYgiVMbSnZ1Q%3D&t=4d5b0474&ps=13740610&shp=30310797&shcp=ff37627b&idc=no1a
Wow love to try this brand,0,0,2026-04-11T14:27:32.000Z,catierhine,https://www.tiktok.com/@rokeya087/video/7627235116275797261,6552450794770219009,7627508143660401438,https://p16-common-sign.tiktokcdn-eu.com/tos-maliva-avt-0068/5678f9e27f9dbc632fdf7a52036c737d~tplv-tiktokx-cropcenter:100:100.jpg?dr=10399&refresh_token=94f5c324&x-expires=1778140800&x-signature=S69hSorJcap8Zm2WXcW1Jh1YENk%3D&t=4d5b0474&ps=13740610&shp=30310797&shcp=ff37627b&idc=no1a
I need to try the lip mask!,0,0,2026-04-11T14:35:36.000Z,crystalgz0,https://www.tiktok.com/@rokeya087/video/7627235116275797261,7326442373852300331,7627510137537037069,https://p16-common-sign.tiktokcdn-eu.com/tos-maliva-avt-0068/2323721abfeac26b5775d4f00552cf99~tplv-tiktokx-cropcenter:100:100.jpg?dr=10399&refresh_token=460f53ad&x-expires=1778140800&x-signature=bZETWWiHpbci28d5TajY1ttrdEE%3D&t=4d5b0474&ps=13740610&shp=30310797&shcp=ff37627b&idc=no1a
The lip mask is tooo cute 😍,0,0,2026-04-11T11:37:29.000Z,korean_skincare_cutie,https://www.tiktok.com/@rokeya087/video/7627235116275797261,7489079779220571158,7627464373279245078,https://p16-common-sign.tiktokcdn-eu.com/tos-no1a-avt-0068c001-no/4ff02a20f22297104b2120242d4c7df4~tplv-tiktokx-cropcenter:100:100.jpg?dr=10399&refresh_token=d39bcd49&x-expires=1778140800&x-signature=Ch2GaSQMTIqkjc6usAJa9NXR0bw%3D&t=4d5b0474&ps=13740610&shp=30310797&shcp=ff37627b&idc=no1a
How cute is that mask,0,0,2026-04-11T06:57:32.000Z,miss_neriii0,https://www.tiktok.com/@rokeya087/video/7627235116275797261,7478650245132813334,7627392105649210144,https://p16-common-sign.tiktokcdn-eu.com/tos-no1a-avt-0068c001-no/7ad218312f04e0d73b2e81e677aee2cc~tplv-tiktokx-cropcenter:100:100.jpg?dr=10399&refresh_token=9d1a2ce4&x-expires=1778140800&x-signature=rNP3Ex8TZEfJAZ3IRazaM%2B3WA%2BY%3D&t=4d5b0474&ps=13740610&shp=30310797&shcp=ff37627b&idc=no1a
Need to try this mask,0,0,2026-04-19T23:43:02.000Z,yasimerin,https://www.tiktok.com/@rokeya087/video/7627235116275797261,56847611210498048,7630619959282156306,https://p16-common-sign.tiktokcdn-eu.com/tos-alisg-avt-0068/aaec1cf38c658c4ef7fdf3ec7cfeb77f~tplv-tiktokx-cropcenter:100:100.jpg?dr=10399&refresh_token=e09f5eee&x-expires=1778140800&x-signature=RoMh0nls%2FmOxM9zG0BSC82zU7Ms%3D&t=4d5b0474&ps=13740610&shp=30310797&shcp=ff37627b&idc=no1a
"You are glowing! Never tried a lip mask in the way, looks good!",0,0,2026-04-11T11:28:57.000Z,sammy190990,https://www.tiktok.com/@rokeya087/video/7627235116275797261,6815078824243151877,7627462159148352278,https://p16-common-sign.tiktokcdn-eu.com/tos-no1a-avt-0068c001-no/f449776bc6d3fbedc2fbb687728bd23e~tplv-tiktokx-cropcenter:100:100.jpg?dr=10399&refresh_token=49e44fb8&x-expires=1778140800&x-signature=kQouvbMGFOeg4NvAzH5HIoTBnYI%3D&t=4d5b0474&ps=13740610&shp=30310797&shcp=ff37627b&idc=no1a
Absolutely wonderful ❤️I love this brand!,0,0,2026-04-11T06:27:51.000Z,dii._.aguii,https://www.tiktok.com/@rokeya087/video/7627235116275797261,7232338202379142150,7627384581322523399,https://p16-common-sign.tiktokcdn-eu.com/tos-alisg-avt-0068/30788f3c22785e3323cc6c294c5ed089~tplv-tiktokx-cropcenter:100:100.jpg?dr=10399&refresh_token=61befd89&x-expires=1778140800&x-signature=rnkaAN5QtZgClkq7RUiiBt59AQk%3D&t=4d5b0474&ps=13740610&shp=30310797&shcp=ff37627b&idc=no1a
Love that glowww,0,0,2026-04-11T08:53:04.000Z,simplytysia,https://www.tiktok.com/@rokeya087/video/7627235116275797261,90285165913976832,7627421947152990998,https://p16-common-sign.tiktokcdn-eu.com/tos-no1a-avt-0068c001-no/697ce846f0a879ffbf8c43c021338b64~tplv-tiktokx-cropcenter:100:100.jpg?dr=10399&refresh_token=70d74ee5&x-expires=1778140800&x-signature=Ir9j7eoAQ%2F1GogTLZOfgHMwJDIU%3D&t=4d5b0474&ps=13740610&shp=30310797&shcp=ff37627b&idc=no1a
this looks really fun!,0,0,2026-04-11T11:41:43.000Z,lelrecommends,https://www.tiktok.com/@rokeya087/video/7627235116275797261,7144801729053770758,7627465455141372694,https://p16-common-sign.tiktokcdn-eu.com/tos-no1a-avt-0068c001-no/2c5a77f5bb007cc0006d9409126ffe16~tplv-tiktokx-cropcenter:100:100.jpg?dr=10399&refresh_token=301ab68c&x-expires=1778140800&x-signature=U5t2%2FYLzT2EUVZtyWrWdNaJRdrA%3D&t=4d5b0474&ps=13740610&shp=30310797&shcp=ff37627b&idc=no1a
"I love the lip mask, I need to try this one 😍",1,0,2026-04-06T02:03:17.000Z,jeniiscott,https://www.tiktok.com/@lifewithgiovana/video/7625005996427037972,7202691956688864261,7625460903002014495,https://p16-common-sign.tiktokcdn-us.com/tos-useast8-avt-0068-tx2/2a1017d172236450bd049b3f43f35783~tplv-tiktokx-cropcenter:100:100.jpg?dr=9640&refresh_token=623b4f08&x-expires=1778140800&x-signature=6nBpuQ%2FOQv6ODu8Gmm032s8y860%3D&t=4d5b0474&ps=13740610&shp=30310797&shcp=ff37627b&idc=useast5
I love collagen face masks. They hydrate a lot and the skin looks amazing ✨✨✨,0,0,2026-04-04T21:43:58.000Z,patykarini,https://www.tiktok.com/@lifewithgiovana/video/7625005996427037972,6831727278918632454,7625022824546386718,https://p19-common-sign.tiktokcdn-us.com/tos-useast8-avt-0068-tx2/4fd32c9d555bbd503552b577eb9db7b3~tplv-tiktokx-cropcenter:100:100.jpg?dr=9640&refresh_token=567984b0&x-expires=1778140800&x-signature=K7xIjRatLGNfAa4MsMdtmlsvBJU%3D&t=4d5b0474&ps=13740610&shp=30310797&shcp=ff37627b&idc=useast5
Beauty day 💕✨,0,0,2026-04-05T16:18:00.000Z,daily.camilanaflorida,https://www.tiktok.com/@lifewithgiovana/video/7625005996427037972,7614285573670585365,7625310141580149522,https://p19-common-sign.tiktokcdn-us.com/tos-alisg-avt-0068/69081c6fefd57fdff7cbf50bcabe9e9d~tplv-tiktokx-cropcenter:100:100.jpg?dr=9640&refresh_token=1431356c&x-expires=1778140800&x-signature=UZBbXHHbiE23M50W6PlcKMVMyJs%3D&t=4d5b0474&ps=13740610&shp=30310797&shcp=ff37627b&idc=useast5
I love this!! Need to try!,1,0,2026-04-04T22:50:49.000Z,priscilaperes.us,https://www.tiktok.com/@lifewithgiovana/video/7625005996427037972,7411573701157700654,7625040184438424350,https://p19-common-sign.tiktokcdn-us.com/tos-useast8-avt-0068-tx2/87a2fe4de3cdb967a85a0720ad2a9343~tplv-tiktokx-cropcenter:100:100.jpg?dr=9640&refresh_token=4727f226&x-expires=1778140800&x-signature=EQAVImnrsEcudl%2BOirW01x6e1NA%3D&t=4d5b0474&ps=13740610&shp=30310797&shcp=ff37627b&idc=useast5
I love face mask 😍,1,0,2026-04-04T22:49:58.000Z,vandemarchiugc,https://www.tiktok.com/@lifewithgiovana/video/7625005996427037972,7554850749772284983,7625040016401761055,https://p19-common-sign.tiktokcdn-us.com/tos-useast8-avt-0068-tx2/b348167212d35923547f8e6775b779a2~tplv-tiktokx-cropcenter:100:100.jpg?dr=9640&refresh_token=f5d46546&x-expires=1778140800&x-signature=xSbtmJBJdem9u7mQgUs8MFCAglg%3D&t=4d5b0474&ps=13740610&shp=30310797&shcp=ff37627b&idc=useast5
I love the lip mask is so cute 🥰,0,0,2026-04-05T00:23:52.000Z,ugcbygabyy,https://www.tiktok.com/@lifewithgiovana/video/7625005996427037972,7398324916699317291,7625064254374396686,https://p16-common-sign.tiktokcdn-us.com/tos-useast5-avt-0068-tx/0d5b50dc4a7e2b4fcf8bd93ecfa40e02~tplv-tiktokx-cropcenter:100:100.jpg?dr=9640&refresh_token=a36bcc4d&x-expires=1778140800&x-signature=MVEdqWCtJOgNknq2H3yMvxvATU8%3D&t=4d5b0474&ps=13740610&shp=30310797&shcp=ff37627b&idc=useast5
This is so smart to use during your commute,0,0,2026-04-23T01:45:06.000Z,juliannahillugc,https://www.tiktok.com/@askmims/video/7630716021250346270,7422912350187783211,7631764655904637727,https://p16-common-sign.tiktokcdn.com/tos-maliva-avt-0068/459e4ae9ae273c5303c35cd417dbc38f~tplv-tiktokx-cropcenter:100:100.jpg?dr=14579&refresh_token=363c8320&x-expires=1778140800&x-signature=BXsajSA2DTILAiK9OogyXl7QqXc%3D&t=4d5b0474&ps=13740610&shp=30310797&shcp=ff37627b&idc=my2
When you need that extra glow on the road,0,0,2026-04-22T18:01:26.000Z,orihime010,https://www.tiktok.com/@askmims/video/7630716021250346270,7158932686883210286,7631645202838520606,https://p16-common-sign.tiktokcdn.com/tos-maliva-avt-0068/d833b181a483cfaa0fe37682880f5dea~tplv-tiktokx-cropcenter:100:100.jpg?dr=14579&refresh_token=f4a5ecf9&x-expires=1778140800&x-signature=FL5%2BwbGVGE1%2FSGZyLfdc88FfH40%3D&t=4d5b0474&ps=13740610&shp=30310797&shcp=ff37627b&idc=my2
Wanna try fhe mask 😍,0,0,2026-04-21T18:26:31.000Z,aeslifestylee,https://www.tiktok.com/@askmims/video/7630716021250346270,6964075337492628485,7631280606722540295,https://p16-common-sign.tiktokcdn.com/tos-alisg-avt-0068/c8e2f121ebd53795ecf3fc55b3b8dd51~tplv-tiktokx-cropcenter:100:100.jpg?dr=14579&refresh_token=f01263d5&x-expires=1778140800&x-signature=eVZWhtwYHFhw2kRvG65z80gBbnE%3D&t=4d5b0474&ps=13740610&shp=30310797&shcp=ff37627b&idc=my2
My favourite kind of masks 🩷💕,1,1,2026-04-20T18:37:16.000Z,tiiaalgans,https://www.tiktok.com/@askmims/video/7630716021250346270,6849701944596988933,7630912315457651478,https://p16-common-sign.tiktokcdn.com/tos-useast2a-avt-0068-euttp/45626008b25162a75912d5768947f40a~tplv-tiktokx-cropcenter:100:100.jpg?dr=14579&refresh_token=df2bb7f2&x-expires=1778140800&x-signature=XMbc8EO1q0H%2BjQe8GGM32MVvICk%3D&t=4d5b0474&ps=13740610&shp=30310797&shcp=ff37627b&idc=my2
great😍😍,0,0,2026-04-21T11:55:13.000Z,satvrnmai,https://www.tiktok.com/@askmims/video/7630716021250346270,7451242814576460822,7631179703723246358,https://p19-common-sign.tiktokcdn.com/tos-maliva-avt-0068/1b12b9f2f29466fd55a37fef9236a882~tplv-tiktokx-cropcenter:100:100.jpg?dr=14579&refresh_token=21340630&x-expires=1778140800&x-signature=u7%2BGleySJAgxSkRxD3zJbFyloLM%3D&t=4d5b0474&ps=13740610&shp=30310797&shcp=ff37627b&idc=my2
such a great idea to do this on the go 🥰,0,0,2026-04-22T18:56:47.000Z,glam_gloss_xoxo,https://www.tiktok.com/@askmims/video/7630716021250346270,7343909378057045024,7631659487271699233,https://p16-common-sign.tiktokcdn.com/tos-useast2a-avt-0068-euttp/312fb1445a860cca7774ecfcca6658ef~tplv-tiktokx-cropcenter:100:100.jpg?dr=14579&refresh_token=fdff9af0&x-expires=1778140800&x-signature=g0LSD4a1iQnaL9J4k964abXt3G4%3D&t=4d5b0474&ps=13740610&shp=30310797&shcp=ff37627b&idc=my2
Yasss😍😍,0,0,2026-04-21T01:11:36.000Z,agathalimm,https://www.tiktok.com/@askmims/video/7630716021250346270,6792767925805171713,7631013923474719519,https://p16-common-sign.tiktokcdn.com/tos-maliva-avt-0068/2eba93a8d06d211f83c83a69131c3646~tplv-tiktokx-cropcenter:100:100.jpg?dr=14579&refresh_token=0950e66e&x-expires=1778140800&x-signature=G5pDZWDFSFo5yse6NwMHFuX7eLw%3D&t=4d5b0474&ps=13740610&shp=30310797&shcp=ff37627b&idc=my2
Omh my favvv,0,0,2026-04-20T19:48:29.000Z,laces.maee,https://www.tiktok.com/@askmims/video/7630716021250346270,7301129798192137249,7630930643539804950,https://p16-sign-va.tiktokcdn.com/tos-maliva-avt-0068/670cbf11f5e77dfba9bb7308efd8f7da~tplv-tiktokx-cropcenter:100:100.jpg?dr=14579&refresh_token=7f9bb621&x-expires=1778140800&x-signature=DlAAjiOJKlOKcdh5Y9%2B7pDAXslw%3D&t=4d5b0474&ps=13740610&shp=30310797&shcp=ff37627b&idc=my2
So smart! I love this 😍❤️,0,0,2026-04-23T00:47:25.000Z,vantisybeauty,https://www.tiktok.com/@askmims/video/7630716021250346270,6716359370256565253,7631749796148167437,https://p16-common-sign.tiktokcdn.com/tos-maliva-avt-0068/8a0019c46ec631f41c76a0e271d182b7~tplv-tiktokx-cropcenter:100:100.jpg?dr=14579&refresh_token=c9bd1a96&x-expires=1778140800&x-signature=dkvmLgYQVb02VxbufYHG%2FnDiGIw%3D&t=4d5b0474&ps=13740610&shp=30310797&shcp=ff37627b&idc=my2
I just got these!,0,0,2026-04-20T22:43:37.000Z,try.it.with.oma,https://www.tiktok.com/@askmims/video/7630716021250346270,7571544745940878391,7630975752893186846,https://p16-common-sign.tiktokcdn.com/tos-maliva-avt-0068/44cc27b945c017a7b5fca5a4675323e4~tplv-tiktokx-cropcenter:100:100.jpg?dr=14579&refresh_token=cba6e140&x-expires=1778140800&x-signature=WrS6RjR5ltddlH70b0k4Weqin1M%3D&t=4d5b0474&ps=13740610&shp=30310797&shcp=ff37627b&idc=my2
Ohh i love this,0,0,2026-04-22T04:40:54.000Z,l_torres,https://www.tiktok.com/@askmims/video/7630716021250346270,81199730248081408,7631438851135259422,https://p16-common-sign.tiktokcdn.com/tos-maliva-avt-0068/7e0438ab82c3b812b8612ea0823a7377~tplv-tiktokx-cropcenter:100:100.jpg?dr=14579&refresh_token=cb1ab003&x-expires=1778140800&x-signature=Fr%2BQO5HY8NGPtlhbxJSDX6TsBcY%3D&t=4d5b0474&ps=13740610&shp=30310797&shcp=ff37627b&idc=my2
kocostarr💗💗💗,0,0,2026-04-20T10:56:06.000Z,stefuxoxo,https://www.tiktok.com/@askmims/video/7630716021250346270,7560548217415877648,7630793456004285200,https://p16-sign-sg.tiktokcdn.com/tos-alisg-avt-0068/b4dd175d27a34af31393e897706cd3e6~tplv-tiktokx-cropcenter:100:100.jpg?dr=14579&refresh_token=f142ec9e&x-expires=1778140800&x-signature=M3ub%2FEiDHROGYne5fdMRgSZ%2FUPI%3D&t=4d5b0474&ps=13740610&shp=30310797&shcp=ff37627b&idc=my2
this looks so good!,0,0,2026-04-21T07:45:11.000Z,sundaychar11,https://www.tiktok.com/@askmims/video/7630716021250346270,6616614324205486086,7631115226097124118,https://p16-common-sign.tiktokcdn.com/tos-maliva-avt-0068/c8838252eebecc18780983196f6331ee~tplv-tiktokx-cropcenter:100:100.jpg?dr=14579&refresh_token=5162cdb6&x-expires=1778140800&x-signature=HrZjxxpCeWnyBbVQBi8DKOL%2BDkw%3D&t=4d5b0474&ps=13740610&shp=30310797&shcp=ff37627b&idc=my2
Love a good mask,0,0,2026-04-20T21:16:27.000Z,fainaa92,https://www.tiktok.com/@askmims/video/7630716021250346270,6948900707212116998,7630953281951367969,https://p16-common-sign.tiktokcdn.com/tos-useast2a-avt-0068-euttp/6a95eb15e0bd0dacfbff1e4ebfb766f2~tplv-tiktokx-cropcenter:100:100.jpg?dr=14579&refresh_token=a6789ba8&x-expires=1778140800&x-signature=3ve7UTNH%2BHEdEicAtsx2Z%2BMlc4A%3D&t=4d5b0474&ps=13740610&shp=30310797&shcp=ff37627b&idc=my2
wow ❤️,1,1,2026-04-20T16:30:01.000Z,softglowamy,https://www.tiktok.com/@askmims/video/7630716021250346270,7606918915394225173,7630879506656625428,https://p16-common-sign.tiktokcdn.com/tos-alisg-avt-0068/e687647cd6b0f9ded3370f7f07b5aae3~tplv-tiktokx-cropcenter:100:100.jpg?dr=14579&refresh_token=b964c5a0&x-expires=1778140800&x-signature=%2FZ2tJHxTMWiesKxkfWjBzZxsyII%3D&t=4d5b0474&ps=13740610&shp=30310797&shcp=ff37627b&idc=my2
"great ideas, love it 😍",0,0,2026-04-21T00:37:59.000Z,ugc_kisha,https://www.tiktok.com/@askmims/video/7630716021250346270,7169936430260454442,7631005212057535245,https://p19-common-sign.tiktokcdn-us.com/tos-useast5-avt-0068-tx/92598a24874f91ce87a71c7ddfae1940~tplv-tiktokx-cropcenter:100:100.jpg?dr=9640&refresh_token=9c694404&x-expires=1778140800&x-signature=ZbVBKD5zgjlvNbfYQ%2FvoRFPK4Ng%3D&t=4d5b0474&ps=13740610&shp=30310797&shcp=ff37627b&idc=useast5
"New brand for me, this is such a clear mask 😍",1,1,2026-04-20T07:51:05.000Z,sammy190990,https://www.tiktok.com/@askmims/video/7630716021250346270,6815078824243151877,7630745688599659286,https://p16-common-sign.tiktokcdn-us.com/tos-maliva-avt-0068/f449776bc6d3fbedc2fbb687728bd23e~tplv-tiktokx-cropcenter:100:100.jpg?dr=9640&refresh_token=29e6d159&x-expires=1778140800&x-signature=%2B%2Ba2cnBJrLbeJjb6xyIZyWUJk0E%3D&t=4d5b0474&ps=13740610&shp=30310797&shcp=ff37627b&idc=useast5
Love these! 😍😍,0,0,2026-04-20T23:23:18.000Z,swijayaaa,https://www.tiktok.com/@askmims/video/7630716021250346270,6871900990724260866,7630985846511289105,https://p19-common-sign.tiktokcdn-us.com/tos-useast2a-avt-0068-giso/0b2803fca4e16a5a74c84ed7a59cf233~tplv-tiktokx-cropcenter:100:100.jpg?dr=9640&refresh_token=0344f02e&x-expires=1778140800&x-signature=bcY4riXRcoieNWFoG7abOm8LH2M%3D&t=4d5b0474&ps=13740610&shp=30310797&shcp=ff37627b&idc=useast5
Wow the glow🥰,1,0,2026-04-20T17:00:09.000Z,glowithsarahlee,https://www.tiktok.com/@askmims/video/7630716021250346270,66566370578,7630887082777477901,https://p19-common-sign.tiktokcdn-us.com/tos-useast5-avt-0068-tx/7deaa1bae2f1a72f0fdb173813eea09e~tplv-tiktokx-cropcenter:100:100.jpg?dr=9640&refresh_token=732e7b3b&x-expires=1778140800&x-signature=AqHpN7ha%2FsSckb59blRnOZ5zaUs%3D&t=4d5b0474&ps=13740610&shp=30310797&shcp=ff37627b&idc=useast5
Amo estas rutinas 😍,2,0,2026-04-24T14:19:37.000Z,veronicavergaracosta,https://www.tiktok.com/@maf.v1120/video/7631692968411401493,7254642463536563226,7632330208063046422,https://p16-common-sign.tiktokcdn-us.com/tos-maliva-avt-0068/931d536f7f17501a4ba4d262f4b64c77~tplv-tiktokx-cropcenter:100:100.jpg?dr=9640&refresh_token=a370abf9&x-expires=1778140800&x-signature=rzIKRda%2FvWDzZ3hDF%2FE6KAeN%2F7c%3D&t=4d5b0474&ps=13740610&shp=30310797&shcp=ff37627b&idc=useast5
Que bella te dejo la piel 💕✨,4,0,2026-04-24T23:47:35.000Z,iamfiorellarivas,https://www.tiktok.com/@maf.v1120/video/7631692968411401493,6777874942988239878,7632476546679161630,https://p19-common-sign.tiktokcdn-us.com/tos-useast8-avt-0068-tx2/cadb8c09f6794a3e7cb5f79f88211cd6~tplv-tiktokx-cropcenter:100:100.jpg?dr=9640&refresh_token=bd6a6884&x-expires=1778140800&x-signature=rN%2F5SwOOd4V4Egqa4lQmfUZmi%2Bk%3D&t=4d5b0474&ps=13740610&shp=30310797&shcp=ff37627b&idc=useast5
glass skin 🥰,4,0,2026-04-24T20:49:18.000Z,sofisofti,https://www.tiktok.com/@maf.v1120/video/7631692968411401493,7258785526505194501,7632430511886451473,https://p19-common-sign.tiktokcdn-us.com/tos-alisg-avt-0068/2bac3eec9a24b1d27018633f312bec68~tplv-tiktokx-cropcenter:100:100.jpg?dr=9640&refresh_token=149039c5&x-expires=1778140800&x-signature=3AB2fgILLIO14zD18L4IAs%2FZCBM%3D&t=4d5b0474&ps=13740610&shp=30310797&shcp=ff37627b&idc=useast5
Me encantó como tienes la piel de linda ✨,1,0,2026-05-04T17:36:01.000Z,alejo.acerco,https://www.tiktok.com/@maf.v1120/video/7631692968411401493,6955440261816452101,7636091713820246802,https://p16-common-sign.tiktokcdn-us.com/tos-alisg-avt-0068/09f05414e098534f5252386ace344491~tplv-tiktokx-cropcenter:100:100.jpg?dr=9640&refresh_token=381ec270&x-expires=1778140800&x-signature=Xq7MhgmA9nND5Mi9AY6MXQzr%2Fu8%3D&t=4d5b0474&ps=13740610&shp=30310797&shcp=ff37627b&idc=useast5
me encantan tus vídeos,5,1,2026-04-23T07:35:15.000Z,hyo_ki_gmc,https://www.tiktok.com/@maf.v1120/video/7631692968411401493,6700834399854756870,7631854925378618134,https://p19-common-sign.tiktokcdn-us.com/tos-maliva-avt-0068/16b83dc289d069a4eff5ad6a0ad0f666~tplv-tiktokx-cropcenter:100:100.jpg?dr=9640&refresh_token=3576c98c&x-expires=1778140800&x-signature=Vy1zP40O3D%2FLCaRqBL8ixi0Jnrc%3D&t=4d5b0474&ps=13740610&shp=30310797&shcp=ff37627b&idc=useast5
Así se empieza el día de buena manera 🥰,5,1,2026-04-23T05:47:06.000Z,vikiglv,https://www.tiktok.com/@maf.v1120/video/7631692968411401493,7298754064409953313,7631827015708295958,https://p16-common-sign.tiktokcdn-us.com/tos-maliva-avt-0068/7e2428d1f90f0084af2026b1d3b5a7df~tplv-tiktokx-cropcenter:100:100.jpg?dr=9640&refresh_token=b781dcaa&x-expires=1778140800&x-signature=gTpIeVMN6HEzj1819xqaDBTOBwk%3D&t=4d5b0474&ps=13740610&shp=30310797&shcp=ff37627b&idc=useast5
Waauu me encanta,3,0,2026-04-25T00:52:28.000Z,yaritzagaleano880,https://www.tiktok.com/@maf.v1120/video/7631692968411401493,7017645070846837766,7632493283172598541,https://p16-common-sign.tiktokcdn-us.com/tos-useast5-avt-0068-tx/a8bfc6a54ee48fba74c5b78e9661579f~tplv-tiktokx-cropcenter:100:100.jpg?dr=9640&refresh_token=d5b1f0c7&x-expires=1778140800&x-signature=Xe3rjJvKGEc0Wo6IX2j26K8m5Gw%3D&t=4d5b0474&ps=13740610&shp=30310797&shcp=ff37627b&idc=useast5
Que hermosa piel!!! Y lo de los labios qué curioso! Me serviría un montón 😳,2,0,2026-04-24T17:06:12.000Z,march022_,https://www.tiktok.com/@maf.v1120/video/7631692968411401493,7569867354185122838,7632373178933150487,https://p19-common-sign.tiktokcdn-us.com/tos-maliva-avt-0068/6ea50385cb4bc6f28e9c7c3e2ee8af70~tplv-tiktokx-cropcenter:100:100.jpg?dr=9640&refresh_token=c3c585ee&x-expires=1778140800&x-signature=SvqotN7dbhXLFM2cw77RKehd%2F2E%3D&t=4d5b0474&ps=13740610&shp=30310797&shcp=ff37627b&idc=useast5
Amoooo🥰🥰🥰,5,1,2026-04-23T00:23:23.000Z,padillaj_6,https://www.tiktok.com/@maf.v1120/video/7631692968411401493,7589798068460471307,7631743593833988882,https://p19-common-sign.tiktokcdn-us.com/tos-alisg-avt-0068/684ab0ecd093571dc681cb64f4419864~tplv-tiktokx-cropcenter:100:100.jpg?dr=9640&refresh_token=82cc097a&x-expires=1778140800&x-signature=AwyDse4dwkNJ%2B6z3KThNH2ttndo%3D&t=4d5b0474&ps=13740610&shp=30310797&shcp=ff37627b&idc=useast5
ay me encanta😍😍😍,2,0,2026-04-25T16:53:22.000Z,aurisrojas02,https://www.tiktok.com/@maf.v1120/video/7631692968411401493,7574856803387917315,7632740925303505686,https://p16-common-sign.tiktokcdn-us.com/tos-maliva-avt-0068/7523668795cb6599f29a168067607abe~tplv-tiktokx-cropcenter:100:100.jpg?dr=9640&refresh_token=02926037&x-expires=1778140800&x-signature=EXWU%2BG2VT1JzM6q3yNO33hua168%3D&t=4d5b0474&ps=13740610&shp=30310797&shcp=ff37627b&idc=useast5
La necesito me gustó como dejó tu piel 🥰,3,0,2026-04-24T02:30:24.000Z,alejandragonzalezbeauty,https://www.tiktok.com/@maf.v1120/video/7631692968411401493,6768764580811785221,7632147477482750733,https://p19-common-sign.tiktokcdn-us.com/tos-useast5-avt-0068-tx/997e5ab6ecb79c76652d937d5ea9249f~tplv-tiktokx-cropcenter:100:100.jpg?dr=9640&refresh_token=e9e19ba6&x-expires=1778140800&x-signature=eQPN4ghKT1wA6s6cIAJW5VWoqdQ%3D&t=4d5b0474&ps=13740610&shp=30310797&shcp=ff37627b&idc=useast5
Me encanta 🥰,3,0,2026-04-23T00:17:52.000Z,lady.beauty.studio,https://www.tiktok.com/@maf.v1120/video/7631692968411401493,7548850505004844054,7631742014970675990,https://p16-common-sign.tiktokcdn-us.com/tos-maliva-avt-0068/ac38a9077bc6cca240f5a03185864460~tplv-tiktokx-cropcenter:100:100.jpg?dr=9640&refresh_token=e884e872&x-expires=1778140800&x-signature=zc5d25YkyeIyJMdQlJGJUHz8ADk%3D&t=4d5b0474&ps=13740610&shp=30310797&shcp=ff37627b&idc=useast5
Ameee que súper hidratante se ve todo🫶🏻,3,1,2026-04-23T03:26:04.000Z,shau_strawberry,https://www.tiktok.com/@maf.v1120/video/7631692968411401493,269454467220070400,7631790752842089223,https://p19-common-sign.tiktokcdn-us.com/tos-maliva-avt-0068/ff7b86a8d342206886623f180ab7774e~tplv-tiktokx-cropcenter:100:100.jpg?dr=9640&refresh_token=43f2b81b&x-expires=1778140800&x-signature=j%2FLA%2BlQUxTDO3lFEJm004%2B%2FKTuc%3D&t=4d5b0474&ps=13740610&shp=30310797&shcp=ff37627b&idc=useast5
SON BUENISIMAS ❤️LAS AMO,2,1,2026-04-22T21:59:35.000Z,isamaralvarengadezepeda,https://www.tiktok.com/@maf.v1120/video/7631692968411401493,6773386204987671557,7631706499710960398,https://p19-common-sign.tiktokcdn-us.com/tos-useast5-avt-0068-tx/591a03abb575fc45e15316587753336f~tplv-tiktokx-cropcenter:100:100.jpg?dr=9640&refresh_token=efb33ce8&x-expires=1778140800&x-signature=6v7pThwzTdX7kYWWgIn%2Fee0vKus%3D&t=4d5b0474&ps=13740610&shp=30310797&shcp=ff37627b&idc=useast5
Que glowyy,3,0,2026-04-23T12:21:32.000Z,nataliafelis_,https://www.tiktok.com/@maf.v1120/video/7631692968411401493,7111012890542883846,7631928661269447446,https://p16-common-sign.tiktokcdn-us.com/tos-maliva-avt-0068/911a14926e21d5c115862a063fc7361e~tplv-tiktokx-cropcenter:100:100.jpg?dr=9640&refresh_token=b3148c4d&x-expires=1778140800&x-signature=%2B8oCuX5TmxO1P99CWH4zY8ozdCA%3D&t=4d5b0474&ps=13740610&shp=30310797&shcp=ff37627b&idc=useast5
Uff ameee,3,0,2026-04-23T01:45:36.000Z,lauramqg,https://www.tiktok.com/@maf.v1120/video/7631692968411401493,7556649607196525590,7631764418636694294,https://p16-common-sign.tiktokcdn-us.com/tos-maliva-avt-0068/984417aa0698ed58a6a7292085a612f9~tplv-tiktokx-cropcenter:100:100.jpg?dr=9640&refresh_token=355c474b&x-expires=1778140800&x-signature=02qrRM0V6S0clJi9vzInwNchLPU%3D&t=4d5b0474&ps=13740610&shp=30310797&shcp=ff37627b&idc=useast5
Linda 🥰,1,0,2026-04-26T14:01:10.000Z,taniiasanchezz.06,https://www.tiktok.com/@maf.v1120/video/7631692968411401493,6933333526466085893,7633067638281978646,https://p16-common-sign.tiktokcdn-us.com/tos-maliva-avt-0068/097e0e52af054a37d04c75fa2c9c5492~tplv-tiktokx-cropcenter:100:100.jpg?dr=9640&refresh_token=62522ebe&x-expires=1778140800&x-signature=HUo%2FFvoPFZlfD2hb2%2F2%2FW7QgwJ0%3D&t=4d5b0474&ps=13740610&shp=30310797&shcp=ff37627b&idc=useast5
Amamooos,3,0,2026-04-23T02:28:04.000Z,carolinamakeupv,https://www.tiktok.com/@maf.v1120/video/7631692968411401493,152991975762337792,7631775661431161617,https://p19-common-sign.tiktokcdn-us.com/tos-alisg-avt-0068/e538fb8ae4025e121dc36103eaf98494~tplv-tiktokx-cropcenter:100:100.jpg?dr=9640&refresh_token=a8846949&x-expires=1778140800&x-signature=oKjfHJkeR3bevM8Nvt%2B%2FZk%2FnW1Y%3D&t=4d5b0474&ps=13740610&shp=30310797&shcp=ff37627b&idc=useast5
"Mejor manera de iniciar el día no hay, me encantó 💖",3,1,2026-04-23T01:32:52.000Z,nata.pardo,https://www.tiktok.com/@maf.v1120/video/7631692968411401493,7596713912574641153,7631761570837791504,https://p16-common-sign.tiktokcdn-us.com/tos-alisg-avt-0068/e9cb4fd145b790d44ff28f279cb87726~tplv-tiktokx-cropcenter:100:100.jpg?dr=9640&refresh_token=caef2b67&x-expires=1778140800&x-signature=YmpxO2we0kpSa7Vpp%2Fygqwtp4L0%3D&t=4d5b0474&ps=13740610&shp=30310797&shcp=ff37627b&idc=useast5
🥰🥰🥰 me encanta,2,0,2026-04-25T03:14:11.000Z,mega1130,https://www.tiktok.com/@maf.v1120/video/7631692968411401493,6771279996566488070,7632529790562845460,https://p16-common-sign.tiktokcdn-us.com/tos-maliva-avt-0068/4e8b16994ff08f89b7f48d416b103c3b~tplv-tiktokx-cropcenter:100:100.jpg?dr=9640&refresh_token=98a3a3c4&x-expires=1778140800&x-signature=lpHVONv4oKrZ%2FdmOY0pFa9vF7BA%3D&t=4d5b0474&ps=13740610&shp=30310797&shcp=ff37627b&idc=useast5
Esas mascarillas son todo 🥰💜,2,0,2026-04-23T06:10:49.000Z,labambi204,https://www.tiktok.com/@maf.v1120/video/7631692968411401493,7596993119143068695,7631833090902328086,https://p16-common-sign.tiktokcdn-us.com/tos-maliva-avt-0068/c664cb9bf7198b17d39643f2cf5209c2~tplv-tiktokx-cropcenter:100:100.jpg?dr=9640&refresh_token=766a6966&x-expires=1778140800&x-signature=pSkPpPB1RyT4KsjvHOMK4vRXuDg%3D&t=4d5b0474&ps=13740610&shp=30310797&shcp=ff37627b&idc=useast5
Que buenas se ven 😍,3,1,2026-04-22T22:22:37.000Z,daniela_montilla2,https://www.tiktok.com/@maf.v1120/video/7631692968411401493,7543570456935367682,7631712488089912086,https://p19-common-sign.tiktokcdn-us.com/tos-maliva-avt-0068/d7b00f8f14a37283735735cac63111e8~tplv-tiktokx-cropcenter:100:100.jpg?dr=9640&refresh_token=37d9cd8e&x-expires=1778140800&x-signature=2GYrBkKPRsUrBwf1yIh7Gxelu6o%3D&t=4d5b0474&ps=13740610&shp=30310797&shcp=ff37627b&idc=useast5
Yo lo ame me encanta es súper,1,0,2026-04-26T12:15:44.000Z,joheflow0,https://www.tiktok.com/@maf.v1120/video/7631692968411401493,7136813075227280426,7633040183957553951,https://p16-common-sign.tiktokcdn-us.com/tos-useast8-avt-0068-tx2/a5eee471e1e0e3a66919450ec9ca948f~tplv-tiktokx-cropcenter:100:100.jpg?dr=9640&refresh_token=097215fe&x-expires=1778140800&x-signature=glJwBtz5yQ1FwAJy7lSHXW72rkg%3D&t=4d5b0474&ps=13740610&shp=30310797&shcp=ff37627b&idc=useast5
Wow Que padre se ve eso 😍,2,0,2026-04-24T04:08:14.000Z,yosicota,https://www.tiktok.com/@maf.v1120/video/7631692968411401493,6861987820697814022,7632172511317295886,https://p19-common-sign.tiktokcdn-us.com/tos-useast5-avt-0068-tx/51787071ae0151c57b7bf9a891abeb6a~tplv-tiktokx-cropcenter:100:100.jpg?dr=9640&refresh_token=acaedc91&x-expires=1778140800&x-signature=P5djA9MYE%2FL0Z0mVaglG3i0zGQA%3D&t=4d5b0474&ps=13740610&shp=30310797&shcp=ff37627b&idc=useast5
Niiiceeee,4,0,2026-04-22T21:29:00.000Z,naiaraqb,https://www.tiktok.com/@maf.v1120/video/7631692968411401493,85167328501374976,7631698701488309014,https://p16-common-sign.tiktokcdn-us.com/tos-maliva-avt-0068/f343e38eead4002c15adecb24765675b~tplv-tiktokx-cropcenter:100:100.jpg?dr=9640&refresh_token=e92a38e3&x-expires=1778140800&x-signature=0iX8rgoFTnO4lg9AnEalvrQQ7IU%3D&t=4d5b0474&ps=13740610&shp=30310797&shcp=ff37627b&idc=useast5
Amo tu pielllll🌸🌸🌸,3,1,2026-04-23T01:52:36.000Z,andreacruzugc,https://www.tiktok.com/@maf.v1120/video/7631692968411401493,7538461194815554567,7631766652649227026,https://p16-common-sign.tiktokcdn-us.com/tos-alisg-avt-0068/99acf5da1b481930c7f2dfb5e25a3412~tplv-tiktokx-cropcenter:100:100.jpg?dr=9640&refresh_token=05169ea4&x-expires=1778140800&x-signature=ojeodQrp01AlxW1%2BGS4WmpkTZVs%3D&t=4d5b0474&ps=13740610&shp=30310797&shcp=ff37627b&idc=useast5
Cuteeee😍😍😍,4,0,2026-04-22T21:23:25.000Z,iamashley094,https://www.tiktok.com/@maf.v1120/video/7631692968411401493,6851432918264808453,7631697264754541326,https://p16-common-sign.tiktokcdn-us.com/tos-useast5-avt-0068-tx/d01ea852d1ae10f7ee1e516d7a67cbdc~tplv-tiktokx-cropcenter:100:100.jpg?dr=9640&refresh_token=6f8a7e43&x-expires=1778140800&x-signature=4WZpUUbZdgOxp8imyBdZUVKD9Bo%3D&t=4d5b0474&ps=13740610&shp=30310797&shcp=ff37627b&idc=useast5
La mascarilla es lo máximo!!! ✨✨,2,0,2026-04-23T15:15:12.000Z,modopaochicc,https://www.tiktok.com/@maf.v1120/video/7631692968411401493,7017631265443234822,7631973367230382861,https://p19-common-sign.tiktokcdn-us.com/tos-maliva-avt-0068/184ba09593c0230558e5d10b451886e1~tplv-tiktokx-cropcenter:100:100.jpg?dr=9640&refresh_token=1275e963&x-expires=1778140800&x-signature=OLiynp%2FCF51Bbbeqp1aA2BAW8Mc%3D&t=4d5b0474&ps=13740610&shp=30310797&shcp=ff37627b&idc=useast5
"Algo así necesito, quedaste bella 😍",2,1,2026-04-23T10:32:03.000Z,bebeross,https://www.tiktok.com/@maf.v1120/video/7631692968411401493,7429465408972014624,7631900487008420630,https://p19-common-sign.tiktokcdn-us.com/tos-maliva-avt-0068/03f52a796e3e7eebf908a5dcac753b51~tplv-tiktokx-cropcenter:100:100.jpg?dr=9640&refresh_token=48a78be0&x-expires=1778140800&x-signature=%2FahjnquzjVG7GGEDcX3wOoN7ZiE%3D&t=4d5b0474&ps=13740610&shp=30310797&shcp=ff37627b&idc=useast5
Linda piel ✨💜✨,2,1,2026-04-23T17:54:21.000Z,brigittespish,https://www.tiktok.com/@maf.v1120/video/7631692968411401493,6785847794864948229,7632014485456847638,https://p16-common-sign.tiktokcdn-us.com/tos-maliva-avt-0068/6bf56bda9e3b2e70c66b13c20d6128e6~tplv-tiktokx-cropcenter:100:100.jpg?dr=9640&refresh_token=ae992fef&x-expires=1778140800&x-signature=zeakyfngyzmTXmFeXqQpH2gjQW8%3D&t=4d5b0474&ps=13740610&shp=30310797&shcp=ff37627b&idc=useast5
Beautyyyy,3,0,2026-04-22T21:32:10.000Z,ruthlzma,https://www.tiktok.com/@maf.v1120/video/7631692968411401493,6807014163954844678,7631699507625886486,https://p19-common-sign.tiktokcdn-us.com/tos-maliva-avt-0068/41fb59055fe9972aa38d5c2b92e7b0df~tplv-tiktokx-cropcenter:100:100.jpg?dr=9640&refresh_token=a67d70fc&x-expires=1778140800&x-signature=ubbRDLer4MpByWDskoOeVZsbyJY%3D&t=4d5b0474&ps=13740610&shp=30310797&shcp=ff37627b&idc=useast5
"Wait, the clear mask actually looks intriguing.",2,1,2026-04-20T10:32:49.000Z,wildloved1_,https://www.tiktok.com/@lovedaladies21/video/7630771460973268254,6984604192938034181,7630787124929299213,https://p16-common-sign.tiktokcdn-us.com/tos-useast5-avt-0068-tx/9ae40d3aee47175f5d92b5f6f20ef092~tplv-tiktokx-cropcenter:100:100.jpg?dr=9640&refresh_token=638724be&x-expires=1778140800&x-signature=CZYUQCKy00xVotx6eWYIya1%2F7X4%3D&t=4d5b0474&ps=13740610&shp=30310797&shcp=ff37627b&idc=useast5
Ohhhh this looks really good ❤️❤️❤️,0,0,2026-04-21T03:02:29.000Z,glowwithjasrn,https://www.tiktok.com/@lovedaladies21/video/7630771460973268254,6829826669286704134,7631042365876847390,https://p19-common-sign.tiktokcdn-us.com/tos-useast8-avt-0068-tx2/9c05e2b89dbaca515c5399119ac3e2bf~tplv-tiktokx-cropcenter:100:100.jpg?dr=9640&refresh_token=602f9aa0&x-expires=1778140800&x-signature=EX6Am6ycUUX4bhCUjDP6Xpo1ghE%3D&t=4d5b0474&ps=13740610&shp=30310797&shcp=ff37627b&idc=useast5
Good morning! That looks so cool! That peel off was so satisfying.,2,1,2026-04-20T10:01:09.000Z,wenrnc,https://www.tiktok.com/@lovedaladies21/video/7630771460973268254,6829291138223768582,7630778980778410782,https://p16-common-sign.tiktokcdn-us.com/tos-useast8-avt-0068-tx2/0a47585d6bd89425b8544aa16182aa00~tplv-tiktokx-cropcenter:100:100.jpg?dr=9640&refresh_token=c71e09de&x-expires=1778140800&x-signature=ZkfRQJv%2BlC9cbNiWT54BP7WEltE%3D&t=4d5b0474&ps=13740610&shp=30310797&shcp=ff37627b&idc=useast5
looks amazing!!!!,2,1,2026-04-20T10:22:44.000Z,mollymmcqueen,https://www.tiktok.com/@lovedaladies21/video/7630771460973268254,7272595591304447019,7630784378100482847,https://p19-common-sign.tiktokcdn-us.com/tos-useast8-avt-0068-tx2/4dbbe3b999d2953737a831d5d079c5d4~tplv-tiktokx-cropcenter:100:100.jpg?dr=9640&refresh_token=828238fa&x-expires=1778140800&x-signature=jlACYyoTe66wkg2p3a7JiqsYe5A%3D&t=4d5b0474&ps=13740610&shp=30310797&shcp=ff37627b&idc=useast5
This looks incredible!!!! I love the glow it gave!,1,1,2026-04-20T13:01:02.000Z,courtneywarrens,https://www.tiktok.com/@lovedaladies21/video/7630771460973268254,7004642094313341958,7630825545026552590,https://p19-common-sign.tiktokcdn-us.com/tos-useast5-avt-0068-tx/01fbca9a9def2821aab37c90d7a442e7~tplv-tiktokx-cropcenter:100:100.jpg?dr=9640&refresh_token=e7f493b4&x-expires=1778140800&x-signature=UnaQyXEUlxwyDQmRy1qZF%2FpZjo8%3D&t=4d5b0474&ps=13740610&shp=30310797&shcp=ff37627b&idc=useast5
This looks amazing 😍😍,1,1,2026-04-20T12:32:25.000Z,_.h.r.g._04,https://www.tiktok.com/@lovedaladies21/video/7630771460973268254,83850886707372032,7630818145216840462,https://p16-common-sign.tiktokcdn-us.com/tos-maliva-avt-0068/7ff60f130adaf0a69f2c7d6908601527~tplv-tiktokx-cropcenter:100:100.jpg?dr=9640&refresh_token=f170521b&x-expires=1778140800&x-signature=qunM%2BD8nEMywr2EzVuyydPZLIi0%3D&t=4d5b0474&ps=13740610&shp=30310797&shcp=ff37627b&idc=useast5
goodmorning beauty ✨✨✨,2,1,2026-04-20T09:45:54.000Z,paigesmith403,https://www.tiktok.com/@lovedaladies21/video/7630771460973268254,7063297094561088559,7630774509964509983,https://p19-common-sign.tiktokcdn-us.com/tos-useast8-avt-0068-tx2/09e5c3f7ed49f73689605732385393e4~tplv-tiktokx-cropcenter:100:100.jpg?dr=9640&refresh_token=56dcf8b3&x-expires=1778140800&x-signature=jo%2BoeHLqqK3zRr1ClF8t0UlATcA%3D&t=4d5b0474&ps=13740610&shp=30310797&shcp=ff37627b&idc=useast5
It looks SO cool!!!!,1,1,2026-04-22T02:32:32.000Z,carefree_cass,https://www.tiktok.com/@lovedaladies21/video/7630771460973268254,7507685525077460014,7631405824082314014,https://p16-common-sign.tiktokcdn-us.com/tos-useast8-avt-0068-tx2/17ffb3c34a352f680b15d18330a570c4~tplv-tiktokx-cropcenter:100:100.jpg?dr=9640&refresh_token=938721ea&x-expires=1778140800&x-signature=Lu0cZLtiHbJzlVFz72XhNfakbI8%3D&t=4d5b0474&ps=13740610&shp=30310797&shcp=ff37627b&idc=useast5
That is so cool that it’s a clear mask!,2,1,2026-04-20T13:23:30.000Z,kalondrac,https://www.tiktok.com/@lovedaladies21/video/7630771460973268254,6806824213148943366,7630831178526999326,https://p19-common-sign.tiktokcdn-us.com/tos-useast8-avt-0068-tx2/0f8bfc1c716e507f18294833b34a3281~tplv-tiktokx-cropcenter:100:100.jpg?dr=9640&refresh_token=48fdd54b&x-expires=1778140800&x-signature=bjO5ule96%2F3qJUkflIpABJFJN%2Bc%3D&t=4d5b0474&ps=13740610&shp=30310797&shcp=ff37627b&idc=useast5
Ohhhhh .... I need ❤️,1,1,2026-04-20T17:05:01.000Z,thattwinmomrn,https://www.tiktok.com/@lovedaladies21/video/7630771460973268254,6948533568646382597,7630888455190348557,https://p16-common-sign.tiktokcdn-us.com/tos-useast5-avt-0068-tx/42e574a0b7729af4834c97d07cc6bf21~tplv-tiktokx-cropcenter:100:100.jpg?dr=9640&refresh_token=1bf7726b&x-expires=1778140800&x-signature=1%2BZFvPAOFrdaCNSpvI3Ox8ZE6jY%3D&t=4d5b0474&ps=13740610&shp=30310797&shcp=ff37627b&idc=useast5
That looks incredible,1,1,2026-04-21T00:13:06.000Z,rogerroosmama12,https://www.tiktok.com/@lovedaladies21/video/7630771460973268254,6947072116681131013,7630998800136160030,https://p19-common-sign.tiktokcdn-us.com/tos-useast8-avt-0068-tx2/770a8ebad09e063166433bf6040338c6~tplv-tiktokx-cropcenter:100:100.jpg?dr=9640&refresh_token=a7f777be&x-expires=1778140800&x-signature=G056db%2BCNxdehuPpQv6EXkLkUR0%3D&t=4d5b0474&ps=13740610&shp=30310797&shcp=ff37627b&idc=useast5
I love this mask,2,2,2026-04-20T15:20:26.000Z,lovedaladies21,https://www.tiktok.com/@glowwithkimfnp/video/7630850803120557343,6896699187540788229,7630861409015202590,https://p16-common-sign.tiktokcdn-us.com/tos-useast8-avt-0068-tx2/c626183901693381d28a329ee03dce0c~tplv-tiktokx-cropcenter:100:100.jpg?dr=9640&refresh_token=590e4336&x-expires=1778140800&x-signature=uELo%2BNzAVvw8PhPT4CEORrJtsnI%3D&t=4d5b0474&ps=13740610&shp=30310797&shcp=ff37627b&idc=useast8
I love that headband you’re wearing,1,1,2026-04-22T23:23:11.000Z,maryannescloset,https://www.tiktok.com/@glowwithkimfnp/video/7630850803120557343,7436826118353568814,7631728064988857119,https://p16-common-sign.tiktokcdn-us.com/tos-useast8-avt-0068-tx2/144eb89c355be936406473016d0988de~tplv-tiktokx-cropcenter:100:100.jpg?dr=9640&refresh_token=fd2f8cce&x-expires=1778140800&x-signature=N8%2Fwy5dvRtfmcgVp2hkIlgDLCUs%3D&t=4d5b0474&ps=13740610&shp=30310797&shcp=ff37627b&idc=useast8
Looks so cute! Love a good collagen mask,1,1,2026-04-20T17:34:27.000Z,kanwallunfiltered,https://www.tiktok.com/@glowwithkimfnp/video/7630850803120557343,7158292908381324331,7630896010784637709,https://p19-common-sign.tiktokcdn-us.com/tos-useast5-avt-0068-tx/b2454ecea969a8074863e800db85ba7c~tplv-tiktokx-cropcenter:100:100.jpg?dr=9640&refresh_token=8e84fd1c&x-expires=1778140800&x-signature=WrN2AHiRUdxObmQ8YQ32O4%2F6oyg%3D&t=4d5b0474&ps=13740610&shp=30310797&shcp=ff37627b&idc=useast8
depuffs too✨I'm impressed!!!,2,0,2026-04-22T13:16:31.000Z,jdscribner,https://www.tiktok.com/@glowwithkimfnp/video/7630850803120557343,6929324439201514502,7631571627550180110,https://p16-common-sign.tiktokcdn-us.com/tos-useast5-avt-0068-tx/a351583d8d4c811c048d2cfbbe05e028~tplv-tiktokx-cropcenter:100:100.jpg?dr=9640&refresh_token=9067e07e&x-expires=1778140800&x-signature=2%2BpFTV3KXeist5iVJpUMAAjWRME%3D&t=4d5b0474&ps=13740610&shp=30310797&shcp=ff37627b&idc=useast8
and the glow❤️❤️❤️,1,1,2026-04-20T21:28:27.000Z,bb3184751,https://www.tiktok.com/@glowwithkimfnp/video/7630850803120557343,7611306608228074510,7630956371894551326,https://p19-common-sign.tiktokcdn-us.com/tos-useast8-avt-0068-tx2/1542521e5391362120a427266239b766~tplv-tiktokx-cropcenter:100:100.jpg?dr=9640&refresh_token=66a44e6e&x-expires=1778140800&x-signature=2JgEGz9S%2FRwlMgC6fs55wFaYPzU%3D&t=4d5b0474&ps=13740610&shp=30310797&shcp=ff37627b&idc=useast8
Ohhhh I need to try this 😍😍,1,1,2026-04-20T20:55:13.000Z,erica_kristine,https://www.tiktok.com/@glowwithkimfnp/video/7630850803120557343,7559632966474335245,7630947811919692575,https://p19-common-sign.tiktokcdn-us.com/tos-useast8-avt-0068-tx2/3177517256ea6584701f576043e147ce~tplv-tiktokx-cropcenter:100:100.jpg?dr=9640&refresh_token=0f34a198&x-expires=1778140800&x-signature=dHpap2jqosaCY3f2S66ch3EsrSo%3D&t=4d5b0474&ps=13740610&shp=30310797&shcp=ff37627b&idc=useast8
Wow so nice!! 😍😍😍,1,1,2026-04-20T14:47:49.000Z,madechinajay,https://www.tiktok.com/@glowwithkimfnp/video/7630850803120557343,6964667400299365381,7630853055885886221,https://p19-common-sign.tiktokcdn-us.com/tos-useast5-avt-0068-tx/2fac816734d63e5914976a7610919a26~tplv-tiktokx-cropcenter:100:100.jpg?dr=9640&refresh_token=4448d6ef&x-expires=1778140800&x-signature=0p2dVippfqAbUsR8chNT1mpO8S8%3D&t=4d5b0474&ps=13740610&shp=30310797&shcp=ff37627b&idc=useast8
It also looks like it doesn’t slip and slid pall over the face! Beautiful!!,1,1,2026-04-20T22:08:07.000Z,shannonhandlin,https://www.tiktok.com/@glowwithkimfnp/video/7630850803120557343,6781192963700802565,7630966565656363807,https://p16-common-sign.tiktokcdn-us.com/tos-useast8-avt-0068-tx2/0737f429f2e466cbf1d2c18e1b1170cd~tplv-tiktokx-cropcenter:100:100.jpg?dr=9640&refresh_token=d4389af8&x-expires=1778140800&x-signature=ZNk95GoZwvLL1GcVhCJr4bd7VoY%3D&t=4d5b0474&ps=13740610&shp=30310797&shcp=ff37627b&idc=useast8
I love that it’s clear!!! Makes me feel like I can wear it when doing grocery pick up lol . Skin is glowing 🥰,0,1,2026-04-21T10:40:45.000Z,skincarelifewithale,https://www.tiktok.com/@glowwithkimfnp/video/7630850803120557343,6946996533560656902,7631160336410149645,https://p19-common-sign.tiktokcdn-us.com/tos-useast5-avt-0068-tx/dbb7c1983861c3f074b2d434304a09e3~tplv-tiktokx-cropcenter:100:100.jpg?dr=9640&refresh_token=07cef89f&x-expires=1778140800&x-signature=yoOSHqB3l8h0tf9kUdjgGMcJnnk%3D&t=4d5b0474&ps=13740610&shp=30310797&shcp=ff37627b&idc=useast8
That looks nice. Left you glowy,1,1,2026-04-20T20:34:02.000Z,swtneka44,https://www.tiktok.com/@glowwithkimfnp/video/7630850803120557343,7188194885758452782,7630942254303707917,https://p16-common-sign.tiktokcdn-us.com/tos-useast5-avt-0068-tx/7d6fca9976f8abc6649f6f26b55fa1e4~tplv-tiktokx-cropcenter:100:100.jpg?dr=9640&refresh_token=c794894b&x-expires=1778140800&x-signature=WzUSXU2xI8Q9fJmtGSym5Iz6Fb4%3D&t=4d5b0474&ps=13740610&shp=30310797&shcp=ff37627b&idc=useast8
Effortless & so good,1,1,2026-04-21T02:02:11.000Z,laurenclark26,https://www.tiktok.com/@glowwithkimfnp/video/7630850803120557343,104493162492002304,7631026865851859726,https://p19-common-sign.tiktokcdn-us.com/tos-useast5-avt-0068-tx/f3d65408ab1f4fa08a4ce1be324f2bad~tplv-tiktokx-cropcenter:100:100.jpg?dr=9640&refresh_token=46df4d56&x-expires=1778140800&x-signature=NOFTyMbrH%2BuUh%2FMPN46NueDB9aw%3D&t=4d5b0474&ps=13740610&shp=30310797&shcp=ff37627b&idc=useast8
Omg I love collagen masks! 💖,1,1,2026-04-20T15:16:39.000Z,fabiola.acosta,https://www.tiktok.com/@glowwithkimfnp/video/7630850803120557343,6760056010478748678,7630860495122039583,https://p19-common-sign.tiktokcdn-us.com/tos-useast8-avt-0068-tx2/7fccacba894073e6ac81cab0144ddf56~tplv-tiktokx-cropcenter:100:100.jpg?dr=9640&refresh_token=7150fb4e&x-expires=1778140800&x-signature=SXKx9eoLv0ghJm5%2FYu%2FRScBodOI%3D&t=4d5b0474&ps=13740610&shp=30310797&shcp=ff37627b&idc=useast8
so satisfying ❤️🤭✨,1,0,2026-04-21T00:48:39.000Z,beautywithsavannahhhhhh,https://www.tiktok.com/@glowwithkimfnp/video/7630850803120557343,6734514849265140741,7631007960512824078,https://p16-common-sign.tiktokcdn-us.com/tos-useast5-avt-0068-tx/442837cb22b20d123aace3ec1ecc9e58~tplv-tiktokx-cropcenter:100:100.jpg?dr=9640&refresh_token=73566365&x-expires=1778140800&x-signature=2ooRwTp6vw9%2Bfp71CWzGAVpD6KY%3D&t=4d5b0474&ps=13740610&shp=30310797&shcp=ff37627b&idc=useast8
Omg I love masks.,1,0,2026-04-21T15:00:46.000Z,tamara..arellano,https://www.tiktok.com/@glowwithkimfnp/video/7630850803120557343,6833506155705828357,7631227500991562509,https://p19-common-sign.tiktokcdn-us.com/tos-useast5-avt-0068-tx/768ac34bf7954559e0307b23ac1c804d~tplv-tiktokx-cropcenter:100:100.jpg?dr=9640&refresh_token=8ac24ab9&x-expires=1778140800&x-signature=yIWnuik4yXHFQJNwksc1UFE4gsY%3D&t=4d5b0474&ps=13740610&shp=30310797&shcp=ff37627b&idc=useast8
"I love how it’s clear!!! I haven’t heard of this one, but wow is all I can say!",1,1,2026-04-21T04:40:24.000Z,realtalkwithrene,https://www.tiktok.com/@glowwithkimfnp/video/7630850803120557343,6816873598414914565,7631067629449315103,https://p19-common-sign.tiktokcdn-us.com/tos-useast8-avt-0068-tx2/45427fa4d5a2e8242bba23d67537be4b~tplv-tiktokx-cropcenter:100:100.jpg?dr=9640&refresh_token=b52075c5&x-expires=1778140800&x-signature=Yau9QAEo8qT97P%2BkeiVoXr9dSQo%3D&t=4d5b0474&ps=13740610&shp=30310797&shcp=ff37627b&idc=useast8
"Ooooh I’m liking the look of that one! Beautiful skin, bestie 🥰",1,1,2026-04-20T22:54:43.000Z,melissa_beautyover40,https://www.tiktok.com/@glowwithkimfnp/video/7630850803120557343,7392340483237987374,7630978636887229215,https://p16-common-sign.tiktokcdn-us.com/tos-useast8-avt-0068-tx2/a5152fa4b1a8e80d16818d2dfe1e7247~tplv-tiktokx-cropcenter:100:100.jpg?dr=9640&refresh_token=93e6b300&x-expires=1778140800&x-signature=2VFf12n0WuPu%2FItclz07axOX%2FQo%3D&t=4d5b0474&ps=13740610&shp=30310797&shcp=ff37627b&idc=useast8
This is so cool! Love the clear.,1,1,2026-04-20T14:45:03.000Z,kalondrac,https://www.tiktok.com/@glowwithkimfnp/video/7630850803120557343,6806824213148943366,7630852363691918110,https://p16-common-sign.tiktokcdn-us.com/tos-useast8-avt-0068-tx2/0f8bfc1c716e507f18294833b34a3281~tplv-tiktokx-cropcenter:100:100.jpg?dr=9640&refresh_token=39e3b44a&x-expires=1778140800&x-signature=GcpYptPtTLS0NIqOYAKTvVOltSw%3D&t=4d5b0474&ps=13740610&shp=30310797&shcp=ff37627b&idc=useast8
Ooooh looks amazing 😍😍😍,1,1,2026-04-20T17:00:13.000Z,jeanie_pearl8,https://www.tiktok.com/@glowwithkimfnp/video/7630850803120557343,7175705233498047530,7630887133864330015,https://p16-common-sign.tiktokcdn-us.com/tos-useast8-avt-0068-tx2/972c499f08b423ec335cfa5def5a122b~tplv-tiktokx-cropcenter:100:100.jpg?dr=9640&refresh_token=40e45286&x-expires=1778140800&x-signature=yVaSuC2oeAMeEZg%2FTkOfquE9bL0%3D&t=4d5b0474&ps=13740610&shp=30310797&shcp=ff37627b&idc=useast8
This looks great!,1,0,2026-04-20T23:28:36.000Z,brookiefromthe304,https://www.tiktok.com/@glowwithkimfnp/video/7630850803120557343,7120350559435473966,7630987290043581198,https://p19-common-sign.tiktokcdn-us.com/tos-useast5-avt-0068-tx/cfa1cb7ed8c72ce263448945ca453a2d~tplv-tiktokx-cropcenter:100:100.jpg?dr=9640&refresh_token=8b9b298c&x-expires=1778140800&x-signature=87TDGWqc%2B7rEb1B61FAHkvC4%2Fm4%3D&t=4d5b0474&ps=13740610&shp=30310797&shcp=ff37627b&idc=useast8
that looks like it wrapped your skin so well!!! and the results 🥰🥰🥰🥰🥰,1,0,2026-04-20T15:24:26.000Z,maeveoh,https://www.tiktok.com/@glowwithkimfnp/video/7630850803120557343,7072298794436510763,7630862317517947679,https://p16-common-sign.tiktokcdn-us.com/tos-useast8-avt-0068-tx2/1d62b384a66f96fd24110a24c7cca0d8~tplv-tiktokx-cropcenter:100:100.jpg?dr=9640&refresh_token=f99484dd&x-expires=1778140800&x-signature=pc7rcv547s92hmHQcjd91KwQc5A%3D&t=4d5b0474&ps=13740610&shp=30310797&shcp=ff37627b&idc=useast8
This looks soooo good wow,1,1,2026-04-20T14:50:44.000Z,jackietaylorrrr,https://www.tiktok.com/@glowwithkimfnp/video/7630850803120557343,6807061109650113542,7630853803475125006,https://p16-common-sign.tiktokcdn-us.com/tos-useast5-avt-0068-tx/ec1759ad3e7116edbc8d1d3d9563cf28~tplv-tiktokx-cropcenter:100:100.jpg?dr=9640&refresh_token=b949a9c3&x-expires=1778140800&x-signature=Ou3TmXrK2TPo3m2MDclcjcTLSBA%3D&t=4d5b0474&ps=13740610&shp=30310797&shcp=ff37627b&idc=useast8
Such a good mask!!🤩,1,0,2026-04-21T01:34:02.000Z,ainsleekbeauty,https://www.tiktok.com/@glowwithkimfnp/video/7630850803120557343,7535277323395236895,7631019667272090398,https://p19-common-sign.tiktokcdn-us.com/tos-useast8-avt-0068-tx2/be072205f046f10945df670b317ec3cf~tplv-tiktokx-cropcenter:100:100.jpg?dr=9640&refresh_token=b339fdf6&x-expires=1778140800&x-signature=DzxxT31C6B5Pbe33ckyKP7sKLNE%3D&t=4d5b0474&ps=13740610&shp=30310797&shcp=ff37627b&idc=useast8
Looks so hydrating 🥰,1,0,2026-04-20T15:15:46.000Z,beautycreator38,https://www.tiktok.com/@glowwithkimfnp/video/7630850803120557343,7545541208216994871,7630860322706391838,https://p19-common-sign.tiktokcdn-us.com/tos-useast5-avt-0068-tx/2172b83c50568e2b55bee581143b78a4~tplv-tiktokx-cropcenter:100:100.jpg?dr=9640&refresh_token=67f8425a&x-expires=1778140800&x-signature=ntsF8%2BZRjmgE1sNsE%2FhMRzaro9s%3D&t=4d5b0474&ps=13740610&shp=30310797&shcp=ff37627b&idc=useast8
That looks amazing!!!,1,0,2026-04-20T21:40:22.000Z,tiff_blackburn,https://www.tiktok.com/@glowwithkimfnp/video/7630850803120557343,6890698686738154502,7630959371791827742,https://p16-common-sign.tiktokcdn-us.com/tos-useast8-avt-0068-tx2/383d88bc518cd6e22170e25f911d3904~tplv-tiktokx-cropcenter:100:100.jpg?dr=9640&refresh_token=d7e97f72&x-expires=1778140800&x-signature=3wOXJ1T12dSxDJJl6n2%2BZkezTQQ%3D&t=4d5b0474&ps=13740610&shp=30310797&shcp=ff37627b&idc=useast8
Wow the texture looks interesting,0,0,2026-04-22T01:50:56.000Z,h0llywood99,https://www.tiktok.com/@glowwithkimfnp/video/7630850803120557343,6726572182484419589,7631395117622690573,https://p16-common-sign.tiktokcdn-us.com/tos-useast5-avt-0068-tx/9b95167c6b67cf78d5a6f7e9e598667d~tplv-tiktokx-cropcenter:100:100.jpg?dr=9640&refresh_token=b2ae2809&x-expires=1778140800&x-signature=fSSK83Znnl2G3mpDe2wDRR11NvM%3D&t=4d5b0474&ps=13740610&shp=30310797&shcp=ff37627b&idc=useast8
That’s so neat!! Also that blue is stunning on you!!,0,0,2026-04-22T04:24:08.000Z,__karen__g,https://www.tiktok.com/@glowwithkimfnp/video/7630850803120557343,7010588237219628037,7631434529454113567,https://p19-common-sign.tiktokcdn-us.com/tos-useast8-avt-0068-tx2/d6e5d016530c8ee9f1992eca2bf36ae7~tplv-tiktokx-cropcenter:100:100.jpg?dr=9640&refresh_token=f8202b70&x-expires=1778140800&x-signature=NM7HNGw6BxaTZKB%2B4PI4ary00XM%3D&t=4d5b0474&ps=13740610&shp=30310797&shcp=ff37627b&idc=useast8
So nice!!,0,0,2026-04-21T16:20:28.000Z,cayri98,https://www.tiktok.com/@glowwithkimfnp/video/7630850803120557343,6814493628271166470,7631248040704213773,https://p16-common-sign.tiktokcdn-us.com/tos-useast5-avt-0068-tx/66713b7b5aeb4d7ed81fe711ad89dece~tplv-tiktokx-cropcenter:100:100.jpg?dr=9640&refresh_token=dd282e79&x-expires=1778140800&x-signature=re3IIe%2BdDH1DhmuRxEjW31%2B8Yvk%3D&t=4d5b0474&ps=13740610&shp=30310797&shcp=ff37627b&idc=useast8
Looks soo nice!!,0,0,2026-04-22T03:43:43.000Z,itssimplycici,https://www.tiktok.com/@glowwithkimfnp/video/7630850803120557343,6564905456656973830,7631424077202735902,https://p19-common-sign.tiktokcdn-us.com/tos-useast8-avt-0068-tx2/1d189dc5c8c0aec089cae4a837a796ab~tplv-tiktokx-cropcenter:100:100.jpg?dr=9640&refresh_token=64cf7838&x-expires=1778140800&x-signature=S%2B%2BIVsL4X2t%2FzN3DPmsVQ9kOWzg%3D&t=4d5b0474&ps=13740610&shp=30310797&shcp=ff37627b&idc=useast8
I haven’t seen this brand before but love how it’s clear mask,0,0,2026-04-21T16:09:35.000Z,sweetskinsorbet,https://www.tiktok.com/@glowwithkimfnp/video/7630850803120557343,7502529081814025238,7631245332474987286,https://p16-common-sign.tiktokcdn-us.com/tos-maliva-avt-0068/b6dfc6b4ee8398f61fc7edc62330be14~tplv-tiktokx-cropcenter:100:100.jpg?dr=9640&refresh_token=1ab312a0&x-expires=1778140800&x-signature=7dZARAHJXk%2BFm4FR%2Bs8jE4IajOU%3D&t=4d5b0474&ps=13740610&shp=30310797&shcp=ff37627b&idc=useast8
Ohhhhh snap I need to try this,0,0,2026-04-20T15:48:23.000Z,kc201083,https://www.tiktok.com/@glowwithkimfnp/video/7630850803120557343,6752514133599814661,7630868694059189006,https://p16-common-sign.tiktokcdn-us.com/tos-useast8-avt-0068-tx2/767a6d1947adba8b0a7164faf2546b09~tplv-tiktokx-cropcenter:100:100.jpg?dr=9640&refresh_token=4c844c5f&x-expires=1778140800&x-signature=9%2FEbBNjsK1RI2fKvkH%2Bl8gaLAfo%3D&t=4d5b0474&ps=13740610&shp=30310797&shcp=ff37627b&idc=useast8
I love it when you pop up on my feed! 😘I want this one. I feel like Hannibal Lecter when I wear the other ones. 🤣🤣,0,0,2026-04-21T14:36:16.000Z,abaughn,https://www.tiktok.com/@glowwithkimfnp/video/7630850803120557343,7151897142952821803,7631221232239035167,https://p19-common-sign.tiktokcdn-us.com/tos-useast8-avt-0068-tx2/bfb11303cd2765a081c1409cec85ca04~tplv-tiktokx-cropcenter:100:100.jpg?dr=9640&refresh_token=421ebc22&x-expires=1778140800&x-signature=hbZcb5NHSEXw%2BQW%2BIaYrAfvmGwk%3D&t=4d5b0474&ps=13740610&shp=30310797&shcp=ff37627b&idc=useast8
This looks like a really good one! 😍😍,0,0,2026-04-21T22:19:44.000Z,mamak.beautybeat,https://www.tiktok.com/@glowwithkimfnp/video/7630850803120557343,6788609877200978949,7631340642195112718,https://p16-common-sign.tiktokcdn-us.com/tos-useast5-avt-0068-tx/aae7a2abb7cf696a1580e020f3590998~tplv-tiktokx-cropcenter:100:100.jpg?dr=9640&refresh_token=9adcbb5b&x-expires=1778140800&x-signature=NZRlMRjF3HJIN1pl13NSu13dAdM%3D&t=4d5b0474&ps=13740610&shp=30310797&shcp=ff37627b&idc=useast8
Wow! Beautiful! I need to try this!,0,0,2026-04-21T10:48:20.000Z,11lisamariet,https://www.tiktok.com/@glowwithkimfnp/video/7630850803120557343,6873823561070396421,7631162253995639583,https://p16-common-sign.tiktokcdn-us.com/tos-useast8-avt-0068-tx2/afe2519fd6c42c8f7624b0f1f4727f57~tplv-tiktokx-cropcenter:100:100.jpg?dr=9640&refresh_token=23dc83e9&x-expires=1778140800&x-signature=oPdhX9tNCWrQj79i1%2FE%2B96yFui0%3D&t=4d5b0474&ps=13740610&shp=30310797&shcp=ff37627b&idc=useast5
I need to try more sheet masks! Love that this is clear,0,0,2026-04-21T15:37:07.000Z,glowwithdanij,https://www.tiktok.com/@glowwithkimfnp/video/7630850803120557343,7566750969242944526,7631236883972637471,https://p19-common-sign.tiktokcdn-us.com/tos-useast8-avt-0068-tx2/033595bda6f252f8caa051519d0d5616~tplv-tiktokx-cropcenter:100:100.jpg?dr=9640&refresh_token=135a2641&x-expires=1778140800&x-signature=KDv1gTCR0gM5MjVGbcENr2yIJDQ%3D&t=4d5b0474&ps=13740610&shp=30310797&shcp=ff37627b&idc=useast5
"I love this mask!!! It’s so good, I love how it’s clear",0,0,2026-04-20T19:10:52.000Z,housewifehaymoor,https://www.tiktok.com/@glowwithkimfnp/video/7630850803120557343,6554127048582873097,7630920895246205727,https://p16-common-sign.tiktokcdn-us.com/tos-useast8-avt-0068-tx2/ec41ba98c072a76094137acf20659742~tplv-tiktokx-cropcenter:100:100.jpg?dr=9640&refresh_token=2ad9580b&x-expires=1778140800&x-signature=O3MwFrq4x%2F2aKboFbt6H77ru9Jc%3D&t=4d5b0474&ps=13740610&shp=30310797&shcp=ff37627b&idc=useast5
oh that looks good!!!,0,0,2026-04-22T03:51:12.000Z,aging_with_ally,https://www.tiktok.com/@glowwithkimfnp/video/7630850803120557343,7516904012312445983,7631426050966749982,https://p16-common-sign.tiktokcdn-us.com/tos-useast8-avt-0068-tx2/895688514411c54127e4a6796c0ff1bb~tplv-tiktokx-cropcenter:100:100.jpg?dr=9640&refresh_token=61696250&x-expires=1778140800&x-signature=KhWvOXv%2BPH3a80HSNuRY07s6WFk%3D&t=4d5b0474&ps=13740610&shp=30310797&shcp=ff37627b&idc=useast5
oh yeah I need this!!!,0,0,2026-04-22T10:37:12.000Z,mollymmcqueen,https://www.tiktok.com/@glowwithkimfnp/video/7630850803120557343,7272595591304447019,7631530639988146974,https://p19-common-sign.tiktokcdn-us.com/tos-useast8-avt-0068-tx2/4dbbe3b999d2953737a831d5d079c5d4~tplv-tiktokx-cropcenter:100:100.jpg?dr=9640&refresh_token=828238fa&x-expires=1778140800&x-signature=jlACYyoTe66wkg2p3a7JiqsYe5A%3D&t=4d5b0474&ps=13740610&shp=30310797&shcp=ff37627b&idc=useast5
I love that it’s clear. So cool.,0,0,2026-04-21T15:01:53.000Z,tamara..arellano,https://www.tiktok.com/@glowwithkimfnp/video/7630850803120557343,6833506155705828357,7631227802641072910,https://p19-common-sign.tiktokcdn-us.com/tos-useast5-avt-0068-tx/768ac34bf7954559e0307b23ac1c804d~tplv-tiktokx-cropcenter:100:100.jpg?dr=9640&refresh_token=8ac24ab9&x-expires=1778140800&x-signature=yIWnuik4yXHFQJNwksc1UFE4gsY%3D&t=4d5b0474&ps=13740610&shp=30310797&shcp=ff37627b&idc=useast5
I'm intrigued with the holes,0,0,2026-04-22T01:43:59.000Z,katinallherglowing,https://www.tiktok.com/@glowwithkimfnp/video/7630850803120557343,6985668043386307589,7631393332862337823,https://p16-common-sign.tiktokcdn-us.com/tos-useast8-avt-0068-tx2/687f3a9cc668cdff79854f6d90058ac3~tplv-tiktokx-cropcenter:100:100.jpg?dr=9640&refresh_token=397efb23&x-expires=1778140800&x-signature=duK2sX%2FrFeF%2F3o5KOHOh6MWZDCU%3D&t=4d5b0474&ps=13740610&shp=30310797&shcp=ff37627b&idc=useast5
How long do you keep everything on for?,1,1,2026-04-16T00:26:50.000Z,tresh_dehaney,https://www.tiktok.com/@kaycexkemyem/video/7627115144899742996,6808371730668864517,7629146895956902664,https://p16-common-sign.tiktokcdn-us.com/tos-alisg-avt-0068/179cdc28ef4ccf58e08231ac0fc17ef1~tplv-tiktokx-cropcenter:100:100.jpg?dr=9640&refresh_token=924841db&x-expires=1778140800&x-signature=ShzVzapYaLhKc2cRFoc7X9gIQeI%3D&t=4d5b0474&ps=13740610&shp=30310797&shcp=ff37627b&idc=useast8
Woww 😍,1,0,2026-04-10T20:07:55.000Z,michelleange_,https://www.tiktok.com/@kaycexkemyem/video/7627115144899742996,7475200717214450693,7627224796049310485,https://p16-common-sign.tiktokcdn-us.com/tos-alisg-avt-0068/7e0ecb12ac512230f6c055fb5298d48d~tplv-tiktokx-cropcenter:100:100.jpg?dr=9640&refresh_token=85c484ac&x-expires=1778140800&x-signature=o3fxuvbXmLcSBk1nxtQt7iEoUnM%3D&t=4d5b0474&ps=13740610&shp=30310797&shcp=ff37627b&idc=useast8
Ame ese glass skin,1,1,2026-04-22T22:12:12.000Z,natallygtz,https://www.tiktok.com/@maf.v1120/video/7631692968411401493,6865792168964719621,7631709817212502815,https://p16-common-sign.tiktokcdn.com/tos-maliva-avt-0068/138621851e4cc93700f1bf7a1e92538c~tplv-tiktokx-cropcenter:100:100.jpg?dr=14579&refresh_token=70b09dc7&x-expires=1778140800&x-signature=quKhrrlK7Bhdm0Atwj7Crye1%2Fwg%3D&t=4d5b0474&ps=13740610&shp=30310797&shcp=ff37627b&idc=my3
Love a good skincare 😍,2,4,2026-04-22T02:55:01.000Z,creator.alyssavon,https://www.tiktok.com/@nadyadangbidness/video/7631063937131220237,7341334395717108778,7631411598557627150,https://p19-common-sign.tiktokcdn-us.com/tos-useast5-avt-0068-tx/0bf954798edf62f05f0db23c33c86a77~tplv-tiktokx-cropcenter:100:100.jpg?dr=9640&refresh_token=6a496acc&x-expires=1778140800&x-signature=zGwBVlENv9o4Ej8vSw3n%2F6l16yA%3D&t=4d5b0474&ps=13740610&shp=30310797&shcp=ff37627b&idc=useast5
Need to try the lip mask!,2,2,2026-04-21T17:56:45.000Z,floppypaperrbacks,https://www.tiktok.com/@nadyadangbidness/video/7631063937131220237,6797258409126593541,7631272846048887583,https://p19-common-sign.tiktokcdn-us.com/tos-useast8-avt-0068-tx2/47500eb7df0bff7ec3bb5bce8c3c4837~tplv-tiktokx-cropcenter:100:100.jpg?dr=9640&refresh_token=f4915405&x-expires=1778140800&x-signature=yZYhLkTJpaEG7x1GoS%2FNQnzwbeQ%3D&t=4d5b0474&ps=13740610&shp=30310797&shcp=ff37627b&idc=useast5
I need a clear mask my man gets terrified of any other ones haha,0,0,2026-05-04T23:54:50.000Z,bydanielaxo,https://www.tiktok.com/@nadyadangbidness/video/7631063937131220237,62721308681138176,7636189246664246030,https://p19-common-sign.tiktokcdn-us.com/tos-useast5-avt-0068-tx/f2152ef1c83d315781ed75872fe2bc55~tplv-tiktokx-cropcenter:100:100.jpg?dr=9640&refresh_token=b1dee961&x-expires=1778140800&x-signature=HFX7d41lJfyF%2BypL6j4oWI4xtSg%3D&t=4d5b0474&ps=13740610&shp=30310797&shcp=ff37627b&idc=useast5
Omg is it bad that I want to eat the mask lol,2,0,2026-04-25T18:25:02.000Z,bri_sea,https://www.tiktok.com/@nadyadangbidness/video/7631063937131220237,6768678633923281926,7632764447778194207,https://p19-common-sign.tiktokcdn-us.com/tos-useast5-avt-0068-tx/9ddc0d1bc3861bee3a4c2ea29abba868~tplv-tiktokx-cropcenter:100:100.jpg?dr=9640&refresh_token=f31b48db&x-expires=1778140800&x-signature=hC5VhtrFX0odK74ztrcXTNrXJMU%3D&t=4d5b0474&ps=13740610&shp=30310797&shcp=ff37627b&idc=useast5
I neeed 🙌,2,0,2026-04-25T00:24:39.000Z,nayyfunes,https://www.tiktok.com/@nadyadangbidness/video/7631063937131220237,7630146987154261006,7632486073272419103,https://p16-common-sign.tiktokcdn-us.com/tos-useast8-avt-0068-tx2/3cbcfa4de3f00d878e0629c6529a807f~tplv-tiktokx-cropcenter:100:100.jpg?dr=9640&refresh_token=865baaf3&x-expires=1778140800&x-signature=gPyDhFbzS9Sb9yhKNwB7t3DWLUY%3D&t=4d5b0474&ps=13740610&shp=30310797&shcp=ff37627b&idc=useast5
omg i never seen a mask that goes on clear like this one before 😮,2,1,2026-04-21T18:50:06.000Z,h0neybuttercups,https://www.tiktok.com/@nadyadangbidness/video/7631063937131220237,6973378087883949062,7631286660449305357,https://p16-common-sign.tiktokcdn-us.com/tos-useast5-avt-0068-tx/0919ed88630c4763066807d21e75eb36~tplv-tiktokx-cropcenter:100:100.jpg?dr=9640&refresh_token=1b5a364a&x-expires=1778140800&x-signature=evr0A8CFWYu%2FRZLOAqtDW58b4M4%3D&t=4d5b0474&ps=13740610&shp=30310797&shcp=ff37627b&idc=useast5
That is so interesting 🤔 🥰,0,0,2026-04-26T17:31:09.000Z,melyymoreno,https://www.tiktok.com/@nadyadangbidness/video/7631063937131220237,7015705500574598149,7633121771910087454,https://p16-common-sign.tiktokcdn-us.com/tos-useast8-avt-0068-tx2/465f0c873b7ce117cf5025b1fc9f9067~tplv-tiktokx-cropcenter:100:100.jpg?dr=9640&refresh_token=4a1dff8e&x-expires=1778140800&x-signature=T%2FX6hLSGa0T6EneI9UVxGfvUQzk%3D&t=4d5b0474&ps=13740610&shp=30310797&shcp=ff37627b&idc=useast5
Love this,2,1,2026-04-21T15:23:02.000Z,hextianaa,https://www.tiktok.com/@nadyadangbidness/video/7631063937131220237,7343843721871115310,7631233250593325838,https://p19-common-sign.tiktokcdn-us.com/tos-useast5-avt-0068-tx/946625998dbbf348411a29c12382eae5~tplv-tiktokx-cropcenter:100:100.jpg?dr=9640&refresh_token=20974db0&x-expires=1778140800&x-signature=Buo%2FMxz332op82j5VN9JVHw0Cio%3D&t=4d5b0474&ps=13740610&shp=30310797&shcp=ff37627b&idc=useast5
Your headband is so cute💕,1,0,2026-04-24T14:25:30.000Z,shilpaavvaru0,https://www.tiktok.com/@nadyadangbidness/video/7631063937131220237,6807784851325699078,7632331562827203342,https://p16-common-sign.tiktokcdn-us.com/tos-useast5-avt-0068-tx/07d75fedeb05fd207a2c5dac4b1e7cf5~tplv-tiktokx-cropcenter:100:100.jpg?dr=9640&refresh_token=60556606&x-expires=1778140800&x-signature=ZOAeCu011Ev4gRVPDhuSg38SOIU%3D&t=4d5b0474&ps=13740610&shp=30310797&shcp=ff37627b&idc=useast5
SLAYY,0,0,2026-04-26T03:25:36.000Z,iyyazamora,https://www.tiktok.com/@nadyadangbidness/video/7631063937131220237,6553583192165646337,7632903886541783826,https://p19-common-sign.tiktokcdn-us.com/tos-alisg-avt-0068/e26a2a5d6624e8d683e9af88d1afe0d3~tplv-tiktokx-cropcenter:100:100.jpg?dr=9640&refresh_token=3ad30ec2&x-expires=1778140800&x-signature=02Qm3JPThEwVTjq%2BQ981Xgywkzg%3D&t=4d5b0474&ps=13740610&shp=30310797&shcp=ff37627b&idc=useast5
I love how the mask is clear! So cool,0,0,2026-04-24T00:17:19.000Z,alexis__katherine,https://www.tiktok.com/@nadyadangbidness/video/7631063937131220237,6820492083208635397,7632113171242894093,https://p19-common-sign.tiktokcdn-us.com/tos-maliva-avt-0068/cf233418ccd94846cc9a9eb9ac0c10f2~tplv-tiktokx-cropcenter:100:100.jpg?dr=9640&refresh_token=8794fa7c&x-expires=1778140800&x-signature=N8IXeFcTy9Axjb0RpKs1tApVtRQ%3D&t=4d5b0474&ps=13740610&shp=30310797&shcp=ff37627b&idc=useast5
Your glowing 💕,0,0,2026-04-23T22:06:03.000Z,breord0,https://www.tiktok.com/@nadyadangbidness/video/7631063937131220237,7419903767639901227,7632079336384119565,https://p19-common-sign.tiktokcdn-us.com/tos-useast5-avt-0068-tx/a7a245545cb0373175f22580abd402fd~tplv-tiktokx-cropcenter:100:100.jpg?dr=9640&refresh_token=91ffb773&x-expires=1778140800&x-signature=f0%2FsvrWFDpft0QpSuFg0D6s8%2FrA%3D&t=4d5b0474&ps=13740610&shp=30310797&shcp=ff37627b&idc=useast5
It looks amazing hun,0,0,2026-04-23T19:10:16.000Z,.wvanitylooks,https://www.tiktok.com/@nadyadangbidness/video/7631063937131220237,7296215935569822766,7632034017218970399,https://p16-common-sign.tiktokcdn-us.com/tos-useast5-avt-0068-tx/fa8ba2991de8ab412269c2caca226f20~tplv-tiktokx-cropcenter:100:100.jpg?dr=9640&refresh_token=fde9cc82&x-expires=1778140800&x-signature=8ZfTiD3CqdM4hfts2%2B3JSa3WXQ0%3D&t=4d5b0474&ps=13740610&shp=30310797&shcp=ff37627b&idc=useast5
I love that it’s a clear face mask!,1,1,2026-04-21T15:14:29.000Z,alltooglowyvee,https://www.tiktok.com/@nadyadangbidness/video/7631063937131220237,7261498686626382890,7631231002937557773,https://p19-common-sign.tiktokcdn-us.com/tos-useast5-avt-0068-tx/79525ac8ab3a0c3604cdc1aa0fac2849~tplv-tiktokx-cropcenter:100:100.jpg?dr=9640&refresh_token=667ed56d&x-expires=1778140800&x-signature=9quGRgWDP6XoNyMhOH2OhdjnTjA%3D&t=4d5b0474&ps=13740610&shp=30310797&shcp=ff37627b&idc=useast5
That headband looks so cute on you!,0,0,2026-04-23T02:03:02.000Z,vintageoctober,https://www.tiktok.com/@nadyadangbidness/video/7631063937131220237,7275748321318126635,7631769260146508574,https://p16-common-sign.tiktokcdn-us.com/tos-useast8-avt-0068-tx2/dc8fcb42eadfa1cc3760bdc3dce899a1~tplv-tiktokx-cropcenter:100:100.jpg?dr=9640&refresh_token=7ed25c2f&x-expires=1778140800&x-signature=ffJYnZ4VgBNGntcaVcFzr0M8tM8%3D&t=4d5b0474&ps=13740610&shp=30310797&shcp=ff37627b&idc=useast5
your skin looks gorggg✨,2,1,2026-04-21T04:30:00.000Z,kayla_self,https://www.tiktok.com/@nadyadangbidness/video/7631063937131220237,6643153730211561478,7631064941848855326,https://p16-common-sign.tiktokcdn-us.com/tos-useast8-avt-0068-tx2/e19cc725a4c62b60b235c5b96179153f~tplv-tiktokx-cropcenter:100:100.jpg?dr=9640&refresh_token=9bf1a78a&x-expires=1778140800&x-signature=z%2Firp%2FxCGNFLtBBgo1VReij1BwU%3D&t=4d5b0474&ps=13740610&shp=30310797&shcp=ff37627b&idc=useast5
Ooo loveee 😍😍,1,0,2026-04-25T18:30:17.000Z,life_onloop,https://www.tiktok.com/@nadyadangbidness/video/7631063937131220237,7174265310206854190,7632765819017495327,https://p16-common-sign.tiktokcdn-us.com/tos-useast8-avt-0068-tx2/75c3c91509d4aa51c3a74ed30c389375~tplv-tiktokx-cropcenter:100:100.jpg?dr=9640&refresh_token=d31033a2&x-expires=1778140800&x-signature=SCQW%2F2wjOAFQ%2B%2BihrUkDZDC0N3s%3D&t=4d5b0474&ps=13740610&shp=30310797&shcp=ff37627b&idc=useast5
Omggg😳,2,1,2026-04-21T15:22:59.000Z,hextianaa,https://www.tiktok.com/@nadyadangbidness/video/7631063937131220237,7343843721871115310,7631233231450751758,https://p19-common-sign.tiktokcdn-us.com/tos-useast5-avt-0068-tx/946625998dbbf348411a29c12382eae5~tplv-tiktokx-cropcenter:100:100.jpg?dr=9640&refresh_token=20974db0&x-expires=1778140800&x-signature=Buo%2FMxz332op82j5VN9JVHw0Cio%3D&t=4d5b0474&ps=13740610&shp=30310797&shcp=ff37627b&idc=useast5
Omgggg I love that it’s only 20 mins!,0,0,2026-04-23T00:17:41.000Z,shawntesss____,https://www.tiktok.com/@nadyadangbidness/video/7631063937131220237,2119590,7631742127253324557,https://p16-common-sign.tiktokcdn-us.com/tos-useast5-avt-0068-tx/ac5bbc385a951f90655d7cb5c93a8459~tplv-tiktokx-cropcenter:100:100.jpg?dr=9640&refresh_token=e1b8f9b5&x-expires=1778140800&x-signature=Ze1WOAh%2BUhXPjAteV%2Bd7eeQP%2Flc%3D&t=4d5b0474&ps=13740610&shp=30310797&shcp=ff37627b&idc=useast5
I loved these products 😍,0,0,2026-04-22T23:22:32.000Z,jackie_just_,https://www.tiktok.com/@nadyadangbidness/video/7631063937131220237,7272138279441024046,7631727923545195278,https://p16-common-sign.tiktokcdn-us.com/tos-useast5-avt-0068-tx/909df4d7579db0365aad9c697cea7cec~tplv-tiktokx-cropcenter:100:100.jpg?dr=9640&refresh_token=253be590&x-expires=1778140800&x-signature=%2FzsAjlXJVyznrL1cKirzoXe%2Bivw%3D&t=4d5b0474&ps=13740610&shp=30310797&shcp=ff37627b&idc=useast5
Skin is legit looking like glass!! 😇💕,0,0,2026-04-22T21:13:06.000Z,loveyslife,https://www.tiktok.com/@nadyadangbidness/video/7631063937131220237,6827842800953639941,7631694494350590733,https://p16-common-sign.tiktokcdn-us.com/tos-useast5-avt-0068-tx/bc613c82b23c8e00805c34e226207638~tplv-tiktokx-cropcenter:100:100.jpg?dr=9640&refresh_token=8010b78d&x-expires=1778140800&x-signature=%2BA%2FyfE6HJBEddcClPNfuAKgLNEg%3D&t=4d5b0474&ps=13740610&shp=30310797&shcp=ff37627b&idc=useast5
Glowing girl 😍,0,0,2026-04-22T20:31:58.000Z,lacienega30,https://www.tiktok.com/@nadyadangbidness/video/7631063937131220237,6903651443536823301,7631683903099781919,https://p19-common-sign.tiktokcdn-us.com/tos-useast8-avt-0068-tx2/47ad38e231ba05ea4faec09b7fde3da7~tplv-tiktokx-cropcenter:100:100.jpg?dr=9640&refresh_token=e07e6f64&x-expires=1778140800&x-signature=VawCS7%2BPHcbFMk%2BnsKJIy%2FdQzxA%3D&t=4d5b0474&ps=13740610&shp=30310797&shcp=ff37627b&idc=useast5
OMG i need to try,0,0,2026-04-22T17:49:25.000Z,alexissnoelle,https://www.tiktok.com/@nadyadangbidness/video/7631063937131220237,519257,7631642067567592222,https://p19-common-sign.tiktokcdn-us.com/tos-useast8-avt-0068-tx2/427eaafb871704126bd6663a6adca54f~tplv-tiktokx-cropcenter:100:100.jpg?dr=9640&refresh_token=19cab499&x-expires=1778140800&x-signature=YZV9V5Yx%2FiWJeGyioIbjsXBVeHQ%3D&t=4d5b0474&ps=13740610&shp=30310797&shcp=ff37627b&idc=useast5
love a good skincare mask💕,0,0,2026-04-22T07:32:15.000Z,misha_mansoor,https://www.tiktok.com/@nadyadangbidness/video/7631063937131220237,7208274654501667845,7631483103688688404,https://p19-common-sign.tiktokcdn-us.com/tos-maliva-avt-0068/a0b74ccbb12ba448db4088937349679a~tplv-tiktokx-cropcenter:100:100.jpg?dr=9640&refresh_token=291daed0&x-expires=1778140800&x-signature=7r4881fHeJceBdr1F20M0KI8K6k%3D&t=4d5b0474&ps=13740610&shp=30310797&shcp=ff37627b&idc=useast5
Ooh those look good!!,0,0,2026-04-22T04:27:57.000Z,reva_reads,https://www.tiktok.com/@nadyadangbidness/video/7631063937131220237,6774858441918268421,7631435503233827615,https://p16-common-sign.tiktokcdn-us.com/tos-useast5-avt-0068-tx/5c4bdbfc1c1cd76ba587dd594efb08f8~tplv-tiktokx-cropcenter:100:100.jpg?dr=9640&refresh_token=756aef78&x-expires=1778140800&x-signature=aIrWgzjeOUYgdTnI8Z9BpmJaRwE%3D&t=4d5b0474&ps=13740610&shp=30310797&shcp=ff37627b&idc=useast5
Your skin looks so smooth 🥰,0,0,2026-04-22T03:51:36.000Z,angielizbeth282,https://www.tiktok.com/@nadyadangbidness/video/7631063937131220237,7607213776887333902,7631426208076645133,https://p19-common-sign.tiktokcdn-us.com/tos-useast5-avt-0068-tx/ea5842bd39143548c2603f716f3068c7~tplv-tiktokx-cropcenter:100:100.jpg?dr=9640&refresh_token=f6664d98&x-expires=1778140800&x-signature=iWo2TFpj4kLuHGe4HlshBN7qo3k%3D&t=4d5b0474&ps=13740610&shp=30310797&shcp=ff37627b&idc=useast5
Bestie I need that face mask omg it looks so satisfying,0,0,2026-04-22T01:25:14.000Z,maggieforevaa,https://www.tiktok.com/@nadyadangbidness/video/7631063937131220237,6749003875741467653,7631388475791393550,https://p16-common-sign.tiktokcdn-us.com/tos-useast5-avt-0068-tx/3d489288071e35e236dc341edd91c105~tplv-tiktokx-cropcenter:100:100.jpg?dr=9640&refresh_token=04a9f184&x-expires=1778140800&x-signature=K3y5hWBsxZX1EvwADb3kh9w9TKk%3D&t=4d5b0474&ps=13740610&shp=30310797&shcp=ff37627b&idc=useast5
That lip mask case is adorable! And my first time seeing a mask all clear too! 🤩,0,0,2026-04-22T01:03:15.000Z,sweet_puffers,https://www.tiktok.com/@nadyadangbidness/video/7631063937131220237,6812651929878021125,7631382797862060808,https://p16-common-sign.tiktokcdn-us.com/tos-alisg-avt-0068/3666ea4eb09f0c7d829167b598a64938~tplv-tiktokx-cropcenter:100:100.jpg?dr=9640&refresh_token=a0996c44&x-expires=1778140800&x-signature=IMEl%2BiG5TDnEGMyxEBAde04mCpM%3D&t=4d5b0474&ps=13740610&shp=30310797&shcp=ff37627b&idc=useast5
so gorgeous!! i love how it’s already clear!! ☺️🤍✨,0,0,2026-04-21T23:36:45.000Z,sammytista,https://www.tiktok.com/@nadyadangbidness/video/7631063937131220237,6562652632707072005,7631360551435666190,https://p19-common-sign.tiktokcdn-us.com/tos-useast8-avt-0068-tx2/39f5c018f211826f89a12fdfe6722270~tplv-tiktokx-cropcenter:100:100.jpg?dr=9640&refresh_token=6403f3dd&x-expires=1778140800&x-signature=zkDnZV1wUXrtOZLm1vhwCwSj2o0%3D&t=4d5b0474&ps=13740610&shp=30310797&shcp=ff37627b&idc=useast5
Okay skin 😍,0,0,2026-04-21T23:08:29.000Z,_kelwave,https://www.tiktok.com/@nadyadangbidness/video/7631063937131220237,6777560386431534086,7631353216484459295,https://p19-common-sign.tiktokcdn-us.com/tos-useast8-avt-0068-tx2/3d92bbbfba237faa676bcc7499bdea17~tplv-tiktokx-cropcenter:100:100.jpg?dr=9640&refresh_token=023b1623&x-expires=1778140800&x-signature=JBHzffrcaDhomScmqh%2FDWoSW%2Bus%3D&t=4d5b0474&ps=13740610&shp=30310797&shcp=ff37627b&idc=useast5
love it,0,0,2026-04-09T15:39:30.000Z,diva.beauty01,https://www.tiktok.com/@funmiomookun/video/7626230634859482389,7498440729850233878,7626784551507510038,https://p19-common-sign.tiktokcdn-us.com/tos-maliva-avt-0068/116c31f014b4681e0ec3bb2a9f162e15~tplv-tiktokx-cropcenter:100:100.jpg?dr=9640&refresh_token=43ffda8b&x-expires=1778140800&x-signature=dja9N9MahOHqRNPvFEb3r1thnmU%3D&t=4d5b0474&ps=13740610&shp=30310797&shcp=ff37627b&idc=useast8
Love the lip mask,0,0,2026-04-10T14:43:55.000Z,lifestylewith_rae,https://www.tiktok.com/@funmiomookun/video/7626230634859482389,6954502997007533062,7627141345296614162,https://p16-common-sign.tiktokcdn-us.com/tos-alisg-avt-0068/c46c4c63ff78f28afa15819199bb45c1~tplv-tiktokx-cropcenter:100:100.jpg?dr=9640&refresh_token=d6205b86&x-expires=1778140800&x-signature=kAXGUECjvwL6I5ZHkbUbiZAPjV4%3D&t=4d5b0474&ps=13740610&shp=30310797&shcp=ff37627b&idc=useast8
Waoooo so hydrating would love to try it,0,0,2026-04-09T20:00:52.000Z,floxy_skincare5,https://www.tiktok.com/@funmiomookun/video/7626230634859482389,7563114164040090646,7626851902706664214,https://p16-common-sign.tiktokcdn-us.com/tos-maliva-avt-0068/c01d8b39167a5ef8e949b95c57875abc~tplv-tiktokx-cropcenter:100:100.jpg?dr=9640&refresh_token=6dab6790&x-expires=1778140800&x-signature=5TTs2jy4XHxYdFHiutYjAsSQsZE%3D&t=4d5b0474&ps=13740610&shp=30310797&shcp=ff37627b&idc=useast8
Looks good,0,0,2026-04-17T10:48:52.000Z,ugcbyriri0,https://www.tiktok.com/@funmiomookun/video/7626230634859482389,7245876842501342235,7629678319033910038,https://p16-common-sign.tiktokcdn-us.com/tos-maliva-avt-0068/7ec45e9df4e33ee6cd75f390594a1783~tplv-tiktokx-cropcenter:100:100.jpg?dr=9640&refresh_token=6323afaa&x-expires=1778140800&x-signature=JVcY7EHlwd1aMAVCIZJZ4bqXVvc%3D&t=4d5b0474&ps=13740610&shp=30310797&shcp=ff37627b&idc=useast8
Such cute pink packagings💗,0,0,2026-04-10T01:57:12.000Z,bubblegumrituals,https://www.tiktok.com/@funmiomookun/video/7626230634859482389,7426592794318472197,7626943713399735048,https://p19-common-sign.tiktokcdn-us.com/tos-maliva-avt-0068/cba35c9732f65f6b6202d7a0ec5b63eb~tplv-tiktokx-cropcenter:100:100.jpg?dr=9640&refresh_token=8fb90b70&x-expires=1778140800&x-signature=qd9sh2nQR%2BZZTLI2Bj%2B1Z0NQzAU%3D&t=4d5b0474&ps=13740610&shp=30310797&shcp=ff37627b&idc=useast8
"wwaaahhh, this looks amazing and the lip mask ❤️",0,0,2026-04-10T11:13:14.000Z,amy_ps_lau,https://www.tiktok.com/@funmiomookun/video/7626230634859482389,6593272696351817734,7627086991167603478,https://p19-common-sign.tiktokcdn-us.com/tos-maliva-avt-0068/d5a5e8f70816979127fbbfc02d57c974~tplv-tiktokx-cropcenter:100:100.jpg?dr=9640&refresh_token=5c6c53c8&x-expires=1778140800&x-signature=cg%2B1Yr%2Bwly1FwBgtjsv6VInSgSo%3D&t=4d5b0474&ps=13740610&shp=30310797&shcp=ff37627b&idc=useast8
Ouu the hydration 💯💯,0,0,2026-04-10T12:39:58.000Z,glowwith_ruth,https://www.tiktok.com/@funmiomookun/video/7626230634859482389,7066379812911121413,7627109386553262856,https://p16-common-sign.tiktokcdn-us.com/tos-alisg-avt-0068/388a11434a1bfe8f245eb42dc2604390~tplv-tiktokx-cropcenter:100:100.jpg?dr=9640&refresh_token=95ef150a&x-expires=1778140800&x-signature=RJZ0x%2FT2uS62l2YxP096ANIv%2B4I%3D&t=4d5b0474&ps=13740610&shp=30310797&shcp=ff37627b&idc=useast8
This is the mega moisturizing moment 🤩🤩🤩🤩🤩,0,0,2026-04-09T20:13:13.000Z,ugcbynari,https://www.tiktok.com/@funmiomookun/video/7626230634859482389,7466116940626822166,7626855098300498710,https://p16-common-sign.tiktokcdn-us.com/tos-maliva-avt-0068/c4d591fc382e77e09d9324639e1246fd~tplv-tiktokx-cropcenter:100:100.jpg?dr=9640&refresh_token=897e09a0&x-expires=1778140800&x-signature=IGnxck74RIhyUQBPKr7%2Fmia7LS0%3D&t=4d5b0474&ps=13740610&shp=30310797&shcp=ff37627b&idc=useast8
I need that lip masks 😍,0,0,2026-04-11T16:44:16.000Z,aeslifestylee,https://www.tiktok.com/@funmiomookun/video/7626230634859482389,6964075337492628485,7627543418240107271,https://p19-common-sign.tiktokcdn-us.com/tos-alisg-avt-0068/c8e2f121ebd53795ecf3fc55b3b8dd51~tplv-tiktokx-cropcenter:100:100.jpg?dr=9640&refresh_token=b73f831b&x-expires=1778140800&x-signature=H0LqLLmogrfvzLLvh303kfvKgHw%3D&t=4d5b0474&ps=13740610&shp=30310797&shcp=ff37627b&idc=useast8
This product looks promising,0,0,2026-04-11T21:18:34.000Z,marlenes339,https://www.tiktok.com/@funmiomookun/video/7626230634859482389,7086221663575245867,7627614042256966414,https://p19-common-sign.tiktokcdn-us.com/tos-useast5-avt-0068-tx/3a4632ac6c96fee203c94f6f5184bc8e~tplv-tiktokx-cropcenter:100:100.jpg?dr=9640&refresh_token=16de47ae&x-expires=1778140800&x-signature=YRuDX3IlRhEWBQ1cmx961cKaEjw%3D&t=4d5b0474&ps=13740610&shp=30310797&shcp=ff37627b&idc=useast8
wow obsessed with those face masks ❤️,0,0,2026-04-10T01:16:59.000Z,dii._.aguii,https://www.tiktok.com/@funmiomookun/video/7626230634859482389,7232338202379142150,7626933375504302856,https://p16-common-sign.tiktokcdn-us.com/tos-alisg-avt-0068/30788f3c22785e3323cc6c294c5ed089~tplv-tiktokx-cropcenter:100:100.jpg?dr=9640&refresh_token=16d1a99a&x-expires=1778140800&x-signature=gIMLHOjrVBlKXxK4lKDe6ByhpMY%3D&t=4d5b0474&ps=13740610&shp=30310797&shcp=ff37627b&idc=useast8
This looks so lovely 🥰,0,0,2026-04-10T12:48:05.000Z,miyathe_influencer,https://www.tiktok.com/@funmiomookun/video/7626230634859482389,7454467131921826849,7627111458157265686,https://p19-common-sign.tiktokcdn-us.com/tos-maliva-avt-0068/f20225d110eaa892ded919b690e1178e~tplv-tiktokx-cropcenter:100:100.jpg?dr=9640&refresh_token=f40650a5&x-expires=1778140800&x-signature=%2BI2znNlWPf27k2DUUBpcSDfXCms%3D&t=4d5b0474&ps=13740610&shp=30310797&shcp=ff37627b&idc=useast8
I want 🥰,0,0,2026-04-09T14:39:17.000Z,becky_fleurs,https://www.tiktok.com/@funmiomookun/video/7626230634859482389,7023381700890313734,7626769047254876936,https://p19-common-sign.tiktokcdn-us.com/tos-maliva-avt-0068/2fbb97caa27f0d2d2617838806b8a278~tplv-tiktokx-cropcenter:100:100.jpg?dr=9640&refresh_token=1b5e78c9&x-expires=1778140800&x-signature=26vgUGHsuFtD%2Fs80gPUCrVCkYDU%3D&t=4d5b0474&ps=13740610&shp=30310797&shcp=ff37627b&idc=useast8
I need the maskkk both of them 😍😍,0,0,2026-04-12T16:23:29.000Z,beautybyhksm,https://www.tiktok.com/@funmiomookun/video/7626230634859482389,7426856102640190497,7627909136995418902,https://p16-common-sign.tiktokcdn-us.com/tos-maliva-avt-0068/d6048e3683e17df20ffe49d7db16e784~tplv-tiktokx-cropcenter:100:100.jpg?dr=9640&refresh_token=c9ef49a6&x-expires=1778140800&x-signature=%2FmcXwzSU4BkTJ4lMczddTwv9km0%3D&t=4d5b0474&ps=13740610&shp=30310797&shcp=ff37627b&idc=useast8
So amazing 😍,0,0,2026-04-09T15:15:11.000Z,myeddydaries,https://www.tiktok.com/@funmiomookun/video/7626230634859482389,7214626678366471174,7626778290791760660,https://p19-common-sign.tiktokcdn-us.com/tos-maliva-avt-0068/985d0c98cf9f08146ecbfdeaa661489a~tplv-tiktokx-cropcenter:100:100.jpg?dr=9640&refresh_token=2be73cca&x-expires=1778140800&x-signature=vDHrnMWIGh5exNIOQPmDwBPC%2BOw%3D&t=4d5b0474&ps=13740610&shp=30310797&shcp=ff37627b&idc=useast8
Love this mask,0,0,2026-04-08T03:53:59.000Z,selinophile23,https://www.tiktok.com/@funmiomookun/video/7626230634859482389,285144564892647424,7626231628642501396,https://p19-common-sign.tiktokcdn-us.com/tos-alisg-avt-0068/b963dcd5dccabf7e0ad0f45ee249c414~tplv-tiktokx-cropcenter:100:100.jpg?dr=9640&refresh_token=1163005a&x-expires=1778140800&x-signature=Nb9Wt59kQb3%2B4sthmyJC5W4i%2F4E%3D&t=4d5b0474&ps=13740610&shp=30310797&shcp=ff37627b&idc=useast8
Amazing,0,0,2026-04-11T03:06:23.000Z,ugc_merbel,https://www.tiktok.com/@funmiomookun/video/7626230634859482389,7492938684505900054,7627332301550813974,https://p16-common-sign.tiktokcdn-us.com/tos-maliva-avt-0068/40256e29e627bcf5085e9c905109f3f2~tplv-tiktokx-cropcenter:100:100.jpg?dr=9640&refresh_token=5841c633&x-expires=1778140800&x-signature=D%2B8qVxfHxANaSOZqYTy6vhciWL4%3D&t=4d5b0474&ps=13740610&shp=30310797&shcp=ff37627b&idc=useast8
Wow amazing 💕,0,0,2026-04-15T14:20:45.000Z,imsyneathita2,https://www.tiktok.com/@funmiomookun/video/7626230634859482389,7422623835130889223,7628990778811400980,https://p19-common-sign.tiktokcdn-us.com/tos-alisg-avt-0068/1b98c0eff9e3df54a3d6944578fcec4d~tplv-tiktokx-cropcenter:100:100.jpg?dr=9640&refresh_token=78bdb9bc&x-expires=1778140800&x-signature=f9HMxEgUpmw%2BL1aWXHEQWNibhgo%3D&t=4d5b0474&ps=13740610&shp=30310797&shcp=ff37627b&idc=useast8
Love the lip mask!!😍😍 The packaging is amazing,0,0,2026-04-09T06:43:51.000Z,nan4glow,https://www.tiktok.com/@funmiomookun/video/7626230634859482389,7425708651300553760,7626646462063608598,https://p16-common-sign.tiktokcdn-us.com/tos-maliva-avt-0068/fbead46ab1d6f485d8c78c724b595528~tplv-tiktokx-cropcenter:100:100.jpg?dr=9640&refresh_token=bfb26b2a&x-expires=1778140800&x-signature=0rneZf5%2Bc5q9irZ679qbpd7mYzY%3D&t=4d5b0474&ps=13740610&shp=30310797&shcp=ff37627b&idc=useast8
I want them all ❤️,0,0,2026-04-09T14:13:30.000Z,thereal_purity,https://www.tiktok.com/@funmiomookun/video/7626230634859482389,7456904701122085894,7626762411509531410,https://p16-common-sign.tiktokcdn-us.com/tos-alisg-avt-0068/e24c3f05c918770fc475b1393786529d~tplv-tiktokx-cropcenter:100:100.jpg?dr=9640&refresh_token=25539084&x-expires=1778140800&x-signature=5ivsw1CzDMewnl9HFIBMnqa9k2c%3D&t=4d5b0474&ps=13740610&shp=30310797&shcp=ff37627b&idc=useast8
I am keen to try the lip mask as winter arriving 😳,0,0,2026-04-09T14:10:54.000Z,_the.woman.of.color_,https://www.tiktok.com/@funmiomookun/video/7626230634859482389,6531746380203955215,7626761741997622024,https://p16-common-sign.tiktokcdn-us.com/tos-alisg-avt-0068/d4b65e82eaa0c4913f7eb3bbba74daa4~tplv-tiktokx-cropcenter:100:100.jpg?dr=9640&refresh_token=60024df3&x-expires=1778140800&x-signature=8k9CpruTPM0wpkjTNUyKn8EXx0U%3D&t=4d5b0474&ps=13740610&shp=30310797&shcp=ff37627b&idc=useast8
Aww this is good 😌,0,0,2026-04-25T20:49:46.000Z,divaugccreator,https://www.tiktok.com/@funmiomookun/video/7626230634859482389,6980516169669854213,7632801850669368082,https://p19-common-sign.tiktokcdn-us.com/tos-alisg-avt-0068/130b9b902ee4c2b491b8580c68367dfe~tplv-tiktokx-cropcenter:100:100.jpg?dr=9640&refresh_token=b098c027&x-expires=1778140800&x-signature=HrDsKHX2zNLalMEhRdG4Dsz0GEE%3D&t=4d5b0474&ps=13740610&shp=30310797&shcp=ff37627b&idc=useast8
Soo good 😍😍,0,0,2026-04-09T12:02:37.000Z,missshilife,https://www.tiktok.com/@funmiomookun/video/7626230634859482389,6772221060371088390,7626728679947240200,https://p19-common-sign.tiktokcdn-us.com/tos-alisg-avt-0068/fe2e91a72643a8ba3e5d5f6b09153255~tplv-tiktokx-cropcenter:100:100.jpg?dr=9640&refresh_token=8d8dca25&x-expires=1778140800&x-signature=h6LGDh8q9A31Bcttl11tFe3sa2M%3D&t=4d5b0474&ps=13740610&shp=30310797&shcp=ff37627b&idc=useast8
Love how the texture of the mask looks...reminds me of gelatin!,0,0,2026-04-09T10:48:52.000Z,glowingwithjune,https://www.tiktok.com/@funmiomookun/video/7626230634859482389,7420854285430162464,7626709644299911958,https://p19-common-sign.tiktokcdn-us.com/tos-maliva-avt-0068/f6afb431e87e78690cc54d417a753d86~tplv-tiktokx-cropcenter:100:100.jpg?dr=9640&refresh_token=4ab23c3e&x-expires=1778140800&x-signature=M7YitDLuBsqmlaSzkpz3B8sKTrk%3D&t=4d5b0474&ps=13740610&shp=30310797&shcp=ff37627b&idc=useast8
So clear one,0,0,2026-04-09T10:08:25.000Z,reviewsbymk3,https://www.tiktok.com/@funmiomookun/video/7626230634859482389,6914001380520838150,7626699181772849942,https://p19-common-sign.tiktokcdn-us.com/tos-maliva-avt-0068/b7629f7c5f5ab80596dc9fde088dae1e~tplv-tiktokx-cropcenter:100:100.jpg?dr=9640&refresh_token=bb03cb13&x-expires=1778140800&x-signature=%2BazzGJKBc2L5UtNv%2F2jTKZE52Ng%3D&t=4d5b0474&ps=13740610&shp=30310797&shcp=ff37627b&idc=useast8
Omg a transparent mask will love to try 🥰,0,0,2026-04-09T09:54:43.000Z,jay_winnie8,https://www.tiktok.com/@funmiomookun/video/7626230634859482389,7613400188652274706,7626695702818816786,https://p16-common-sign.tiktokcdn-us.com/tos-alisg-avt-0068/9b8eb6b5ba1f57c25dc557d6bd5053b8~tplv-tiktokx-cropcenter:100:100.jpg?dr=9640&refresh_token=f521f1e0&x-expires=1778140800&x-signature=rJrGJp5CSizO2H6rMAC%2FOxnzidw%3D&t=4d5b0474&ps=13740610&shp=30310797&shcp=ff37627b&idc=useast8
Me gusta mucho esta marca!,0,0,2026-04-09T12:56:38.000Z,kasssanchez21,https://www.tiktok.com/@funmiomookun/video/7626230634859482389,7189144449086211078,7626742588393014033,https://p19-common-sign.tiktokcdn-us.com/tos-alisg-avt-0068/56caa13b82e9f649d1da25a33e18a631~tplv-tiktokx-cropcenter:100:100.jpg?dr=9640&refresh_token=498a338a&x-expires=1778140800&x-signature=TtnNRFQJ0SzzuJe5jWfl8mOWLcY%3D&t=4d5b0474&ps=13740610&shp=30310797&shcp=ff37627b&idc=useast8
"Wow never seen a transparent face masks , this looks good 😍😍😍",0,0,2026-04-09T09:13:53.000Z,abigailthecreator2,https://www.tiktok.com/@funmiomookun/video/7626230634859482389,7466881626397393953,7626685157688574742,https://p19-common-sign.tiktokcdn-us.com/tos-maliva-avt-0068/7b41f34649f04348c80b2b7de2ec57fc~tplv-tiktokx-cropcenter:100:100.jpg?dr=9640&refresh_token=2b4b08f8&x-expires=1778140800&x-signature=q6DyNjJYh8j8xmYeA0UA9EFThic%3D&t=4d5b0474&ps=13740610&shp=30310797&shcp=ff37627b&idc=useast8
Wow! The packaging is so cute,0,0,2026-04-09T08:55:08.000Z,gracemaltoncreates,https://www.tiktok.com/@funmiomookun/video/7626230634859482389,6887809396178977798,7626680353189380872,https://p16-common-sign.tiktokcdn-us.com/tos-alisg-avt-0068/6962ddbc3ea0d91bb72a6c6b3f80713f~tplv-tiktokx-cropcenter:100:100.jpg?dr=9640&refresh_token=4178c14c&x-expires=1778140800&x-signature=a%2FMDsjD%2FHiVvK%2BTXZ0bIETK%2FcV8%3D&t=4d5b0474&ps=13740610&shp=30310797&shcp=ff37627b&idc=useast8
I love it let me go use mine,0,0,2026-04-08T04:07:41.000Z,ashabieats_,https://www.tiktok.com/@funmiomookun/video/7626230634859482389,6807479464458126342,7626235180961907464,https://p16-common-sign.tiktokcdn-us.com/tos-maliva-avt-0068/f7e8af1cb4d8cc88ab2e8ebc914f2b4e~tplv-tiktokx-cropcenter:100:100.jpg?dr=9640&refresh_token=947910a7&x-expires=1778140800&x-signature=e3Uqhvry2DBjEPepQzZ130MZD70%3D&t=4d5b0474&ps=13740610&shp=30310797&shcp=ff37627b&idc=useast8
Wow looks amazing,0,0,2026-04-19T13:32:35.000Z,fguri444,https://www.tiktok.com/@mommyguru02/video/7629830038468234516,7061991798629925890,7630462692907647765,https://p19-common-sign.tiktokcdn-us.com/tos-alisg-avt-0068/dc37e277f18ba0663ce6ed70454bbb34~tplv-tiktokx-cropcenter:100:100.jpg?dr=9640&refresh_token=2533401d&x-expires=1778140800&x-signature=ID8G0nLUIfPksc1c0HmDw24EPcA%3D&t=4d5b0474&ps=13740610&shp=30310797&shcp=ff37627b&idc=useast5
Oooh I need this for my routine 🥰🥰,0,0,2026-04-21T20:25:22.000Z,itssheyashvi,https://www.tiktok.com/@mommyguru02/video/7629830038468234516,6646833766683852805,7631311246083834632,https://p16-common-sign.tiktokcdn-us.com/tos-alisg-avt-0068/356c395ee05f05a65eecf0c76d2b900d~tplv-tiktokx-cropcenter:100:100.jpg?dr=9640&refresh_token=09974ff3&x-expires=1778140800&x-signature=QjA7sQEw61SBi9pffqnhZKGf1xs%3D&t=4d5b0474&ps=13740610&shp=30310797&shcp=ff37627b&idc=useast5
So cool ❤️❤️❤️,0,0,2026-04-20T10:58:41.000Z,delhiites8,https://www.tiktok.com/@mommyguru02/video/7629830038468234516,7105758597221155846,7630794131514573586,https://p16-common-sign.tiktokcdn-us.com/tos-maliva-avt-0068/08711383f66c9bb2bd33e53ba08d4c53~tplv-tiktokx-cropcenter:100:100.jpg?dr=9640&refresh_token=6f17e246&x-expires=1778140800&x-signature=SdGLiRzYLURfu6b2%2FH8xwE0Vluk%3D&t=4d5b0474&ps=13740610&shp=30310797&shcp=ff37627b&idc=useast5
So glowy🥰,0,0,2026-04-20T01:17:37.000Z,glam_by_gurleen,https://www.tiktok.com/@mommyguru02/video/7629830038468234516,6843193103798141957,7630644377702056725,https://p16-common-sign.tiktokcdn-us.com/tos-alisg-avt-0068/bc4902f82ba4d6bbc94262153072a99b~tplv-tiktokx-cropcenter:100:100.jpg?dr=9640&refresh_token=0f88f6ae&x-expires=1778140800&x-signature=FI3qBuOzJhG4pRPUn3v%2By%2BWJE3o%3D&t=4d5b0474&ps=13740610&shp=30310797&shcp=ff37627b&idc=useast5
omg I love this face mask so much !!😍😍,1,0,2026-04-18T12:02:44.000Z,ilovzuzii,https://www.tiktok.com/@mommyguru02/video/7629830038468234516,6974114801912448006,7630068451885646614,https://p19-common-sign.tiktokcdn-us.com/tos-maliva-avt-0068/e600012458354c3ef2478f02cc171fa7~tplv-tiktokx-cropcenter:100:100.jpg?dr=9640&refresh_token=c8e357b0&x-expires=1778140800&x-signature=dqyR16WLZ4%2B4KDag4deZp96Exgw%3D&t=4d5b0474&ps=13740610&shp=30310797&shcp=ff37627b&idc=useast5
amazing,0,0,2026-04-20T02:19:05.000Z,arifa_ugc,https://www.tiktok.com/@mommyguru02/video/7629830038468234516,6902276055874225154,7630660187138441991,https://p19-common-sign.tiktokcdn-us.com/tos-alisg-avt-0068/119bf613de6fdeea7e33a3e249b6878f~tplv-tiktokx-cropcenter:100:100.jpg?dr=9640&refresh_token=1e2ed56d&x-expires=1778140800&x-signature=XExyXmw7XK7gP1fkSmnSqDCiWS8%3D&t=4d5b0474&ps=13740610&shp=30310797&shcp=ff37627b&idc=useast5
omg I love this so much. this texture looks so good. need to check it out 🥰,1,0,2026-04-18T04:41:06.000Z,millennialglowup,https://www.tiktok.com/@mommyguru02/video/7629830038468234516,7466356509947511826,7629954605526942465,https://p19-common-sign.tiktokcdn-us.com/tos-alisg-avt-0068/f5232e53f5ab640f7d3adf32f4e9941e~tplv-tiktokx-cropcenter:100:100.jpg?dr=9640&refresh_token=13d5217e&x-expires=1778140800&x-signature=DYtD9QeCIB2CLokEmwLPKWOVnIA%3D&t=4d5b0474&ps=13740610&shp=30310797&shcp=ff37627b&idc=useast5
That mask looks interesting but leaves a glow 🥰,1,0,2026-04-18T12:00:09.000Z,beautyndvlogs,https://www.tiktok.com/@mommyguru02/video/7629830038468234516,7356920139415094277,7630067795603456784,https://p19-common-sign.tiktokcdn-us.com/tos-alisg-avt-0068/c20de9c7fcea3954378ae394f8af8bd0~tplv-tiktokx-cropcenter:100:100.jpg?dr=9640&refresh_token=1c9a88c7&x-expires=1778140800&x-signature=5vNWbY29Hy3gZ%2BKcQi98Z2t5Jb0%3D&t=4d5b0474&ps=13740610&shp=30310797&shcp=ff37627b&idc=useast5
Love this mask ❤️,1,0,2026-04-18T04:15:04.000Z,fhaydskincarecreator,https://www.tiktok.com/@mommyguru02/video/7629830038468234516,7434278357315224622,7629947868912337694,https://p19-common-sign.tiktokcdn-us.com/tos-useast8-avt-0068-tx2/0206fecc0d7268744098d8f49db68e12~tplv-tiktokx-cropcenter:100:100.jpg?dr=9640&refresh_token=6697883c&x-expires=1778140800&x-signature=zDP6zTH9rHDC30JLF8NUy%2F6JOWo%3D&t=4d5b0474&ps=13740610&shp=30310797&shcp=ff37627b&idc=useast5
Wow🥰🥰,0,0,2026-04-18T16:12:14.000Z,brighttoluwalop,https://www.tiktok.com/@mommyguru02/video/7629830038468234516,6980416999134954501,7630132753278796561,https://p16-common-sign.tiktokcdn-us.com/tos-maliva-avt-0068/5e08f4fa87d0c345422883d8f51d56a0~tplv-tiktokx-cropcenter:100:100.jpg?dr=9640&refresh_token=348b611c&x-expires=1778140800&x-signature=X4j%2F3lJjKL8sfnWWIancmQZX9Ns%3D&t=4d5b0474&ps=13740610&shp=30310797&shcp=ff37627b&idc=useast5
Love this mask💚,1,0,2026-04-18T01:25:20.000Z,selinophile23,https://www.tiktok.com/@mommyguru02/video/7629830038468234516,285144564892647424,7629904187685667605,https://p16-common-sign.tiktokcdn-us.com/tos-alisg-avt-0068/b963dcd5dccabf7e0ad0f45ee249c414~tplv-tiktokx-cropcenter:100:100.jpg?dr=9640&refresh_token=93da6e99&x-expires=1778140800&x-signature=zBQUlr6R27B8Xc9q4F7v9IBA9nk%3D&t=4d5b0474&ps=13740610&shp=30310797&shcp=ff37627b&idc=useast5
Want this!,0,0,2026-04-18T08:39:01.000Z,lifebykirra,https://www.tiktok.com/@mommyguru02/video/7629830038468234516,7325939864082760736,7630015942777045762,https://p16-common-sign.tiktokcdn-us.com/tos-useast2a-avt-0068-euttp/7325940987946074144~tplv-tiktokx-cropcenter:100:100.jpg?dr=9640&refresh_token=590d9ef7&x-expires=1778140800&x-signature=eciBqSvi9FfILaeJ8KyuCThALE4%3D&t=4d5b0474&ps=13740610&shp=30310797&shcp=ff37627b&idc=useast5
Looks nice😍,0,0,2026-04-19T20:17:57.000Z,dear.lovelyhana,https://www.tiktok.com/@mommyguru02/video/7629830038468234516,7185337941768717317,7630567170951643927,https://p16-common-sign.tiktokcdn-us.com/tos-maliva-avt-0068/8cc7a2e19d3e1ab27d2d7805bd7b246a~tplv-tiktokx-cropcenter:100:100.jpg?dr=9640&refresh_token=30347738&x-expires=1778140800&x-signature=qqjJa9DyJ%2BFVDWccVyciE2Pjwrc%3D&t=4d5b0474&ps=13740610&shp=30310797&shcp=ff37627b&idc=useast5
Glowing 😍,0,0,2026-04-20T03:46:52.000Z,anitaspk97,https://www.tiktok.com/@mommyguru02/video/7629830038468234516,6706770281829483525,7630682833519379208,https://p19-common-sign.tiktokcdn-us.com/tos-alisg-avt-0068/8155bbc50cb8fb81c54d4c0bf574e74e~tplv-tiktokx-cropcenter:100:100.jpg?dr=9640&refresh_token=6defb329&x-expires=1778140800&x-signature=Sh4IBHnAMAxTielGIJ913PAixIs%3D&t=4d5b0474&ps=13740610&shp=30310797&shcp=ff37627b&idc=useast5
Love it,1,0,2026-04-18T12:05:16.000Z,pramilathapa574,https://www.tiktok.com/@mommyguru02/video/7629830038468234516,7207783711684625410,7630069099351982865,https://p19-common-sign.tiktokcdn-us.com/tos-alisg-avt-0068/358259fa60a357058b1b6add0f6e00c8~tplv-tiktokx-cropcenter:100:100.jpg?dr=9640&refresh_token=d9f0a75b&x-expires=1778140800&x-signature=iOTBUw1F4I1j19c4rO8SHgaReZc%3D&t=4d5b0474&ps=13740610&shp=30310797&shcp=ff37627b&idc=useast5
woaaah ❤️❤️,1,0,2026-04-17T21:01:15.000Z,kiranfatimah_62,https://www.tiktok.com/@mommyguru02/video/7629830038468234516,7525013521941414928,7629836119568204545,https://p19-common-sign.tiktokcdn-us.com/tos-alisg-avt-0068/65ab1dc4b50ec105c66d8c04640a7173~tplv-tiktokx-cropcenter:100:100.jpg?dr=9640&refresh_token=63f605df&x-expires=1778140800&x-signature=G6Cf1VZqMj6AOwUQc8Io5Decxz8%3D&t=4d5b0474&ps=13740610&shp=30310797&shcp=ff37627b&idc=useast5
❤️❤️❤️,1,0,2026-04-17T20:54:17.000Z,hamoperfumery,https://www.tiktok.com/@mommyguru02/video/7629830038468234516,7007603797133706245,7629834253769474832,https://p19-common-sign.tiktokcdn-us.com/tos-maliva-avt-0068/f3b8faa0aaf1f082e4ad978a1a5d4ffc~tplv-tiktokx-cropcenter:100:100.jpg?dr=9640&refresh_token=131dc2fd&x-expires=1778140800&x-signature=0cXqYK9%2BxWZq%2B6lON6MLxWeL5H8%3D&t=4d5b0474&ps=13740610&shp=30310797&shcp=ff37627b&idc=useast5
❤️❤️,0,0,2026-04-18T01:50:53.000Z,ugcpriyanka,https://www.tiktok.com/@mommyguru02/video/7629830038468234516,7514456718417298454,7629910318417199894,https://p16-common-sign.tiktokcdn-us.com/tos-maliva-avt-0068/c079eb2357be327c41328f466e27b854~tplv-tiktokx-cropcenter:100:100.jpg?dr=9640&refresh_token=55f53730&x-expires=1778140800&x-signature=vjgc6wie9cjgDq%2B4PJwt7pej9vg%3D&t=4d5b0474&ps=13740610&shp=30310797&shcp=ff37627b&idc=useast5
😍😍😍😍😍,0,0,2026-04-29T05:22:36.000Z,ninel0183,https://www.tiktok.com/@mommyguru02/video/7629830038468234516,7495872169751790625,7634047200867877664,https://p19-common-sign.tiktokcdn-us.com/tos-maliva-avt-0068/61e7a40c7541eef5ca09237fc0dac57f~tplv-tiktokx-cropcenter:100:100.jpg?dr=9640&refresh_token=a9c495ae&x-expires=1778140800&x-signature=DKFVG%2BXQqcaRSXGNHcGIFzFVBxQ%3D&t=4d5b0474&ps=13740610&shp=30310797&shcp=ff37627b&idc=useast5
I love collagen masks 😻,1,0,2026-04-14T13:25:14.000Z,edenselixir,https://www.tiktok.com/@beautyworld51/video/7628594161582673160,6649730625325907974,7628605386077061891,https://p16-common-sign.tiktokcdn.com/tos-maliva-avt-0068/9671f1552798364fccee42a3a7bf2ede~tplv-tiktokx-cropcenter:100:100.jpg?dr=14579&refresh_token=b229ea50&x-expires=1778140800&x-signature=jK%2Fa2%2BmnhjnHczHYZzoYZ7j45Uc%3D&t=4d5b0474&ps=13740610&shp=30310797&shcp=ff37627b&idc=my
Want to try the lip mask so bad,1,0,2026-04-15T00:00:27.000Z,e.fosaa,https://www.tiktok.com/@beautyworld51/video/7628594161582673160,6841130893358302214,7628768994477032213,https://p16-common-sign.tiktokcdn.com/tos-alisg-avt-0068/b727eb13c58c940b0e6339a5784fff1f~tplv-tiktokx-cropcenter:100:100.jpg?dr=14579&refresh_token=ecb42118&x-expires=1778140800&x-signature=DNkZGBl4wsbvUtLR%2FT8ARiuXWzk%3D&t=4d5b0474&ps=13740610&shp=30310797&shcp=ff37627b&idc=my
The glow is mind blowing 😍,1,1,2026-04-14T21:47:31.000Z,fumzybisi,https://www.tiktok.com/@beautyworld51/video/7628594161582673160,7093542941532357637,7628734802027889426,https://p16-common-sign.tiktokcdn.com/musically-maliva-obj/1594805258216454~tplv-tiktokx-cropcenter:100:100.jpg?dr=14579&refresh_token=db807870&x-expires=1778140800&x-signature=SmhWrxxdJddUlwkfIF8YgDshkqs%3D&t=4d5b0474&ps=13740610&shp=30310797&shcp=ff37627b&idc=my
"Anything hydration, sign me up",1,0,2026-04-14T17:39:47.000Z,precioso_12,https://www.tiktok.com/@beautyworld51/video/7628594161582673160,7230810164918961157,7628670990864007958,https://p16-common-sign.tiktokcdn.com/tos-maliva-avt-0068/0ca996e8a30793e267c661fc3094064b~tplv-tiktokx-cropcenter:100:100.jpg?dr=14579&refresh_token=03b81b7f&x-expires=1778140800&x-signature=iDac%2BXfkytWyf3Mz8ok%2BkuNanmw%3D&t=4d5b0474&ps=13740610&shp=30310797&shcp=ff37627b&idc=my
This masks turns so clear 😍,1,0,2026-04-14T18:57:28.000Z,glow_mami,https://www.tiktok.com/@beautyworld51/video/7628594161582673160,7170622265103959046,7628691016073200406,https://p16-common-sign.tiktokcdn.com/tos-maliva-avt-0068/c93dc1b827f5b7d8f45c207f1ec9e2d9~tplv-tiktokx-cropcenter:100:100.jpg?dr=14579&refresh_token=72bfd822&x-expires=1778140800&x-signature=cJHxBiKcLDy0PBSsTGNHMpq%2Fgro%3D&t=4d5b0474&ps=13740610&shp=30310797&shcp=ff37627b&idc=my
wow i need this mask 🥰😍😍,1,0,2026-04-14T17:14:16.000Z,tryphosaglow,https://www.tiktok.com/@beautyworld51/video/7628594161582673160,6983034114777728005,7628664386368668439,https://p16-common-sign.tiktokcdn.com/tos-maliva-avt-0068/4b35be7cde9624e89d83bc1d85984422~tplv-tiktokx-cropcenter:100:100.jpg?dr=14579&refresh_token=129e4c54&x-expires=1778140800&x-signature=%2Fr4TiFnAUcstHR0Kb3sniJmpEDk%3D&t=4d5b0474&ps=13740610&shp=30310797&shcp=ff37627b&idc=my
i need this lips mark for my wife,0,0,2026-04-15T15:12:41.000Z,emmy14039,https://www.tiktok.com/@beautyworld51/video/7628594161582673160,7455341462684845061,7629004170088350482,https://p16-common-sign.tiktokcdn.com/tos-maliva-avt-0068/4498222142b366efcbd2f0c43acbee72~tplv-tiktokx-cropcenter:100:100.jpg?dr=14579&refresh_token=af29dfb8&x-expires=1778140800&x-signature=ioq9LqtvthZhoYWshgwz70Xb8NQ%3D&t=4d5b0474&ps=13740610&shp=30310797&shcp=ff37627b&idc=my
wow needs to try this o😳😳😳,1,0,2026-04-14T22:04:33.000Z,faithisimo,https://www.tiktok.com/@beautyworld51/video/7628594161582673160,7048732539766768645,7628739109629412116,https://p16-common-sign.tiktokcdn.com/tos-maliva-avt-0068/b7924dde55206fbcbd9005f6f94fa9d6~tplv-tiktokx-cropcenter:100:100.jpg?dr=14579&refresh_token=744132bc&x-expires=1778140800&x-signature=pOMaG0%2Fh%2BbYEEMKVbT7OEzfF4nc%3D&t=4d5b0474&ps=13740610&shp=30310797&shcp=ff37627b&idc=my
Amazing😍😍,0,0,2026-04-15T23:30:09.000Z,shadi.smi,https://www.tiktok.com/@beautyworld51/video/7628594161582673160,7433993849950864426,7629132334444725005,https://p16-common-sign.tiktokcdn.com/tos-maliva-avt-0068/eb7ea7e3cf6ee7ecae42d9bc4f5eff73~tplv-tiktokx-cropcenter:100:100.jpg?dr=14579&refresh_token=7d5a282f&x-expires=1778140800&x-signature=C3FN2ZKXf77LAnAF6a78gGTsjOs%3D&t=4d5b0474&ps=13740610&shp=30310797&shcp=ff37627b&idc=my
This mask looks so good,0,0,2026-04-16T03:20:41.000Z,lenasrngvbm,https://www.tiktok.com/@beautyworld51/video/7628594161582673160,7386387602012947461,7629191741715563280,https://p16-common-sign.tiktokcdn.com/tos-alisg-avt-0068/7b1f766f9dc9243b65cbfb0d9307ebd9~tplv-tiktokx-cropcenter:100:100.jpg?dr=14579&refresh_token=9d731907&x-expires=1778140800&x-signature=ixpIX2ttu%2FOPtPfkz5CEe00QFTA%3D&t=4d5b0474&ps=13740610&shp=30310797&shcp=ff37627b&idc=my
Love the deep hydration,1,0,2026-04-14T13:06:44.000Z,call_meee_grace,https://www.tiktok.com/@beautyworld51/video/7628594161582673160,7048155184791782405,7628600632744985352,https://p16-common-sign.tiktokcdn.com/tos-alisg-avt-0068/8bc74b9f8f887ed274cda8af014ffd01~tplv-tiktokx-cropcenter:100:100.jpg?dr=14579&refresh_token=3b1170fb&x-expires=1778140800&x-signature=QDEqRZewynFicxHCJ82%2FeDTrO1M%3D&t=4d5b0474&ps=13740610&shp=30310797&shcp=ff37627b&idc=my
Omggg soo shine🥰🥰,1,0,2026-04-14T15:43:29.000Z,pyang.ugc,https://www.tiktok.com/@beautyworld51/video/7628594161582673160,7547770122358866957,7628640801862992653,https://p16-common-sign.tiktokcdn.com/tos-maliva-avt-0068/5540f1454102c9b3b1ca62d63eb2213d~tplv-tiktokx-cropcenter:100:100.jpg?dr=14579&refresh_token=e5f68a45&x-expires=1778140800&x-signature=j9jHEyosBrEfhNTHErPndkvhlUY%3D&t=4d5b0474&ps=13740610&shp=30310797&shcp=ff37627b&idc=my
Love this mask,0,0,2026-04-18T22:49:15.000Z,ugcbyriri0,https://www.tiktok.com/@beautyworld51/video/7628594161582673160,7245876842501342235,7630235010054734614,https://p16-sign-va.tiktokcdn.com/tos-maliva-avt-0068/7ec45e9df4e33ee6cd75f390594a1783~tplv-tiktokx-cropcenter:100:100.jpg?dr=14579&refresh_token=562ffab2&x-expires=1778140800&x-signature=2ufgwONc6EEC%2Fu1c2B2cTUYkJXo%3D&t=4d5b0474&ps=13740610&shp=30310797&shcp=ff37627b&idc=my
The mask looks good,1,0,2026-04-14T14:00:51.000Z,teddievic,https://www.tiktok.com/@beautyworld51/video/7628594161582673160,6809371755653743622,7628614531519398674,https://p19-common-sign.tiktokcdn.com/tos-alisg-avt-0068/c82a445fcd3189850ed0081bcbc90b4f~tplv-tiktokx-cropcenter:100:100.jpg?dr=14579&refresh_token=edaafde2&x-expires=1778140800&x-signature=8GwcDduRilNC4vTFHEPfX249fvM%3D&t=4d5b0474&ps=13740610&shp=30310797&shcp=ff37627b&idc=my
I’m obsessed with this mask💚,1,0,2026-04-14T14:00:27.000Z,selinophile23,https://www.tiktok.com/@beautyworld51/video/7628594161582673160,285144564892647424,7628614454515303189,https://p16-common-sign.tiktokcdn.com/tos-alisg-avt-0068/b963dcd5dccabf7e0ad0f45ee249c414~tplv-tiktokx-cropcenter:100:100.jpg?dr=14579&refresh_token=ff274cb9&x-expires=1778140800&x-signature=QzLxHRxSC0sNgUFQFGSf%2BBcX%2BEM%3D&t=4d5b0474&ps=13740610&shp=30310797&shcp=ff37627b&idc=my
Wanna try it,1,0,2026-04-14T20:35:20.000Z,shilehzkhan,https://www.tiktok.com/@beautyworld51/video/7628594161582673160,7480174414501168161,7628716221101916950,https://p16-common-sign.tiktokcdn.com/tos-maliva-avt-0068/f31bbeea9ae42ff66fdde03ec6f4d8c2~tplv-tiktokx-cropcenter:100:100.jpg?dr=14579&refresh_token=42054c31&x-expires=1778140800&x-signature=vERKNSeC65myZIFHQxeqHztr3rE%3D&t=4d5b0474&ps=13740610&shp=30310797&shcp=ff37627b&idc=my
Love the lip mask,0,0,2026-04-17T04:21:38.000Z,lopchen_beautyglo,https://www.tiktok.com/@beautyworld51/video/7628594161582673160,7498876510817141790,7629578486612673311,https://p19-common-sign.tiktokcdn.com/tos-maliva-avt-0068/20d46c94af80944aa87a741060efdafd~tplv-tiktokx-cropcenter:100:100.jpg?dr=14579&refresh_token=d36a1d47&x-expires=1778140800&x-signature=bf7mCSpXD2V2iA4cu1iMBvgS7mI%3D&t=4d5b0474&ps=13740610&shp=30310797&shcp=ff37627b&idc=my
Love the texture of that mask and I need that lip mask too.,1,0,2026-04-14T17:00:01.000Z,rebelkushie,https://www.tiktok.com/@beautyworld51/video/7628594161582673160,7254256541384442886,7628660753456726806,https://p16-common-sign.tiktokcdn.com/tos-maliva-avt-0068/1e5c817a6b919d19647505ce15614f32~tplv-tiktokx-cropcenter:100:100.jpg?dr=14579&refresh_token=1b93e61c&x-expires=1778140800&x-signature=E2iH789cfPgFmSVVmgXbQixeDYg%3D&t=4d5b0474&ps=13740610&shp=30310797&shcp=ff37627b&idc=my
Peeling part was super satisfying 😍😍😍,1,0,2026-04-14T12:59:31.000Z,sahana_budhathoki,https://www.tiktok.com/@beautyworld51/video/7628594161582673160,6607582815678660613,7628598750428840724,https://p16-common-sign.tiktokcdn.com/tos-alisg-avt-0068/374fcb4a605ff909e142329b7b7553b2~tplv-tiktokx-cropcenter:100:100.jpg?dr=14579&refresh_token=c42e8f13&x-expires=1778140800&x-signature=At5E1uIkDLbt%2Bm5AjsGnmLl2qPQ%3D&t=4d5b0474&ps=13740610&shp=30310797&shcp=ff37627b&idc=my
Such an amazing skincare routine 😍,0,0,2026-04-15T09:09:31.000Z,glowwithaya1,https://www.tiktok.com/@beautyworld51/video/7628594161582673160,7453505375737545760,7628910519323853590,https://p16-common-sign.tiktokcdn.com/tos-maliva-avt-0068/5b8ffc138845102ab745c192354f851f~tplv-tiktokx-cropcenter:100:100.jpg?dr=14579&refresh_token=1b2edb03&x-expires=1778140800&x-signature=0Lwwc3wHtdDqW56uhjBrZRm6dig%3D&t=4d5b0474&ps=13740610&shp=30310797&shcp=ff37627b&idc=my
That mask so visible 🥰🥰,0,0,2026-04-16T12:59:20.000Z,jay_winnie8,https://www.tiktok.com/@beautyworld51/video/7628594161582673160,7613400188652274706,7629340872858403591,https://p16-sign-sg.tiktokcdn.com/tos-alisg-avt-0068/9b8eb6b5ba1f57c25dc557d6bd5053b8~tplv-tiktokx-cropcenter:100:100.jpg?dr=14579&refresh_token=503043a2&x-expires=1778140800&x-signature=smKUidQbhir%2BnFEgfp6srqeEcGA%3D&t=4d5b0474&ps=13740610&shp=30310797&shcp=ff37627b&idc=my
This mask is so hydrating and that glow 💜,1,0,2026-04-14T13:16:22.000Z,beautyndvlogs,https://www.tiktok.com/@beautyworld51/video/7628594161582673160,7356920139415094277,7628603119894725377,https://p16-common-sign.tiktokcdn.com/tos-alisg-avt-0068/c20de9c7fcea3954378ae394f8af8bd0~tplv-tiktokx-cropcenter:100:100.jpg?dr=14579&refresh_token=45b0dd67&x-expires=1778140800&x-signature=jSAyKbcfUQE0sZKnFtrJE%2FxWtbs%3D&t=4d5b0474&ps=13740610&shp=30310797&shcp=ff37627b&idc=my
I have to try this mask✨,1,0,2026-04-14T13:13:12.000Z,dreamyyyv,https://www.tiktok.com/@beautyworld51/video/7628594161582673160,7518867924229358614,7628602261996405526,https://p16-sign-va.tiktokcdn.com/tos-maliva-avt-0068/0bfa104531760c55621634893cb42564~tplv-tiktokx-cropcenter:100:100.jpg?dr=14579&refresh_token=aa49970d&x-expires=1778140800&x-signature=oYpbBN3PzdJUJAj%2FdKvcDtZ1PRs%3D&t=4d5b0474&ps=13740610&shp=30310797&shcp=ff37627b&idc=my
Nice one babe 🥰🥰🥰,1,1,2026-04-14T13:05:23.000Z,douglaskira1,https://www.tiktok.com/@beautyworld51/video/7628594161582673160,7103994894540227589,7628600273040753424,https://p16-common-sign.tiktokcdn.com/tos-maliva-avt-0068/368ee861449f95d4ed0467e670a8a1b2~tplv-tiktokx-cropcenter:100:100.jpg?dr=14579&refresh_token=850bc8b4&x-expires=1778140800&x-signature=MPTkFfcQzNymtOTseCFYJzswVww%3D&t=4d5b0474&ps=13740610&shp=30310797&shcp=ff37627b&idc=my
Love the glow after,1,0,2026-04-14T20:26:00.000Z,baruscape,https://www.tiktok.com/@beautyworld51/video/7628594161582673160,7543303603450463287,7628713727562515230,https://p16-common-sign.tiktokcdn.com/tos-maliva-avt-0068/df2c59c6e07905a5ee7af18ffd6fbed5~tplv-tiktokx-cropcenter:100:100.jpg?dr=14579&refresh_token=aac3f3dd&x-expires=1778140800&x-signature=FP%2Bwa8iJx4WdzXVEgvTmEatIUow%3D&t=4d5b0474&ps=13740610&shp=30310797&shcp=ff37627b&idc=my
Love the results,1,0,2026-04-14T20:32:10.000Z,couchboundrealitytv,https://www.tiktok.com/@beautyworld51/video/7628594161582673160,7328470404870898694,7628715350801466119,https://p16-common-sign.tiktokcdn.com/tos-maliva-avt-0068/68dc9eea45c4b34d2a0bc40132e946e3~tplv-tiktokx-cropcenter:100:100.jpg?dr=14579&refresh_token=d1919f28&x-expires=1778140800&x-signature=Wdx%2BiGfyBacUYrqcmp%2BrhT%2FL4BI%3D&t=4d5b0474&ps=13740610&shp=30310797&shcp=ff37627b&idc=my
Skin looks so glowy,0,0,2026-04-14T23:07:50.000Z,olawunmi_ugc,https://www.tiktok.com/@beautyworld51/video/7628594161582673160,7378032916108887072,7628755436737053462,https://p16-common-sign.tiktokcdn.com/tos-maliva-avt-0068/bda419d49be818691988077005624da3~tplv-tiktokx-cropcenter:100:100.jpg?dr=14579&refresh_token=96401854&x-expires=1778140800&x-signature=gPRwKpASwk4Jcpx5K%2Bam4mhbCD8%3D&t=4d5b0474&ps=13740610&shp=30310797&shcp=ff37627b&idc=my
Ouuuu in love with the results,1,0,2026-04-14T19:40:51.000Z,ruthugcskincare,https://www.tiktok.com/@beautyworld51/video/7628594161582673160,7433202171589903392,7628702173564420897,https://p16-common-sign.tiktokcdn.com/tos-maliva-avt-0068/0492a4c5e801b9c1cdeea69302b7809d~tplv-tiktokx-cropcenter:100:100.jpg?dr=14579&refresh_token=ca827fc9&x-expires=1778140800&x-signature=wuut5iz3xr%2B6BEpvy6EF2QmlHIM%3D&t=4d5b0474&ps=13740610&shp=30310797&shcp=ff37627b&idc=my
flourish glowing skin,1,0,2026-04-14T23:33:11.000Z,k_slimzy,https://www.tiktok.com/@beautyworld51/video/7628594161582673160,6811816343799120902,7628761943700292374,https://p16-common-sign.tiktokcdn.com/tos-maliva-avt-0068/df94c3dd014894e6d4daa37168ce19bd~tplv-tiktokx-cropcenter:100:100.jpg?dr=14579&refresh_token=bfd28902&x-expires=1778140800&x-signature=4qve0DnVVtDptDWNOcan4hn61AQ%3D&t=4d5b0474&ps=13740610&shp=30310797&shcp=ff37627b&idc=my
I like that lips mask,0,0,2026-04-15T13:25:47.000Z,reviewsbymk3,https://www.tiktok.com/@beautyworld51/video/7628594161582673160,6914001380520838150,7628976612997972758,https://p16-common-sign.tiktokcdn.com/tos-maliva-avt-0068/b7629f7c5f5ab80596dc9fde088dae1e~tplv-tiktokx-cropcenter:100:100.jpg?dr=14579&refresh_token=8fd5c75c&x-expires=1778140800&x-signature=QGE8lxGXmI%2F7E7Nuf7%2BlxyX1sFo%3D&t=4d5b0474&ps=13740610&shp=30310797&shcp=ff37627b&idc=my
Love the results,1,0,2026-04-14T21:44:53.000Z,barespice,https://www.tiktok.com/@beautyworld51/video/7628594161582673160,7467966464915932193,7628734119208239894,https://p16-common-sign.tiktokcdn-us.com/tos-maliva-avt-0068/a5d956146d6dd0860d1284abe6f802a7~tplv-tiktokx-cropcenter:100:100.jpg?dr=9640&refresh_token=b9c0232b&x-expires=1778140800&x-signature=AcS36I5AGPeV40%2Bi%2FRnV7fR%2BCJo%3D&t=4d5b0474&ps=13740610&shp=30310797&shcp=ff37627b&idc=useast8
I need to try 🥰,1,0,2026-04-14T18:39:22.000Z,dziosefina,https://www.tiktok.com/@beautyworld51/video/7628594161582673160,7078800126109697029,7628686351592473366,https://p19-common-sign.tiktokcdn-us.com/tos-maliva-avt-0068/265d8aca891aaa53f9350d4b8866fda6~tplv-tiktokx-cropcenter:100:100.jpg?dr=9640&refresh_token=73c407b2&x-expires=1778140800&x-signature=JZxCdRBIQ7nPigVAF1uOEnIsRmE%3D&t=4d5b0474&ps=13740610&shp=30310797&shcp=ff37627b&idc=useast8
Love this,1,0,2026-04-14T17:57:37.000Z,ashabieats_,https://www.tiktok.com/@beautyworld51/video/7628594161582673160,6807479464458126342,7628675540606878472,https://p19-common-sign.tiktokcdn-us.com/tos-maliva-avt-0068/f7e8af1cb4d8cc88ab2e8ebc914f2b4e~tplv-tiktokx-cropcenter:100:100.jpg?dr=9640&refresh_token=513e685b&x-expires=1778140800&x-signature=lPUAmgM8%2Fd2f%2Bvb64oyYvh3%2F4ck%3D&t=4d5b0474&ps=13740610&shp=30310797&shcp=ff37627b&idc=useast8
This looks so hydrating,1,0,2026-04-14T18:47:22.000Z,dblacdanni,https://www.tiktok.com/@beautyworld51/video/7628594161582673160,7273217545192571936,7628688416003359510,https://p16-common-sign.tiktokcdn-us.com/tos-maliva-avt-0068/24ceed9023e59027fb1465bce04b3744~tplv-tiktokx-cropcenter:100:100.jpg?dr=9640&refresh_token=51b9f6d7&x-expires=1778140800&x-signature=3eoobeBcDS9qrW7AHMeokcG04so%3D&t=4d5b0474&ps=13740610&shp=30310797&shcp=ff37627b&idc=useast8
Ouu I love this,1,0,2026-04-14T15:27:47.000Z,miyathe_influencer,https://www.tiktok.com/@beautyworld51/video/7628594161582673160,7454467131921826849,7628636948102447894,https://p19-common-sign.tiktokcdn-us.com/tos-maliva-avt-0068/f20225d110eaa892ded919b690e1178e~tplv-tiktokx-cropcenter:100:100.jpg?dr=9640&refresh_token=f40650a5&x-expires=1778140800&x-signature=%2BI2znNlWPf27k2DUUBpcSDfXCms%3D&t=4d5b0474&ps=13740610&shp=30310797&shcp=ff37627b&idc=useast8
I love using this products,1,1,2026-04-14T13:01:28.000Z,funmiomookun,https://www.tiktok.com/@beautyworld51/video/7628594161582673160,6810285387089839109,7628599274574119696,https://p19-common-sign.tiktokcdn-us.com/tos-maliva-avt-0068/aafd41a3ab485ede3ee246b04aa81410~tplv-tiktokx-cropcenter:100:100.jpg?dr=9640&refresh_token=e8243678&x-expires=1778140800&x-signature=7PB21VTvFXvHPYKZkqSNXwVpYiY%3D&t=4d5b0474&ps=13740610&shp=30310797&shcp=ff37627b&idc=useast8
Self care is the best care,1,0,2026-04-14T20:59:01.000Z,missxbubbletea,https://www.tiktok.com/@beautyworld51/video/7628594161582673160,6777883297382777862,7628722313513009936,https://p19-common-sign.tiktokcdn-us.com/tos-alisg-avt-0068/cbcaacdc692bfd85a1fad719cfb7f5cd~tplv-tiktokx-cropcenter:100:100.jpg?dr=9640&refresh_token=3b873bcf&x-expires=1778140800&x-signature=JyMlSqPqVqnXg7oBqJHWf1DaIAM%3D&t=4d5b0474&ps=13740610&shp=30310797&shcp=ff37627b&idc=useast8
Love the results,1,0,2026-04-14T19:41:56.000Z,justtiffanys,https://www.tiktok.com/@beautyworld51/video/7628594161582673160,6800255269194236934,7628702399964185375,https://p16-common-sign.tiktokcdn-us.com/tos-useast8-avt-0068-tx2/ec7bc5fc84fe9e014cdc2ecb9b1d086b~tplv-tiktokx-cropcenter:100:100.jpg?dr=9640&refresh_token=245d4650&x-expires=1778140800&x-signature=DVxs%2BJ5jdiDapz77Pt8g7NX6dAA%3D&t=4d5b0474&ps=13740610&shp=30310797&shcp=ff37627b&idc=useast8
I need the lips mask 😍,1,0,2026-04-14T16:10:42.000Z,aeslifestylee,https://www.tiktok.com/@beautyworld51/video/7628594161582673160,6964075337492628485,7628648033308279570,https://p19-common-sign.tiktokcdn-us.com/tos-alisg-avt-0068/c8e2f121ebd53795ecf3fc55b3b8dd51~tplv-tiktokx-cropcenter:100:100.jpg?dr=9640&refresh_token=b73f831b&x-expires=1778140800&x-signature=H0LqLLmogrfvzLLvh303kfvKgHw%3D&t=4d5b0474&ps=13740610&shp=30310797&shcp=ff37627b&idc=useast8
Love this mask ❤️,1,0,2026-04-14T13:32:40.000Z,fhaydskincarecreator,https://www.tiktok.com/@beautyworld51/video/7628594161582673160,7434278357315224622,7628607079007666974,https://p16-common-sign.tiktokcdn-us.com/tos-useast8-avt-0068-tx2/0206fecc0d7268744098d8f49db68e12~tplv-tiktokx-cropcenter:100:100.jpg?dr=9640&refresh_token=5e658815&x-expires=1778140800&x-signature=nVYExf7661fq159YPeSMqykxvBE%3D&t=4d5b0474&ps=13740610&shp=30310797&shcp=ff37627b&idc=useast8
I love the mask,1,0,2026-04-14T21:11:49.000Z,ugc_merbel,https://www.tiktok.com/@beautyworld51/video/7628594161582673160,7492938684505900054,7628725627742618390,https://p16-common-sign.tiktokcdn-us.com/tos-maliva-avt-0068/40256e29e627bcf5085e9c905109f3f2~tplv-tiktokx-cropcenter:100:100.jpg?dr=9640&refresh_token=5841c633&x-expires=1778140800&x-signature=D%2B8qVxfHxANaSOZqYTy6vhciWL4%3D&t=4d5b0474&ps=13740610&shp=30310797&shcp=ff37627b&idc=useast8
I have to try this mask 😍,0,0,2026-04-14T13:21:12.000Z,girl_like.nina,https://www.tiktok.com/@beautyworld51/video/7628594161582673160,6995897478315131909,7628604326911853333,https://p16-common-sign.tiktokcdn-us.com/tos-alisg-avt-0068/e63bc81de4c57ab4dbd5bf86c11ed269~tplv-tiktokx-cropcenter:100:100.jpg?dr=9640&refresh_token=87bb4acd&x-expires=1778140800&x-signature=W5SdX8hnAet9%2BP5ajqrh63dSTYQ%3D&t=4d5b0474&ps=13740610&shp=30310797&shcp=ff37627b&idc=useast8
Love it 🤩,0,0,2026-04-07T00:51:09.000Z,alinafomin5,https://www.tiktok.com/@lena.levc/video/7625488408445472013,7475878320236987435,7625813422148059935,https://p16-common-sign.tiktokcdn-us.com/tos-useast8-avt-0068-tx2/cab6e82a1c000838711d4909f73d890d~tplv-tiktokx-cropcenter:100:100.jpg?dr=9640&refresh_token=6709c59b&x-expires=1778140800&x-signature=QdnfhM7bh4E1my%2By9OwAyvYsS8w%3D&t=4d5b0474&ps=13740610&shp=30310797&shcp=ff37627b&idc=useast5
This mask looks so good,0,0,2026-04-16T09:26:26.000Z,waithera_25,https://www.tiktok.com/@beautyworld51/video/7628594161582673160,6666785640010629126,7629286028221776647,https://p16-common-sign.tiktokcdn.com/tos-alisg-avt-0068/9c151beffd0114def8facdc960696bb1~tplv-tiktokx-cropcenter:100:100.jpg?dr=14579&refresh_token=53d0bbd1&x-expires=1778140800&x-signature=9MlXwLRPfOjNkILRzkI1aoslO0E%3D&t=4d5b0474&ps=13740610&shp=30310797&shcp=ff37627b&idc=my3
Definitely will try this,0,0,2026-04-15T19:35:46.000Z,shevycake,https://www.tiktok.com/@beautyworld51/video/7628594161582673160,6724029162561356805,7629071798756524813,https://p19-common-sign.tiktokcdn.com/tos-maliva-avt-0068/d6004a5fea29c08230236464d774d440~tplv-tiktokx-cropcenter:100:100.jpg?dr=14579&refresh_token=08e27b11&x-expires=1778140800&x-signature=mkJQep45%2BJawF9F0c4MA4cJIBYs%3D&t=4d5b0474&ps=13740610&shp=30310797&shcp=ff37627b&idc=my3
😍Love itt,0,0,2026-04-09T06:05:02.000Z,precious_ugc01,https://www.tiktok.com/@funmiomookun/video/7626230634859482389,7094953207823139846,7626636514222490389,https://p16-common-sign.tiktokcdn-us.com/tos-alisg-avt-0068/c7f2aef27778ca5042dd805cf7f0ee78~tplv-tiktokx-cropcenter:100:100.jpg?dr=9640&refresh_token=ef116a1a&x-expires=1778140800&x-signature=AUhcQ0dwNpEoz8%2Bdyhllq3vuseo%3D&t=4d5b0474&ps=13740610&shp=30310797&shcp=ff37627b&idc=useast8
Need this🤩🤩,0,0,2026-04-09T02:35:09.000Z,itskavv.k,https://www.tiktok.com/@funmiomookun/video/7626230634859482389,7114418178097136645,7626582427909243666,https://p16-common-sign.tiktokcdn-us.com/tos-alisg-avt-0068/c6faa26b3cc330cfb23554d8bc24cb78~tplv-tiktokx-cropcenter:100:100.jpg?dr=9640&refresh_token=df6028e6&x-expires=1778140800&x-signature=X5ItWZZTw%2BRUkiR3YV3IC5tNMKs%3D&t=4d5b0474&ps=13740610&shp=30310797&shcp=ff37627b&idc=useast8
Lip mask is so smart 🥰 i need to try this,0,0,2026-04-09T05:36:16.000Z,_embenhi11,https://www.tiktok.com/@funmiomookun/video/7626230634859482389,23994869,7626629078184018709,https://p16-common-sign.tiktokcdn-us.com/tos-alisg-avt-0068/b657f3a4f8cdffd522a4518875fd1aa3~tplv-tiktokx-cropcenter:100:100.jpg?dr=9640&refresh_token=0adab142&x-expires=1778140800&x-signature=tXKqpNA0ei2Unn6vhq18G6%2Bvvy0%3D&t=4d5b0474&ps=13740610&shp=30310797&shcp=ff37627b&idc=useast8
Looks so good 😊,0,0,2026-04-09T04:48:26.000Z,lanaugc.creator,https://www.tiktok.com/@funmiomookun/video/7626230634859482389,7248033558450783275,7626616736376537887,https://p19-common-sign.tiktokcdn-us.com/tos-useast8-avt-0068-tx2/58398ce4a7f4d75ca830c24c465744b1~tplv-tiktokx-cropcenter:100:100.jpg?dr=9640&refresh_token=45821334&x-expires=1778140800&x-signature=rFDSj7CB96ukzGjpQgNCt0VN3%2FI%3D&t=4d5b0474&ps=13740610&shp=30310797&shcp=ff37627b&idc=useast8
Omg! This looks so good😍,0,0,2026-04-09T05:21:04.000Z,thequeenetudoh,https://www.tiktok.com/@funmiomookun/video/7626230634859482389,7121333185573487622,7626625200070771473,https://p19-common-sign.tiktokcdn-us.com/tos-maliva-avt-0068/fec471d1404a1dd525b99bbaa68c2a24~tplv-tiktokx-cropcenter:100:100.jpg?dr=9640&refresh_token=66923064&x-expires=1778140800&x-signature=Rw6zH5OIyW4C1oMP3PuIRgn%2BovQ%3D&t=4d5b0474&ps=13740610&shp=30310797&shcp=ff37627b&idc=useast8
Absolutely love the mask🥰,0,0,2026-04-09T00:09:01.000Z,glossyglowylilly,https://www.tiktok.com/@funmiomookun/video/7626230634859482389,7423136736412959750,7626544720852763400,https://p19-common-sign.tiktokcdn-us.com/tos-alisg-avt-0068/90ff7fa3fb6724bb42850f8f3f1fdf41~tplv-tiktokx-cropcenter:100:100.jpg?dr=9640&refresh_token=09ee8fcf&x-expires=1778140800&x-signature=JvDEi32uFR%2FRTjDt3rLYvEnO%2BJ8%3D&t=4d5b0474&ps=13740610&shp=30310797&shcp=ff37627b&idc=useast8
Wow thats very interesting,0,0,2026-04-09T03:52:01.000Z,huneza21,https://www.tiktok.com/@funmiomookun/video/7626230634859482389,6544055550252946432,7626602197836579614,https://p16-common-sign.tiktokcdn-us.com/tos-useast8-avt-0068-tx2/43e1106bcefac00cee4e27a4e59e4acb~tplv-tiktokx-cropcenter:100:100.jpg?dr=9640&refresh_token=b5f6c91f&x-expires=1778140800&x-signature=7oRZJTfEVFq315o1Q4nF%2BmFug5c%3D&t=4d5b0474&ps=13740610&shp=30310797&shcp=ff37627b&idc=useast8
Omg I dropped it,0,0,2026-04-09T04:43:32.000Z,salzworld7,https://www.tiktok.com/@funmiomookun/video/7626230634859482389,6518413329286971393,7626615514734887700,https://p19-common-sign.tiktokcdn-us.com/tos-alisg-avt-0068/d76c1411959b7796087ebdfd9658d1e8~tplv-tiktokx-cropcenter:100:100.jpg?dr=9640&refresh_token=0b92bbdd&x-expires=1778140800&x-signature=hy4pNjurN6lmK4kokfoJ8Ky3qik%3D&t=4d5b0474&ps=13740610&shp=30310797&shcp=ff37627b&idc=useast8
I need this routine,0,0,2026-04-09T04:20:21.000Z,tinkersparkle7,https://www.tiktok.com/@funmiomookun/video/7626230634859482389,7289156176498852906,7626609343731991309,https://p16-common-sign.tiktokcdn-us.com/tos-useast5-avt-0068-tx/928ac022867d5ab694896e7aa70e938e~tplv-tiktokx-cropcenter:100:100.jpg?dr=9640&refresh_token=7cb3ac27&x-expires=1778140800&x-signature=mRGSIt9Lt4nKqFZMNs0AGbTUHQE%3D&t=4d5b0474&ps=13740610&shp=30310797&shcp=ff37627b&idc=useast8
Looks soooo amazing❤️,1,0,2026-04-21T00:06:49.000Z,rogerroosmama12,https://www.tiktok.com/@glowwithkimfnp/video/7630850803120557343,6947072116681131013,7630997174248489758,https://p16-common-sign.tiktokcdn-us.com/tos-useast8-avt-0068-tx2/770a8ebad09e063166433bf6040338c6~tplv-tiktokx-cropcenter:100:100.jpg?dr=9640&refresh_token=7b8df1ae&x-expires=1778140800&x-signature=fJglypr8hfN83RFWD02sU8N%2FYs4%3D&t=4d5b0474&ps=13740610&shp=30310797&shcp=ff37627b&idc=useast5
It looks so cool💕💕,1,0,2026-04-26T15:52:06.000Z,carefree_cass,https://www.tiktok.com/@glowwithkimfnp/video/7630850803120557343,7507685525077460014,7633096229412537119,https://p19-common-sign.tiktokcdn-us.com/tos-useast8-avt-0068-tx2/17ffb3c34a352f680b15d18330a570c4~tplv-tiktokx-cropcenter:100:100.jpg?dr=9640&refresh_token=a7a71036&x-expires=1778140800&x-signature=Ok7G3u%2FnLmwIvYDpR%2Bv0aF940U4%3D&t=4d5b0474&ps=13740610&shp=30310797&shcp=ff37627b&idc=useast5
I would loveeee to try a lip mask but I think it will not stick because of my beard 😳,2,1,2026-04-19T13:57:52.000Z,emanuelboliveira,https://www.tiktok.com/@joselinastyle/video/7630467861739474199,6887302775517807618,7630469222061163297,https://p19-common-sign.tiktokcdn-us.com/tos-useast2a-avt-0068-euttp/eb7a77fb7c045462ec8fc6cbb83bbd83~tplv-tiktokx-cropcenter:100:100.jpg?dr=9640&refresh_token=a22e5331&x-expires=1778140800&x-signature=nveeJSKD45rhWCQ2MJkq5OR0%2FF4%3D&t=4d5b0474&ps=13740610&shp=30310797&shcp=ff37627b&idc=useast8
"Wow, I don’t have anything like this for lips ❤️",1,1,2026-04-19T15:16:27.000Z,tanyats.beauty,https://www.tiktok.com/@joselinastyle/video/7630467861739474199,7244187151380890651,7630489470428660513,https://p16-common-sign.tiktokcdn-us.com/tos-useast2a-avt-0068-euttp/9e348a9afb86f5cb538f09e364e181c5~tplv-tiktokx-cropcenter:100:100.jpg?dr=9640&refresh_token=30c55d64&x-expires=1778140800&x-signature=Xz7FUiC78fdjcQTMzy4nouKu1bA%3D&t=4d5b0474&ps=13740610&shp=30310797&shcp=ff37627b&idc=useast8
lips became so soft & plump😍,1,1,2026-04-19T14:47:37.000Z,glowithjet_,https://www.tiktok.com/@joselinastyle/video/7630467861739474199,7396976448748422160,7630482057756001042,https://p16-common-sign.tiktokcdn-us.com/tos-alisg-avt-0068/8a758641fa42689df8da4d767ea7a7a2~tplv-tiktokx-cropcenter:100:100.jpg?dr=9640&refresh_token=cbff121d&x-expires=1778140800&x-signature=8I8cQum0SqfxCEJ%2BssZNmvJPSaA%3D&t=4d5b0474&ps=13740610&shp=30310797&shcp=ff37627b&idc=useast8
Love it 💕💕,1,0,2026-04-19T20:43:56.000Z,ingsxg,https://www.tiktok.com/@joselinastyle/video/7630467861739474199,7410755862933177387,7630573786665108254,https://p16-common-sign.tiktokcdn-us.com/tos-useast8-avt-0068-tx2/854abc0800ff2c627418da3f909c42d5~tplv-tiktokx-cropcenter:100:100.jpg?dr=9640&refresh_token=5fa5c86d&x-expires=1778140800&x-signature=i5fHSyeSjOoizFD5aoS7CUilPDU%3D&t=4d5b0474&ps=13740610&shp=30310797&shcp=ff37627b&idc=useast8
Haven’t seen lips patches before 😳💖,1,1,2026-04-19T17:54:00.000Z,eraofalena,https://www.tiktok.com/@joselinastyle/video/7630467861739474199,7400107347567412256,7630530077004366614,https://p19-common-sign.tiktokcdn-us.com/tos-maliva-avt-0068/29a413b86fe541534247168eecf5f379~tplv-tiktokx-cropcenter:100:100.jpg?dr=9640&refresh_token=2fb99f92&x-expires=1778140800&x-signature=X8%2BH5OhsYZ2%2F19QDRMTCWqNpI4I%3D&t=4d5b0474&ps=13740610&shp=30310797&shcp=ff37627b&idc=useast8
Looks nice 🤩🤩🤩,1,1,2026-04-19T13:54:32.000Z,elur.xoxo,https://www.tiktok.com/@joselinastyle/video/7630467861739474199,6940685767187399686,7630468343111664416,https://p19-common-sign.tiktokcdn-us.com/tos-maliva-avt-0068/4fa1e29e2c3cd907122b6d71227c83e3~tplv-tiktokx-cropcenter:100:100.jpg?dr=9640&refresh_token=c7312cd5&x-expires=1778140800&x-signature=T6PG%2BwKvGAP2cBvmDD59SWzydC8%3D&t=4d5b0474&ps=13740610&shp=30310797&shcp=ff37627b&idc=useast8
the design is stunning,1,0,2026-04-19T21:33:33.000Z,ajitafhm.byshana.e,https://www.tiktok.com/@joselinastyle/video/7630467861739474199,7236732318689608710,7630586619691287304,https://p16-common-sign.tiktokcdn-us.com/tos-maliva-avt-0068/713bcdf66d0a69aa3d0390e44ae07906~tplv-tiktokx-cropcenter:100:100.jpg?dr=9640&refresh_token=5b3ae989&x-expires=1778140800&x-signature=AV30S3ISIkqPoBubhIFwVb9Sz8M%3D&t=4d5b0474&ps=13740610&shp=30310797&shcp=ff37627b&idc=useast8
face and lip mask love 😍 especially the lip mask,1,0,2026-04-20T10:48:28.000Z,skinwithe1,https://www.tiktok.com/@joselinastyle/video/7630467861739474199,6828514265365677062,7630791490415411989,https://p19-common-sign.tiktokcdn-us.com/tos-maliva-avt-0068/8ef01a6058238aa7829a8fc917aa30c8~tplv-tiktokx-cropcenter:100:100.jpg?dr=9640&refresh_token=d80a3e4e&x-expires=1778140800&x-signature=MKPU8ZjkYG%2BpfmkeTP4T6aUNt2g%3D&t=4d5b0474&ps=13740610&shp=30310797&shcp=ff37627b&idc=useast8
Omg need them both!!😻,1,0,2026-04-20T15:13:54.000Z,_romeeow03,https://www.tiktok.com/@joselinastyle/video/7630467861739474199,6563842499306962949,7630859900498854673,https://p16-common-sign.tiktokcdn-us.com/tos-alisg-avt-0068/5644ec5e64e5a0ba8ab10566e273c1f4~tplv-tiktokx-cropcenter:100:100.jpg?dr=9640&refresh_token=e71c4c6e&x-expires=1778140800&x-signature=TCXuXdLyjSiveyvU49BTFCCgntc%3D&t=4d5b0474&ps=13740610&shp=30310797&shcp=ff37627b&idc=useast8
need the lip mask 😍,1,1,2026-04-19T14:12:21.000Z,loviu.am,https://www.tiktok.com/@joselinastyle/video/7630467861739474199,7345880447911560225,7630472929625473814,https://p19-common-sign.tiktokcdn-us.com/tos-maliva-avt-0068/5f642bf1b1ca810f73d38307a8c5af62~tplv-tiktokx-cropcenter:100:100.jpg?dr=9640&refresh_token=1d743ad5&x-expires=1778140800&x-signature=T0LVUethzFKFs0RXaWs8NLwWp0A%3D&t=4d5b0474&ps=13740610&shp=30310797&shcp=ff37627b&idc=useast8
Love this lip mask,1,0,2026-04-21T14:32:12.000Z,fhaydskincarecreator,https://www.tiktok.com/@joselinastyle/video/7630467861739474199,7434278357315224622,7631220160032506655,https://p19-common-sign.tiktokcdn-us.com/tos-useast8-avt-0068-tx2/0206fecc0d7268744098d8f49db68e12~tplv-tiktokx-cropcenter:100:100.jpg?dr=9640&refresh_token=6697883c&x-expires=1778140800&x-signature=zDP6zTH9rHDC30JLF8NUy%2F6JOWo%3D&t=4d5b0474&ps=13740610&shp=30310797&shcp=ff37627b&idc=useast8
omg how cute 😍,1,0,2026-04-20T00:54:51.000Z,glamwith.zee,https://www.tiktok.com/@joselinastyle/video/7630467861739474199,7338613583088256006,7630638472164524821,https://p16-common-sign.tiktokcdn-us.com/tos-alisg-avt-0068/27705cde0b92bc7ab92ca743755fc038~tplv-tiktokx-cropcenter:100:100.jpg?dr=9640&refresh_token=f21674b9&x-expires=1778140800&x-signature=5nhlNXdJBpBWfTKlog6kZ76krEQ%3D&t=4d5b0474&ps=13740610&shp=30310797&shcp=ff37627b&idc=useast8
Trop sympa !,1,1,2026-04-19T19:00:02.000Z,_tan.kitty_,https://www.tiktok.com/@joselinastyle/video/7630467861739474199,7195145196878742534,7630547087746581268,https://p19-common-sign.tiktokcdn-us.com/tos-alisg-avt-0068/5c28454fe026251b5ecec383f2a0a52e~tplv-tiktokx-cropcenter:100:100.jpg?dr=9640&refresh_token=38fdc09c&x-expires=1778140800&x-signature=oA70J661%2Fafcxw%2F9OVnutrowQCI%3D&t=4d5b0474&ps=13740610&shp=30310797&shcp=ff37627b&idc=useast8
Omg this is so cool 💋,1,0,2026-04-20T13:08:57.000Z,yeonjinaahh,https://www.tiktok.com/@joselinastyle/video/7630467861739474199,7508577159444382727,7630827681031340807,https://p19-common-sign.tiktokcdn-us.com/tos-alisg-avt-0068/d637209683caef2acce19473502cffe7~tplv-tiktokx-cropcenter:100:100.jpg?dr=9640&refresh_token=9c82f7d2&x-expires=1778140800&x-signature=9K2gFLvI3IZPaz3clp6x7HeVC2c%3D&t=4d5b0474&ps=13740610&shp=30310797&shcp=ff37627b&idc=useast8
Need it for my dry lips 💕,1,1,2026-04-19T14:24:19.000Z,imsyneathita2,https://www.tiktok.com/@joselinastyle/video/7630467861739474199,7422623835130889223,7630476050186715924,https://p19-common-sign.tiktokcdn-us.com/tos-alisg-avt-0068/1b98c0eff9e3df54a3d6944578fcec4d~tplv-tiktokx-cropcenter:100:100.jpg?dr=9640&refresh_token=78bdb9bc&x-expires=1778140800&x-signature=f9HMxEgUpmw%2BL1aWXHEQWNibhgo%3D&t=4d5b0474&ps=13740610&shp=30310797&shcp=ff37627b&idc=useast8
Wow need to try this lip mask💋💋💋💋💋,1,0,2026-04-20T00:45:13.000Z,janete.lee,https://www.tiktok.com/@joselinastyle/video/7630467861739474199,7355451335908983813,7630635979674206997,https://p16-common-sign.tiktokcdn-us.com/tos-alisg-avt-0068/5feceb59eacbcb63141b228703a8bf8e~tplv-tiktokx-cropcenter:100:100.jpg?dr=9640&refresh_token=f17a7b05&x-expires=1778140800&x-signature=qpbExf2XFqgXCCh8jdmUqfzcQvU%3D&t=4d5b0474&ps=13740610&shp=30310797&shcp=ff37627b&idc=useast8
Wow so cute 🥰🥰,1,0,2026-04-19T20:15:33.000Z,gabyyoshikawaa,https://www.tiktok.com/@joselinastyle/video/7630467861739474199,7355355981491012651,7630566513908630303,https://p16-common-sign.tiktokcdn-us.com/tos-useast5-avt-0068-tx/4c578b18fde3eee6c6930e37741102b1~tplv-tiktokx-cropcenter:100:100.jpg?dr=9640&refresh_token=e2b8a38c&x-expires=1778140800&x-signature=cbn0WSdrl8lETpR%2FS9fwbdhymhE%3D&t=4d5b0474&ps=13740610&shp=30310797&shcp=ff37627b&idc=useast8
I need this lip masks 💋,1,1,2026-04-19T21:28:37.000Z,christie_clean_beauty,https://www.tiktok.com/@joselinastyle/video/7630467861739474199,7106003464409498630,7630585377040040726,https://p19-common-sign.tiktokcdn-us.com/tos-maliva-avt-0068/aea4f8892e97772f8c3228c765ef9cbc~tplv-tiktokx-cropcenter:100:100.jpg?dr=9640&refresh_token=d0189ad6&x-expires=1778140800&x-signature=OlpULxDe51AlycKJXgjkT35%2BUx0%3D&t=4d5b0474&ps=13740610&shp=30310797&shcp=ff37627b&idc=useast8
Omg this is so cool !! 🤭,1,0,2026-04-19T18:45:39.000Z,skinkat,https://www.tiktok.com/@joselinastyle/video/7630467861739474199,7311777938545050657,7630543358828512002,https://p16-common-sign.tiktokcdn-us.com/tos-maliva-avt-0068/4f8c8d0b4d20a77116a5037cabb16103~tplv-tiktokx-cropcenter:100:100.jpg?dr=9640&refresh_token=011906e5&x-expires=1778140800&x-signature=p1AhWW%2FWtQI%2BQJO4HCeZ0AStbLk%3D&t=4d5b0474&ps=13740610&shp=30310797&shcp=ff37627b&idc=useast8
So cuteee💖,1,0,2026-04-19T17:27:52.000Z,inadecorea,https://www.tiktok.com/@joselinastyle/video/7630467861739474199,7489380130500412424,7630523355472790280,https://p19-common-sign.tiktokcdn-us.com/tos-alisg-avt-0068/cf85e232af21eb72990392f4c40feabe~tplv-tiktokx-cropcenter:100:100.jpg?dr=9640&refresh_token=eb3243cc&x-expires=1778140800&x-signature=u3mZ5ktUX4RtY4%2BvXJpy6x3Adyg%3D&t=4d5b0474&ps=13740610&shp=30310797&shcp=ff37627b&idc=useast8
So cool,1,0,2026-04-19T14:15:48.000Z,joyyseyy_,https://www.tiktok.com/@joselinastyle/video/7630467861739474199,6545760650299719681,7630473846333145863,https://p19-common-sign.tiktokcdn-us.com/tos-alisg-avt-0068/d886fc31be8c92cfb96b25b1a16a6d20~tplv-tiktokx-cropcenter:100:100.jpg?dr=9640&refresh_token=be69234e&x-expires=1778140800&x-signature=pJpKA1DlLH0QaAEoXlA2CyzXchY%3D&t=4d5b0474&ps=13740610&shp=30310797&shcp=ff37627b&idc=useast8
oohhh so interesting! 💖,0,0,2026-04-22T15:39:12.000Z,yenxggg,https://www.tiktok.com/@joselinastyle/video/7630467861739474199,6806299057138992130,7631608581339366165,https://p16-common-sign.tiktokcdn-us.com/tos-alisg-avt-0068/2333a9dd4926444e71e1c7ca3d151e4b~tplv-tiktokx-cropcenter:100:100.jpg?dr=9640&refresh_token=8edb6718&x-expires=1778140800&x-signature=rRsaKNoIYqvVcGuam%2B3GBNFXAu4%3D&t=4d5b0474&ps=13740610&shp=30310797&shcp=ff37627b&idc=useast8
"Love both the lip mask and gel mask, looks so marvelous 💞",0,0,2026-04-22T13:09:33.000Z,freshmochiskin,https://www.tiktok.com/@joselinastyle/video/7630467861739474199,6846592855798285313,7631570028576031495,https://p16-common-sign.tiktokcdn-us.com/tos-alisg-avt-0068/f2542de0378caf4a5aee05cd76a91fb2~tplv-tiktokx-cropcenter:100:100.jpg?dr=9640&refresh_token=ea0b0289&x-expires=1778140800&x-signature=mdED2mBp4yQ5qoY7Z3%2F0T1SuuMU%3D&t=4d5b0474&ps=13740610&shp=30310797&shcp=ff37627b&idc=useast8
Amazing routine,1,0,2026-04-20T15:59:51.000Z,jamieeeeeeeeee326,https://www.tiktok.com/@joselinastyle/video/7630467861739474199,6688299875845325825,7630871747503899413,https://p19-common-sign.tiktokcdn-us.com/tos-alisg-avt-0068/dadfbd3a8bddf2fed766c0514a4a2768~tplv-tiktokx-cropcenter:100:100.jpg?dr=9640&refresh_token=631c2c55&x-expires=1778140800&x-signature=temdVrrkdPNcwtRy2cmUlQnsFC4%3D&t=4d5b0474&ps=13740610&shp=30310797&shcp=ff37627b&idc=useast8
so cute 💗,0,0,2026-04-20T11:56:28.000Z,yupiyapa,https://www.tiktok.com/@joselinastyle/video/7630467861739474199,6832690444989662214,7630808771615130382,https://p16-common-sign.tiktokcdn-us.com/tos-useast5-avt-0068-tx/b3a0627b9cea6997a4c83b3218b4d584~tplv-tiktokx-cropcenter:100:100.jpg?dr=9640&refresh_token=8b506baa&x-expires=1778140800&x-signature=WNX0ojENOiRPMm9bYwBvmKvd%2FiE%3D&t=4d5b0474&ps=13740610&shp=30310797&shcp=ff37627b&idc=useast8
need to try 😍,0,0,2026-04-20T10:49:46.000Z,ekamemeng,https://www.tiktok.com/@joselinastyle/video/7630467861739474199,7503453138881774612,7630791840710705940,https://p16-common-sign.tiktokcdn-us.com/tos-alisg-avt-0068/40ee1e42490e2832ab04cb5690d234ba~tplv-tiktokx-cropcenter:100:100.jpg?dr=9640&refresh_token=670baef5&x-expires=1778140800&x-signature=K9X61h09YLJu%2B7NotJllFKSRFtI%3D&t=4d5b0474&ps=13740610&shp=30310797&shcp=ff37627b&idc=useast8
I need these 😍😍,0,0,2026-04-20T05:22:52.000Z,amandaa_harrison,https://www.tiktok.com/@joselinastyle/video/7630467861739474199,6731369512568882182,7630707568239805192,https://p16-common-sign.tiktokcdn-us.com/tos-maliva-avt-0068/5798bee2f3f8312d6e3cd15f32e46210~tplv-tiktokx-cropcenter:100:100.jpg?dr=9640&refresh_token=ae75b1cd&x-expires=1778140800&x-signature=ZBeE0VA8eAxvXhaK50UCpUIpb%2Fs%3D&t=4d5b0474&ps=13740610&shp=30310797&shcp=ff37627b&idc=useast8
omg the packaging! 😍😍 need ❤️,1,0,2026-04-19T15:59:03.000Z,byrameez,https://www.tiktok.com/@joselinastyle/video/7630467861739474199,7390804507280802848,7630500429018399511,https://p16-common-sign.tiktokcdn-us.com/tos-maliva-avt-0068/d966c2fc7d7173d1f043b924be44937a~tplv-tiktokx-cropcenter:100:100.jpg?dr=9640&refresh_token=37eacb8b&x-expires=1778140800&x-signature=xTf8aveJea18t3xRwpuD6kG40Mw%3D&t=4d5b0474&ps=13740610&shp=30310797&shcp=ff37627b&idc=useast8
I'd love these 😍,0,0,2026-04-19T15:05:12.000Z,nohasbenson,https://www.tiktok.com/@joselinastyle/video/7630467861739474199,6820490978026963974,7630486548190937878,https://p16-common-sign.tiktokcdn-us.com/tos-maliva-avt-0068/7334369480506048518~tplv-tiktokx-cropcenter:100:100.jpg?dr=9640&refresh_token=053e207b&x-expires=1778140800&x-signature=B5uTYA5%2BtQI2Q0efxUHXbCj1Wkk%3D&t=4d5b0474&ps=13740610&shp=30310797&shcp=ff37627b&idc=useast8
So hydrated 😍,0,0,2026-04-19T14:20:48.000Z,tinka_ugc,https://www.tiktok.com/@joselinastyle/video/7630467861739474199,7365193389564724266,7630474987087069983,https://p16-common-sign.tiktokcdn-us.com/tos-useast8-avt-0068-tx2/4d10b4489e215212daa35fa09e3c0014~tplv-tiktokx-cropcenter:100:100.jpg?dr=9640&refresh_token=84580786&x-expires=1778140800&x-signature=m738J0Uaa1Xswtr2F2pv7Mp38a0%3D&t=4d5b0474&ps=13740610&shp=30310797&shcp=ff37627b&idc=useast8
Need 🥰🥰🥰🥰,0,0,2026-04-26T16:53:52.000Z,lunatik.finds,https://www.tiktok.com/@glow.in.the.chaos/video/7631064607561436429,7596568366362772494,7633112113720525581,https://p19-common-sign.tiktokcdn.com/tos-maliva-avt-0068/a8d8da4da85e070aaa90268bd5ba8a44~tplv-tiktokx-cropcenter:100:100.jpg?dr=14579&refresh_token=b2c7450d&x-expires=1778140800&x-signature=CpRWKROISpOwJKFMpQiqg89ScTU%3D&t=4d5b0474&ps=13740610&shp=30310797&shcp=ff37627b&idc=my
"I swear I don’t even finish what I start anymore 😅🤎
it’s in my TikTok shop if you need it",1,0,2026-04-21T04:47:42.000Z,glow.in.the.chaos,https://www.tiktok.com/@glow.in.the.chaos/video/7631064607561436429,7504684736741278763,7631069504328958734,https://p19-common-sign.tiktokcdn.com/tos-maliva-avt-0068/c3a4fb51773c002df6451640e481a6fc~tplv-tiktokx-cropcenter:100:100.jpg?dr=14579&refresh_token=0bd3de98&x-expires=1778140800&x-signature=%2BtwxU99FU5j0mblv9USsUrd0gRw%3D&t=4d5b0474&ps=13740610&shp=30310797&shcp=ff37627b&idc=my
This mask looks so luxurious ✨,0,0,2026-04-09T02:27:09.000Z,cessavila_,https://www.tiktok.com/@funmiomookun/video/7626230634859482389,6685717154942174213,7626580333907247885,https://p16-common-sign.tiktokcdn.com/tos-maliva-avt-0068/06e49408fd090aa692a5ac66e66eea9e~tplv-tiktokx-cropcenter:100:100.jpg?dr=14579&refresh_token=3afb4da6&x-expires=1778140800&x-signature=62wiQPjsq56QOlRm%2BlUOtYpLuvo%3D&t=4d5b0474&ps=13740610&shp=30310797&shcp=ff37627b&idc=my3
Congratulations lovely products,0,0,2026-04-08T12:10:26.000Z,millesandmapswithmaria,https://www.tiktok.com/@funmiomookun/video/7626230634859482389,7472992369744004118,7626359595656839958,https://p16-common-sign.tiktokcdn.com/tos-maliva-avt-0068/0913946538ce7585d7f8bb349d2cd410~tplv-tiktokx-cropcenter:100:100.jpg?dr=14579&refresh_token=f08f8d81&x-expires=1778140800&x-signature=IJr9ItugN7jeC21S96m80OOWtM8%3D&t=4d5b0474&ps=13740610&shp=30310797&shcp=ff37627b&idc=my3
"Your skin looks so glowy 😍 obsessed, this lip mask looks interesting",0,0,2026-04-08T12:20:54.000Z,remadeinkorea,https://www.tiktok.com/@funmiomookun/video/7626230634859482389,7478922793591374855,7626362281001632533,https://p16-common-sign.tiktokcdn.com/tos-alisg-avt-0068/383af9bb2f893e2818094903cb8572e0~tplv-tiktokx-cropcenter:100:100.jpg?dr=14579&refresh_token=e17b3ba0&x-expires=1778140800&x-signature=LeifGWRtKOfPgqs2g84Oufb%2FLuA%3D&t=4d5b0474&ps=13740610&shp=30310797&shcp=ff37627b&idc=my3
Wow the lip mask🤭,0,0,2026-04-08T19:23:02.000Z,datgirltracy,https://www.tiktok.com/@funmiomookun/video/7626230634859482389,6911331818814784517,7626471097726386977,https://p16-common-sign.tiktokcdn.com/tos-useast2a-avt-0068-euttp/d57888f33dd7ca7496beab9b452a50e2~tplv-tiktokx-cropcenter:100:100.jpg?dr=14579&refresh_token=a534c35b&x-expires=1778140800&x-signature=%2Fryd1J9PbdXSry60x1fS50MeQec%3D&t=4d5b0474&ps=13740610&shp=30310797&shcp=ff37627b&idc=my3
"That mask looks amazing, I have yet to try one of the larger lip masks, you looks",0,0,2026-04-08T14:29:44.000Z,melgaryparker,https://www.tiktok.com/@funmiomookun/video/7626230634859482389,6928864120692409349,7626395335321666317,https://p16-common-sign.tiktokcdn.com/tos-maliva-avt-0068/676f366404cdf1867da3ba204192d70d~tplv-tiktokx-cropcenter:100:100.jpg?dr=14579&refresh_token=feb569f6&x-expires=1778140800&x-signature=VjX7IB2pFuKylWQhB7HK%2FhvUqbY%3D&t=4d5b0474&ps=13740610&shp=30310797&shcp=ff37627b&idc=my3
Love that it’s transparent 🥰 I want that lip mask🥰,0,0,2026-04-08T21:09:29.000Z,debywhyte1,https://www.tiktok.com/@funmiomookun/video/7626230634859482389,6824546944658129925,7626498439649919761,https://p16-sign-sg.tiktokcdn.com/tos-alisg-avt-0068/fcca5242057a20dd2c5015b572801b35~tplv-tiktokx-cropcenter:100:100.jpg?dr=14579&refresh_token=6a302d00&x-expires=1778140800&x-signature=5qRKottwrEmbJtuaEPECwAhvhvY%3D&t=4d5b0474&ps=13740610&shp=30310797&shcp=ff37627b&idc=my3
That bag is packed with hydration 😍,0,0,2026-04-08T14:55:51.000Z,glow_mami,https://www.tiktok.com/@funmiomookun/video/7626230634859482389,7170622265103959046,7626402231067083542,https://p16-common-sign.tiktokcdn.com/tos-maliva-avt-0068/c93dc1b827f5b7d8f45c207f1ec9e2d9~tplv-tiktokx-cropcenter:100:100.jpg?dr=14579&refresh_token=72bfd822&x-expires=1778140800&x-signature=cJHxBiKcLDy0PBSsTGNHMpq%2Fgro%3D&t=4d5b0474&ps=13740610&shp=30310797&shcp=ff37627b&idc=my3
Luv the lip mask!,0,0,2026-04-08T19:34:59.000Z,sherylanne76,https://www.tiktok.com/@funmiomookun/video/7626230634859482389,7226180921731908614,7626474137180324626,https://p16-sign-va.tiktokcdn.com/tos-maliva-avt-0068/dfa7c843fdbd586c70ce9caee7f0532d~tplv-tiktokx-cropcenter:100:100.jpg?dr=14579&refresh_token=4fc560e7&x-expires=1778140800&x-signature=Xd48EEbUY9%2B8p3IeUE%2BZtNA4X70%3D&t=4d5b0474&ps=13740610&shp=30310797&shcp=ff37627b&idc=my3
Love how transparent that mask is and I want that lip mask so bad. Lovely glow.,0,0,2026-04-08T20:31:41.000Z,rebelkushie,https://www.tiktok.com/@funmiomookun/video/7626230634859482389,7254256541384442886,7626488774344475394,https://p16-common-sign.tiktokcdn.com/tos-maliva-avt-0068/1e5c817a6b919d19647505ce15614f32~tplv-tiktokx-cropcenter:100:100.jpg?dr=14579&refresh_token=1b93e61c&x-expires=1778140800&x-signature=E2iH789cfPgFmSVVmgXbQixeDYg%3D&t=4d5b0474&ps=13740610&shp=30310797&shcp=ff37627b&idc=my3
It looks pretty and hydrating,0,0,2026-04-08T16:17:18.000Z,lovethpex,https://www.tiktok.com/@funmiomookun/video/7626230634859482389,7460564674284323846,7626423217268294418,https://p16-common-sign.tiktokcdn.com/tos-maliva-avt-0068/aec696e65526205d05a670c3191cb9b4~tplv-tiktokx-cropcenter:100:100.jpg?dr=14579&refresh_token=b3d700cd&x-expires=1778140800&x-signature=9sqlKeB%2BC%2BPm3Hy9Z6dx6Kgx2Ws%3D&t=4d5b0474&ps=13740610&shp=30310797&shcp=ff37627b&idc=my3
the lip mask is amazing 😍,0,0,2026-04-08T16:58:34.000Z,ela.dolsi,https://www.tiktok.com/@funmiomookun/video/7626230634859482389,7591626477700137996,7626433857210106645,https://p16-common-sign.tiktokcdn.com/tos-alisg-avt-0068/04098c45535f4b5029fa6127fdcb288e~tplv-tiktokx-cropcenter:100:100.jpg?dr=14579&refresh_token=a310f835&x-expires=1778140800&x-signature=yBTRlVDNM%2FwV817MgmvI6tryZJk%3D&t=4d5b0474&ps=13740610&shp=30310797&shcp=ff37627b&idc=my3
It’s so pretty and I love the mask,0,0,2026-04-08T14:58:19.000Z,fhaydskincarecreator,https://www.tiktok.com/@funmiomookun/video/7626230634859482389,7434278357315224622,7626402767732638495,https://p16-common-sign.tiktokcdn.com/tos-maliva-avt-0068/0206fecc0d7268744098d8f49db68e12~tplv-tiktokx-cropcenter:100:100.jpg?dr=14579&refresh_token=42ec41ed&x-expires=1778140800&x-signature=hnjvBCWH61D%2FWRtauM7fHywonQE%3D&t=4d5b0474&ps=13740610&shp=30310797&shcp=ff37627b&idc=my3
need this 😍,0,0,2026-04-08T18:49:00.000Z,tohlu_xx,https://www.tiktok.com/@funmiomookun/video/7626230634859482389,6778887096826479622,7626462301650125588,https://p16-common-sign.tiktokcdn.com/tos-maliva-avt-0068/f06479a67da005457520870f2b448548~tplv-tiktokx-cropcenter:100:100.jpg?dr=14579&refresh_token=9f4da3d4&x-expires=1778140800&x-signature=WoNkf6d7n9wdql4ffo6%2BSylyWt4%3D&t=4d5b0474&ps=13740610&shp=30310797&shcp=ff37627b&idc=my3
This is interesting! Clear mask!!,0,0,2026-04-08T14:02:57.000Z,_llysasoo,https://www.tiktok.com/@funmiomookun/video/7626230634859482389,6689761287985890309,7626388587060413192,https://p19-common-sign.tiktokcdn.com/tos-alisg-avt-0068/fdf7054a137e33bbc90db5e58b7bcff7~tplv-tiktokx-cropcenter:100:100.jpg?dr=14579&refresh_token=4a45914a&x-expires=1778140800&x-signature=3FhejRE5XO2U0livH5YsHO1r2BA%3D&t=4d5b0474&ps=13740610&shp=30310797&shcp=ff37627b&idc=my3
Its literally giving that glass skin vibe since starting 😍😍😍😍,0,0,2026-04-08T13:06:08.000Z,sahana_budhathoki,https://www.tiktok.com/@funmiomookun/video/7626230634859482389,6607582815678660613,7626373935048065812,https://p16-common-sign.tiktokcdn.com/tos-alisg-avt-0068/374fcb4a605ff909e142329b7b7553b2~tplv-tiktokx-cropcenter:100:100.jpg?dr=14579&refresh_token=c42e8f13&x-expires=1778140800&x-signature=At5E1uIkDLbt%2Bm5AjsGnmLl2qPQ%3D&t=4d5b0474&ps=13740610&shp=30310797&shcp=ff37627b&idc=my3
Oooou u even get a mask for the lips 👄 nice,0,0,2026-04-08T12:16:05.000Z,resilientrenn,https://www.tiktok.com/@funmiomookun/video/7626230634859482389,7320538302045766688,7626361014003794710,https://p16-common-sign.tiktokcdn.com/tos-maliva-avt-0068/6026f008e265947eebf3a37c62f4445e~tplv-tiktokx-cropcenter:100:100.jpg?dr=14579&refresh_token=0d05965e&x-expires=1778140800&x-signature=DBVNuOp6zmLcRWL0aEFKiHFRB%2Fc%3D&t=4d5b0474&ps=13740610&shp=30310797&shcp=ff37627b&idc=my3
The lips mask 😍,0,0,2026-04-08T13:38:37.000Z,loviu.am,https://www.tiktok.com/@funmiomookun/video/7626230634859482389,7345880447911560225,7626382311164445462,https://p19-common-sign.tiktokcdn.com/tos-maliva-avt-0068/5f642bf1b1ca810f73d38307a8c5af62~tplv-tiktokx-cropcenter:100:100.jpg?dr=14579&refresh_token=0bc0a28a&x-expires=1778140800&x-signature=OUaWYvzRNzsVUnZn56SYu8ifj%2B4%3D&t=4d5b0474&ps=13740610&shp=30310797&shcp=ff37627b&idc=my3
Esa mascarilla se ve genial 😍 tu piel luce sana y muy hidratada,0,0,2026-04-27T02:09:02.000Z,siempremuyglam,https://www.tiktok.com/@genesisbeauty16/video/7631038473893317919,7302146500606854187,7633255176690336542,https://p16-common-sign.tiktokcdn-us.com/tos-useast8-avt-0068-tx2/33cf50b26e9228465f4ef3f086f628d0~tplv-tiktokx-cropcenter:100:100.jpg?dr=9640&refresh_token=41ebabd5&x-expires=1778140800&x-signature=wiU1yd4hQVXivEd774xd16gMnBA%3D&t=4d5b0474&ps=13740610&shp=30310797&shcp=ff37627b&idc=useast5
La necesito,0,0,2026-04-26T21:54:27.000Z,mayrenisuazo,https://www.tiktok.com/@genesisbeauty16/video/7631038473893317919,6821718810958513158,7633189539318350622,https://p19-common-sign.tiktokcdn-us.com/tos-useast5-avt-0068-tx/ad0a4a80d90fd1df53442b9216099740~tplv-tiktokx-cropcenter:100:100.jpg?dr=9640&refresh_token=cacfcd65&x-expires=1778140800&x-signature=3rMuHEpKphxQ02Fm0ee4F11LhLI%3D&t=4d5b0474&ps=13740610&shp=30310797&shcp=ff37627b&idc=useast5
Amoo😍😍,1,0,2026-04-21T11:46:54.000Z,bymassielperalta,https://www.tiktok.com/@genesisbeauty16/video/7631038473893317919,27103980,7631177483584307982,https://p19-common-sign.tiktokcdn-us.com/tos-useast5-avt-0068-tx/043ce562bad88026f91d8d88aa22130c~tplv-tiktokx-cropcenter:100:100.jpg?dr=9640&refresh_token=1e1efcfd&x-expires=1778140800&x-signature=KPk5rtnK%2BZ1MfKgJrmrSazydSj4%3D&t=4d5b0474&ps=13740610&shp=30310797&shcp=ff37627b&idc=useast5
Omg hahaha amamos! Se ve sabrosaaaa,1,0,2026-04-21T14:18:16.000Z,franyuliinfanti6,https://www.tiktok.com/@genesisbeauty16/video/7631038473893317919,7138544339873530926,7631216553220358943,https://p19-common-sign.tiktokcdn-us.com/tos-useast8-avt-0068-tx2/c2c2e28cfea8a451e63b98e08ea74926~tplv-tiktokx-cropcenter:100:100.jpg?dr=9640&refresh_token=99dbecbb&x-expires=1778140800&x-signature=TuH0arIjYi7WggorXfbX4YjGQLM%3D&t=4d5b0474&ps=13740610&shp=30310797&shcp=ff37627b&idc=useast5
Me encantan tus pestañas 😍,0,0,2026-04-21T04:49:11.000Z,esmeraldadelacruz_,https://www.tiktok.com/@genesisbeauty16/video/7631038473893317919,6715202883048064005,7631069980821979924,https://p19-common-sign.tiktokcdn-us.com/tos-maliva-avt-0068/60236d58aa4f9bf6fda32ff43e1a177a~tplv-tiktokx-cropcenter:100:100.jpg?dr=9640&refresh_token=cbca6aab&x-expires=1778140800&x-signature=66gPBISyT8aQxOxQjCMcfLaf0KQ%3D&t=4d5b0474&ps=13740610&shp=30310797&shcp=ff37627b&idc=useast5
"Hi..
I want to learn quickly from who can do it for me...
I need a shining skin☹️",0,0,2026-05-01T05:19:34.000Z,izuchiformat956,https://www.tiktok.com/@genesisbeauty16/video/7631038473893317919,7411352439642178566,7634788692548567826,https://p19-common-sign.tiktokcdn-us.com/tos-alisg-avt-0068/ba92816ed618cfaefa04d6f7f3c20330~tplv-tiktokx-cropcenter:100:100.jpg?dr=9640&refresh_token=207113e6&x-expires=1778140800&x-signature=5K9UTMm5fgdxltYBvujZhDd%2B4T0%3D&t=4d5b0474&ps=13740610&shp=30310797&shcp=ff37627b&idc=useast5
Hermanaaaaaaa las pestañas 😍😍😍,1,0,2026-04-21T06:30:56.000Z,yohandryr,https://www.tiktok.com/@genesisbeauty16/video/7631038473893317919,7297748531187467307,7631095924303168269,https://p16-common-sign.tiktokcdn-us.com/tos-useast5-avt-0068-tx/4ea7c047fbb763ea20895624372fbddd~tplv-tiktokx-cropcenter:100:100.jpg?dr=9640&refresh_token=b4f6307a&x-expires=1778140800&x-signature=UH%2FeNAc3w6UpbBDX95ch2W8A9zc%3D&t=4d5b0474&ps=13740610&shp=30310797&shcp=ff37627b&idc=useast5
10/10,0,0,2026-04-21T08:03:20.000Z,reyesitoo_,https://www.tiktok.com/@genesisbeauty16/video/7631038473893317919,7060260626887672837,7631120043295736583,https://p16-common-sign.tiktokcdn-us.com/tos-alisg-avt-0068/33420b4c30cd7040cb6d3a7c579bb001~tplv-tiktokx-cropcenter:100:100.jpg?dr=9640&refresh_token=675d6ca2&x-expires=1778140800&x-signature=4%2BNPzjUK1jH5zHoLkBINRW7wQVM%3D&t=4d5b0474&ps=13740610&shp=30310797&shcp=ff37627b&idc=useast5
NECESITO los lip masks 😍,0,0,2026-04-21T02:56:30.000Z,anginzunza,https://www.tiktok.com/@genesisbeauty16/video/7631038473893317919,7405614701890274346,7631040927620236062,https://p16-common-sign.tiktokcdn-us.com/tos-useast8-avt-0068-tx2/afaa573f6da2cb75ff4384fe026f90a2~tplv-tiktokx-cropcenter:100:100.jpg?dr=9640&refresh_token=b50c77f4&x-expires=1778140800&x-signature=RcpMWYTZfU%2FSg7XCUCAG7P6Ysz0%3D&t=4d5b0474&ps=13740610&shp=30310797&shcp=ff37627b&idc=useast5
😍😂,0,0,2026-04-22T18:46:34.000Z,fatimasolares38,https://www.tiktok.com/@genesisbeauty16/video/7631038473893317919,7089490730729964590,7631656646373573390,https://p16-common-sign.tiktokcdn-us.com/tos-useast5-avt-0068-tx/7352591191105339435~tplv-tiktokx-cropcenter:100:100.jpg?dr=9640&refresh_token=790551ed&x-expires=1778140800&x-signature=FCEfHWhKyDiWqMY6sMwMEjznwUY%3D&t=4d5b0474&ps=13740610&shp=30310797&shcp=ff37627b&idc=useast5
🥰🥰🥰,0,0,2026-05-01T05:19:29.000Z,izuchiformat956,https://www.tiktok.com/@genesisbeauty16/video/7631038473893317919,7411352439642178566,7634788651503960839,https://p19-common-sign.tiktokcdn-us.com/tos-alisg-avt-0068/ba92816ed618cfaefa04d6f7f3c20330~tplv-tiktokx-cropcenter:100:100.jpg?dr=9640&refresh_token=207113e6&x-expires=1778140800&x-signature=5K9UTMm5fgdxltYBvujZhDd%2B4T0%3D&t=4d5b0474&ps=13740610&shp=30310797&shcp=ff37627b&idc=useast5
Love this clear mask and the duo mask is so good tooooo 😍😍😍😍,1,0,2026-04-20T02:13:23.000Z,sahana_budhathoki,https://www.tiktok.com/@shevycake/video/7630269783480618253,6607582815678660613,7630658757776737045,https://p16-common-sign.tiktokcdn-us.com/tos-alisg-avt-0068/374fcb4a605ff909e142329b7b7553b2~tplv-tiktokx-cropcenter:100:100.jpg?dr=9640&refresh_token=a5138063&x-expires=1778140800&x-signature=GkrFCCZ9nyU63S5PBZ8BhvEM3PQ%3D&t=4d5b0474&ps=13740610&shp=30310797&shcp=ff37627b&idc=useast5
love your glowing skin,1,1,2026-04-20T04:57:57.000Z,clairekwan1,https://www.tiktok.com/@shevycake/video/7630269783480618253,7018538357244527618,7630701123247489812,https://p16-common-sign.tiktokcdn-us.com/tos-alisg-avt-0068/e87ac99a531d8b2b87425a3f7243dc48~tplv-tiktokx-cropcenter:100:100.jpg?dr=9640&refresh_token=ce19ba5a&x-expires=1778140800&x-signature=7uSza1wx3%2FTezWQs%2FQ59dZYQ7cE%3D&t=4d5b0474&ps=13740610&shp=30310797&shcp=ff37627b&idc=useast5
I won’t take this mask off 🤩,0,0,2026-04-20T22:31:13.000Z,deeenma,https://www.tiktok.com/@shevycake/video/7630269783480618253,7354382267463353377,7630972476869231382,https://p19-common-sign.tiktokcdn-us.com/tos-useast2a-avt-0068-euttp/e09b19600663a1efa8861767f496ce35~tplv-tiktokx-cropcenter:100:100.jpg?dr=9640&refresh_token=d1f3c40c&x-expires=1778140800&x-signature=rO63IPEqSinT%2Bbw9Xj%2BaslG0DJU%3D&t=4d5b0474&ps=13740610&shp=30310797&shcp=ff37627b&idc=useast5
Such an amazing mask,0,0,2026-04-21T13:49:32.000Z,justtiffanys,https://www.tiktok.com/@shevycake/video/7630269783480618253,6800255269194236934,7631208789594112798,https://p16-common-sign.tiktokcdn-us.com/tos-useast8-avt-0068-tx2/ec7bc5fc84fe9e014cdc2ecb9b1d086b~tplv-tiktokx-cropcenter:100:100.jpg?dr=9640&refresh_token=245d4650&x-expires=1778140800&x-signature=DVxs%2BJ5jdiDapz77Pt8g7NX6dAA%3D&t=4d5b0474&ps=13740610&shp=30310797&shcp=ff37627b&idc=useast5
This is such a girly pop skincare routine,1,0,2026-04-20T04:14:46.000Z,omaosita,https://www.tiktok.com/@shevycake/video/7630269783480618253,7349091751821771782,7630690034765480724,https://p16-common-sign.tiktokcdn-us.com/tos-maliva-avt-0068/a35883cdbec87033a2ffc8c2a9cdaf81~tplv-tiktokx-cropcenter:100:100.jpg?dr=9640&refresh_token=face84d8&x-expires=1778140800&x-signature=sy4sudLA6GkYt8TmdhCUcGaIxB8%3D&t=4d5b0474&ps=13740610&shp=30310797&shcp=ff37627b&idc=useast5
This is amazing mask,1,0,2026-04-21T04:22:35.000Z,shilpa0sapkota,https://www.tiktok.com/@shevycake/video/7630269783480618253,6576235978992746502,7631063101735912208,https://p16-common-sign.tiktokcdn-us.com/tos-alisg-avt-0068/111b9c50b349624eaf1a328b4ad2fdf2~tplv-tiktokx-cropcenter:100:100.jpg?dr=9640&refresh_token=d363d913&x-expires=1778140800&x-signature=PbIa989mm%2BqFP4vrtRPA3wVPi80%3D&t=4d5b0474&ps=13740610&shp=30310797&shcp=ff37627b&idc=useast5
😍 looks so amazing,0,0,2026-04-21T14:27:42.000Z,waithera_25,https://www.tiktok.com/@shevycake/video/7630269783480618253,6666785640010629126,7631219081874703111,https://p16-common-sign.tiktokcdn-us.com/tos-alisg-avt-0068/9c151beffd0114def8facdc960696bb1~tplv-tiktokx-cropcenter:100:100.jpg?dr=9640&refresh_token=b0b6d36a&x-expires=1778140800&x-signature=JR3CFjMcVKNGVEo8TWlJEtIuTnM%3D&t=4d5b0474&ps=13740610&shp=30310797&shcp=ff37627b&idc=useast5
You’re so beautiful,1,1,2026-04-20T04:09:06.000Z,xariacarrillo,https://www.tiktok.com/@shevycake/video/7630269783480618253,7428643230340367402,7630688551125910286,https://p16-common-sign.tiktokcdn-us.com/tos-useast5-avt-0068-tx/bcca041bf7bff1ded1339b00702bfc4a~tplv-tiktokx-cropcenter:100:100.jpg?dr=9640&refresh_token=4b93b572&x-expires=1778140800&x-signature=1j7btIaVJMNBCWtDsk4ldWFPymA%3D&t=4d5b0474&ps=13740610&shp=30310797&shcp=ff37627b&idc=useast5
very effective,1,0,2026-04-19T01:54:42.000Z,dilet8584,https://www.tiktok.com/@shevycake/video/7630269783480618253,7331067219792757803,7630282844228895518,https://p16-common-sign.tiktokcdn-us.com/tos-useast8-avt-0068-tx2/b169e8a7c366a244e526641b105b3c4e~tplv-tiktokx-cropcenter:100:100.jpg?dr=9640&refresh_token=83a8760b&x-expires=1778140800&x-signature=KuzYrC0JrGjmU3U68J9k4rfzbY8%3D&t=4d5b0474&ps=13740610&shp=30310797&shcp=ff37627b&idc=useast5
That glass skin,0,0,2026-04-21T00:07:03.000Z,chinnybabe25,https://www.tiktok.com/@shevycake/video/7630269783480618253,6991478445013009413,7630997225079276295,https://p19-common-sign.tiktokcdn-us.com/tos-alisg-avt-0068/7e10d29ba0fd52d569fd865ea85af8b7~tplv-tiktokx-cropcenter:100:100.jpg?dr=9640&refresh_token=84b2989e&x-expires=1778140800&x-signature=oht8AuxYQOMAw4OWGweitYgDl%2Fs%3D&t=4d5b0474&ps=13740610&shp=30310797&shcp=ff37627b&idc=useast5
I need to get my hands on those lip masks,0,0,2026-04-20T23:13:31.000Z,glowingwithjune,https://www.tiktok.com/@shevycake/video/7630269783480618253,7420854285430162464,7630983356377269014,https://p19-common-sign.tiktokcdn-us.com/tos-maliva-avt-0068/f6afb431e87e78690cc54d417a753d86~tplv-tiktokx-cropcenter:100:100.jpg?dr=9640&refresh_token=4ab23c3e&x-expires=1778140800&x-signature=M7YitDLuBsqmlaSzkpz3B8sKTrk%3D&t=4d5b0474&ps=13740610&shp=30310797&shcp=ff37627b&idc=useast5
Oh you are glowing ✨✨,0,0,2026-04-19T06:28:05.000Z,improvebgl,https://www.tiktok.com/@shevycake/video/7630269783480618253,6993268573469623302,7630353250826683158,https://p16-common-sign.tiktokcdn-us.com/tos-maliva-avt-0068/05fa6d67d7878a522ad20d0f01ba35aa~tplv-tiktokx-cropcenter:100:100.jpg?dr=9640&refresh_token=2ded0fec&x-expires=1778140800&x-signature=MSBkxyxPuI%2BHxT%2Fcl6oaON4ByEY%3D&t=4d5b0474&ps=13740610&shp=30310797&shcp=ff37627b&idc=useast5
Out that mask so good 🥰,0,0,2026-04-20T22:13:43.000Z,jay_winnie8,https://www.tiktok.com/@shevycake/video/7630269783480618253,7613400188652274706,7630968025861489426,https://p16-common-sign.tiktokcdn-us.com/tos-alisg-avt-0068/9b8eb6b5ba1f57c25dc557d6bd5053b8~tplv-tiktokx-cropcenter:100:100.jpg?dr=9640&refresh_token=f521f1e0&x-expires=1778140800&x-signature=rJrGJp5CSizO2H6rMAC%2FOxnzidw%3D&t=4d5b0474&ps=13740610&shp=30310797&shcp=ff37627b&idc=useast5
I love them all congratulations,1,1,2026-04-21T01:47:25.000Z,funmiomookun,https://www.tiktok.com/@shevycake/video/7630269783480618253,6810285387089839109,7631023121550705425,https://p19-common-sign.tiktokcdn-us.com/tos-maliva-avt-0068/aafd41a3ab485ede3ee246b04aa81410~tplv-tiktokx-cropcenter:100:100.jpg?dr=9640&refresh_token=e8243678&x-expires=1778140800&x-signature=7PB21VTvFXvHPYKZkqSNXwVpYiY%3D&t=4d5b0474&ps=13740610&shp=30310797&shcp=ff37627b&idc=useast5
skin goals 😍,1,1,2026-04-20T01:25:14.000Z,ela.dolsi,https://www.tiktok.com/@shevycake/video/7630269783480618253,7591626477700137996,7630646295673979669,https://p19-common-sign.tiktokcdn-us.com/tos-alisg-avt-0068/04098c45535f4b5029fa6127fdcb288e~tplv-tiktokx-cropcenter:100:100.jpg?dr=9640&refresh_token=c72f5051&x-expires=1778140800&x-signature=de9CEg1Nm6gbt%2Bbi%2FuXxARVvHxg%3D&t=4d5b0474&ps=13740610&shp=30310797&shcp=ff37627b&idc=useast5
You’re glowing girl,1,1,2026-04-20T00:22:01.000Z,fhaydskincarecreator,https://www.tiktok.com/@shevycake/video/7630269783480618253,7434278357315224622,7630629960139653918,https://p19-common-sign.tiktokcdn-us.com/tos-useast8-avt-0068-tx2/0206fecc0d7268744098d8f49db68e12~tplv-tiktokx-cropcenter:100:100.jpg?dr=9640&refresh_token=6697883c&x-expires=1778140800&x-signature=zDP6zTH9rHDC30JLF8NUy%2F6JOWo%3D&t=4d5b0474&ps=13740610&shp=30310797&shcp=ff37627b&idc=useast5
I love this mask,1,0,2026-04-19T22:46:12.000Z,beautyworld51,https://www.tiktok.com/@shevycake/video/7630269783480618253,7236743361963623429,7630605297145266951,https://p19-common-sign.tiktokcdn-us.com/tos-alisg-avt-0068/cfa72eeedd8040c304d949a1fd782146~tplv-tiktokx-cropcenter:100:100.jpg?dr=9640&refresh_token=8742c5fa&x-expires=1778140800&x-signature=qANrhmgPbFNzopOz%2F1j2v1Exfk0%3D&t=4d5b0474&ps=13740610&shp=30310797&shcp=ff37627b&idc=useast5
Looks so good,1,1,2026-04-19T01:32:56.000Z,olawunmi_ugc,https://www.tiktok.com/@shevycake/video/7630269783480618253,7378032916108887072,7630276854252208918,https://p16-common-sign.tiktokcdn-us.com/tos-maliva-avt-0068/bda419d49be818691988077005624da3~tplv-tiktokx-cropcenter:100:100.jpg?dr=9640&refresh_token=237f4093&x-expires=1778140800&x-signature=x6OVdAExYOjc3UwJkFPVqQRvKvw%3D&t=4d5b0474&ps=13740610&shp=30310797&shcp=ff37627b&idc=useast5
Your skin??? It’s amazing 😍😍,1,1,2026-04-23T17:05:43.000Z,debywhyte1,https://www.tiktok.com/@shevycake/video/7630269783480618253,6824546944658129925,7632001957892981521,https://p16-common-sign.tiktokcdn-us.com/tos-alisg-avt-0068/fcca5242057a20dd2c5015b572801b35~tplv-tiktokx-cropcenter:100:100.jpg?dr=9640&refresh_token=57802d63&x-expires=1778140800&x-signature=ZJhQnyFiDM%2FmS185eHkFLcWnc3E%3D&t=4d5b0474&ps=13740610&shp=30310797&shcp=ff37627b&idc=useast5
Instant hydration boost 🥰,1,0,2026-04-21T13:09:44.000Z,ugcnatali,https://www.tiktok.com/@shevycake/video/7630269783480618253,7326617951041176581,7631198982006817553,https://p19-common-sign.tiktokcdn-us.com/tos-alisg-avt-0068/e4fa05d26f3b7c68642d3b1b70a16bc2~tplv-tiktokx-cropcenter:100:100.jpg?dr=9640&refresh_token=23935cde&x-expires=1778140800&x-signature=g6Ak4pcz5wLFybKJ83htiZ17rvU%3D&t=4d5b0474&ps=13740610&shp=30310797&shcp=ff37627b&idc=useast5
Wow!! This looks amazing 😍😍,0,0,2026-04-20T23:52:21.000Z,unboxwith_ke,https://www.tiktok.com/@shevycake/video/7630269783480618253,7264612508429763616,7630993208214946582,https://p16-common-sign.tiktokcdn-us.com/tos-maliva-avt-0068/6431c7a21a608a6231c63c03d17fa43f~tplv-tiktokx-cropcenter:100:100.jpg?dr=9640&refresh_token=d05fac1e&x-expires=1778140800&x-signature=RXeEOVyEKlfohC9%2BYb46m03oT6Q%3D&t=4d5b0474&ps=13740610&shp=30310797&shcp=ff37627b&idc=useast5
your skin looks gorgeous,0,0,2026-04-20T22:08:12.000Z,k_slimzy,https://www.tiktok.com/@shevycake/video/7630269783480618253,6811816343799120902,7630966616699699990,https://p16-common-sign.tiktokcdn-us.com/tos-maliva-avt-0068/df94c3dd014894e6d4daa37168ce19bd~tplv-tiktokx-cropcenter:100:100.jpg?dr=9640&refresh_token=9afdd29d&x-expires=1778140800&x-signature=kNdU%2B1Ej77Sqj8GZbUgsyevHH6k%3D&t=4d5b0474&ps=13740610&shp=30310797&shcp=ff37627b&idc=useast5
So hydrating,0,0,2026-04-20T22:04:03.000Z,shilehzkhan,https://www.tiktok.com/@shevycake/video/7630269783480618253,7480174414501168161,7630965500789965590,https://p19-common-sign.tiktokcdn-us.com/tos-maliva-avt-0068/f31bbeea9ae42ff66fdde03ec6f4d8c2~tplv-tiktokx-cropcenter:100:100.jpg?dr=9640&refresh_token=bacec6a3&x-expires=1778140800&x-signature=ceG%2BAge5GCTGVMoRgZ%2BX%2FHVaVTQ%3D&t=4d5b0474&ps=13740610&shp=30310797&shcp=ff37627b&idc=useast5
Todo es súper cute 💕,0,0,2026-04-20T21:48:47.000Z,yoligarciac,https://www.tiktok.com/@shevycake/video/7630269783480618253,6792048389770937349,7630961610740007687,https://p16-common-sign.tiktokcdn-us.com/tos-alisg-avt-0068/d0934b5cda689de4d8ecb7acd94f32f1~tplv-tiktokx-cropcenter:100:100.jpg?dr=9640&refresh_token=ca102bc4&x-expires=1778140800&x-signature=69ffJDGf66S2pcNdGLY80VxdkWo%3D&t=4d5b0474&ps=13740610&shp=30310797&shcp=ff37627b&idc=useast5
Your skin looks like glass,0,0,2026-04-20T14:59:58.000Z,barespice,https://www.tiktok.com/@shevycake/video/7630269783480618253,7467966464915932193,7630856284971844374,https://p16-common-sign.tiktokcdn-us.com/tos-maliva-avt-0068/a5d956146d6dd0860d1284abe6f802a7~tplv-tiktokx-cropcenter:100:100.jpg?dr=9640&refresh_token=b9c0232b&x-expires=1778140800&x-signature=AcS36I5AGPeV40%2Bi%2FRnV7fR%2BCJo%3D&t=4d5b0474&ps=13740610&shp=30310797&shcp=ff37627b&idc=useast5
the glow 😍✨,0,0,2026-04-20T14:38:24.000Z,nerissapark,https://www.tiktok.com/@shevycake/video/7630269783480618253,6918596524072354818,7630850755653944085,https://p19-common-sign.tiktokcdn-us.com/tos-alisg-avt-0068/b233cb8053aad91508b3755137b0427b~tplv-tiktokx-cropcenter:100:100.jpg?dr=9640&refresh_token=2cb8f0b6&x-expires=1778140800&x-signature=MRL8h17GPPdydof2Tl71%2F7Z5HKM%3D&t=4d5b0474&ps=13740610&shp=30310797&shcp=ff37627b&idc=useast5
I want that set too. The lip masks are so cute.,0,0,2026-04-20T13:21:03.000Z,rebelkushie,https://www.tiktok.com/@shevycake/video/7630269783480618253,7254256541384442886,7630830782743790358,https://p16-common-sign.tiktokcdn-us.com/tos-maliva-avt-0068/1e5c817a6b919d19647505ce15614f32~tplv-tiktokx-cropcenter:100:100.jpg?dr=9640&refresh_token=eb64dc1f&x-expires=1778140800&x-signature=%2B9Bfjf0XOcVTSgLf3%2BJqfi6NY4s%3D&t=4d5b0474&ps=13740610&shp=30310797&shcp=ff37627b&idc=useast5
Obsessed with this mask,0,0,2026-04-20T13:08:04.000Z,mara_hunt88,https://www.tiktok.com/@shevycake/video/7630269783480618253,6867958722368783365,7630827464474247937,https://p16-common-sign.tiktokcdn-us.com/tos-maliva-avt-0068/b4571d860a919a43ecc1216d29fdfb6e~tplv-tiktokx-cropcenter:100:100.jpg?dr=9640&refresh_token=b28db6fe&x-expires=1778140800&x-signature=EripOpjVUnxmYHeFgC0kNgW6Eyw%3D&t=4d5b0474&ps=13740610&shp=30310797&shcp=ff37627b&idc=useast5
Love the glow,0,0,2026-04-20T11:34:09.000Z,pramilathapa574,https://www.tiktok.com/@shevycake/video/7630269783480618253,7207783711684625410,7630803246147879697,https://p16-common-sign.tiktokcdn-us.com/tos-alisg-avt-0068/358259fa60a357058b1b6add0f6e00c8~tplv-tiktokx-cropcenter:100:100.jpg?dr=9640&refresh_token=a0b57c2b&x-expires=1778140800&x-signature=8HglR3Lg1Eu%2B9Kwc5xvIilNOzzg%3D&t=4d5b0474&ps=13740610&shp=30310797&shcp=ff37627b&idc=useast5
The mask looks so cool,0,0,2026-04-19T21:16:40.000Z,missxbubbletea,https://www.tiktok.com/@shevycake/video/7630269783480618253,6777883297382777862,7630582297661735696,https://p19-common-sign.tiktokcdn-us.com/tos-alisg-avt-0068/cbcaacdc692bfd85a1fad719cfb7f5cd~tplv-tiktokx-cropcenter:100:100.jpg?dr=9640&refresh_token=3b873bcf&x-expires=1778140800&x-signature=JyMlSqPqVqnXg7oBqJHWf1DaIAM%3D&t=4d5b0474&ps=13740610&shp=30310797&shcp=ff37627b&idc=useast5
looks very good 😍😍😍,1,1,2026-04-14T21:50:31.000Z,malina.polecajki1989,https://www.tiktok.com/@tunicanadienne.ugc/video/7628713072395439382,7422917484019221536,7628735553082950402,https://p16-common-sign.tiktokcdn-us.com/tos-useast2a-avt-0068-euttp/01141a3f579f85283bab4eb5035ceb9f~tplv-tiktokx-cropcenter:100:100.jpg?dr=9640&refresh_token=bcee56b9&x-expires=1778140800&x-signature=YARWV8xZu88jQxVtnr4ZLHgSbO4%3D&t=4d5b0474&ps=13740610&shp=30310797&shcp=ff37627b&idc=useast8
So gorgeous,1,0,2026-04-16T06:44:45.000Z,jaceface4444,https://www.tiktok.com/@tunicanadienne.ugc/video/7628713072395439382,7434636368003367982,7629244075732878110,https://p19-common-sign.tiktokcdn-us.com/tos-useast8-avt-0068-tx2/3e8c7a49de15541153e8bdb25e717e3e~tplv-tiktokx-cropcenter:100:100.jpg?dr=9640&refresh_token=11bf09d1&x-expires=1778140800&x-signature=d4Bs0Sv7P24irSGM6uOZvYlDV9M%3D&t=4d5b0474&ps=13740610&shp=30310797&shcp=ff37627b&idc=useast8
Love this one❤️,1,0,2026-04-15T03:56:17.000Z,bybonniemaison,https://www.tiktok.com/@tunicanadienne.ugc/video/7628713072395439382,7591914161497949191,7628829839122252562,https://p19-common-sign.tiktokcdn-us.com/tos-alisg-avt-0068/a29aa141e066db0b3d94cde79d8e1a09~tplv-tiktokx-cropcenter:100:100.jpg?dr=9640&refresh_token=a31d154f&x-expires=1778140800&x-signature=%2FYjlioZZ1AXHkvDqijYC09R1G40%3D&t=4d5b0474&ps=13740610&shp=30310797&shcp=ff37627b&idc=useast8
Nice mask,1,0,2026-04-15T07:55:10.000Z,imsyneathita2,https://www.tiktok.com/@tunicanadienne.ugc/video/7628713072395439382,7422623835130889223,7628891414717448981,https://p16-common-sign.tiktokcdn-us.com/tos-alisg-avt-0068/1b98c0eff9e3df54a3d6944578fcec4d~tplv-tiktokx-cropcenter:100:100.jpg?dr=9640&refresh_token=1b9ee2c0&x-expires=1778140800&x-signature=KxWfAwJ93Nh%2FQasjLejQJmCgchg%3D&t=4d5b0474&ps=13740610&shp=30310797&shcp=ff37627b&idc=useast8
Ooo amazing 💕💕,1,0,2026-04-15T18:53:34.000Z,life_onloop,https://www.tiktok.com/@tunicanadienne.ugc/video/7628713072395439382,7174265310206854190,7629060992295830303,https://p16-common-sign.tiktokcdn-us.com/tos-useast8-avt-0068-tx2/75c3c91509d4aa51c3a74ed30c389375~tplv-tiktokx-cropcenter:100:100.jpg?dr=9640&refresh_token=d31033a2&x-expires=1778140800&x-signature=SCQW%2F2wjOAFQ%2B%2BihrUkDZDC0N3s%3D&t=4d5b0474&ps=13740610&shp=30310797&shcp=ff37627b&idc=useast8
Love it 💕💕,1,1,2026-04-15T00:50:59.000Z,ingsxg,https://www.tiktok.com/@tunicanadienne.ugc/video/7628713072395439382,7410755862933177387,7628782047334925086,https://p16-common-sign.tiktokcdn-us.com/tos-useast8-avt-0068-tx2/854abc0800ff2c627418da3f909c42d5~tplv-tiktokx-cropcenter:100:100.jpg?dr=9640&refresh_token=5fa5c86d&x-expires=1778140800&x-signature=i5fHSyeSjOoizFD5aoS7CUilPDU%3D&t=4d5b0474&ps=13740610&shp=30310797&shcp=ff37627b&idc=useast8
Wow amazing glow,0,0,2026-04-20T00:53:07.000Z,l_torres,https://www.tiktok.com/@shevycake/video/7630269783480618253,81199730248081408,7630638045033792287,https://p16-common-sign.tiktokcdn-us.com/tos-useast8-avt-0068-tx2/7e0438ab82c3b812b8612ea0823a7377~tplv-tiktokx-cropcenter:100:100.jpg?dr=9640&refresh_token=233a1e25&x-expires=1778140800&x-signature=6sEx%2F50gvnhuALi57Xi1optAZf4%3D&t=4d5b0474&ps=13740610&shp=30310797&shcp=ff37627b&idc=useast8
Ooh congratulations 🍾,0,0,2026-04-20T05:52:25.000Z,daberespace,https://www.tiktok.com/@shevycake/video/7630269783480618253,7575486986694788097,7630715186530370311,https://p16-common-sign.tiktokcdn-us.com/tos-alisg-avt-0068/1cfca08c702bbf8653a454482792bfe2~tplv-tiktokx-cropcenter:100:100.jpg?dr=9640&refresh_token=48415be7&x-expires=1778140800&x-signature=9NpmWJYJaVLVjj0IQHEnJLtvgc8%3D&t=4d5b0474&ps=13740610&shp=30310797&shcp=ff37627b&idc=useast8
Glowing skin,0,0,2026-04-20T03:28:39.000Z,teddievic,https://www.tiktok.com/@shevycake/video/7630269783480618253,6809371755653743622,7630678137911477000,https://p19-common-sign.tiktokcdn-us.com/tos-alisg-avt-0068/c82a445fcd3189850ed0081bcbc90b4f~tplv-tiktokx-cropcenter:100:100.jpg?dr=9640&refresh_token=5db7ab3c&x-expires=1778140800&x-signature=zlcHqzJKChPgbg3ZF8B4mScbM%2BE%3D&t=4d5b0474&ps=13740610&shp=30310797&shcp=ff37627b&idc=useast8
that's so cool🥰,0,0,2026-04-20T03:39:22.000Z,ireneemejaresbesi,https://www.tiktok.com/@shevycake/video/7630269783480618253,95898328965472256,7630680888104600328,https://p16-common-sign.tiktokcdn-us.com/tos-alisg-avt-0068/78016d894f3e8cc686e377e74d0336e7~tplv-tiktokx-cropcenter:100:100.jpg?dr=9640&refresh_token=aa83649b&x-expires=1778140800&x-signature=GSMVqYtg9v2Z47mxj%2Fbzesfrb%2BI%3D&t=4d5b0474&ps=13740610&shp=30310797&shcp=ff37627b&idc=useast8
Such a good mask,0,0,2026-04-20T00:10:46.000Z,couchboundrealitytv,https://www.tiktok.com/@shevycake/video/7630269783480618253,7328470404870898694,7630627104820806418,https://p19-common-sign.tiktokcdn-us.com/tos-maliva-avt-0068/68dc9eea45c4b34d2a0bc40132e946e3~tplv-tiktokx-cropcenter:100:100.jpg?dr=9640&refresh_token=3a47ef9b&x-expires=1778140800&x-signature=OC6vl7DfMZwE0O1t1zWSRTahOfM%3D&t=4d5b0474&ps=13740610&shp=30310797&shcp=ff37627b&idc=useast8
The glow is insane,0,0,2026-04-20T00:07:37.000Z,rocecil,https://www.tiktok.com/@shevycake/video/7630269783480618253,6799993315136865282,7630626278513525524,https://p19-common-sign.tiktokcdn-us.com/tos-alisg-avt-0068/8930022cf7157b4b1821aa790ecfb589~tplv-tiktokx-cropcenter:100:100.jpg?dr=9640&refresh_token=4dce7d46&x-expires=1778140800&x-signature=mYCh%2BUmzs2zuxpz2xzTJiEZQUi8%3D&t=4d5b0474&ps=13740610&shp=30310797&shcp=ff37627b&idc=useast8
I love this mask 💚,0,0,2026-04-19T23:36:04.000Z,selinophile23,https://www.tiktok.com/@shevycake/video/7630269783480618253,285144564892647424,7630618140439560981,https://p19-common-sign.tiktokcdn-us.com/tos-alisg-avt-0068/b963dcd5dccabf7e0ad0f45ee249c414~tplv-tiktokx-cropcenter:100:100.jpg?dr=9640&refresh_token=1163005a&x-expires=1778140800&x-signature=Nb9Wt59kQb3%2B4sthmyJC5W4i%2F4E%3D&t=4d5b0474&ps=13740610&shp=30310797&shcp=ff37627b&idc=useast8
Your skin looks so good,0,0,2026-04-19T21:39:47.000Z,ashabieats_,https://www.tiktok.com/@shevycake/video/7630269783480618253,6807479464458126342,7630588198822314760,https://p16-common-sign.tiktokcdn-us.com/tos-maliva-avt-0068/f7e8af1cb4d8cc88ab2e8ebc914f2b4e~tplv-tiktokx-cropcenter:100:100.jpg?dr=9640&refresh_token=947910a7&x-expires=1778140800&x-signature=e3Uqhvry2DBjEPepQzZ130MZD70%3D&t=4d5b0474&ps=13740610&shp=30310797&shcp=ff37627b&idc=useast8
#kocostar #amsundaymask #glassskin #crystalskin #glowroutine #glutathionmask  #collagenmask #lipmask #glowroutine #kbeauty,0,0,2026-04-18T16:07:56.000Z,cmv.beautyfaves,https://www.tiktok.com/@cmv.beautyfaves/video/7629741134704545042,6813749871377875974,7630131667949224711,https://p19-common-sign.tiktokcdn-us.com/tos-maliva-avt-0068/f32b7a6b00e6796b97d66731ed562402~tplv-tiktokx-cropcenter:100:100.jpg?dr=9640&refresh_token=4f21dc6f&x-expires=1778140800&x-signature=9OoiCcEKd16D3Dfb3fSQeEbSVKo%3D&t=4d5b0474&ps=13740610&shp=30310797&shcp=ff37627b&idc=useast8
The hydration 🥺it’s a must have in my routine,0,0,2026-04-20T06:05:52.000Z,sarahskincarediary,https://www.tiktok.com/@shevycake/video/7630269783480618253,7601932124173681671,7630718673757799186,https://p16-common-sign.tiktokcdn.com/tos-alisg-avt-0068/bfa687c2f10534efa8c46ea5dabe136b~tplv-tiktokx-cropcenter:100:100.jpg?dr=14579&refresh_token=fb86930d&x-expires=1778140800&x-signature=XcGR%2B7nVhvaaF6O8lkfEc2QxVHM%3D&t=4d5b0474&ps=13740610&shp=30310797&shcp=ff37627b&idc=my3
Your skin is super clear and hydrated 🤗,0,0,2026-04-20T08:06:04.000Z,ms.bolu,https://www.tiktok.com/@shevycake/video/7630269783480618253,7320431351672456234,7630749324985156382,https://p16-common-sign.tiktokcdn.com/tos-maliva-avt-0068/c2f43ef61cd4fe167855b13f81b12737~tplv-tiktokx-cropcenter:100:100.jpg?dr=14579&refresh_token=4ad6ed16&x-expires=1778140800&x-signature=%2FdFkPLjCtG1W1Hb2gxK7CyOYSsg%3D&t=4d5b0474&ps=13740610&shp=30310797&shcp=ff37627b&idc=my3
Omg I really want to try it🥰,1,0,2026-05-01T21:02:46.000Z,ve.beautyy,https://www.tiktok.com/@arlyaspiration/video/7633240072053067022,6930760906083681285,7635031705598133008,https://p19-common-sign.tiktokcdn-us.com/tos-maliva-avt-0068/d9d04c4ebb871cd9aed9ca2790963c06~tplv-tiktokx-cropcenter:100:100.jpg?dr=9640&refresh_token=33e0486d&x-expires=1778140800&x-signature=ysLK7k%2BOvXJpUm5e6P3KkMRcUXI%3D&t=4d5b0474&ps=13740610&shp=30310797&shcp=ff37627b&idc=useast5
OUU WE LOVE A GOOD MASK so satisfying 🤩,1,0,2026-04-28T01:08:49.000Z,cynthiacruzn,https://www.tiktok.com/@arlyaspiration/video/7633240072053067022,6806113605001544710,7633610751667831566,https://p19-common-sign.tiktokcdn-us.com/tos-useast5-avt-0068-tx/326781ff842249d2423a9a4d25e771aa~tplv-tiktokx-cropcenter:100:100.jpg?dr=9640&refresh_token=e566ded6&x-expires=1778140800&x-signature=YGJBFHyhzRK8R8Ky%2FpyrQoel8GY%3D&t=4d5b0474&ps=13740610&shp=30310797&shcp=ff37627b&idc=useast5
The kind of Sundays I like,1,0,2026-04-27T12:37:46.000Z,paolachirinos8,https://www.tiktok.com/@arlyaspiration/video/7633240072053067022,6782373437056369669,7633417161159033613,https://p19-common-sign.tiktokcdn-us.com/tos-useast5-avt-0068-tx/b4b0c7b0ba9e2e72d001bdf2a916ba8e~tplv-tiktokx-cropcenter:100:100.jpg?dr=9640&refresh_token=ee10a449&x-expires=1778140800&x-signature=4iJquFpyVlZfd4lLH%2FiVbmHNAN0%3D&t=4d5b0474&ps=13740610&shp=30310797&shcp=ff37627b&idc=useast5
Your skin looks so hydrated 🥰,1,0,2026-04-27T14:02:24.000Z,its_sahara__,https://www.tiktok.com/@arlyaspiration/video/7633240072053067022,7372704508885828654,7633438945300546317,https://p19-common-sign.tiktokcdn-us.com/tos-useast5-avt-0068-tx/30332f93f61a23fc645c3598fd8bac66~tplv-tiktokx-cropcenter:100:100.jpg?dr=9640&refresh_token=76a4fe9f&x-expires=1778140800&x-signature=4502qVDznaIIawYqMV2oCNqVUcg%3D&t=4d5b0474&ps=13740610&shp=30310797&shcp=ff37627b&idc=useast5
oooo look at that ✨GLOW✨😍,1,0,2026-04-29T16:24:59.000Z,sydni.lempka,https://www.tiktok.com/@arlyaspiration/video/7633240072053067022,6837958236399551493,7634217866011034382,https://p16-common-sign.tiktokcdn-us.com/tos-useast5-avt-0068-tx/37d4db21f23c029335eea991bde43ad6~tplv-tiktokx-cropcenter:100:100.jpg?dr=9640&refresh_token=894b811b&x-expires=1778140800&x-signature=eDdQ1naOaL7daHfFGzOFw%2BsBNTw%3D&t=4d5b0474&ps=13740610&shp=30310797&shcp=ff37627b&idc=useast5
I need tall of this! The lip masks seem to nice!,1,0,2026-04-27T12:21:36.000Z,heeeyitscristina,https://www.tiktok.com/@arlyaspiration/video/7633240072053067022,6922859983761048582,7633412961969079053,https://p19-common-sign.tiktokcdn-us.com/tos-useast5-avt-0068-tx/71db27a22eaa46c0d482119b7ac83257~tplv-tiktokx-cropcenter:100:100.jpg?dr=9640&refresh_token=12b79d8e&x-expires=1778140800&x-signature=bqX1Dkaz%2ByCoWbb2JPjxaw40hD0%3D&t=4d5b0474&ps=13740610&shp=30310797&shcp=ff37627b&idc=useast5
This looks so hydrating,1,0,2026-04-30T01:34:07.000Z,yiselccollado,https://www.tiktok.com/@arlyaspiration/video/7633240072053067022,6873915294056055813,7634359470253146910,https://p16-common-sign.tiktokcdn-us.com/tos-useast8-avt-0068-tx2/b04d3b7186089ce0d22f71273e2dcb80~tplv-tiktokx-cropcenter:100:100.jpg?dr=9640&refresh_token=87845ab2&x-expires=1778140800&x-signature=NKpbcFPpIpve8MKz50nLLCyvUdY%3D&t=4d5b0474&ps=13740610&shp=30310797&shcp=ff37627b&idc=useast5
The self care I need,1,0,2026-04-27T02:48:36.000Z,donnap89,https://www.tiktok.com/@arlyaspiration/video/7633240072053067022,6810098761642656774,7633265325606732575,https://p16-common-sign.tiktokcdn-us.com/tos-useast8-avt-0068-tx2/a825dde621c25e9d5671ceee53ffcd86~tplv-tiktokx-cropcenter:100:100.jpg?dr=9640&refresh_token=bf585335&x-expires=1778140800&x-signature=IH2hjZy0AK6xTkQSPF82PhoOVpg%3D&t=4d5b0474&ps=13740610&shp=30310797&shcp=ff37627b&idc=useast5
I love it 💗💗,1,0,2026-04-27T20:00:43.000Z,issdiana111,https://www.tiktok.com/@arlyaspiration/video/7633240072053067022,6738238802403722245,7633531375123301150,https://p16-common-sign.tiktokcdn-us.com/tos-useast8-avt-0068-tx2/69707f18748f5129165e9874aa64f7d3~tplv-tiktokx-cropcenter:100:100.jpg?dr=9640&refresh_token=abfdc563&x-expires=1778140800&x-signature=%2F5Wo4LWghQKBEK546nYF1vTRnPc%3D&t=4d5b0474&ps=13740610&shp=30310797&shcp=ff37627b&idc=useast5
Flawless 😍 looks so hydrating ✨✨✨,1,0,2026-04-27T03:06:57.000Z,aleejlove,https://www.tiktok.com/@arlyaspiration/video/7633240072053067022,6810551960543347718,7633269998887600910,https://p19-common-sign.tiktokcdn-us.com/tos-useast5-avt-0068-tx/2b36cf57fb462210acd1f3bee0ab5169~tplv-tiktokx-cropcenter:100:100.jpg?dr=9640&refresh_token=05c85e35&x-expires=1778140800&x-signature=f6YvY2wYxjwsO9pzlJ7jR4Zg6GU%3D&t=4d5b0474&ps=13740610&shp=30310797&shcp=ff37627b&idc=useast5
Loveeee me a good reset 😍,0,0,2026-04-29T12:19:00.000Z,momlifeinbows,https://www.tiktok.com/@arlyaspiration/video/7633240072053067022,2537452,7634154449795810078,https://p16-common-sign.tiktokcdn-us.com/tos-useast8-avt-0068-tx2/2ef90d80205d890a8e7c48df6786c206~tplv-tiktokx-cropcenter:100:100.jpg?dr=9640&refresh_token=978d5453&x-expires=1778140800&x-signature=fQgM0hbVQHBOpFoNcmNlFLu%2FzKk%3D&t=4d5b0474&ps=13740610&shp=30310797&shcp=ff37627b&idc=useast5
Glass skin ✨🤩,1,0,2026-05-02T02:10:34.000Z,itssimplyvanessa,https://www.tiktok.com/@arlyaspiration/video/7633240072053067022,6781946845860381702,7635111007731745550,https://p19-common-sign.tiktokcdn-us.com/tos-useast5-avt-0068-tx/301373de7ffed03d7c82d41fc64232f0~tplv-tiktokx-cropcenter:100:100.jpg?dr=9640&refresh_token=84e27e54&x-expires=1778140800&x-signature=mnLfectgwXbTkjcS8FEalmxqACo%3D&t=4d5b0474&ps=13740610&shp=30310797&shcp=ff37627b&idc=useast5
I love a good Sunday reset! 😍,1,0,2026-04-27T14:43:40.000Z,chanteltiedge,https://www.tiktok.com/@arlyaspiration/video/7633240072053067022,6755940313683084293,7633449523021660942,https://p19-common-sign.tiktokcdn-us.com/tos-useast5-avt-0068-tx/4df58a529ee84812eff534ccc69761d7~tplv-tiktokx-cropcenter:100:100.jpg?dr=9640&refresh_token=6c2b3808&x-expires=1778140800&x-signature=YXUN7V7moEpbC%2Be%2BBgcpPXPGLDw%3D&t=4d5b0474&ps=13740610&shp=30310797&shcp=ff37627b&idc=useast5
That glow 😍😍😍,1,0,2026-04-27T02:00:53.000Z,emmiecas94,https://www.tiktok.com/@arlyaspiration/video/7633240072053067022,6755702847570936837,7633253057892074254,https://p16-common-sign.tiktokcdn-us.com/tos-useast5-avt-0068-tx/366c3cb642b4ed9f0a2e03861be5b495~tplv-tiktokx-cropcenter:100:100.jpg?dr=9640&refresh_token=fa39c0f1&x-expires=1778140800&x-signature=IBQMr%2FUHGXrOvz%2Brc6jCwTZRby0%3D&t=4d5b0474&ps=13740610&shp=30310797&shcp=ff37627b&idc=useast5
🥰Wow,1,0,2026-04-27T03:11:05.000Z,sarinana9110,https://www.tiktok.com/@arlyaspiration/video/7633240072053067022,7128186853785830446,7633271185765565198,https://p16-common-sign.tiktokcdn-us.com/tos-useast5-avt-0068-tx/3bce8b6bed7e40e5f4755066b0e641cc~tplv-tiktokx-cropcenter:100:100.jpg?dr=9640&refresh_token=bc944d07&x-expires=1778140800&x-signature=mtfsBUmMr8dNL%2FE8Ip7wt6TqmyU%3D&t=4d5b0474&ps=13740610&shp=30310797&shcp=ff37627b&idc=useast5
Love the glow 😍,1,0,2026-04-27T16:44:32.000Z,andreaa__59,https://www.tiktok.com/@arlyaspiration/video/7633240072053067022,7242739462559056942,7633480751343420191,https://p16-common-sign.tiktokcdn-us.com/tos-useast5-avt-0068-tx/4ea654c6afa1cb4774e27b850688e3f9~tplv-tiktokx-cropcenter:100:100.jpg?dr=9640&refresh_token=80e6add5&x-expires=1778140800&x-signature=6nsY7JMSmbNuOmXuLQwsSxH1HLg%3D&t=4d5b0474&ps=13740610&shp=30310797&shcp=ff37627b&idc=useast5
Love this bestie 😍😍,1,0,2026-04-27T02:03:06.000Z,mawiax,https://www.tiktok.com/@arlyaspiration/video/7633240072053067022,6612323808978862085,7633253695693849358,https://p16-common-sign.tiktokcdn-us.com/tos-useast5-avt-0068-tx/950b0969caee538d7abe81943b331296~tplv-tiktokx-cropcenter:100:100.jpg?dr=9640&refresh_token=72c3e95a&x-expires=1778140800&x-signature=qS%2BmZq4OQzbLLudlwOnVDWQNbLo%3D&t=4d5b0474&ps=13740610&shp=30310797&shcp=ff37627b&idc=useast5
Love it 😍✨✨✨,1,0,2026-04-27T08:08:24.000Z,_abbytobi,https://www.tiktok.com/@arlyaspiration/video/7633240072053067022,6814144345710085125,7633347043444851486,https://p19-common-sign.tiktokcdn-us.com/tos-useast8-avt-0068-tx2/d21b0871c6bfc53025dc902ad52a2471~tplv-tiktokx-cropcenter:100:100.jpg?dr=9640&refresh_token=f6689b20&x-expires=1778140800&x-signature=4gpKRJwUtMhQZGOvMqgNJgk4Q6g%3D&t=4d5b0474&ps=13740610&shp=30310797&shcp=ff37627b&idc=useast5
this pink reset I will need thank you very much 😩😩,0,0,2026-05-01T04:21:42.000Z,meliexrose,https://www.tiktok.com/@arlyaspiration/video/7633240072053067022,6836471053176570886,7634773643881562893,https://p16-common-sign.tiktokcdn-us.com/tos-useast5-avt-0068-tx/3e10bd13226cd0f503f3738e57120712~tplv-tiktokx-cropcenter:100:100.jpg?dr=9640&refresh_token=f843e23e&x-expires=1778140800&x-signature=YXgiR5p7uAS%2FV3WnFTgWDTFco3I%3D&t=4d5b0474&ps=13740610&shp=30310797&shcp=ff37627b&idc=useast5
😍😍😍,1,0,2026-04-29T13:38:52.000Z,laura_lopez0910,https://www.tiktok.com/@arlyaspiration/video/7633240072053067022,6807083903104402438,7634174990187922189,https://p16-common-sign.tiktokcdn-us.com/tos-useast5-avt-0068-tx/b30f1e82ead28babc8c0a5478258f57e~tplv-tiktokx-cropcenter:100:100.jpg?dr=9640&refresh_token=7b0fd43b&x-expires=1778140800&x-signature=xLsX1XUMyc%2Fw4XSIF1Qelg4MW1c%3D&t=4d5b0474&ps=13740610&shp=30310797&shcp=ff37627b&idc=useast5
Qué hidratación ❤️Waoo,0,0,2026-05-02T18:52:16.000Z,masiel2213,https://www.tiktok.com/@mercedeseve/video/7633248330297904402,6629731309780746245,7635369179654374175,https://p19-common-sign.tiktokcdn-us.com/tos-useast8-avt-0068-tx2/bab5bd72f8b01eeeaeaf144a7510c3ae~tplv-tiktokx-cropcenter:100:100.jpg?dr=9640&refresh_token=c6156b30&x-expires=1778140800&x-signature=muY5OecnNG8nrxCIHY4l6O0LzZc%3D&t=4d5b0474&ps=13740610&shp=30310797&shcp=ff37627b&idc=useast5
Love it!! Amo las mascarillas necesito probarla!! Por cierto lindas flores🤍,0,0,2026-05-02T16:07:24.000Z,gigi.bydr,https://www.tiktok.com/@mercedeseve/video/7633248330297904402,7232861489819370539,7635326603917034270,https://p19-common-sign.tiktokcdn-us.com/tos-useast8-avt-0068-tx2/30badfc8f87ba59381d1c908fbe3680b~tplv-tiktokx-cropcenter:100:100.jpg?dr=9640&refresh_token=b977da4c&x-expires=1778140800&x-signature=sEa3LQLmJ0Gv1Na7YC3ewd8PtR0%3D&t=4d5b0474&ps=13740610&shp=30310797&shcp=ff37627b&idc=useast5
Genial para tener una piel con mucho glow🥰,0,0,2026-04-28T15:22:38.000Z,miguelina20195,https://www.tiktok.com/@mercedeseve/video/7633248330297904402,6904797239723590661,7633830850542748423,https://p19-common-sign.tiktokcdn-us.com/tos-alisg-avt-0068/05cffc64ee787d09fc0dc64cdd414e98~tplv-tiktokx-cropcenter:100:100.jpg?dr=9640&refresh_token=12c8abfd&x-expires=1778140800&x-signature=SU3rMn6PLXwsFQVQ2RygdSSIuKM%3D&t=4d5b0474&ps=13740610&shp=30310797&shcp=ff37627b&idc=useast5
Amo las Rutinas,0,0,2026-04-28T14:16:14.000Z,nisy.0,https://www.tiktok.com/@mercedeseve/video/7633248330297904402,7081287547561100293,7633813734079038216,https://p16-common-sign.tiktokcdn-us.com/tos-alisg-avt-0068/1e81efaca75b0cefb388f790299ee6bb~tplv-tiktokx-cropcenter:100:100.jpg?dr=9640&refresh_token=c2a8c0e6&x-expires=1778140800&x-signature=ObUS2GMc%2Fsxt3ZWT61ke%2FWRPslg%3D&t=4d5b0474&ps=13740610&shp=30310797&shcp=ff37627b&idc=useast5
looks amazing💕💕💕,1,1,2026-04-30T19:06:15.000Z,mirrordreams.ugc,https://www.tiktok.com/@viktoriia_androshchuk_/video/7634595823015234824,7128759714738045979,7634630631657653008,https://p16-common-sign.tiktokcdn-us.com/tos-alisg-avt-0068/77dda5dcd27d87634db990c33c957690~tplv-tiktokx-cropcenter:100:100.jpg?dr=9640&refresh_token=4369babd&x-expires=1778140800&x-signature=BB3hwyxfa1DPdRw6wtsId3ug78g%3D&t=4d5b0474&ps=13740610&shp=30310797&shcp=ff37627b&idc=useast5
[Sticker] You’re so pretty!,1,1,2026-04-18T21:41:37.000Z,ellieafzalirad13,https://www.tiktok.com/@autumn_influences/video/7630185878022868255,7518633043646841869,7630217570100740895,https://p16-common-sign.tiktokcdn-us.com/tos-useast8-avt-0068-tx2/c325bbe55b425c7c3b0b3d6e783708cf~tplv-tiktokx-cropcenter:100:100.jpg?dr=9640&refresh_token=c376fcfd&x-expires=1778140800&x-signature=rO%2Fwc8uGEJbw34z%2BFyAYZBmTuts%3D&t=4d5b0474&ps=13740610&shp=30310797&shcp=ff37627b&idc=useast5
first of all the packaging 🔥🔥 gotta get my hands on this,0,0,2026-04-20T01:31:37.000Z,milkybloom.1225,https://www.tiktok.com/@angela.creates.content/video/7630603945081146654,7472646467527083051,7630647973126603533,https://p16-common-sign.tiktokcdn-us.com/tos-useast5-avt-0068-tx/17f55179c4d9bfe8a13a3a58c0442aa6~tplv-tiktokx-cropcenter:100:100.jpg?dr=9640&refresh_token=f631bfa7&x-expires=1778140800&x-signature=Q7uliHGFOMVcfvJVHHFlLAmlWDY%3D&t=4d5b0474&ps=13740610&shp=30310797&shcp=ff37627b&idc=useast8
Amazing patches 🥰,0,0,2026-04-21T16:16:24.000Z,review.with.olya,https://www.tiktok.com/@angela.creates.content/video/7630603945081146654,7348581863387399211,7631246941054518047,https://p16-common-sign.tiktokcdn-us.com/tos-useast8-avt-0068-tx2/4406fb164136b55f2ae1603472a92d33~tplv-tiktokx-cropcenter:100:100.jpg?dr=9640&refresh_token=7f45c166&x-expires=1778140800&x-signature=Pkiek5H9gR%2F6iMZdwUXBhP9mRNw%3D&t=4d5b0474&ps=13740610&shp=30310797&shcp=ff37627b&idc=useast8
"Wow, never seen this before 😳😻",0,0,2026-04-20T01:13:54.000Z,taisa.ugc,https://www.tiktok.com/@angela.creates.content/video/7630603945081146654,7424213586845811755,7630643387997111071,https://p16-common-sign.tiktokcdn-us.com/tos-useast8-avt-0068-tx2/20d81521d60041ed29afa446ac2b1e95~tplv-tiktokx-cropcenter:100:100.jpg?dr=9640&refresh_token=f0dbef00&x-expires=1778140800&x-signature=s3zWYHYnbxygpscmjrkU%2BxES8j4%3D&t=4d5b0474&ps=13740610&shp=30310797&shcp=ff37627b&idc=useast8
love the packaging,0,0,2026-04-20T01:00:14.000Z,diva.bud,https://www.tiktok.com/@angela.creates.content/video/7630603945081146654,7252362859203937322,7630639817907372831,https://p16-common-sign.tiktokcdn-us.com/tos-useast8-avt-0068-tx2/3bf55e3ac1f36063a4a2f31c21a66e1c~tplv-tiktokx-cropcenter:100:100.jpg?dr=9640&refresh_token=b82e6a7f&x-expires=1778140800&x-signature=3BqXW6eRYKrxRgEeT7LL%2FT4LkOA%3D&t=4d5b0474&ps=13740610&shp=30310797&shcp=ff37627b&idc=useast8
Obsessed,0,0,2026-04-20T12:46:02.000Z,annikapaigee,https://www.tiktok.com/@angela.creates.content/video/7630603945081146654,6859509554858705926,7630821576213431053,https://p16-common-sign.tiktokcdn-us.com/tos-useast5-avt-0068-tx/57497644ede7b4ef8da9bb1752172efa~tplv-tiktokx-cropcenter:100:100.jpg?dr=9640&refresh_token=1820868c&x-expires=1778140800&x-signature=uaczIRVRsfZGNMuH1r3pB91OC2g%3D&t=4d5b0474&ps=13740610&shp=30310797&shcp=ff37627b&idc=useast8
Mask for lips 😍 Wooow!,0,0,2026-04-20T21:44:21.000Z,katerynaugc_xo,https://www.tiktok.com/@angela.creates.content/video/7630603945081146654,7574771694385120289,7630960486338790176,https://p16-common-sign.tiktokcdn-us.com/tos-useast2a-avt-0068-euttp/219cee311a23dd76bc2778cfd13f715b~tplv-tiktokx-cropcenter:100:100.jpg?dr=9640&refresh_token=c74327ff&x-expires=1778140800&x-signature=THW%2FaBbZufL7crL%2FJJAA231dbNs%3D&t=4d5b0474&ps=13740610&shp=30310797&shcp=ff37627b&idc=useast8
👏👏👏,0,0,2026-04-20T14:41:19.000Z,yuliipsk2hw,https://www.tiktok.com/@angela.creates.content/video/7630603945081146654,7616393082971358221,7630851339728552718,https://p19-common-sign.tiktokcdn-us.com/tos-useast5-avt-0068-tx/a77ee3b0c6ebe69215fada5b455f0a52~tplv-tiktokx-cropcenter:100:100.jpg?dr=9640&refresh_token=da96cf04&x-expires=1778140800&x-signature=kmgITV%2Bw2lWMgvEdLWFV%2B1%2B8Vhg%3D&t=4d5b0474&ps=13740610&shp=30310797&shcp=ff37627b&idc=useast8
🥰🥰🥰🥰,0,0,2026-04-20T15:32:07.000Z,yury.ugc,https://www.tiktok.com/@angela.creates.content/video/7630603945081146654,7603893917674636301,7630864454997852942,https://p16-common-sign.tiktokcdn-us.com/tos-useast5-avt-0068-tx/67f6e5387fa146f1380a7ec4c4938951~tplv-tiktokx-cropcenter:100:100.jpg?dr=9640&refresh_token=33255e0d&x-expires=1778140800&x-signature=4Lu6lCmFpUYAFEAt0C%2FipP8eMPI%3D&t=4d5b0474&ps=13740610&shp=30310797&shcp=ff37627b&idc=useast8
I love good packaging!!,1,1,2026-04-18T21:58:55.000Z,mannie7257,https://www.tiktok.com/@elida.sahm/video/7627182409288633614,7355659884619957294,7630222035709543199,https://p19-common-sign.tiktokcdn-us.com/tos-useast8-avt-0068-tx2/407cee97d08335404889549c3c50954f~tplv-tiktokx-cropcenter:100:100.jpg?dr=9640&refresh_token=a07dcfcf&x-expires=1778140800&x-signature=TIxtgrzlwTN%2B1ijh95hiQxj8%2Bjw%3D&t=4d5b0474&ps=13740610&shp=30310797&shcp=ff37627b&idc=useast8
Wow😍,0,0,2026-04-11T22:04:14.000Z,velvet_essence,https://www.tiktok.com/@elida.sahm/video/7627182409288633614,7471752430717322262,7627625847495295776,https://p19-common-sign.tiktokcdn-us.com/tos-useast2a-avt-0068-euttp/43581457279011582280efab4d0d93ed~tplv-tiktokx-cropcenter:100:100.jpg?dr=9640&refresh_token=f94ccb46&x-expires=1778140800&x-signature=IXeb9Qk2XkSa%2FG0497bFzCgq194%3D&t=4d5b0474&ps=13740610&shp=30310797&shcp=ff37627b&idc=useast8
Omg how cute!!!,0,0,2026-04-15T22:55:37.000Z,samanthacharuvil,https://www.tiktok.com/@elida.sahm/video/7627182409288633614,7413854460000142379,7629123392328074015,https://p16-common-sign.tiktokcdn-us.com/tos-useast5-avt-0068-tx/5711be6cd12bfb6b9b802387c538599b~tplv-tiktokx-cropcenter:100:100.jpg?dr=9640&refresh_token=e3a6f845&x-expires=1778140800&x-signature=c%2FIbYkR6%2FKHrh6gplssSkA8L8XE%3D&t=4d5b0474&ps=13740610&shp=30310797&shcp=ff37627b&idc=useast8
wow this looks amazing,0,0,2026-04-12T14:45:24.000Z,clairekwan1,https://www.tiktok.com/@elida.sahm/video/7627182409288633614,7018538357244527618,7627883871154258709,https://p19-common-sign.tiktokcdn-us.com/tos-alisg-avt-0068/e87ac99a531d8b2b87425a3f7243dc48~tplv-tiktokx-cropcenter:100:100.jpg?dr=9640&refresh_token=e697fac5&x-expires=1778140800&x-signature=aAXmDn5iDwcTkz2Jck7M%2Fr8oKVc%3D&t=4d5b0474&ps=13740610&shp=30310797&shcp=ff37627b&idc=useast8
ok we getting sexy lips for the summer,1,1,2026-04-11T21:54:16.000Z,josi.happiness,https://www.tiktok.com/@elida.sahm/video/7627182409288633614,7281735116922684462,7627623202394833694,https://p16-common-sign.tiktokcdn-us.com/tos-useast5-avt-0068-tx/c342c057a7347df34de3b193c128b692~tplv-tiktokx-cropcenter:100:100.jpg?dr=9640&refresh_token=4343a1b4&x-expires=1778140800&x-signature=5WleYKMWalu5M%2FupcIXc5PzCfk4%3D&t=4d5b0474&ps=13740610&shp=30310797&shcp=ff37627b&idc=useast8
"Not just pretty, i love their lip mask a lot too💕",1,1,2026-04-11T03:04:37.000Z,glowithsarahlee,https://www.tiktok.com/@elida.sahm/video/7627182409288633614,66566370578,7627332101407032077,https://p19-common-sign.tiktokcdn-us.com/tos-useast5-avt-0068-tx/7deaa1bae2f1a72f0fdb173813eea09e~tplv-tiktokx-cropcenter:100:100.jpg?dr=9640&refresh_token=732e7b3b&x-expires=1778140800&x-signature=AqHpN7ha%2FsSckb59blRnOZ5zaUs%3D&t=4d5b0474&ps=13740610&shp=30310797&shcp=ff37627b&idc=useast8
omg wanna try the one for the lips,0,0,2026-04-11T22:29:35.000Z,rosebuddd_28,https://www.tiktok.com/@elida.sahm/video/7627182409288633614,7595205098747331639,7627632299824841486,https://p19-common-sign.tiktokcdn-us.com/tos-useast5-avt-0068-tx/5334fad70f35856fadc31ae2a2bf70fb~tplv-tiktokx-cropcenter:100:100.jpg?dr=9640&refresh_token=72782186&x-expires=1778140800&x-signature=MbmPKlZUsoLPoq2L6vmwALmTDVQ%3D&t=4d5b0474&ps=13740610&shp=30310797&shcp=ff37627b&idc=useast8
"Love these , want to try😍",1,1,2026-04-11T03:08:52.000Z,aziza.n7,https://www.tiktok.com/@elida.sahm/video/7627182409288633614,7472098927778595882,7627333194694935326,https://p19-common-sign.tiktokcdn-us.com/tos-useast8-avt-0068-tx2/b2407aa30e97489015e34c35c47cb6ba~tplv-tiktokx-cropcenter:100:100.jpg?dr=9640&refresh_token=ed0eda77&x-expires=1778140800&x-signature=sGnlgWOfsD%2FhTIlbGNZCtbIUuO0%3D&t=4d5b0474&ps=13740610&shp=30310797&shcp=ff37627b&idc=useast8
Omg need this for my dry lips!,0,0,2026-04-11T03:39:06.000Z,celyrecs,https://www.tiktok.com/@elida.sahm/video/7627182409288633614,7155342128473211950,7627340786590663455,https://p19-common-sign.tiktokcdn-us.com/tos-useast8-avt-0068-tx2/af945dfac00c09e2e2309dd97e4387e0~tplv-tiktokx-cropcenter:100:100.jpg?dr=9640&refresh_token=fd81cd45&x-expires=1778140800&x-signature=ypot2ZxGIAkk2I%2FACbnV73iQN8w%3D&t=4d5b0474&ps=13740610&shp=30310797&shcp=ff37627b&idc=useast8
The packaging 🔥,0,0,2026-04-11T03:44:22.000Z,missmina.ugc,https://www.tiktok.com/@elida.sahm/video/7627182409288633614,7593835574910469175,7627342393965019935,https://p16-common-sign.tiktokcdn-us.com/tos-useast8-avt-0068-tx2/e0e9fd7e2aa89aa78d56faa41413e7d3~tplv-tiktokx-cropcenter:100:100.jpg?dr=9640&refresh_token=e8831262&x-expires=1778140800&x-signature=xbPptVXUHT%2FKDAk47ni2JPk3bV4%3D&t=4d5b0474&ps=13740610&shp=30310797&shcp=ff37627b&idc=useast8
Wow need thiss🔥😍,0,0,2026-04-11T06:24:28.000Z,manjusglowdiary,https://www.tiktok.com/@elida.sahm/video/7627182409288633614,7557369520962110472,7627383666969182997,https://p19-common-sign.tiktokcdn-us.com/tos-alisg-avt-0068/1aa1606d1a8890e4dc5d528bd3893cf7~tplv-tiktokx-cropcenter:100:100.jpg?dr=9640&refresh_token=68547464&x-expires=1778140800&x-signature=bxcoZN7Ug5WrDXJEjJrGUtag8rU%3D&t=4d5b0474&ps=13740610&shp=30310797&shcp=ff37627b&idc=useast8
Omgg this is amazing!!,0,0,2026-04-11T17:00:03.000Z,jxnlafr_,https://www.tiktok.com/@elida.sahm/video/7627182409288633614,6950613662587487237,7627547394364687134,https://p16-common-sign.tiktokcdn-us.com/tos-useast8-avt-0068-tx2/30e91217fccdfc15d6826e09730b07bf~tplv-tiktokx-cropcenter:100:100.jpg?dr=9640&refresh_token=23ccf37f&x-expires=1778140800&x-signature=mspy1y8n6QXrCl1QyDLjjqoQm3c%3D&t=4d5b0474&ps=13740610&shp=30310797&shcp=ff37627b&idc=useast8
wow amazing,1,1,2026-04-10T17:33:43.000Z,finees.flawless,https://www.tiktok.com/@elida.sahm/video/7627182409288633614,7372305454388986885,7627185100668568327,https://p16-common-sign.tiktokcdn-us.com/tos-alisg-avt-0068/8facf52f8896413c10124345881f1328~tplv-tiktokx-cropcenter:100:100.jpg?dr=9640&refresh_token=90c45fa0&x-expires=1778140800&x-signature=o%2BsjnyPZb9qzUg85haswTUxNjuU%3D&t=4d5b0474&ps=13740610&shp=30310797&shcp=ff37627b&idc=useast8
I need a good lip mask 😍✨,0,0,2026-04-11T08:06:58.000Z,.heyitsjosephine,https://www.tiktok.com/@elida.sahm/video/7627182409288633614,7302398973212378144,7627410062798308118,https://p16-common-sign.tiktokcdn-us.com/tos-no1a-avt-0068c001-no/7cfbacf0feec5e43888eb1b14299000d~tplv-tiktokx-cropcenter:100:100.jpg?dr=9640&refresh_token=3b675449&x-expires=1778140800&x-signature=oGxMCLspGwiobSnzNSZvxYOgJz0%3D&t=4d5b0474&ps=13740610&shp=30310797&shcp=ff37627b&idc=useast8
I like collagen face masks ✨🤍,1,1,2026-04-20T13:44:47.000Z,trendy_beauty_insights,https://www.tiktok.com/@tanya.vel2024/video/7630511994491178253,7181587526811911214,7630836839557759774,https://p16-common-sign.tiktokcdn.com/tos-maliva-avt-0068/87506c37545ee39814b1138888463153~tplv-tiktokx-cropcenter:100:100.jpg?dr=14579&refresh_token=765b06aa&x-expires=1778140800&x-signature=OY83dfA5HKjOiscTk2UeK83AKcE%3D&t=4d5b0474&ps=13740610&shp=30310797&shcp=ff37627b&idc=my2
#collagenmask #glutathionemask #glowroutine #kbeauty,0,0,2026-04-19T16:46:06.000Z,tanya.vel2024,https://www.tiktok.com/@tanya.vel2024/video/7630511994491178253,7386838071671669802,7630512484524704526,https://p16-common-sign.tiktokcdn.com/tos-maliva-avt-0068/7a08057a546a1839ffd2a53a56802db6~tplv-tiktokx-cropcenter:100:100.jpg?dr=14579&refresh_token=96c9369a&x-expires=1778140800&x-signature=qX5EqiPSjI3ApTIRSEvjjmtt660%3D&t=4d5b0474&ps=13740610&shp=30310797&shcp=ff37627b&idc=my2
this collagen mask sounds amazing 😳 i defo need to try this 😍,1,0,2026-04-21T11:25:44.000Z,iconicposterclub,https://www.tiktok.com/@tanya.vel2024/video/7630511994491178253,7545405495327441942,7631172137466118934,https://p16-common-sign.tiktokcdn.com/tos-maliva-avt-0068/193779c84d33179bbeaf180f4a822e37~tplv-tiktokx-cropcenter:100:100.jpg?dr=14579&refresh_token=b15f894b&x-expires=1778140800&x-signature=Vv0rJUZthXM4OLewLYxmKKH5N3Y%3D&t=4d5b0474&ps=13740610&shp=30310797&shcp=ff37627b&idc=my2
This mask is my favorite ✨,1,1,2026-04-29T16:42:27.000Z,dukynka_v_usa,https://www.tiktok.com/@tanya.vel2024/video/7630511994491178253,1.73601E+17,7634222364272378654,https://p16-common-sign.tiktokcdn.com/tos-maliva-avt-0068/567baa534e5ebbd474c2d8a7a1f6b151~tplv-tiktokx-cropcenter:100:100.jpg?dr=14579&refresh_token=cae6e5bc&x-expires=1778140800&x-signature=A47%2BXq%2BthGa%2Br8Z5zdUwG52DvmY%3D&t=4d5b0474&ps=13740610&shp=30310797&shcp=ff37627b&idc=my2
Looks great! I love your routine 🥰,1,1,2026-04-20T15:26:50.000Z,gabyyoshikawaa,https://www.tiktok.com/@tanya.vel2024/video/7630511994491178253,7355355981491012651,7630863136585466655,https://p16-common-sign.tiktokcdn.com/tos-maliva-avt-0068/4c578b18fde3eee6c6930e37741102b1~tplv-tiktokx-cropcenter:100:100.jpg?dr=14579&refresh_token=38f411d0&x-expires=1778140800&x-signature=rhqUf1Ib1ZKPVdIxNCG4NbLHNSs%3D&t=4d5b0474&ps=13740610&shp=30310797&shcp=ff37627b&idc=my2
Perfect routine 😍,1,1,2026-04-19T23:32:24.000Z,daria.krasnv,https://www.tiktok.com/@tanya.vel2024/video/7630511994491178253,6780047188741522438,7630617237518402317,https://p16-sign-va.tiktokcdn.com/tos-maliva-avt-0068/1f1a6abfa26d756fcc958664bb030c62~tplv-tiktokx-cropcenter:100:100.jpg?dr=14579&refresh_token=71789332&x-expires=1778140800&x-signature=wY%2Fida0QWOSlwmMAvYHcA0%2FMM04%3D&t=4d5b0474&ps=13740610&shp=30310797&shcp=ff37627b&idc=my2
wait this mask sounds so good! 😍,0,0,2026-04-20T14:45:31.000Z,ugcjelsantos,https://www.tiktok.com/@tanya.vel2024/video/7630511994491178253,6614310698779705346,7630852607262835457,https://p16-common-sign.tiktokcdn.com/tos-alisg-avt-0068/1d38eeb1df20ee09cc10244d93f15345~tplv-tiktokx-cropcenter:100:100.jpg?dr=14579&refresh_token=b831565c&x-expires=1778140800&x-signature=YmY%2BrChroZ6Q48lR%2FJmnWjqsd6E%3D&t=4d5b0474&ps=13740610&shp=30310797&shcp=ff37627b&idc=my2
This mask looks sound good! I wanna try 🥰,0,0,2026-04-20T14:06:58.000Z,thaodnh1990,https://www.tiktok.com/@tanya.vel2024/video/7630511994491178253,7133913061194810369,7630842537523708686,https://p16-common-sign.tiktokcdn.com/tos-alisg-avt-0068/e43d12ecdd3c05d8556fcc06e1bc4bef~tplv-tiktokx-cropcenter:100:100.jpg?dr=14579&refresh_token=08fa9be7&x-expires=1778140800&x-signature=MBdoj9lrJfK%2FZuZmAbVa%2Fc7P72Q%3D&t=4d5b0474&ps=13740610&shp=30310797&shcp=ff37627b&idc=my2
This face mask looks amazing!!,0,0,2026-04-21T02:09:04.000Z,sarbazaar,https://www.tiktok.com/@tanya.vel2024/video/7630511994491178253,6818744719154709510,7631028675118498590,https://p19-common-sign.tiktokcdn.com/tos-maliva-avt-0068/9b920e667773e99bed3ac5a3694bf0da~tplv-tiktokx-cropcenter:100:100.jpg?dr=14579&refresh_token=045649f3&x-expires=1778140800&x-signature=f8RU8CrScmum9n%2Fz6D%2FQ5%2BOGKqM%3D&t=4d5b0474&ps=13740610&shp=30310797&shcp=ff37627b&idc=my2
I like collagen face masks 💗💗,0,0,2026-04-20T22:41:40.000Z,fashionmejen,https://www.tiktok.com/@tanya.vel2024/video/7630511994491178253,6811711001849250822,7630975246287454989,https://p16-sign-va.tiktokcdn.com/tos-maliva-avt-0068/7335196217469026310~tplv-tiktokx-cropcenter:100:100.jpg?dr=14579&refresh_token=2b7f8c78&x-expires=1778140800&x-signature=tF5MbZ7quEGVfM7Rrb32hwfqVZs%3D&t=4d5b0474&ps=13740610&shp=30310797&shcp=ff37627b&idc=my2
🔥🔥🔥,1,0,2026-04-22T07:48:23.000Z,yulilive,https://www.tiktok.com/@tanya.vel2024/video/7630511994491178253,7314435818264216609,7631487162970686241,https://p16-common-sign.tiktokcdn.com/tos-useast2a-avt-0068-euttp/bc7b2df841729442e1ec0b132892a744~tplv-tiktokx-cropcenter:100:100.jpg?dr=14579&refresh_token=878c8a0b&x-expires=1778140800&x-signature=CmuENs2bC14XdoPtlIpWlFrnk10%3D&t=4d5b0474&ps=13740610&shp=30310797&shcp=ff37627b&idc=my2
I love the lips mask so cute 🥰,0,0,2026-04-13T12:29:01.000Z,dejournal8,https://www.tiktok.com/@ingsxg/video/7626144875355917599,7449960098332214318,7628219623897514766,https://p19-common-sign.tiktokcdn-us.com/tos-useast5-avt-0068-tx/e8966fb81915907591d46df0227a3e5b~tplv-tiktokx-cropcenter:100:100.jpg?dr=9640&refresh_token=dca8d782&x-expires=1778140800&x-signature=wHM%2BrI4rEy3fM2xhHbvydMocCaA%3D&t=4d5b0474&ps=13740610&shp=30310797&shcp=ff37627b&idc=useast5
Wow☺️,0,0,2026-04-17T01:50:59.000Z,o7enamak,https://www.tiktok.com/@ingsxg/video/7626144875355917599,7512208294389777413,7629539710587568914,https://p16-common-sign.tiktokcdn-us.com/tos-alisg-avt-0068/f093413d532bb210f545ed417a3f8d90~tplv-tiktokx-cropcenter:100:100.jpg?dr=9640&refresh_token=5da45ba3&x-expires=1778140800&x-signature=HqZxOVu%2FS6Vg4H0Pifw7JScM1TU%3D&t=4d5b0474&ps=13740610&shp=30310797&shcp=ff37627b&idc=useast5
Ong love this,0,0,2026-04-14T05:30:14.000Z,anayaugc2,https://www.tiktok.com/@ingsxg/video/7626144875355917599,7500191819880760366,7628482820440556301,https://p16-common-sign.tiktokcdn-us.com/tos-useast5-avt-0068-tx/a94eac60fb64caa5d24f1f7c3b779e6e~tplv-tiktokx-cropcenter:100:100.jpg?dr=9640&refresh_token=4d5d07b4&x-expires=1778140800&x-signature=LvEIQJWe4MvAafsHhk7m3lTtey8%3D&t=4d5b0474&ps=13740610&shp=30310797&shcp=ff37627b&idc=useast5
Well okay i need this asap,0,0,2026-04-13T20:45:08.000Z,tieumy.ugc,https://www.tiktok.com/@ingsxg/video/7626144875355917599,6826983475104105477,7628347646671995681,https://p16-common-sign.tiktokcdn-us.com/tos-maliva-avt-0068/0b5313b2c3671f417b4de1669a29aaf2~tplv-tiktokx-cropcenter:100:100.jpg?dr=9640&refresh_token=a8285924&x-expires=1778140800&x-signature=SuLA%2FPe1%2FzKoLABVEEO52XN%2FFos%3D&t=4d5b0474&ps=13740610&shp=30310797&shcp=ff37627b&idc=useast5
"Collagen + Glutathione, what a combo! 😍😍",3,0,2026-04-10T23:50:58.000Z,georgian_princess,https://www.tiktok.com/@ingsxg/video/7626144875355917599,7142166179553100806,7627282156289639200,https://p19-common-sign.tiktokcdn-us.com/tos-useast2a-avt-0068-euttp/e89fa26e359e46d91e505ae95f8c2743~tplv-tiktokx-cropcenter:100:100.jpg?dr=9640&refresh_token=b87255a9&x-expires=1778140800&x-signature=VHdbZByu9HQdrbqTsTqsLk0MRYA%3D&t=4d5b0474&ps=13740610&shp=30310797&shcp=ff37627b&idc=useast5
wooooooow i need this for my lips!,0,0,2026-04-14T11:12:31.000Z,karinaxwoni,https://www.tiktok.com/@ingsxg/video/7626144875355917599,6937430244552197122,7628571176885519111,https://p16-common-sign.tiktokcdn-us.com/tos-alisg-avt-0068/d4b6442687de1906cd06f0767548f75a~tplv-tiktokx-cropcenter:100:100.jpg?dr=9640&refresh_token=17126dc2&x-expires=1778140800&x-signature=tnDikpVv71jEzl5%2Bx%2Fc9mgcM5N8%3D&t=4d5b0474&ps=13740610&shp=30310797&shcp=ff37627b&idc=useast5
Wow !!,0,0,2026-04-14T11:53:01.000Z,sherrylall3,https://www.tiktok.com/@ingsxg/video/7626144875355917599,7525500,7628581582035321622,https://p19-common-sign.tiktokcdn-us.com/tos-maliva-avt-0068/49de55cc1e93f7dae61962096eaaf96a~tplv-tiktokx-cropcenter:100:100.jpg?dr=9640&refresh_token=f9fbfd57&x-expires=1778140800&x-signature=P5Y3omdHR8IVNKZsqBOChFwcWt8%3D&t=4d5b0474&ps=13740610&shp=30310797&shcp=ff37627b&idc=useast5
Ahh the glow after is so beautiful 💖 love using a lip mask together with a sheet mask,0,0,2026-04-13T11:41:06.000Z,soradakke,https://www.tiktok.com/@ingsxg/video/7626144875355917599,7548101197279282198,7628207437816349462,https://p16-common-sign.tiktokcdn-us.com/tos-maliva-avt-0068/7fee851a44194ac85e85647b5238a6a6~tplv-tiktokx-cropcenter:100:100.jpg?dr=9640&refresh_token=b030e2f1&x-expires=1778140800&x-signature=7gI0JfNv777UcmZ2C9WsjXSd1jg%3D&t=4d5b0474&ps=13740610&shp=30310797&shcp=ff37627b&idc=useast5
nakakarelax!!,0,0,2026-04-14T00:36:00.000Z,curatedby.jade,https://www.tiktok.com/@ingsxg/video/7626144875355917599,7515495518274765841,7628407136427082514,https://p16-common-sign.tiktokcdn-us.com/tos-alisg-avt-0068/abae91bbcaab2b84c373120ca300a32e~tplv-tiktokx-cropcenter:100:100.jpg?dr=9640&refresh_token=f75f7711&x-expires=1778140800&x-signature=oHPK0yDh4xSsWf%2FMp7CgekEp6kM%3D&t=4d5b0474&ps=13740610&shp=30310797&shcp=ff37627b&idc=useast5
Love thiss,1,0,2026-04-11T12:11:13.000Z,kaitinsfinds,https://www.tiktok.com/@ingsxg/video/7626144875355917599,7121831264571999258,7627473054939955969,https://p16-common-sign.tiktokcdn-us.com/tos-alisg-avt-0068/b3374363761606fd150793ea51f7f04d~tplv-tiktokx-cropcenter:100:100.jpg?dr=9640&refresh_token=b2b3a57e&x-expires=1778140800&x-signature=XsLVkBtXLxpzksB5nOjylo10kS4%3D&t=4d5b0474&ps=13740610&shp=30310797&shcp=ff37627b&idc=useast5
Oh so cool i loved one i tried from centellian!,2,0,2026-04-10T23:51:11.000Z,joselinastyle,https://www.tiktok.com/@ingsxg/video/7626144875355917599,7319148053684012064,7627282233133564694,https://p16-common-sign.tiktokcdn-us.com/tos-maliva-avt-0068/b9c00c9555d7b5a4702920bbaa2c79ed~tplv-tiktokx-cropcenter:100:100.jpg?dr=9640&refresh_token=f5bdc05a&x-expires=1778140800&x-signature=yVWYW5Bo%2BljuOijxvnUOprWmCIQ%3D&t=4d5b0474&ps=13740610&shp=30310797&shcp=ff37627b&idc=useast5
"these look so good, would love to try these esp the lip mask!!",0,0,2026-04-13T22:32:47.000Z,am.cinnabloom,https://www.tiktok.com/@ingsxg/video/7626144875355917599,7414926245752554539,7628375315354501901,https://p16-common-sign.tiktokcdn-us.com/tos-useast5-avt-0068-tx/1aa3635c5672b7649a4c2a20fe6911aa~tplv-tiktokx-cropcenter:100:100.jpg?dr=9640&refresh_token=3c010591&x-expires=1778140800&x-signature=9CuK9JQkBIhjX433VQwJO%2FTHcbo%3D&t=4d5b0474&ps=13740610&shp=30310797&shcp=ff37627b&idc=useast5
Good for any skin type??,0,0,2026-04-10T23:56:08.000Z,_ianefinds1,https://www.tiktok.com/@ingsxg/video/7626144875355917599,7468516288089621521,7627283611993195271,https://p16-common-sign.tiktokcdn-us.com/tos-alisg-avt-0068/ab0ee3f3cd81955ce36747beb3a7429f~tplv-tiktokx-cropcenter:100:100.jpg?dr=9640&refresh_token=2d096187&x-expires=1778140800&x-signature=7XfRrU7zbaUt5Lzs2%2F%2F6oZEItOU%3D&t=4d5b0474&ps=13740610&shp=30310797&shcp=ff37627b&idc=useast5
Never tried this type of lip mask🤩 Clear mask sheet looks soo good🤩,0,0,2026-04-13T16:03:32.000Z,byseoli,https://www.tiktok.com/@ingsxg/video/7626144875355917599,7446537955399025696,7628275057654088451,https://p16-common-sign.tiktokcdn-us.com/tos-maliva-avt-0068/775a1d14f1aeba8c8a45d5309bd902e8~tplv-tiktokx-cropcenter:100:100.jpg?dr=9640&refresh_token=a0b75ac8&x-expires=1778140800&x-signature=%2BtQ72S5Uph5jsJ5Sv%2FWJsegB%2B%2F4%3D&t=4d5b0474&ps=13740610&shp=30310797&shcp=ff37627b&idc=useast5
"New to me! This mask is so unique, would love to try it! The patches for lips are so smart too 😍",1,0,2026-04-11T13:25:15.000Z,remadeinkorea,https://www.tiktok.com/@ingsxg/video/7626144875355917599,7478922793591374855,7627492135751353108,https://p19-common-sign.tiktokcdn-us.com/tos-alisg-avt-0068/383af9bb2f893e2818094903cb8572e0~tplv-tiktokx-cropcenter:100:100.jpg?dr=9640&refresh_token=8a4fc2b0&x-expires=1778140800&x-signature=s%2B8qcObZgC0cK%2Fmu60wUqQHJUiM%3D&t=4d5b0474&ps=13740610&shp=30310797&shcp=ff37627b&idc=useast5
I want that too 💗,1,0,2026-04-11T11:36:01.000Z,heyprislaaa,https://www.tiktok.com/@ingsxg/video/7626144875355917599,7302988260287792134,7627463989919826709,https://p16-common-sign.tiktokcdn-us.com/tos-alisg-avt-0068/d4043417136750ea6c186dd8c3cf876a~tplv-tiktokx-cropcenter:100:100.jpg?dr=9640&refresh_token=1b056234&x-expires=1778140800&x-signature=g3YGlNAJxOJqPch6PF5F52No8%2FY%3D&t=4d5b0474&ps=13740610&shp=30310797&shcp=ff37627b&idc=useast5
i want one!,1,0,2026-04-11T13:07:56.000Z,jjagotchu,https://www.tiktok.com/@ingsxg/video/7626144875355917599,7263782794446291973,7627487666854904594,https://p16-common-sign.tiktokcdn-us.com/tos-alisg-avt-0068/12411bd16ccad0cb50c43c07d6ee7b88~tplv-tiktokx-cropcenter:100:100.jpg?dr=9640&refresh_token=0eaf1fff&x-expires=1778140800&x-signature=O4GciX7Liqto%2FCi%2BR%2FFiHfiEE6s%3D&t=4d5b0474&ps=13740610&shp=30310797&shcp=ff37627b&idc=useast5
Stunning 😍😍,1,0,2026-04-11T13:12:18.000Z,skylartownsend,https://www.tiktok.com/@ingsxg/video/7626144875355917599,2318220,7627488689632199438,https://p16-common-sign.tiktokcdn-us.com/tos-useast5-avt-0068-tx/8d49bde5b1974e1408f4cf54498af5d8~tplv-tiktokx-cropcenter:100:100.jpg?dr=9640&refresh_token=7297e2d6&x-expires=1778140800&x-signature=77dfFt3i5e3eYpaf30tgdvyhjos%3D&t=4d5b0474&ps=13740610&shp=30310797&shcp=ff37627b&idc=useast5
Ohhh I wanna try this combo 😊💖,0,0,2026-04-24T23:47:16.000Z,irishinnc,https://www.tiktok.com/@ingsxg/video/7626144875355917599,7525929722859308062,7632476474260407070,https://p16-common-sign.tiktokcdn-us.com/tos-useast8-avt-0068-tx2/b371b2ce68e57e5afe07898441fdb36f~tplv-tiktokx-cropcenter:100:100.jpg?dr=9640&refresh_token=f76c1808&x-expires=1778140800&x-signature=1F311WTO5DxjVN5OZrH2Ox88O5M%3D&t=4d5b0474&ps=13740610&shp=30310797&shcp=ff37627b&idc=useast5
Okieee I need this!!🤭,0,0,2026-04-13T03:36:21.000Z,liochoa_,https://www.tiktok.com/@ingsxg/video/7626144875355917599,6817869613855081477,7628082525222650638,https://p19-common-sign.tiktokcdn-us.com/tos-useast5-avt-0068-tx/771113400a4cdae5e22bc8947a4e4a36~tplv-tiktokx-cropcenter:100:100.jpg?dr=9640&refresh_token=420b6358&x-expires=1778140800&x-signature=z4QSy7lEz5jH%2BHi8JHyFxMnLjlo%3D&t=4d5b0474&ps=13740610&shp=30310797&shcp=ff37627b&idc=useast5
Wowww must try this,0,0,2026-04-13T06:10:11.000Z,czyrafinds,https://www.tiktok.com/@ingsxg/video/7626144875355917599,6855108718679720961,7628122161815585556,https://p19-common-sign.tiktokcdn-us.com/tos-alisg-avt-0068/cd1d7733e5cb08885d27320f8b9bd8f4~tplv-tiktokx-cropcenter:100:100.jpg?dr=9640&refresh_token=fca996b1&x-expires=1778140800&x-signature=8jlaNOvJiiiF8crqNnElXF7SJ5E%3D&t=4d5b0474&ps=13740610&shp=30310797&shcp=ff37627b&idc=useast5
Woaahhh that’s amazing 😍,0,0,2026-04-12T23:37:09.000Z,thestylebasket25,https://www.tiktok.com/@ingsxg/video/7626144875355917599,7532207579931034656,7628020828030026518,https://p19-common-sign.tiktokcdn-us.com/tos-maliva-avt-0068/4fe18859a9d3dd4f80c80afa54ea4bde~tplv-tiktokx-cropcenter:100:100.jpg?dr=9640&refresh_token=6500468a&x-expires=1778140800&x-signature=HeyKN0SQTN771A3jzyruwc9qjLg%3D&t=4d5b0474&ps=13740610&shp=30310797&shcp=ff37627b&idc=useast5
Love the hydration😍,0,0,2026-04-12T21:11:55.000Z,ristelh,https://www.tiktok.com/@ingsxg/video/7626144875355917599,7429426927101101088,7627983469318701846,https://p16-common-sign.tiktokcdn-us.com/tos-maliva-avt-0068/fc4d32c4dd0422b173e06a8b120d2df7~tplv-tiktokx-cropcenter:100:100.jpg?dr=9640&refresh_token=95532bf9&x-expires=1778140800&x-signature=G0PK6Q7fb01r%2BOyL7hQxvl2fHQU%3D&t=4d5b0474&ps=13740610&shp=30310797&shcp=ff37627b&idc=useast5
I love the ingredients in it 😍,0,0,2026-04-12T19:57:22.000Z,ca.review03,https://www.tiktok.com/@ingsxg/video/7626144875355917599,7327557405515858950,7627964257644774151,https://p19-common-sign.tiktokcdn-us.com/tos-maliva-avt-0068/c34749cbafccf768a814f4875eebff86~tplv-tiktokx-cropcenter:100:100.jpg?dr=9640&refresh_token=2ad0619a&x-expires=1778140800&x-signature=x6R0XWK8yJeU%2BKoVNQfI3cz6BRI%3D&t=4d5b0474&ps=13740610&shp=30310797&shcp=ff37627b&idc=useast5
wanna try the lip mask😩,0,0,2026-04-12T18:47:35.000Z,ellara.ugc,https://www.tiktok.com/@ingsxg/video/7626144875355917599,7402572262878266369,7627946274750399252,https://p16-common-sign.tiktokcdn-us.com/tos-alisg-avt-0068/c9eaa096cbe1cae2086d2d5a8068551b~tplv-tiktokx-cropcenter:100:100.jpg?dr=9640&refresh_token=f50d6d19&x-expires=1778140800&x-signature=BUaxDNxZ8IYgR9jD%2BcIVhmbPOc0%3D&t=4d5b0474&ps=13740610&shp=30310797&shcp=ff37627b&idc=useast5
Need to try🤩🤩,0,0,2026-04-12T18:41:05.000Z,maisiemcdonnell0,https://www.tiktok.com/@ingsxg/video/7626144875355917599,6747567629270008838,7627944629668758294,https://p19-common-sign.tiktokcdn-us.com/tos-maliva-avt-0068/e58f5e65229760d24505f589866ecd02~tplv-tiktokx-cropcenter:100:100.jpg?dr=9640&refresh_token=95297bda&x-expires=1778140800&x-signature=4DI1akW%2Fx9QgugaCH1vdP1D47Ns%3D&t=4d5b0474&ps=13740610&shp=30310797&shcp=ff37627b&idc=useast5
is lip mask is definitely a NEED 😍💖,0,0,2026-04-12T17:53:02.000Z,glowitupluv,https://www.tiktok.com/@ingsxg/video/7626144875355917599,7221242802663048197,7627932199321797397,https://p19-common-sign.tiktokcdn-us.com/tos-alisg-avt-0068/804291408a69072d8e235586226af96e~tplv-tiktokx-cropcenter:100:100.jpg?dr=9640&refresh_token=839096a0&x-expires=1778140800&x-signature=K%2BYGS%2BJrxNzN%2FQTujrqT6WU0490%3D&t=4d5b0474&ps=13740610&shp=30310797&shcp=ff37627b&idc=useast5
So nice hydration 😍😍,0,0,2026-04-12T14:55:56.000Z,ugc_by_sofie,https://www.tiktok.com/@ingsxg/video/7626144875355917599,7466175098842809390,7627886463674450719,https://p16-common-sign.tiktokcdn-us.com/tos-useast8-avt-0068-tx2/bdb10ea822555db6eaf8a60ea36a9cfa~tplv-tiktokx-cropcenter:100:100.jpg?dr=9640&refresh_token=bbf89f7e&x-expires=1778140800&x-signature=N6jmedNygGc1pgJ%2BTS1%2Bev2UD2c%3D&t=4d5b0474&ps=13740610&shp=30310797&shcp=ff37627b&idc=useast5
[Sticker] Wow,0,0,2026-04-12T14:03:30.000Z,travelgirl.windy,https://www.tiktok.com/@ingsxg/video/7626144875355917599,6913959936415368194,7627873064986460950,https://p19-common-sign.tiktokcdn-us.com/tos-maliva-avt-0068/aa764c7679989fa18ec7b6028872266f~tplv-tiktokx-cropcenter:100:100.jpg?dr=9640&refresh_token=4d02361d&x-expires=1778140800&x-signature=XcEPZI17OV%2FOxyc3MYFME21OZrU%3D&t=4d5b0474&ps=13740610&shp=30310797&shcp=ff37627b&idc=useast5
malamig po sa face?,0,0,2026-04-11T00:04:42.000Z,rhaeanne21,https://www.tiktok.com/@ingsxg/video/7626144875355917599,6561971850581557249,7627285776003121936,https://p16-common-sign.tiktokcdn-us.com/tos-alisg-avt-0068/ba9437b901e71a7ac023c5ca4b879bf4~tplv-tiktokx-cropcenter:100:100.jpg?dr=9640&refresh_token=1ebf8451&x-expires=1778140800&x-signature=vQeYaYgyP3dmn0%2Bv6AGSbihhCPo%3D&t=4d5b0474&ps=13740610&shp=30310797&shcp=ff37627b&idc=useast5
Quierooo 😍😍,1,1,2026-04-21T03:35:11.000Z,massiel.v07,https://www.tiktok.com/@mjbrittany26/video/7630949187844164871,6924349043145917446,7631050887172408084,https://p19-common-sign.tiktokcdn-us.com/tos-maliva-avt-0068/a74abf21a37737122a97eaec0cbfb807~tplv-tiktokx-cropcenter:100:100.jpg?dr=9640&refresh_token=ac32b902&x-expires=1778140800&x-signature=LMNNrcmLxltnO4XUwcOIqNOM6Dk%3D&t=4d5b0474&ps=13740610&shp=30310797&shcp=ff37627b&idc=useast8
Ya las necesito probar !,1,1,2026-04-22T20:21:19.000Z,_ashleyy0107,https://www.tiktok.com/@mjbrittany26/video/7630949187844164871,6621298216658026501,7631681205239612180,https://p16-common-sign.tiktokcdn-us.com/tos-alisg-avt-0068/c3ecfb6241ada7837dd17a5eaf5da99a~tplv-tiktokx-cropcenter:100:100.jpg?dr=9640&refresh_token=fddf74ad&x-expires=1778140800&x-signature=%2BFS17E84sHz9vn%2FhFsTaaERKfG0%3D&t=4d5b0474&ps=13740610&shp=30310797&shcp=ff37627b&idc=useast8
mándame todoo #thanks,1,1,2026-04-23T02:32:54.000Z,usernath73,https://www.tiktok.com/@mjbrittany26/video/7630949187844164871,6978591795132384261,7631776992388236063,https://p16-common-sign.tiktokcdn-us.com/tos-useast8-avt-0068-tx2/0c4bc4426e6271a4b0b1c34118a163a2~tplv-tiktokx-cropcenter:100:100.jpg?dr=9640&refresh_token=8c2b54d0&x-expires=1778140800&x-signature=DbF1XG%2BdyZuIbaKTXLpwdeE%2Fu%2FA%3D&t=4d5b0474&ps=13740610&shp=30310797&shcp=ff37627b&idc=useast8
Son muy buenos 🥰,1,1,2026-04-27T18:44:08.000Z,lisbeth_al,https://www.tiktok.com/@mjbrittany26/video/7630949187844164871,6768926516018512902,7633511604316324629,https://p16-common-sign.tiktokcdn-us.com/tos-alisg-avt-0068/dbf288fdde569e92da1b0082fb610e6e~tplv-tiktokx-cropcenter:100:100.jpg?dr=9640&refresh_token=eed681d0&x-expires=1778140800&x-signature=sPXJD%2FwISQx7B2d1EcJlt7qN%2Fqg%3D&t=4d5b0474&ps=13740610&shp=30310797&shcp=ff37627b&idc=useast8
Amooooo😍,1,1,2026-04-21T14:48:29.000Z,julissac03,https://www.tiktok.com/@mjbrittany26/video/7630949187844164871,6808995983164507141,7631224464855876360,https://p19-common-sign.tiktokcdn-us.com/tos-alisg-avt-0068/546a490faceef995a776eed7b90d90bf~tplv-tiktokx-cropcenter:100:100.jpg?dr=9640&refresh_token=f6bf7dfc&x-expires=1778140800&x-signature=22MHDxayPOh083PXycD68YpmQLY%3D&t=4d5b0474&ps=13740610&shp=30310797&shcp=ff37627b&idc=useast8
Me encanta,1,1,2026-04-21T15:14:51.000Z,yomee.xoxo,https://www.tiktok.com/@mjbrittany26/video/7630949187844164871,7147487033015075845,7631231235101328136,https://p19-common-sign.tiktokcdn-us.com/tos-alisg-avt-0068/d0f1b80a0b7b7787f99400a8bcdfd4be~tplv-tiktokx-cropcenter:100:100.jpg?dr=9640&refresh_token=7c95c43e&x-expires=1778140800&x-signature=TQVbxdTzrUa2fEo0Nz5eldwLkIo%3D&t=4d5b0474&ps=13740610&shp=30310797&shcp=ff37627b&idc=useast8
Una rutina completa 😍,1,1,2026-04-21T00:13:47.000Z,heididume,https://www.tiktok.com/@mjbrittany26/video/7630949187844164871,7179268089807291398,7630998933520286472,https://p16-common-sign.tiktokcdn-us.com/tos-alisg-avt-0068/f7726e86029358550ed0ee98ec4f095a~tplv-tiktokx-cropcenter:100:100.jpg?dr=9640&refresh_token=2d5a155c&x-expires=1778140800&x-signature=TmS2Mnlgl3MCsYJMFxjlxfPAurs%3D&t=4d5b0474&ps=13740610&shp=30310797&shcp=ff37627b&idc=useast8
"Amiga, mándame de esas😍",1,1,2026-04-20T21:15:48.000Z,nicole_elizabeth345,https://www.tiktok.com/@mjbrittany26/video/7630949187844164871,7136756400400041003,7630953088841253645,https://p19-common-sign.tiktokcdn-us.com/tos-useast5-avt-0068-tx/5a946bbf4fa32fe7de475fa5fe0b58c4~tplv-tiktokx-cropcenter:100:100.jpg?dr=9640&refresh_token=57a7a019&x-expires=1778140800&x-signature=0HgFJUTmYopaOaqo9ysSbJ3mSK0%3D&t=4d5b0474&ps=13740610&shp=30310797&shcp=ff37627b&idc=useast8
Ay amigaaa necesitoo😍😍😍,1,1,2026-04-20T21:11:19.000Z,rut_jf,https://www.tiktok.com/@mjbrittany26/video/7630949187844164871,259836611876765696,7630951916147933973,https://p19-common-sign.tiktokcdn-us.com/tos-alisg-avt-0068/9332a4b32ad776350903d05b9593b8b9~tplv-tiktokx-cropcenter:100:100.jpg?dr=9640&refresh_token=0a0817e5&x-expires=1778140800&x-signature=u9%2FQhHw7B%2Bujs0J0PsmuuFw6q8o%3D&t=4d5b0474&ps=13740610&shp=30310797&shcp=ff37627b&idc=useast8
Ay necesito 😍😍,1,1,2026-04-21T07:56:47.000Z,edinyerlis,https://www.tiktok.com/@mjbrittany26/video/7630949187844164871,6763373628875015174,7631118332687991570,https://p19-common-sign.tiktokcdn-us.com/tos-alisg-avt-0068/e8df2fb3c7354208c45d3ca985675bfd~tplv-tiktokx-cropcenter:100:100.jpg?dr=9640&refresh_token=f6782eef&x-expires=1778140800&x-signature=H0uabMi4rnfRZRTCf5klVH3Nvic%3D&t=4d5b0474&ps=13740610&shp=30310797&shcp=ff37627b&idc=useast8
waoo🤩🤩,1,1,2026-04-21T02:44:49.000Z,vxcky.10,https://www.tiktok.com/@mjbrittany26/video/7630949187844164871,6826393697951187974,7631037893943984916,https://p19-common-sign.tiktokcdn-us.com/tos-maliva-avt-0068/d598e5cb74945a6e909e7a2eb18a59ae~tplv-tiktokx-cropcenter:100:100.jpg?dr=9640&refresh_token=79b76910&x-expires=1778140800&x-signature=p%2FaUxIn%2B5ar%2Fca%2FovQ6Ll96iQFg%3D&t=4d5b0474&ps=13740610&shp=30310797&shcp=ff37627b&idc=useast8
👍👍👍👍👍🥰🥰🥰🥰,1,1,2026-04-20T21:58:05.000Z,ybsengonzalez1,https://www.tiktok.com/@mjbrittany26/video/7630949187844164871,7015152957159785478,7630963987066389271,https://p16-common-sign.tiktokcdn-us.com/tos-maliva-avt-0068/e6d25f7bdb45024a4f87c6d8a4c6b921~tplv-tiktokx-cropcenter:100:100.jpg?dr=9640&refresh_token=c550275d&x-expires=1778140800&x-signature=zMC8ywQHiYVEtQ%2FdKE9D3VnL2kc%3D&t=4d5b0474&ps=13740610&shp=30310797&shcp=ff37627b&idc=useast8
[Sticker] ,1,1,2026-04-13T23:41:34.000Z,armnt_ss,https://www.tiktok.com/@maiviskitchen/video/7628381642171665694,7177983652361847814,7628393050335052564,https://p19-common-sign.tiktokcdn-us.com/tos-alisg-avt-0068/801ea4755f03c65d65113c29bcb88d1a~tplv-tiktokx-cropcenter:100:100.jpg?dr=9640&refresh_token=38d11d3a&x-expires=1778140800&x-signature=8bNWcK%2Fm3ML2WlosrwURKoOrNqI%3D&t=4d5b0474&ps=13740610&shp=30310797&shcp=ff37627b&idc=useast5
👏,1,1,2026-04-14T00:13:36.000Z,yusniel.salgado,https://www.tiktok.com/@maiviskitchen/video/7628381642171665694,7223139636197131269,7628401301911257870,https://p19-common-sign.tiktokcdn-us.com/tos-useast5-avt-0068-tx/45a491f9c884854d095acdcd63e13b8d~tplv-tiktokx-cropcenter:100:100.jpg?dr=9640&refresh_token=5ea3b64c&x-expires=1778140800&x-signature=tqZUAik9gxoZ%2FRSpE1dwk5S2Cek%3D&t=4d5b0474&ps=13740610&shp=30310797&shcp=ff37627b&idc=useast5
It made your skin look so hydrated,0,0,2026-04-21T02:28:59.000Z,i.shall.not.want,https://www.tiktok.com/@stellaredlips94/video/7631029932990205202,6785676910757676037,7631033849694405397,https://p16-common-sign.tiktokcdn-us.com/tos-maliva-avt-0068/2222b6627f1cc7a8bf20078ac6679d30~tplv-tiktokx-cropcenter:100:100.jpg?dr=9640&refresh_token=517c5266&x-expires=1778140800&x-signature=Gi4Av6h7JaAjjkoU0DoI6ZBTmI8%3D&t=4d5b0474&ps=13740610&shp=30310797&shcp=ff37627b&idc=useast5
🥰🥰🥰🥰🥰🥰🥰🥰 ouuuuuuu lol mi cyah get over the lips eno,1,1,2026-04-25T21:10:26.000Z,charah_content_creator,https://www.tiktok.com/@stellaredlips94/video/7631029932990205202,6975356128034522117,7632807187609568007,https://p16-common-sign.tiktokcdn-us.com/tos-maliva-avt-0068/44b1fa1c8de6cac23f7482827d85635b~tplv-tiktokx-cropcenter:100:100.jpg?dr=9640&refresh_token=4123b230&x-expires=1778140800&x-signature=uWXuKNsyJCU1x4wd1kV2SjwRHs0%3D&t=4d5b0474&ps=13740610&shp=30310797&shcp=ff37627b&idc=useast5
Ouuuu I need to try thi 😩,0,0,2026-04-21T02:22:25.000Z,gilly.gorg,https://www.tiktok.com/@stellaredlips94/video/7631029932990205202,6955545204230194181,7631032151857398535,https://p16-common-sign.tiktokcdn-us.com/tos-alisg-avt-0068/9c98e5fb56f72dd93711e0183647eae3~tplv-tiktokx-cropcenter:100:100.jpg?dr=9640&refresh_token=1c9f0d20&x-expires=1778140800&x-signature=7lToNC5OM6aR9FxjjcTksVJXdWI%3D&t=4d5b0474&ps=13740610&shp=30310797&shcp=ff37627b&idc=useast5
🥰🥰🥰,1,0,2026-04-21T02:16:01.000Z,wslton.fanty,https://www.tiktok.com/@stellaredlips94/video/7631029932990205202,7307650186766550021,7631030506096771847,https://p16-common-sign.tiktokcdn-us.com/tos-maliva-avt-0068/7352214276989911046~tplv-tiktokx-cropcenter:100:100.jpg?dr=9640&refresh_token=d69d766a&x-expires=1778140800&x-signature=mvRBL9l44nuefEdeyFWQ0ED5m10%3D&t=4d5b0474&ps=13740610&shp=30310797&shcp=ff37627b&idc=useast5
👍👍👍,0,0,2026-04-26T17:07:21.000Z,juniordarby52,https://www.tiktok.com/@stellaredlips94/video/7631029932990205202,7363790745159992326,7633115638936945428,https://p19-common-sign.tiktokcdn-us.com/tos-alisg-avt-0068/a27ad1ca0e2fcb640f4fa5a8ecce5ecb~tplv-tiktokx-cropcenter:100:100.jpg?dr=9640&refresh_token=6e932f5b&x-expires=1778140800&x-signature=S1rMu2UkT%2B1EUeho4NG4HmqzLts%3D&t=4d5b0474&ps=13740610&shp=30310797&shcp=ff37627b&idc=useast5
Soo juicy,0,0,2026-04-21T02:27:59.000Z,haaboagye,https://www.tiktok.com/@stellaredlips94/video/7631029932990205202,6850836397755696133,7631033512347566879,https://p19-common-sign.tiktokcdn-us.com/tos-useast8-avt-0068-tx2/fc6ab5c447bed81b6c3bcb051b65b493~tplv-tiktokx-cropcenter:100:100.jpg?dr=9640&refresh_token=8e13f260&x-expires=1778140800&x-signature=E7NIwdOJmut00VzKp2bOOM40WDo%3D&t=4d5b0474&ps=13740610&shp=30310797&shcp=ff37627b&idc=useast5
The lip mask - need to try,0,0,2026-04-12T11:57:48.000Z,catherine_loves_beauty,https://www.tiktok.com/@ingsxg/video/7626144875355917599,7479171729611260974,7627840536006624031,https://p16-common-sign.tiktokcdn-us.com/tos-useast8-avt-0068-tx2/614f54f0572691be0b9b2121bf30122c~tplv-tiktokx-cropcenter:100:100.jpg?dr=9640&refresh_token=bce4c538&x-expires=1778140800&x-signature=iyRfhR4y44U4ydNSTbkY48CJOPI%3D&t=4d5b0474&ps=13740610&shp=30310797&shcp=ff37627b&idc=useast8
must try🥰,0,0,2026-04-12T01:30:01.000Z,elleeiyahh,https://www.tiktok.com/@ingsxg/video/7626144875355917599,7240745792864044038,7627678872864277256,https://p16-common-sign.tiktokcdn-us.com/tos-alisg-avt-0068/faedeb237eb9732a58fe83276c2913bb~tplv-tiktokx-cropcenter:100:100.jpg?dr=9640&refresh_token=c77e410b&x-expires=1778140800&x-signature=%2Fa3ZEThQ40JxgKa1Q9ZWrXGbZw0%3D&t=4d5b0474&ps=13740610&shp=30310797&shcp=ff37627b&idc=useast8
wait I love this omg😍😍,0,0,2026-04-12T13:04:40.000Z,yabmihc,https://www.tiktok.com/@ingsxg/video/7626144875355917599,6720070670350746629,7627857839872082719,https://p16-common-sign.tiktokcdn-us.com/tos-useast8-avt-0068-tx2/30a61983400b87dafc08871b3b139f0f~tplv-tiktokx-cropcenter:100:100.jpg?dr=9640&refresh_token=ff1003b0&x-expires=1778140800&x-signature=O1358aG9InMJrjGP1cUBpi2XGP4%3D&t=4d5b0474&ps=13740610&shp=30310797&shcp=ff37627b&idc=useast8
I really need this,0,0,2026-04-12T03:10:59.000Z,fanny.gla,https://www.tiktok.com/@ingsxg/video/7626144875355917599,288269461747601410,7627704880920970015,https://p19-common-sign.tiktokcdn-us.com/tos-maliva-avt-0068/d4636b5963d9f724cdd3a8a090c68525~tplv-tiktokx-cropcenter:100:100.jpg?dr=9640&refresh_token=1d4561fa&x-expires=1778140800&x-signature=UP9ZnOBsgzRVNtNjKs1RejTVL9Q%3D&t=4d5b0474&ps=13740610&shp=30310797&shcp=ff37627b&idc=useast8
love this duooo,0,0,2026-04-12T05:33:00.000Z,eunic.ish,https://www.tiktok.com/@ingsxg/video/7626144875355917599,7495982387483493383,7627741487015936788,https://p19-common-sign.tiktokcdn-us.com/tos-alisg-avt-0068/7da955213cbd1ef4cf471c8b41758cfd~tplv-tiktokx-cropcenter:100:100.jpg?dr=9640&refresh_token=ca212702&x-expires=1778140800&x-signature=cmMy3ajuT%2Fvu1xl4WLytmeXI1JU%3D&t=4d5b0474&ps=13740610&shp=30310797&shcp=ff37627b&idc=useast8
wanna try sis,0,0,2026-04-12T08:21:17.000Z,mr.mrs.patricio,https://www.tiktok.com/@ingsxg/video/7626144875355917599,7529488160445187079,7627784870735627028,https://p16-common-sign.tiktokcdn-us.com/tos-alisg-avt-0068/ba3e5d8e9561c591dfc678586c7a3c55~tplv-tiktokx-cropcenter:100:100.jpg?dr=9640&refresh_token=f66beee8&x-expires=1778140800&x-signature=pcGThVsmRgK7xobY%2F8neP9WKBTI%3D&t=4d5b0474&ps=13740610&shp=30310797&shcp=ff37627b&idc=useast8
I WANNNTTT🥰,0,0,2026-04-12T03:34:51.000Z,itsmekaela_10,https://www.tiktok.com/@ingsxg/video/7626144875355917599,6975114987392713729,7627711059093291794,https://p19-common-sign.tiktokcdn-us.com/tos-alisg-avt-0068/5e3e441ea594608b01dd5f6d1df63673~tplv-tiktokx-cropcenter:100:100.jpg?dr=9640&refresh_token=3dc44203&x-expires=1778140800&x-signature=jujHptbtKZZ7HiS92MaBuJAofhs%3D&t=4d5b0474&ps=13740610&shp=30310797&shcp=ff37627b&idc=useast8
ultra clear mask perfect for glowing...loved it..really loved at lip mask too,0,0,2026-04-12T05:39:25.000Z,the_fifth_blossom,https://www.tiktok.com/@ingsxg/video/7626144875355917599,7441840545137804344,7627743188987970311,https://p19-common-sign.tiktokcdn-us.com/tos-alisg-avt-0068/d67d88011035fbb347530582252faeae~tplv-tiktokx-cropcenter:100:100.jpg?dr=9640&refresh_token=afd33760&x-expires=1778140800&x-signature=CFnd3e89ipBqKxL3f3P6IW8Ew1A%3D&t=4d5b0474&ps=13740610&shp=30310797&shcp=ff37627b&idc=useast8
the lip mask looks nice ❤️,0,0,2026-04-12T06:25:15.000Z,ekamemeng,https://www.tiktok.com/@ingsxg/video/7626144875355917599,7503453138881774612,7627754972336259860,https://p19-common-sign.tiktokcdn-us.com/tos-alisg-avt-0068/40ee1e42490e2832ab04cb5690d234ba~tplv-tiktokx-cropcenter:100:100.jpg?dr=9640&refresh_token=00a00887&x-expires=1778140800&x-signature=M4DfucA9i%2BkC%2FRVyRdvBH49KVHg%3D&t=4d5b0474&ps=13740610&shp=30310797&shcp=ff37627b&idc=useast8
these two as skincare the night before an important event >>>>>,0,0,2026-04-11T14:05:33.000Z,wave2m00n_,https://www.tiktok.com/@ingsxg/video/7626144875355917599,7030436574949082114,7627502521027822337,https://p16-common-sign.tiktokcdn.com/tos-alisg-avt-0068/9220d715e52a8601bc4cfc7aae06afea~tplv-tiktokx-cropcenter:100:100.jpg?dr=14579&refresh_token=be7da223&x-expires=1778140800&x-signature=9tffHOaFBumIZzQdXhHhNuc9q70%3D&t=4d5b0474&ps=13740610&shp=30310797&shcp=ff37627b&idc=my
Recommended! Ganda sa skin,0,0,2026-04-11T12:33:51.000Z,jajazch,https://www.tiktok.com/@ingsxg/video/7626144875355917599,6916912240726000641,7627478892286526228,https://p16-sign-sg.tiktokcdn.com/tos-alisg-avt-0068/ddafeed53b641b0b1c5ddd6a946aec71~tplv-tiktokx-cropcenter:100:100.jpg?dr=14579&refresh_token=3626517a&x-expires=1778140800&x-signature=hQx16ylqdYe8495oJrA7E8zcOhM%3D&t=4d5b0474&ps=13740610&shp=30310797&shcp=ff37627b&idc=my
i love glutathione 💖,0,0,2026-04-11T14:45:40.000Z,wonixkarina,https://www.tiktok.com/@ingsxg/video/7626144875355917599,7509917117975315499,7627512802449949453,https://p16-common-sign.tiktokcdn.com/tos-maliva-avt-0068/1dcca76ca7974a1248c5c932852e0559~tplv-tiktokx-cropcenter:100:100.jpg?dr=14579&refresh_token=5afe17bc&x-expires=1778140800&x-signature=Ks1iVpsbWrUOftLOVR2RxfxzNMU%3D&t=4d5b0474&ps=13740610&shp=30310797&shcp=ff37627b&idc=my
try ko nga,0,0,2026-04-12T00:25:34.000Z,zolafinds,https://www.tiktok.com/@ingsxg/video/7626144875355917599,7525389882450576392,7627662272147964692,https://p16-common-sign.tiktokcdn.com/tos-alisg-avt-0068/4e0dc8ad320e24331aee1ce4e982f530~tplv-tiktokx-cropcenter:100:100.jpg?dr=14579&refresh_token=9d2310c5&x-expires=1778140800&x-signature=F2hI9mw5DRRzlWbNOYtwQN%2BKR7o%3D&t=4d5b0474&ps=13740610&shp=30310797&shcp=ff37627b&idc=my
Looks amazing 😍,0,0,2026-04-11T18:47:57.000Z,edyta_alice,https://www.tiktok.com/@ingsxg/video/7626144875355917599,7303562238990992416,7627575288348132118,https://p16-common-sign.tiktokcdn.com/tos-maliva-avt-0068/f3b144c8d64d107351ad3e25f3ab486a~tplv-tiktokx-cropcenter:100:100.jpg?dr=14579&refresh_token=8910c4ac&x-expires=1778140800&x-signature=V4bpiMCwFPtwuZi1aG5GWEka2tE%3D&t=4d5b0474&ps=13740610&shp=30310797&shcp=ff37627b&idc=my
this is such an amazing collagen mask,0,0,2026-04-11T18:12:39.000Z,ugc_kisha,https://www.tiktok.com/@ingsxg/video/7626144875355917599,7169936430260454442,7627566142978704141,https://p16-common-sign.tiktokcdn.com/tos-maliva-avt-0068/92598a24874f91ce87a71c7ddfae1940~tplv-tiktokx-cropcenter:100:100.jpg?dr=14579&refresh_token=dc438880&x-expires=1778140800&x-signature=8NhAfWF38WIUz0VQqcBGHdZHk9M%3D&t=4d5b0474&ps=13740610&shp=30310797&shcp=ff37627b&idc=my
I love the lip mask 😍😍 I want it too 💗,0,0,2026-04-11T21:15:51.000Z,letisjourney,https://www.tiktok.com/@ingsxg/video/7626144875355917599,7390699722354918433,7627613412432577303,https://p16-sign-va.tiktokcdn.com/tos-maliva-avt-0068/a7a4dae3b4e4d541ffb464731e6a1ef5~tplv-tiktokx-cropcenter:100:100.jpg?dr=14579&refresh_token=b3a67ac2&x-expires=1778140800&x-signature=HO3I41jdanfkKJbb29V61XLVj20%3D&t=4d5b0474&ps=13740610&shp=30310797&shcp=ff37627b&idc=my
luv this maskk,0,0,2026-04-11T10:55:08.000Z,meauibi,https://www.tiktok.com/@ingsxg/video/7626144875355917599,7068628824305697794,7627453429783249685,https://p16-common-sign.tiktokcdn.com/tos-alisg-avt-0068/e898197441fd6555494903ceb060d13c~tplv-tiktokx-cropcenter:100:100.jpg?dr=14579&refresh_token=e96e5db8&x-expires=1778140800&x-signature=H26s4SvXM0ZKyjWT2z2KX6VLQfY%3D&t=4d5b0474&ps=13740610&shp=30310797&shcp=ff37627b&idc=my
Woahhhh I need the lip masks rn 🤩,0,0,2026-04-11T22:02:07.000Z,contentbysoph,https://www.tiktok.com/@ingsxg/video/7626144875355917599,7337562603293787142,7627625300121748231,https://p16-common-sign.tiktokcdn.com/tos-maliva-avt-0068/f5ab588816a053607c9f0a2bee56cf62~tplv-tiktokx-cropcenter:100:100.jpg?dr=14579&refresh_token=fe1e1929&x-expires=1778140800&x-signature=%2FODottTmcc5HcyPdQLA3Xdq2VhM%3D&t=4d5b0474&ps=13740610&shp=30310797&shcp=ff37627b&idc=my
okay wow 😍😍,0,0,2026-04-11T21:39:54.000Z,melinaxss,https://www.tiktok.com/@ingsxg/video/7626144875355917599,6837146355258803206,7627619544794743582,https://p16-common-sign.tiktokcdn.com/tos-maliva-avt-0068/8ab25ce6d7dbbbc91d95d9528cddfdbc~tplv-tiktokx-cropcenter:100:100.jpg?dr=14579&refresh_token=d35e7ca5&x-expires=1778140800&x-signature=D36Mh3s5kGzsAPWK791eIpw2D2A%3D&t=4d5b0474&ps=13740610&shp=30310797&shcp=ff37627b&idc=my
looks good! love the lip mask! 💋 ✨,0,0,2026-04-11T09:56:17.000Z,.heyitsjosephine,https://www.tiktok.com/@ingsxg/video/7626144875355917599,7302398973212378144,7627438254170653462,https://p16-common-sign.tiktokcdn.com/tos-no1a-avt-0068c001-no/7cfbacf0feec5e43888eb1b14299000d~tplv-tiktokx-cropcenter:100:100.jpg?dr=14579&refresh_token=11762164&x-expires=1778140800&x-signature=F%2FcMKmkWulftqIcsC0GLUT8Mues%3D&t=4d5b0474&ps=13740610&shp=30310797&shcp=ff37627b&idc=my
Hydrating!!! Your skin is goals,0,0,2026-04-11T23:25:36.000Z,ale.kajmak,https://www.tiktok.com/@ingsxg/video/7626144875355917599,6764252344920310790,7627646774010692382,https://p16-common-sign.tiktokcdn.com/tos-maliva-avt-0068/ec3cffc0572d05ccad2f24210a8676cf~tplv-tiktokx-cropcenter:100:100.jpg?dr=14579&refresh_token=7f42e6c7&x-expires=1778140800&x-signature=aIr1oQr6p7qg%2FyGJRRWqaVWQUBw%3D&t=4d5b0474&ps=13740610&shp=30310797&shcp=ff37627b&idc=my
i love these face masks,0,0,2026-04-11T13:33:08.000Z,mckaylaashlyn,https://www.tiktok.com/@ingsxg/video/7626144875355917599,7028973948847997958,7627493984098009870,https://p19-common-sign.tiktokcdn.com/tos-maliva-avt-0068/7a3b9929ea56aef633c9067034c38c44~tplv-tiktokx-cropcenter:100:100.jpg?dr=14579&refresh_token=0ba6c9de&x-expires=1778140800&x-signature=%2Fmd1fHiWoRU1Kgj9cH1yUjaDq3U%3D&t=4d5b0474&ps=13740610&shp=30310797&shcp=ff37627b&idc=my
Omg I love😍 How did u get Pr from them? I want to try their masks so bad,1,2,2026-04-18T01:20:49.000Z,theglowgirldiaries.co,https://www.tiktok.com/@wamara._/video/7627919670594587924,7503276667136934958,7629902873976259359,https://p16-common-sign.tiktokcdn-us.com/tos-useast8-avt-0068-tx2/3a0db1c588ff91bc2bc7001d7bd1181b~tplv-tiktokx-cropcenter:100:100.jpg?dr=9640&refresh_token=291b5e96&x-expires=1778140800&x-signature=JsAJHR2tIQnqnWe%2B%2FNZtMyDrr5M%3D&t=4d5b0474&ps=13740610&shp=30310797&shcp=ff37627b&idc=useast5
Feel like i haven’t seen you on my screen in forever,2,1,2026-04-16T04:34:36.000Z,charwss__,https://www.tiktok.com/@wamara._/video/7627919670594587924,7496739426443084831,7629210744864637727,https://p16-common-sign.tiktokcdn-us.com/tos-useast8-avt-0068-tx2/ba4ea04d24d30a0f52c8ff53bd542fb6~tplv-tiktokx-cropcenter:100:100.jpg?dr=9640&refresh_token=1c7c27cf&x-expires=1778140800&x-signature=t5XW30LZggVHwEypPpjw00YBvkQ%3D&t=4d5b0474&ps=13740610&shp=30310797&shcp=ff37627b&idc=useast5
Glass skin 😍😍and hydrated and plumb lips 👄,1,1,2026-04-13T14:00:41.000Z,bella_ugc_xx,https://www.tiktok.com/@diya_pic/video/7627174082462682398,7355045588800554017,7628243419320042273,https://p19-common-sign.tiktokcdn-us.com/tos-useast2a-avt-0068-euttp/fa938016542a146261dc5f83c9355732~tplv-tiktokx-cropcenter:100:100.jpg?dr=9640&refresh_token=8b81177e&x-expires=1778140800&x-signature=bPoVQ6Q0VXCmi4ElvZt6QU0U19E%3D&t=4d5b0474&ps=13740610&shp=30310797&shcp=ff37627b&idc=useast5
I need this wow,1,1,2026-04-10T19:17:02.000Z,withjenxoxo,https://www.tiktok.com/@diya_pic/video/7627174082462682398,6828374607025538054,7627211692367495956,https://p16-common-sign.tiktokcdn-us.com/tos-alisg-avt-0068/60e7034d527bca8c712f7f53441cb21f~tplv-tiktokx-cropcenter:100:100.jpg?dr=9640&refresh_token=368ced3b&x-expires=1778140800&x-signature=cjrOKh6cTJ0V5TySD6Ozcjf4gSA%3D&t=4d5b0474&ps=13740610&shp=30310797&shcp=ff37627b&idc=useast5
Love how hydrating and glowy your skin is 💕,1,1,2026-04-11T10:38:49.000Z,imsyneathita2,https://www.tiktok.com/@diya_pic/video/7627174082462682398,7422623835130889223,7627449232862053140,https://p19-common-sign.tiktokcdn-us.com/tos-alisg-avt-0068/1b98c0eff9e3df54a3d6944578fcec4d~tplv-tiktokx-cropcenter:100:100.jpg?dr=9640&refresh_token=78bdb9bc&x-expires=1778140800&x-signature=f9HMxEgUpmw%2BL1aWXHEQWNibhgo%3D&t=4d5b0474&ps=13740610&shp=30310797&shcp=ff37627b&idc=useast5
Looks amazing! Your skin is glowing 😍,1,1,2026-04-10T23:49:59.000Z,gabyyoshikawaa,https://www.tiktok.com/@diya_pic/video/7627174082462682398,7355355981491012651,7627281967973958430,https://p16-common-sign.tiktokcdn-us.com/tos-useast5-avt-0068-tx/4c578b18fde3eee6c6930e37741102b1~tplv-tiktokx-cropcenter:100:100.jpg?dr=9640&refresh_token=e2b8a38c&x-expires=1778140800&x-signature=cbn0WSdrl8lETpR%2FS9fwbdhymhE%3D&t=4d5b0474&ps=13740610&shp=30310797&shcp=ff37627b&idc=useast5
Wow interesting with this,1,1,2026-04-10T17:05:19.000Z,ngoctran_ugc,https://www.tiktok.com/@diya_pic/video/7627174082462682398,7459255419908424746,7627177661244801806,https://p16-common-sign.tiktokcdn-us.com/tos-useast5-avt-0068-tx/de3b2e219e9acdd88ed29870c7d9b817~tplv-tiktokx-cropcenter:100:100.jpg?dr=9640&refresh_token=936cf037&x-expires=1778140800&x-signature=0LNekQFSOdaDcvCCsIvWIz1Y3%2Fk%3D&t=4d5b0474&ps=13740610&shp=30310797&shcp=ff37627b&idc=useast5
Look at that glow 😍😍,1,1,2026-04-11T13:34:25.000Z,yulitashine,https://www.tiktok.com/@diya_pic/video/7627174082462682398,7121193255916143621,7627494480619143956,https://p19-common-sign.tiktokcdn-us.com/tos-alisg-avt-0068/a2eb24a942c6cc14ee02dfede35bc5ea~tplv-tiktokx-cropcenter:100:100.jpg?dr=9640&refresh_token=92401495&x-expires=1778140800&x-signature=QbIXmlcw%2Fdqsxdc70Cb1zt4%2FmYg%3D&t=4d5b0474&ps=13740610&shp=30310797&shcp=ff37627b&idc=useast5
so glowy🥰🥰,1,1,2026-04-10T21:13:24.000Z,bobaaqueenzz,https://www.tiktok.com/@diya_pic/video/7627174082462682398,7191416236286002218,7627241564126364446,https://p16-common-sign.tiktokcdn-us.com/tos-useast5-avt-0068-tx/7332352260661313579~tplv-tiktokx-cropcenter:100:100.jpg?dr=9640&refresh_token=77bf7b7a&x-expires=1778140800&x-signature=vyKKhABWvz%2B6ERdszuUE24DeB8w%3D&t=4d5b0474&ps=13740610&shp=30310797&shcp=ff37627b&idc=useast5
ohhh love how glowy your skin afterr 😫😫,0,1,2026-04-11T13:28:00.000Z,wave2m00n_,https://www.tiktok.com/@diya_pic/video/7627174082462682398,7030436574949082114,7627492801559970577,https://p19-common-sign.tiktokcdn-us.com/tos-alisg-avt-0068/9220d715e52a8601bc4cfc7aae06afea~tplv-tiktokx-cropcenter:100:100.jpg?dr=9640&refresh_token=b1503256&x-expires=1778140800&x-signature=VmC%2BDU%2BZXkRRO9TH2%2FsIEyjYkeo%3D&t=4d5b0474&ps=13740610&shp=30310797&shcp=ff37627b&idc=useast5
I love glutathione,1,1,2026-04-12T01:44:36.000Z,karinaxwoni,https://www.tiktok.com/@diya_pic/video/7627174082462682398,6937430244552197122,7627682591689556757,https://p16-common-sign.tiktokcdn-us.com/tos-alisg-avt-0068/d4b6442687de1906cd06f0767548f75a~tplv-tiktokx-cropcenter:100:100.jpg?dr=9640&refresh_token=17126dc2&x-expires=1778140800&x-signature=tnDikpVv71jEzl5%2Bx%2Fc9mgcM5N8%3D&t=4d5b0474&ps=13740610&shp=30310797&shcp=ff37627b&idc=useast5
The glow it’s absolutely amzing,1,1,2026-04-11T13:49:51.000Z,nesloey,https://www.tiktok.com/@diya_pic/video/7627174082462682398,7370052020252165125,7627498489311986440,https://p16-common-sign.tiktokcdn-us.com/tos-alisg-avt-0068/5cc7e6938d364b7f0339d6eaa804d7ff~tplv-tiktokx-cropcenter:100:100.jpg?dr=9640&refresh_token=d3f533bb&x-expires=1778140800&x-signature=H2xlAGtSVTGlDetMkeYUi73URz4%3D&t=4d5b0474&ps=13740610&shp=30310797&shcp=ff37627b&idc=useast5
Need to try this mask 😍,1,1,2026-04-10T21:37:29.000Z,mariasoul,https://www.tiktok.com/@diya_pic/video/7627174082462682398,7388395523554853934,7627247735108846367,https://p19-common-sign.tiktokcdn-us.com/tos-useast8-avt-0068-tx2/59691b8b3cba2e90a8e468ce584cadf4~tplv-tiktokx-cropcenter:100:100.jpg?dr=9640&refresh_token=7f91f628&x-expires=1778140800&x-signature=RvF9P4cywa9ZiYusH2i0vrNoeX8%3D&t=4d5b0474&ps=13740610&shp=30310797&shcp=ff37627b&idc=useast5
The glow😍😍😍😍,1,1,2026-04-10T21:21:30.000Z,farahskincare___,https://www.tiktok.com/@diya_pic/video/7627174082462682398,7440893139008766998,7627243755041735446,https://p16-common-sign.tiktokcdn-us.com/tos-maliva-avt-0068/d4c9be1535afae5368c81112ad290c92~tplv-tiktokx-cropcenter:100:100.jpg?dr=9640&refresh_token=84463170&x-expires=1778140800&x-signature=WiHCky4q6X6ApjI4NB%2FueRG2x0A%3D&t=4d5b0474&ps=13740610&shp=30310797&shcp=ff37627b&idc=useast5
Glowing 😍,0,1,2026-04-11T14:39:16.000Z,its.aloja,https://www.tiktok.com/@diya_pic/video/7627174082462682398,6575126503709261825,7627511218328519444,https://p16-common-sign.tiktokcdn-us.com/tos-alisg-avt-0068/05fb55bf53a943b912e5f459f4e68b55~tplv-tiktokx-cropcenter:100:100.jpg?dr=9640&refresh_token=b4233f31&x-expires=1778140800&x-signature=F2mK%2BWr9ohy8OXL41qPzH8H%2Bb4g%3D&t=4d5b0474&ps=13740610&shp=30310797&shcp=ff37627b&idc=useast5
This brand it’s new to me 😍❤️❤️,1,1,2026-04-11T11:09:53.000Z,ana_.costea._,https://www.tiktok.com/@diya_pic/video/7627174082462682398,7012232418673312773,7627457250042331926,https://p16-common-sign.tiktokcdn-us.com/tos-maliva-avt-0068/c3b2d044fa85d294a488b297e3ccde9e~tplv-tiktokx-cropcenter:100:100.jpg?dr=9640&refresh_token=6f016d76&x-expires=1778140800&x-signature=IrdnWSsGPgSZno%2BApx8CBX7j5gk%3D&t=4d5b0474&ps=13740610&shp=30310797&shcp=ff37627b&idc=useast5
Yesss love that glow 💗,1,1,2026-04-10T22:27:15.000Z,glowdiariesbyjess,https://www.tiktok.com/@diya_pic/video/7627174082462682398,7430894307744629792,7627260715383980822,https://p19-common-sign.tiktokcdn-us.com/tos-maliva-avt-0068/aeb798c5e0468139333e32c7c84442be~tplv-tiktokx-cropcenter:100:100.jpg?dr=9640&refresh_token=e6b68897&x-expires=1778140800&x-signature=VSE1v8%2B%2FIlOzr0NroBz4X3f%2BWxA%3D&t=4d5b0474&ps=13740610&shp=30310797&shcp=ff37627b&idc=useast5
Wow❤️😍,1,0,2026-04-11T12:25:50.000Z,ugc_eshaa,https://www.tiktok.com/@diya_pic/video/7627174082462682398,7354683682136097797,7627476833382089480,https://p16-common-sign.tiktokcdn-us.com/tos-alisg-avt-0068/172a74621998066f73c401f24b7848b1~tplv-tiktokx-cropcenter:100:100.jpg?dr=9640&refresh_token=f5719cf4&x-expires=1778140800&x-signature=jbyELSpMvA4uhR0bfEHt4lNxziA%3D&t=4d5b0474&ps=13740610&shp=30310797&shcp=ff37627b&idc=useast5
Love the glow!,1,1,2026-04-10T17:10:09.000Z,ng.mmichelle,https://www.tiktok.com/@diya_pic/video/7627174082462682398,6808160288493421574,7627178932370277134,https://p16-common-sign.tiktokcdn-us.com/tos-useast5-avt-0068-tx/1fb002af11792a71871c8cae2f47c80d~tplv-tiktokx-cropcenter:100:100.jpg?dr=9640&refresh_token=3ad8ee46&x-expires=1778140800&x-signature=rrKeLjB4B9vinK6%2BHi7GrzhTp7w%3D&t=4d5b0474&ps=13740610&shp=30310797&shcp=ff37627b&idc=useast5
Wooow😍😍😍😍,1,1,2026-04-14T10:18:41.000Z,osk.bema,https://www.tiktok.com/@diya_pic/video/7627174082462682398,6955711775984862213,7628557327330935560,https://p19-common-sign.tiktokcdn-us.com/tos-alisg-avt-0068/6f12a12053d01bdc669271c859b91183~tplv-tiktokx-cropcenter:100:100.jpg?dr=9640&refresh_token=5fd0ec75&x-expires=1778140800&x-signature=dzXCc9QECsL%2BKuGtGW1xGJR%2Baxg%3D&t=4d5b0474&ps=13740610&shp=30310797&shcp=ff37627b&idc=useast5
wowwww glowinggg,1,1,2026-04-10T17:55:52.000Z,a_meeningful_day,https://www.tiktok.com/@diya_pic/video/7627174082462682398,6931034729316615173,7627190712169333518,https://p16-common-sign.tiktokcdn-us.com/tos-useast5-avt-0068-tx/7836563f5f6a2f7a44a47e7c3903a4bd~tplv-tiktokx-cropcenter:100:100.jpg?dr=9640&refresh_token=90bb7973&x-expires=1778140800&x-signature=BpmJi5N15cbxk%2F%2FKsXlnuBWROcE%3D&t=4d5b0474&ps=13740610&shp=30310797&shcp=ff37627b&idc=useast5
Omgg the glow,1,1,2026-04-10T16:54:18.000Z,.avasevilla,https://www.tiktok.com/@diya_pic/video/7627174082462682398,7430532457898443781,7627174942517773063,https://p16-common-sign.tiktokcdn-us.com/tos-alisg-avt-0068/5dc7c87a58e0abba7cf0ebe2040edd80~tplv-tiktokx-cropcenter:100:100.jpg?dr=9640&refresh_token=85325ca2&x-expires=1778140800&x-signature=H3xnaD4ZsSeprN%2BYIU37SexZQ0k%3D&t=4d5b0474&ps=13740610&shp=30310797&shcp=ff37627b&idc=useast5
Skin is glowing 😍,1,1,2026-04-10T20:30:16.000Z,sanasthetics_,https://www.tiktok.com/@diya_pic/video/7627174082462682398,242377995209089024,7627230588923773698,https://p16-common-sign.tiktokcdn-us.com/tos-maliva-avt-0068/d47a8ab0e40f06c752d6a5c48a18f616~tplv-tiktokx-cropcenter:100:100.jpg?dr=9640&refresh_token=07dbbc51&x-expires=1778140800&x-signature=uQ3iFYz%2Bql1uvHGw8hdq6BlC6o8%3D&t=4d5b0474&ps=13740610&shp=30310797&shcp=ff37627b&idc=useast5
i want the lip mask 🤩✨,1,0,2026-04-11T14:50:54.000Z,cloeicreates,https://www.tiktok.com/@diya_pic/video/7627174082462682398,7399139667432866823,7627514212520739592,https://p16-common-sign.tiktokcdn-us.com/tos-alisg-avt-0068/fe906a31953066836d963777de61d259~tplv-tiktokx-cropcenter:100:100.jpg?dr=9640&refresh_token=3826ae36&x-expires=1778140800&x-signature=0OMHSh4vpCsLr2ndRweg46Md3xA%3D&t=4d5b0474&ps=13740610&shp=30310797&shcp=ff37627b&idc=useast5
The mask looks amazing 😍,1,1,2026-04-10T18:13:14.000Z,tanyats.beauty,https://www.tiktok.com/@diya_pic/video/7627174082462682398,7244187151380890651,7627195238164398881,https://p16-common-sign.tiktokcdn-us.com/tos-useast2a-avt-0068-euttp/9e348a9afb86f5cb538f09e364e181c5~tplv-tiktokx-cropcenter:100:100.jpg?dr=9640&refresh_token=30c55d64&x-expires=1778140800&x-signature=Xz7FUiC78fdjcQTMzy4nouKu1bA%3D&t=4d5b0474&ps=13740610&shp=30310797&shcp=ff37627b&idc=useast5
how that came off is so satisfying 👏🥰,1,0,2026-04-11T02:20:10.000Z,millennialglowup,https://www.tiktok.com/@diya_pic/video/7627174082462682398,7466356509947511826,7627320716811830017,https://p19-common-sign.tiktokcdn-us.com/tos-alisg-avt-0068/f5232e53f5ab640f7d3adf32f4e9941e~tplv-tiktokx-cropcenter:100:100.jpg?dr=9640&refresh_token=13d5217e&x-expires=1778140800&x-signature=DYtD9QeCIB2CLokEmwLPKWOVnIA%3D&t=4d5b0474&ps=13740610&shp=30310797&shcp=ff37627b&idc=useast5
Glowinggg,1,0,2026-04-10T18:29:48.000Z,latashakewley,https://www.tiktok.com/@diya_pic/video/7627174082462682398,7453872695873651717,7627199538067178256,https://p16-common-sign.tiktokcdn-us.com/tos-maliva-avt-0068/2604578e677f420fe97b19432af5f58d~tplv-tiktokx-cropcenter:100:100.jpg?dr=9640&refresh_token=7e902c4a&x-expires=1778140800&x-signature=0wQTZzmArQv0HhtWutDiq3AEEKg%3D&t=4d5b0474&ps=13740610&shp=30310797&shcp=ff37627b&idc=useast5
Such a good mask ❤️,1,0,2026-04-11T01:11:20.000Z,fhaydskincarecreator,https://www.tiktok.com/@diya_pic/video/7627174082462682398,7434278357315224622,7627302967670440734,https://p16-common-sign.tiktokcdn-us.com/tos-useast8-avt-0068-tx2/0206fecc0d7268744098d8f49db68e12~tplv-tiktokx-cropcenter:100:100.jpg?dr=9640&refresh_token=5e658815&x-expires=1778140800&x-signature=nVYExf7661fq159YPeSMqykxvBE%3D&t=4d5b0474&ps=13740610&shp=30310797&shcp=ff37627b&idc=useast5
The skin is glowing 💕,1,0,2026-04-10T22:15:29.000Z,kiyowoon7,https://www.tiktok.com/@diya_pic/video/7627174082462682398,7287607530527999009,7627257646194983702,https://p19-common-sign.tiktokcdn-us.com/tos-maliva-avt-0068/211f2b47533e8d97564018f8f97d18f6~tplv-tiktokx-cropcenter:100:100.jpg?dr=9640&refresh_token=aa7a32dd&x-expires=1778140800&x-signature=PRXl%2F1ArjNoqLqeiBYqsXk9cVwQ%3D&t=4d5b0474&ps=13740610&shp=30310797&shcp=ff37627b&idc=useast5
Okay i want say no more,1,0,2026-04-10T23:52:19.000Z,joselinastyle,https://www.tiktok.com/@diya_pic/video/7627174082462682398,7319148053684012064,7627282506534896406,https://p19-common-sign.tiktokcdn-us.com/tos-maliva-avt-0068/b9c00c9555d7b5a4702920bbaa2c79ed~tplv-tiktokx-cropcenter:100:100.jpg?dr=9640&refresh_token=4933555a&x-expires=1778140800&x-signature=ZE4FE3aTYqOLjmYe8VqDLTCJKUE%3D&t=4d5b0474&ps=13740610&shp=30310797&shcp=ff37627b&idc=useast5
"So glowing, love this 💗",1,0,2026-04-10T18:31:57.000Z,itszeesmom3,https://www.tiktok.com/@diya_pic/video/7627174082462682398,7336480460607292421,7627200051429540609,https://p19-common-sign.tiktokcdn-us.com/tos-alisg-avt-0068/83e5dc9044294b50c8d5dc588ca1c37c~tplv-tiktokx-cropcenter:100:100.jpg?dr=9640&refresh_token=8e39f371&x-expires=1778140800&x-signature=8HBKg6FuzBKlIn5Hg%2FWQeuWpzS0%3D&t=4d5b0474&ps=13740610&shp=30310797&shcp=ff37627b&idc=useast5
New to me 😍,1,0,2026-04-10T18:19:57.000Z,vinuripiki.ugc,https://www.tiktok.com/@diya_pic/video/7627174082462682398,6846581584910287878,7627196967169786645,https://p19-common-sign.tiktokcdn-us.com/tos-maliva-avt-0068/52eaf486b4715d3c7846738eb7f6d151~tplv-tiktokx-cropcenter:100:100.jpg?dr=9640&refresh_token=256c29cb&x-expires=1778140800&x-signature=9GUUFkUOJrYci7aRhF%2B%2FtOfjptw%3D&t=4d5b0474&ps=13740610&shp=30310797&shcp=ff37627b&idc=useast5
Your glow is blinding 😍,1,1,2026-04-13T06:43:44.000Z,hey.lizzziee,https://www.tiktok.com/@diya_pic/video/7627174082462682398,7383161303362421765,7628130823280263954,https://p16-common-sign.tiktokcdn-eu.com/tos-alisg-avt-0068/37a16a028728eaa57772ab4c5d16994f~tplv-tiktokx-cropcenter:100:100.jpg?dr=10399&refresh_token=8f46da4c&x-expires=1778140800&x-signature=T3X7kYkZ%2F92H%2F6FedCy%2BL2H0VBE%3D&t=4d5b0474&ps=13740610&shp=30310797&shcp=ff37627b&idc=no1a
Waaaw perfect 💕💕,0,0,2026-04-26T09:14:10.000Z,ocee_makeup,https://www.tiktok.com/@diya_pic/video/7627174082462682398,6794000987919205381,7632993679028830998,https://p16-common-sign.tiktokcdn-eu.com/tos-no1a-avt-0068c001-no/6ea94ffd39c32b2968917f980fd270ac~tplv-tiktokx-cropcenter:100:100.jpg?dr=10399&refresh_token=521648d5&x-expires=1778140800&x-signature=BV%2Fufd7rzVWyF6pTS48wl3t%2B7SY%3D&t=4d5b0474&ps=13740610&shp=30310797&shcp=ff37627b&idc=no1a
Look at the glow✨,1,1,2026-04-12T08:54:18.000Z,balkour10,https://www.tiktok.com/@diya_pic/video/7627174082462682398,7461550453546419217,7627793372183331601,https://p16-common-sign.tiktokcdn-eu.com/tos-alisg-avt-0068/bb111aa3ecfe2a9ab409b41ab44ea49c~tplv-tiktokx-cropcenter:100:100.jpg?dr=10399&refresh_token=02ca90d3&x-expires=1778140800&x-signature=i1025HXAs0xJE1thY1zVpeQRpxs%3D&t=4d5b0474&ps=13740610&shp=30310797&shcp=ff37627b&idc=no1a
perfect mask for lips and face,0,0,2026-04-12T05:58:41.000Z,the_fifth_blossom,https://www.tiktok.com/@diya_pic/video/7627174082462682398,7441840545137804344,7627748124110816008,https://p19-common-sign.tiktokcdn-eu.com/tos-alisg-avt-0068/d67d88011035fbb347530582252faeae~tplv-tiktokx-cropcenter:100:100.jpg?dr=10399&refresh_token=b606188f&x-expires=1778140800&x-signature=NuvdTcmurmHEdMEvjgNNqtxp480%3D&t=4d5b0474&ps=13740610&shp=30310797&shcp=ff37627b&idc=no1a
Ohhhh looks so good🥰,0,0,2026-04-17T18:26:43.000Z,aaaessentialsph,https://www.tiktok.com/@diya_pic/video/7627174082462682398,7485010492039595014,7629796328629633812,https://p16-common-sign.tiktokcdn-eu.com/tos-alisg-avt-0068/81e74609716f1dffd850aae20fc7c7f7~tplv-tiktokx-cropcenter:100:100.jpg?dr=10399&refresh_token=389299cd&x-expires=1778140800&x-signature=iwHZ75vsiQZgDW6Rp%2BQ2NyH1LzY%3D&t=4d5b0474&ps=13740610&shp=30310797&shcp=ff37627b&idc=no1a
que bella queda tu piel 🥰✨,0,0,2026-04-12T12:48:03.000Z,lachicadragonugc,https://www.tiktok.com/@diya_pic/video/7627174082462682398,6747833835821777925,7627853634084946708,https://p16-common-sign.tiktokcdn.com/tos-maliva-avt-0068/debffc3646f103f46474081b86d75959~tplv-tiktokx-cropcenter:100:100.jpg?dr=14579&refresh_token=ed7b6acc&x-expires=1778140800&x-signature=8cYWBjp%2FoBrIxFWQB5MEwkTu4W4%3D&t=4d5b0474&ps=13740610&shp=30310797&shcp=ff37627b&idc=my3
Glass skin ✨💗,1,0,2026-04-10T18:31:02.000Z,princessmalph,https://www.tiktok.com/@diya_pic/video/7627174082462682398,6551974715568078849,7627199656774796063,https://p16-common-sign.tiktokcdn.com/tos-maliva-avt-0068/e2bde8e17c034aa9e9b2428761f2a690~tplv-tiktokx-cropcenter:100:100.jpg?dr=14579&refresh_token=5c72f91b&x-expires=1778140800&x-signature=Sw8QUl7rfJOT1HCj29aLPcyWikk%3D&t=4d5b0474&ps=13740610&shp=30310797&shcp=ff37627b&idc=my3
Wow ❤️,0,0,2026-04-18T19:10:19.000Z,anitaspk97,https://www.tiktok.com/@diya_pic/video/7627174082462682398,6706770281829483525,7630178639045264136,https://p16-common-sign.tiktokcdn-us.com/tos-alisg-avt-0068/8155bbc50cb8fb81c54d4c0bf574e74e~tplv-tiktokx-cropcenter:100:100.jpg?dr=9640&refresh_token=7dcd401d&x-expires=1778140800&x-signature=QzxbhlYMb1HxQ5V8%2FOC8Igs7sYo%3D&t=4d5b0474&ps=13740610&shp=30310797&shcp=ff37627b&idc=useast5
Wow! Your skin is glowing! ✨,1,2,2026-04-22T12:47:58.000Z,frrenchyyy,https://www.tiktok.com/@sageylovee/video/7631119473008774431,6532018913562099714,7631564299450303246,https://p16-common-sign.tiktokcdn-us.com/tos-useast5-avt-0068-tx/bbf835e7e85a2529cea8664efe9e5540~tplv-tiktokx-cropcenter:100:100.jpg?dr=9640&refresh_token=3d804ec0&x-expires=1778140800&x-signature=T9M8zYXyiGX5praLkRllDYq08YI%3D&t=4d5b0474&ps=13740610&shp=30310797&shcp=ff37627b&idc=useast5
Oh yes! A face mask is always a musttttt!!!,1,1,2026-04-22T14:08:43.000Z,jordanccothell,https://www.tiktok.com/@sageylovee/video/7631119473008774431,7475784733522789422,7631585107108152094,https://p19-common-sign.tiktokcdn-us.com/tos-useast8-avt-0068-tx2/84a0dfc1ef07ae0d53117f08b4d82e23~tplv-tiktokx-cropcenter:100:100.jpg?dr=9640&refresh_token=ada83ec7&x-expires=1778140800&x-signature=38GW9FBFUFMo52B1AxoSXrrjrUw%3D&t=4d5b0474&ps=13740610&shp=30310797&shcp=ff37627b&idc=useast5
A face mask before and after travel will do it every time 🤌🏽,1,1,2026-04-21T21:46:21.000Z,reesekayb,https://www.tiktok.com/@sageylovee/video/7631119473008774431,6928418259357221894,7631332050222646029,https://p16-common-sign.tiktokcdn-us.com/tos-useast5-avt-0068-tx/b4d8cea67482b0cf7053bf7d46151b31~tplv-tiktokx-cropcenter:100:100.jpg?dr=9640&refresh_token=3ec77e77&x-expires=1778140800&x-signature=fIdkChp7UoEpZ%2FKBdq499Sf73HY%3D&t=4d5b0474&ps=13740610&shp=30310797&shcp=ff37627b&idc=useast5
i love how satisfying this video is 😍,1,1,2026-04-20T22:52:08.000Z,itsmelissamadrigal,https://www.tiktok.com/@natncm/video/7630833564505951501,7488590071620191278,7630977903665529631,https://p19-common-sign.tiktokcdn-us.com/tos-useast8-avt-0068-tx2/fd3edac051b56828d7427b0e30d64da4~tplv-tiktokx-cropcenter:100:100.jpg?dr=9640&refresh_token=8242b214&x-expires=1778140800&x-signature=sUh91hNlnnrzd1GbWuw4GkfIPxg%3D&t=4d5b0474&ps=13740610&shp=30310797&shcp=ff37627b&idc=useast5
🔥🔥🔥,1,0,2026-04-20T18:49:27.000Z,yabipr_,https://www.tiktok.com/@natncm/video/7630833564505951501,7036499065374622726,7630915139941106463,https://p16-common-sign.tiktokcdn-us.com/tos-useast8-avt-0068-tx2/5de21fb55d2d6cde95e03f9b83c69c78~tplv-tiktokx-cropcenter:100:100.jpg?dr=9640&refresh_token=cbe5bc8f&x-expires=1778140800&x-signature=qoYsFAbnbkWu2Q8Ib6i5AK1BMX4%3D&t=4d5b0474&ps=13740610&shp=30310797&shcp=ff37627b&idc=useast5
The mask looks fantastic,0,0,2026-04-30T22:37:31.000Z,jesslk84,https://www.tiktok.com/@reviewsby.mrso/video/7629722509926993173,7068404567130342406,7634684991880184597,https://p19-common-sign.tiktokcdn-us.com/tos-alisg-avt-0068/ad4519eb7aea079212f8628f53d3b478~tplv-tiktokx-cropcenter:100:100.jpg?dr=9640&refresh_token=b381ef87&x-expires=1778140800&x-signature=J%2BI4o637TKK1EQqIVlcbPBjS9hk%3D&t=4d5b0474&ps=13740610&shp=30310797&shcp=ff37627b&idc=useast5
These masks look amazing,0,0,2026-04-19T14:13:12.000Z,iamwomen.mrsav,https://www.tiktok.com/@reviewsby.mrso/video/7629722509926993173,6780845726575772678,7630473185007518472,https://p16-common-sign.tiktokcdn-us.com/tos-maliva-avt-0068/74fd2c7cd74819a4646fa04a6c2af8ca~tplv-tiktokx-cropcenter:100:100.jpg?dr=9640&refresh_token=2967b31e&x-expires=1778140800&x-signature=lmxGgBFMhva3FVk2vsqymNmiP9Q%3D&t=4d5b0474&ps=13740610&shp=30310797&shcp=ff37627b&idc=useast5
❤️❤️❤️,0,0,2026-04-17T20:00:50.000Z,misskintroverted_ann,https://www.tiktok.com/@reviewsby.mrso/video/7629722509926993173,6935220691696649217,7629820574487495431,https://p16-common-sign.tiktokcdn-us.com/tos-alisg-avt-0068/32adb9d3243ed23c2cebb71aadcd0e88~tplv-tiktokx-cropcenter:100:100.jpg?dr=9640&refresh_token=d1c2c447&x-expires=1778140800&x-signature=53kLp8ZQEEbrBOz8o9s%2BX%2Fjd%2Flo%3D&t=4d5b0474&ps=13740610&shp=30310797&shcp=ff37627b&idc=useast5
Necesitooooooo😍,1,1,2026-04-15T01:57:24.000Z,giamarian_,https://www.tiktok.com/@olenavalentinaagu/video/7628796377899863316,138831769461710848,7628799204172940052,https://p19-common-sign.tiktokcdn-us.com/tos-alisg-avt-0068/cd3367fe166f498541c96ac941752b58~tplv-tiktokx-cropcenter:100:100.jpg?dr=9640&refresh_token=8eee61b2&x-expires=1778140800&x-signature=qFXPoxpcIMY9E8H%2BbbiDFZtxPnA%3D&t=4d5b0474&ps=13740610&shp=30310797&shcp=ff37627b&idc=useast5
😁❤️,0,0,2026-04-15T05:21:01.000Z,claracenteno2,https://www.tiktok.com/@olenavalentinaagu/video/7628796377899863316,7218382611998786566,7628851691504632577,https://p19-common-sign.tiktokcdn-us.com/tos-alisg-avt-0068/e0ed101d32e3a92d28d69979b468dcfa~tplv-tiktokx-cropcenter:100:100.jpg?dr=9640&refresh_token=ff77754e&x-expires=1778140800&x-signature=hjwoYoitpYftm2nrkgxhH0%2Bnzw8%3D&t=4d5b0474&ps=13740610&shp=30310797&shcp=ff37627b&idc=useast5
Yasss more beautiful lips on u sister ❤️❤️🔥🔥🔥🔥,0,0,2026-04-18T15:04:02.000Z,jessii.rod,https://www.tiktok.com/@angieveemua/video/7629466172026539295,7310672108292375598,7630115035306083086,https://p19-common-sign.tiktokcdn-us.com/tos-useast5-avt-0068-tx/1147149f873bd64d96a0dd47f005a9bc~tplv-tiktokx-cropcenter:100:100.jpg?dr=9640&refresh_token=af23ff37&x-expires=1778140800&x-signature=RCe4bbjQwcBRmt31u3xxFwFCAPE%3D&t=4d5b0474&ps=13740610&shp=30310797&shcp=ff37627b&idc=useast8
Hahah I love that !!!! So cute,0,0,2026-04-16T21:27:46.000Z,haley.flores81,https://www.tiktok.com/@angieveemua/video/7629466172026539295,7513821023639651374,7629471865870353183,https://p16-common-sign.tiktokcdn-us.com/tos-useast8-avt-0068-tx2/b339c076bd6d0e7181bd3394077367e7~tplv-tiktokx-cropcenter:100:100.jpg?dr=9640&refresh_token=126be4ee&x-expires=1778140800&x-signature=pWSrcCJWTM1NZZ%2BBvZf2yZ9%2BJYQ%3D&t=4d5b0474&ps=13740610&shp=30310797&shcp=ff37627b&idc=useast8
I definitely need to try it out 💗,0,0,2026-04-19T17:26:01.000Z,leliroro,https://www.tiktok.com/@angieveemua/video/7629466172026539295,6752016381942514694,7630522655700435742,https://p19-common-sign.tiktokcdn-us.com/tos-useast8-avt-0068-tx2/e7262c10815b5225fffacf8c119df35f~tplv-tiktokx-cropcenter:100:100.jpg?dr=9640&refresh_token=43b48cd9&x-expires=1778140800&x-signature=hhPYprspHUtZYusXcE7azSkfOBs%3D&t=4d5b0474&ps=13740610&shp=30310797&shcp=ff37627b&idc=useast8
Wow se mira muy bueno,0,0,2026-04-28T12:08:17.000Z,rosalindaramos412,https://www.tiktok.com/@angieveemua/video/7629466172026539295,6965626645718729733,7633780527020294925,https://p16-common-sign.tiktokcdn-us.com/tos-useast5-avt-0068-tx/7346467883381178414~tplv-tiktokx-cropcenter:100:100.jpg?dr=9640&refresh_token=dffdbb0a&x-expires=1778140800&x-signature=32bCc2pm70QifigZ8Ul4tRjchuc%3D&t=4d5b0474&ps=13740610&shp=30310797&shcp=ff37627b&idc=useast8
Gorgeous sounds so good 💕💕,0,0,2026-04-17T18:56:22.000Z,_juani.00,https://www.tiktok.com/@angieveemua/video/7629466172026539295,6747187993030198277,7629803867039204110,https://p16-common-sign.tiktokcdn-us.com/tos-useast5-avt-0068-tx/b21ff3ca49991cd68e632f7bf64314c9~tplv-tiktokx-cropcenter:100:100.jpg?dr=9640&refresh_token=6bbb1ddc&x-expires=1778140800&x-signature=OIRw2N%2FwPcxe0XWwbwiCIcbq63I%3D&t=4d5b0474&ps=13740610&shp=30310797&shcp=ff37627b&idc=useast8
Need it for mine too 🔥🔥❤️❤️❤️,0,0,2026-04-18T15:03:40.000Z,jessii.rod,https://www.tiktok.com/@angieveemua/video/7629466172026539295,7310672108292375598,7630114928301638414,https://p19-common-sign.tiktokcdn-us.com/tos-useast5-avt-0068-tx/1147149f873bd64d96a0dd47f005a9bc~tplv-tiktokx-cropcenter:100:100.jpg?dr=9640&refresh_token=af23ff37&x-expires=1778140800&x-signature=RCe4bbjQwcBRmt31u3xxFwFCAPE%3D&t=4d5b0474&ps=13740610&shp=30310797&shcp=ff37627b&idc=useast8
🥰🥰🥰,1,0,2026-05-01T15:23:41.000Z,nettavscll,https://www.tiktok.com/@missnettasworld/video/7627275058968333581,7614286261020656654,7634944280146199310,https://p16-common-sign.tiktokcdn-us.com/tos-useast5-avt-0068-tx/01685bd7e19edfd56b5b57a70a4887e5~tplv-tiktokx-cropcenter:100:100.jpg?dr=9640&refresh_token=1136f08d&x-expires=1778140800&x-signature=ZOz3HTfH354gDaMZtfYIsoDmLH0%3D&t=4d5b0474&ps=13740610&shp=30310797&shcp=ff37627b&idc=useast8
😍😍,1,0,2026-04-28T12:29:54.000Z,luisstwartperezal,https://www.tiktok.com/@dharitaps/video/7633260947854986526,7472094449587373098,7633786183441335054,https://p16-common-sign.tiktokcdn-us.com/tos-useast5-avt-0068-tx/2608143ac7690af13b0ab041ce065edb~tplv-tiktokx-cropcenter:100:100.jpg?dr=9640&refresh_token=666b9b12&x-expires=1778140800&x-signature=oOMDe0Ly46HtUsFD0cEZ%2BLUWPVA%3D&t=4d5b0474&ps=13740610&shp=30310797&shcp=ff37627b&idc=useast8
❤️❤️❤️,1,0,2026-04-27T03:30:22.000Z,lexpwrettiess,https://www.tiktok.com/@dharitaps/video/7633260947854986526,6826510167015588870,7633276188777267988,https://p16-common-sign.tiktokcdn-us.com/tos-alisg-avt-0068/13b68f330ced1dc067732499336f84f7~tplv-tiktokx-cropcenter:100:100.jpg?dr=9640&refresh_token=b8681ebe&x-expires=1778140800&x-signature=QiwG0vPoQAoPH4hwdnZrg0ExBmY%3D&t=4d5b0474&ps=13740610&shp=30310797&shcp=ff37627b&idc=useast8
😍😍😍😍,1,0,2026-04-27T03:37:51.000Z,chinapurple96,https://www.tiktok.com/@dharitaps/video/7633260947854986526,7462605757181854766,7633278077380576014,https://p19-common-sign.tiktokcdn-us.com/tos-useast5-avt-0068-tx/daeb333de975c84876830d481301634b~tplv-tiktokx-cropcenter:100:100.jpg?dr=9640&refresh_token=e3773e01&x-expires=1778140800&x-signature=WLjnuoC0fPpQEfp92S84%2FC7H588%3D&t=4d5b0474&ps=13740610&shp=30310797&shcp=ff37627b&idc=useast8
Such great ingredients! The lip mask looks especially amazing ❤️✨,0,0,2026-04-22T17:46:56.000Z,byrameez,https://www.tiktok.com/@jezzy.ugc/video/7631071932774927624,7390804507280802848,7631641514732618518,https://p16-common-sign.tiktokcdn-us.com/tos-maliva-avt-0068/d966c2fc7d7173d1f043b924be44937a~tplv-tiktokx-cropcenter:100:100.jpg?dr=9640&refresh_token=37eacb8b&x-expires=1778140800&x-signature=xTf8aveJea18t3xRwpuD6kG40Mw%3D&t=4d5b0474&ps=13740610&shp=30310797&shcp=ff37627b&idc=useast8
Chulísimas las dos mascarillas! 😍😍😍,1,1,2026-04-16T17:13:48.000Z,jandelarosa3,https://www.tiktok.com/@sgm3chic/video/7629012966297472258,7009695093293319174,7629406456069194498,https://p16-common-sign.tiktokcdn-us.com/tos-maliva-avt-0068/c293e49fca3ea2891f6555107ae4a8b2~tplv-tiktokx-cropcenter:100:100.jpg?dr=9640&refresh_token=50a2fa10&x-expires=1778140800&x-signature=xCzyH8qxJYnwfnli0aloM8q58Uc%3D&t=4d5b0474&ps=13740610&shp=30310797&shcp=ff37627b&idc=useast5
♥️♥️♥️♥️♥️,1,0,2026-04-17T19:33:08.000Z,loly.daci,https://www.tiktok.com/@sgm3chic/video/7629012966297472258,7143912870621840390,7629813422335804182,https://p16-common-sign.tiktokcdn-us.com/tos-maliva-avt-0068/722ce9c9ea20a754b314e8e33e222a0e~tplv-tiktokx-cropcenter:100:100.jpg?dr=9640&refresh_token=f2c01b89&x-expires=1778140800&x-signature=lRCbdr4L%2BCxZbY2m2F9Ge0XHWHY%3D&t=4d5b0474&ps=13740610&shp=30310797&shcp=ff37627b&idc=useast5
Love! Moots? 🥰,0,0,2026-04-21T12:08:35.000Z,shannonnha,https://www.tiktok.com/@thekimedit/video/7630528767135337741,6780139869445358598,7631183213986284306,https://p19-common-sign.tiktokcdn-us.com/tos-alisg-avt-0068/b28d2318fbeb83b0916afd3322a7f0a1~tplv-tiktokx-cropcenter:100:100.jpg?dr=9640&refresh_token=e4bd821c&x-expires=1778140800&x-signature=HmGgXqgjO7CId4%2BNeK1%2F%2BwRIqQ0%3D&t=4d5b0474&ps=13740610&shp=30310797&shcp=ff37627b&idc=useast5
Sooo glowy and hydrated,1,1,2026-04-19T18:24:07.000Z,makeeeemeup,https://www.tiktok.com/@thekimedit/video/7630528767135337741,6895101802568942598,7630537787319272223,https://p16-common-sign.tiktokcdn-us.com/tos-useast8-avt-0068-tx2/81a7c74fcf72d4d0ffa7d5db3fe7dc02~tplv-tiktokx-cropcenter:100:100.jpg?dr=9640&refresh_token=81d7a29f&x-expires=1778140800&x-signature=fC8JcE63FVguigM7vx%2BIggP9KKc%3D&t=4d5b0474&ps=13740610&shp=30310797&shcp=ff37627b&idc=useast5
looks so hydrating 🥰🥰,0,0,2026-04-21T11:16:33.000Z,lostcherrybunny,https://www.tiktok.com/@thekimedit/video/7630528767135337741,7196750782590845994,7631169674826580750,https://p16-common-sign.tiktokcdn-us.com/tos-useast5-avt-0068-tx/d4f17f02b57408da3a9b6e0da9abaefa~tplv-tiktokx-cropcenter:100:100.jpg?dr=9640&refresh_token=bdccb064&x-expires=1778140800&x-signature=%2F4RMKjgkTBluzQBjEpybejXmqfE%3D&t=4d5b0474&ps=13740610&shp=30310797&shcp=ff37627b&idc=useast5
This mask looks and sounds wonderful. Love the skincare ingredients in it.,0,0,2026-04-23T00:21:01.000Z,glossnglitters,https://www.tiktok.com/@thekimedit/video/7630528767135337741,6823176591520498693,7631743041493222151,https://p16-common-sign.tiktokcdn-us.com/tos-alisg-avt-0068/7326198290456772609~tplv-tiktokx-cropcenter:100:100.jpg?dr=9640&refresh_token=7816a6c2&x-expires=1778140800&x-signature=ougjCBxIibZLMvR0MJZ%2BM%2FPCxTQ%3D&t=4d5b0474&ps=13740610&shp=30310797&shcp=ff37627b&idc=useast5
aah so hydrating and makes your skin like glass,1,1,2026-04-20T03:43:06.000Z,queeniesav,https://www.tiktok.com/@thekimedit/video/7630528767135337741,7320913580593185798,7630681858934997768,https://p19-common-sign.tiktokcdn-us.com/tos-alisg-avt-0068/eb26522a642d140babfc0a1903e3ce0e~tplv-tiktokx-cropcenter:100:100.jpg?dr=9640&refresh_token=b963b2bc&x-expires=1778140800&x-signature=3icDaGWK9gETRZa%2FcLkZDDen5hI%3D&t=4d5b0474&ps=13740610&shp=30310797&shcp=ff37627b&idc=useast5
skin is glowing~,1,1,2026-04-19T22:21:41.000Z,lovephoebexx,https://www.tiktok.com/@thekimedit/video/7630528767135337741,7411951257664390162,7630598932901413648,https://p19-common-sign.tiktokcdn-us.com/tos-alisg-avt-0068/e35d03aaaf397fee66d642c07f4a21db~tplv-tiktokx-cropcenter:100:100.jpg?dr=9640&refresh_token=df774800&x-expires=1778140800&x-signature=7dEa0k1WjR%2B7K7wvJVWfoqEWewU%3D&t=4d5b0474&ps=13740610&shp=30310797&shcp=ff37627b&idc=useast5
your skin is sooo radiant omggg,0,0,2026-04-21T02:27:04.000Z,withduyen,https://www.tiktok.com/@thekimedit/video/7630528767135337741,7106294228715602986,7631033318880592653,https://p16-common-sign.tiktokcdn-us.com/tos-useast5-avt-0068-tx/7324806803252838442~tplv-tiktokx-cropcenter:100:100.jpg?dr=9640&refresh_token=29c31390&x-expires=1778140800&x-signature=ok86lOhBK5xzrWeHYrEoiR0LIRE%3D&t=4d5b0474&ps=13740610&shp=30310797&shcp=ff37627b&idc=useast5
need to try,1,1,2026-04-19T19:42:02.000Z,ss.kbglow,https://www.tiktok.com/@thekimedit/video/7630528767135337741,7391584716186518570,7630557866511876895,https://p19-common-sign.tiktokcdn-us.com/tos-useast8-avt-0068-tx2/5e42f0b1f0767e4862cbb30bd903f16f~tplv-tiktokx-cropcenter:100:100.jpg?dr=9640&refresh_token=06304703&x-expires=1778140800&x-signature=2SU86EeR%2B7OUNJeBrdX%2BrUk3UsI%3D&t=4d5b0474&ps=13740610&shp=30310797&shcp=ff37627b&idc=useast5
Wow what interesting mask! Love the after results 🤍,1,1,2026-04-19T22:41:05.000Z,sk1ncaresecrets,https://www.tiktok.com/@thekimedit/video/7630528767135337741,7432304512697156640,7630603978212442902,https://p16-common-sign.tiktokcdn-us.com/tos-maliva-avt-0068/4b6c5f68b6529fdd699be2645b0eda24~tplv-tiktokx-cropcenter:100:100.jpg?dr=9640&refresh_token=291a7b8c&x-expires=1778140800&x-signature=7awF%2FdeUtkObprAKDzedhghjnzk%3D&t=4d5b0474&ps=13740610&shp=30310797&shcp=ff37627b&idc=useast5
Wow this looks so good 🥰🥰🥰,1,1,2026-04-19T17:56:52.000Z,atlantic_beauty11,https://www.tiktok.com/@thekimedit/video/7630528767135337741,7221191340162548742,7630530830015939335,https://p19-common-sign.tiktokcdn-us.com/tos-maliva-avt-0068/cf7dee63fe61b7b1a06108a8e6a10846~tplv-tiktokx-cropcenter:100:100.jpg?dr=9640&refresh_token=887e07ee&x-expires=1778140800&x-signature=5wb3wa4YVCj8MyMKDBhn%2Fh3PrOg%3D&t=4d5b0474&ps=13740610&shp=30310797&shcp=ff37627b&idc=useast5
Your skin is glowing😍,1,1,2026-04-20T20:05:52.000Z,omgmiarain,https://www.tiktok.com/@thekimedit/video/7630528767135337741,7464443251166561281,7630935106354447121,https://p19-common-sign.tiktokcdn-us.com/tos-alisg-avt-0068/19c8917e66115e3157746b66bf6ad6a6~tplv-tiktokx-cropcenter:100:100.jpg?dr=9640&refresh_token=448e9e39&x-expires=1778140800&x-signature=maPr2aAjCx%2BDKd14yu%2BlvdU05xU%3D&t=4d5b0474&ps=13740610&shp=30310797&shcp=ff37627b&idc=useast5
Looks amazing! I need to try it 🥰,1,1,2026-04-20T01:04:42.000Z,gabyyoshikawaa,https://www.tiktok.com/@thekimedit/video/7630528767135337741,7355355981491012651,7630641052227224351,https://p16-common-sign.tiktokcdn-us.com/tos-useast5-avt-0068-tx/4c578b18fde3eee6c6930e37741102b1~tplv-tiktokx-cropcenter:100:100.jpg?dr=9640&refresh_token=e2b8a38c&x-expires=1778140800&x-signature=cbn0WSdrl8lETpR%2FS9fwbdhymhE%3D&t=4d5b0474&ps=13740610&shp=30310797&shcp=ff37627b&idc=useast5
Where yo buy,0,0,2026-04-15T06:34:41.000Z,aims139,https://www.tiktok.com/@self.care.love.always/video/7628797047398829330,6680697339999126534,7628870654624449301,https://p19-common-sign.tiktokcdn-us.com/tos-alisg-avt-0068/1d89d1fbc157fe9e4730cfa15335b7f1~tplv-tiktokx-cropcenter:100:100.jpg?dr=9640&refresh_token=8eaa0e51&x-expires=1778140800&x-signature=LoJxrWGzP%2B4iq6HdFJtdeAkjrLs%3D&t=4d5b0474&ps=13740610&shp=30310797&shcp=ff37627b&idc=useast5
I love this packaging!,0,0,2026-04-16T23:57:36.000Z,sociallywendy,https://www.tiktok.com/@self.care.love.always/video/7628797047398829330,7532125791044699144,7629510479501378311,https://p16-common-sign.tiktokcdn-us.com/tos-alisg-avt-0068/c0a942b0d7e5be98ad470008f1b2069d~tplv-tiktokx-cropcenter:100:100.jpg?dr=9640&refresh_token=1c7d3bee&x-expires=1778140800&x-signature=w2sk55Vb6uoQqsLQn9B9oZnrH2s%3D&t=4d5b0474&ps=13740610&shp=30310797&shcp=ff37627b&idc=useast5
Looks great 💕,0,0,2026-04-19T19:31:28.000Z,olaswiridova,https://www.tiktok.com/@self.care.love.always/video/7628797047398829330,6720441579619812358,7630555166685971218,https://p19-common-sign.tiktokcdn-us.com/tos-maliva-avt-0068/510e3e924f41467cb567a32df16c4728~tplv-tiktokx-cropcenter:100:100.jpg?dr=9640&refresh_token=aa17df69&x-expires=1778140800&x-signature=thG%2BF%2FuCVdUD%2BhS%2BH4bE8t6TAZY%3D&t=4d5b0474&ps=13740610&shp=30310797&shcp=ff37627b&idc=useast5
I love these lip mask 🥰,0,0,2026-04-24T23:39:06.000Z,maggah15,https://www.tiktok.com/@self.care.love.always/video/7628797047398829330,6902943039221138434,7632474390026076941,https://p19-common-sign.tiktokcdn-us.com/tos-useast5-avt-0068-tx/126c5527d5467520cf0a2ac0bab04986~tplv-tiktokx-cropcenter:100:100.jpg?dr=9640&refresh_token=dcbc219c&x-expires=1778140800&x-signature=eoD2sRUhsD0Hk7tF6p7mCK1rGp0%3D&t=4d5b0474&ps=13740610&shp=30310797&shcp=ff37627b&idc=useast5
need😍😍 ang aesthetic ng lagayan,0,0,2026-04-16T05:31:40.000Z,merilowisss,https://www.tiktok.com/@self.care.love.always/video/7628797047398829330,7438232334866383928,7629225509960778512,https://p16-common-sign.tiktokcdn-us.com/tos-alisg-avt-0068/7379005329725478aef6d59aa92d38a9~tplv-tiktokx-cropcenter:100:100.jpg?dr=9640&refresh_token=64495855&x-expires=1778140800&x-signature=ywX5fjyrNe26IJXUV%2B2eMk04dW0%3D&t=4d5b0474&ps=13740610&shp=30310797&shcp=ff37627b&idc=useast5
so cute.. lips looks plump💕💕,0,0,2026-04-16T09:26:43.000Z,gatekeeper_xoxo,https://www.tiktok.com/@self.care.love.always/video/7628797047398829330,7498248175943418888,7629286086411125522,https://p16-common-sign.tiktokcdn-us.com/tos-alisg-avt-0068/61301ce6386b3bad4e969784d2ecef60~tplv-tiktokx-cropcenter:100:100.jpg?dr=9640&refresh_token=d99995e9&x-expires=1778140800&x-signature=uN5jsD4cF5ynuOGRRKBc0PZJ5so%3D&t=4d5b0474&ps=13740610&shp=30310797&shcp=ff37627b&idc=useast5
so cute packaging,0,0,2026-04-15T01:59:27.000Z,dstybluee,https://www.tiktok.com/@self.care.love.always/video/7628797047398829330,7357996662118532101,7628799737357452049,https://p16-common-sign.tiktokcdn-us.com/tos-alisg-avt-0068/848ae62c985c7190e49a1e62402cd678~tplv-tiktokx-cropcenter:100:100.jpg?dr=9640&refresh_token=cb7fced4&x-expires=1778140800&x-signature=r8Be20k6aQFdquwqm1EABIPq9sI%3D&t=4d5b0474&ps=13740610&shp=30310797&shcp=ff37627b&idc=useast5
Nice product 💙,0,0,2026-04-15T07:47:15.000Z,imsyneathita2,https://www.tiktok.com/@self.care.love.always/video/7628797047398829330,7422623835130889223,7628889344137233172,https://p19-common-sign.tiktokcdn-us.com/tos-alisg-avt-0068/1b98c0eff9e3df54a3d6944578fcec4d~tplv-tiktokx-cropcenter:100:100.jpg?dr=9640&refresh_token=78bdb9bc&x-expires=1778140800&x-signature=f9HMxEgUpmw%2BL1aWXHEQWNibhgo%3D&t=4d5b0474&ps=13740610&shp=30310797&shcp=ff37627b&idc=useast5
👍🥰,0,0,2026-04-19T01:26:55.000Z,angelsclubmakeup,https://www.tiktok.com/@self.care.love.always/video/7628797047398829330,7064261127174652934,7630275700763198226,https://p19-common-sign.tiktokcdn-us.com/tos-maliva-avt-0068/e655546ec6a3619570ff0158773bf121~tplv-tiktokx-cropcenter:100:100.jpg?dr=9640&refresh_token=af10cd63&x-expires=1778140800&x-signature=dTbX%2B%2FvOg3FdFoVlKWdrOHt7kVQ%3D&t=4d5b0474&ps=13740610&shp=30310797&shcp=ff37627b&idc=useast5
Wow 😍,0,0,2026-04-24T21:41:16.000Z,anitaspk97,https://www.tiktok.com/@kaur.ramneet/video/7629865063268076807,6706770281829483525,7632444054260892423,https://p19-common-sign.tiktokcdn-us.com/tos-alisg-avt-0068/8155bbc50cb8fb81c54d4c0bf574e74e~tplv-tiktokx-cropcenter:100:100.jpg?dr=9640&refresh_token=6defb329&x-expires=1778140800&x-signature=Sh4IBHnAMAxTielGIJ913PAixIs%3D&t=4d5b0474&ps=13740610&shp=30310797&shcp=ff37627b&idc=useast5
Looks very hydrating 😍😍,1,0,2026-04-18T18:26:43.000Z,simmysandhawalia,https://www.tiktok.com/@kaur.ramneet/video/7629865063268076807,6974552108076221445,7630167404157584144,https://p16-common-sign.tiktokcdn-us.com/tos-alisg-avt-0068/730dba684b2d9f705d90ca9900a41662~tplv-tiktokx-cropcenter:100:100.jpg?dr=9640&refresh_token=aa5c526e&x-expires=1778140800&x-signature=zB0GCPTA2KESkoIa684%2BTTGhYUw%3D&t=4d5b0474&ps=13740610&shp=30310797&shcp=ff37627b&idc=useast5
Loved the lip mask 🥰 never seen this before,1,0,2026-04-18T07:29:27.000Z,modermuseugc,https://www.tiktok.com/@kaur.ramneet/video/7629865063268076807,7508996251531297848,7629998038455370504,https://p16-common-sign.tiktokcdn-us.com/tos-alisg-avt-0068/520ab55f70b152316a005f0ff2bded0f~tplv-tiktokx-cropcenter:100:100.jpg?dr=9640&refresh_token=3f58240e&x-expires=1778140800&x-signature=artE3Ox7jehEygwDGYELtm6JDNA%3D&t=4d5b0474&ps=13740610&shp=30310797&shcp=ff37627b&idc=useast5
Wow 😍😍,0,0,2026-04-22T08:07:58.000Z,manjuchaudhary1025,https://www.tiktok.com/@kaur.ramneet/video/7629865063268076807,120957620164734977,7631492297175646996,https://p16-common-sign.tiktokcdn-us.com/tos-alisg-avt-0068/fb33a08186b0b26f8f4c93a3201f742c~tplv-tiktokx-cropcenter:100:100.jpg?dr=9640&refresh_token=9ff2a3b8&x-expires=1778140800&x-signature=D2WU1BA94JyR6y0layVnzXio%2FlA%3D&t=4d5b0474&ps=13740610&shp=30310797&shcp=ff37627b&idc=useast5
This lip mask is tempting,0,0,2026-04-22T12:06:56.000Z,ugcbyreena,https://www.tiktok.com/@kaur.ramneet/video/7629865063268076807,7480894953553314817,7631553898981720840,https://p19-common-sign.tiktokcdn-us.com/tos-alisg-avt-0068/511878bde69af28aea6d2ba74d603d85~tplv-tiktokx-cropcenter:100:100.jpg?dr=9640&refresh_token=14c9e399&x-expires=1778140800&x-signature=GziC94wgf5KBKbCoWyJDE28XVsE%3D&t=4d5b0474&ps=13740610&shp=30310797&shcp=ff37627b&idc=useast5
Love this lip mask ❤️,1,0,2026-04-18T18:43:41.000Z,glowbysiffat,https://www.tiktok.com/@kaur.ramneet/video/7629865063268076807,7573784905482716181,7630171799698932501,https://p16-common-sign.tiktokcdn-us.com/tos-alisg-avt-0068/176e4f11471f8eb70518a019940f8903~tplv-tiktokx-cropcenter:100:100.jpg?dr=9640&refresh_token=88bf6d7d&x-expires=1778140800&x-signature=4r9ZiEAZmfQuuTHSp1d%2FAh78Ur4%3D&t=4d5b0474&ps=13740610&shp=30310797&shcp=ff37627b&idc=useast5
These are soo good 😍😍,1,0,2026-04-20T01:46:14.000Z,missshilife,https://www.tiktok.com/@kaur.ramneet/video/7629865063268076807,6772221060371088390,7630651765617181447,https://p19-common-sign.tiktokcdn-us.com/tos-alisg-avt-0068/fe2e91a72643a8ba3e5d5f6b09153255~tplv-tiktokx-cropcenter:100:100.jpg?dr=9640&refresh_token=8d8dca25&x-expires=1778140800&x-signature=h6LGDh8q9A31Bcttl11tFe3sa2M%3D&t=4d5b0474&ps=13740610&shp=30310797&shcp=ff37627b&idc=useast5
Wow looks so good ❤️,1,0,2026-04-18T05:21:21.000Z,glowwith_viicky,https://www.tiktok.com/@kaur.ramneet/video/7629865063268076807,7528793007584920582,7629965042959745799,https://p19-common-sign.tiktokcdn-us.com/tos-maliva-avt-0068/b41325ff67bfe663d7b8ebd5bbdfab42~tplv-tiktokx-cropcenter:100:100.jpg?dr=9640&refresh_token=05bcb0a0&x-expires=1778140800&x-signature=bmvYiGG%2Btx8r%2Bw2Z6RsunXM5Ecw%3D&t=4d5b0474&ps=13740610&shp=30310797&shcp=ff37627b&idc=useast5
These look amazing 😍,1,0,2026-04-18T02:40:53.000Z,suman_jawandha,https://www.tiktok.com/@kaur.ramneet/video/7629865063268076807,6575700977596350469,7629923643745141525,https://p16-common-sign.tiktokcdn-us.com/tos-alisg-avt-0068/a2bc540c430359a4752be66fd4f15532~tplv-tiktokx-cropcenter:100:100.jpg?dr=9640&refresh_token=34f1953a&x-expires=1778140800&x-signature=DA0U1j2Bx5bYfoF9DF9o%2F658PJ0%3D&t=4d5b0474&ps=13740610&shp=30310797&shcp=ff37627b&idc=useast5
Oooo! Looks amazing!,1,0,2026-04-18T15:13:15.000Z,sheri.goldie,https://www.tiktok.com/@kaur.ramneet/video/7629865063268076807,7578567897120506898,7630117556478018305,https://p19-common-sign.tiktokcdn-us.com/tos-alisg-avt-0068/48a0cb177584fcc1eaa574e23f1b3c7c~tplv-tiktokx-cropcenter:100:100.jpg?dr=9640&refresh_token=17c1c0b4&x-expires=1778140800&x-signature=87lyIHk64jWqTU9O9QmiZUEe04I%3D&t=4d5b0474&ps=13740610&shp=30310797&shcp=ff37627b&idc=useast5
Looks great ♥️,1,0,2026-04-19T16:53:54.000Z,rafiyaww,https://www.tiktok.com/@kaur.ramneet/video/7629865063268076807,7122861674030711814,7630514564032332565,https://p16-common-sign.tiktokcdn-us.com/tos-alisg-avt-0068/0b3c1c99d2ed204a4cba13efe96e6b4d~tplv-tiktokx-cropcenter:100:100.jpg?dr=9640&refresh_token=444118fb&x-expires=1778140800&x-signature=uQKzl1KzfVKcwsUQ3QgK%2BklP2S0%3D&t=4d5b0474&ps=13740610&shp=30310797&shcp=ff37627b&idc=useast5
Very hydrating🥰,1,0,2026-04-19T19:29:43.000Z,glam_by_gurleen,https://www.tiktok.com/@kaur.ramneet/video/7629865063268076807,6843193103798141957,7630554732368773909,https://p16-common-sign.tiktokcdn-us.com/tos-alisg-avt-0068/bc4902f82ba4d6bbc94262153072a99b~tplv-tiktokx-cropcenter:100:100.jpg?dr=9640&refresh_token=0f88f6ae&x-expires=1778140800&x-signature=FI3qBuOzJhG4pRPUn3v%2By%2BWJE3o%3D&t=4d5b0474&ps=13740610&shp=30310797&shcp=ff37627b&idc=useast5
Wow😍,2,0,2026-04-18T11:19:58.000Z,man_inder95,https://www.tiktok.com/@kaur.ramneet/video/7629865063268076807,6638778072584110085,7630057441132659476,https://p19-common-sign.tiktokcdn-us.com/tos-alisg-avt-0068/00eb8532ee20c73176b1f3bc81a64bfa~tplv-tiktokx-cropcenter:100:100.jpg?dr=9640&refresh_token=3b4d3603&x-expires=1778140800&x-signature=O4f0S5XuBBX7T0lH1nTJjUy9Zq8%3D&t=4d5b0474&ps=13740610&shp=30310797&shcp=ff37627b&idc=useast5
wow perfect glowy face❤️,1,0,2026-04-18T03:26:47.000Z,romiathapar,https://www.tiktok.com/@kaur.ramneet/video/7629865063268076807,7552146461023077394,7629935487122227975,https://p19-common-sign.tiktokcdn-us.com/tos-alisg-avt-0068/c6182ba5c790fa62c32b41f608c89de7~tplv-tiktokx-cropcenter:100:100.jpg?dr=9640&refresh_token=01b20672&x-expires=1778140800&x-signature=AfPuJaMIsvVnORcE50Jj5gUuF6g%3D&t=4d5b0474&ps=13740610&shp=30310797&shcp=ff37627b&idc=useast5
Love a selfcare video😍,1,0,2026-04-18T19:20:34.000Z,thetwirlsaga,https://www.tiktok.com/@kaur.ramneet/video/7629865063268076807,7167504869305648130,7630181290641703681,https://p19-common-sign.tiktokcdn-us.com/tos-maliva-avt-0068/9134470fb3ca5f2316439c4c4ceaa63c~tplv-tiktokx-cropcenter:100:100.jpg?dr=9640&refresh_token=e6938378&x-expires=1778140800&x-signature=ZFPEmI5vmZgtQRMMY%2FHlxblB2Ek%3D&t=4d5b0474&ps=13740610&shp=30310797&shcp=ff37627b&idc=useast5
Wow looks amazing 😍😍,1,0,2026-04-18T02:34:39.000Z,pooja_b04,https://www.tiktok.com/@kaur.ramneet/video/7629865063268076807,6554926410921410566,7629922066229429008,https://p19-common-sign.tiktokcdn-us.com/tos-alisg-avt-0068/62a9b63e11709743776cc59af3132067~tplv-tiktokx-cropcenter:100:100.jpg?dr=9640&refresh_token=29fbbb40&x-expires=1778140800&x-signature=74vBXP7wvIT05hK20Zsrx%2FWmuwo%3D&t=4d5b0474&ps=13740610&shp=30310797&shcp=ff37627b&idc=useast5
Looks good,1,0,2026-04-17T23:41:30.000Z,balkour10,https://www.tiktok.com/@kaur.ramneet/video/7629865063268076807,7461550453546419217,7629877309999514385,https://p19-common-sign.tiktokcdn-us.com/tos-alisg-avt-0068/bb111aa3ecfe2a9ab409b41ab44ea49c~tplv-tiktokx-cropcenter:100:100.jpg?dr=9640&refresh_token=6aa31984&x-expires=1778140800&x-signature=a889DGTvisGC4sr0YBQjfARsYSc%3D&t=4d5b0474&ps=13740610&shp=30310797&shcp=ff37627b&idc=useast5
Wow😍,1,0,2026-04-21T01:20:02.000Z,glambybrar,https://www.tiktok.com/@kaur.ramneet/video/7629865063268076807,6727694562548450310,7631016061105963796,https://p16-common-sign.tiktokcdn-us.com/tos-alisg-avt-0068/6b1e4106d76a272c9bc4feed39917dd4~tplv-tiktokx-cropcenter:100:100.jpg?dr=9640&refresh_token=80d937dd&x-expires=1778140800&x-signature=cDyGWJvkq9wdsOnkje7YA3lQeP0%3D&t=4d5b0474&ps=13740610&shp=30310797&shcp=ff37627b&idc=useast5
I wanna try that lip mask ✨,0,0,2026-04-22T13:17:55.000Z,skincarewithbp,https://www.tiktok.com/@kaur.ramneet/video/7629865063268076807,7520034293332526098,7631572199584957202,https://p19-common-sign.tiktokcdn-us.com/tos-alisg-avt-0068/def46676a51066c85709cc1ae536b007~tplv-tiktokx-cropcenter:100:100.jpg?dr=9640&refresh_token=9067c0f1&x-expires=1778140800&x-signature=%2FDEVDyjybxt53llBgFyypnFN%2FCw%3D&t=4d5b0474&ps=13740610&shp=30310797&shcp=ff37627b&idc=useast5
Lip mask looks so good,0,0,2026-04-23T11:03:18.000Z,prabhbeauty,https://www.tiktok.com/@kaur.ramneet/video/7629865063268076807,6748766444685280262,7631908544921617173,https://p16-common-sign.tiktokcdn-us.com/tos-alisg-avt-0068/1c453089cc1b00b9ed046ac0b40ebe92~tplv-tiktokx-cropcenter:100:100.jpg?dr=9640&refresh_token=58c2066f&x-expires=1778140800&x-signature=Td3ygr%2Fedwsyv4LvrI%2FK7a%2BX7i4%3D&t=4d5b0474&ps=13740610&shp=30310797&shcp=ff37627b&idc=useast5
So hydrating ❤️❤️,0,0,2026-04-25T16:56:37.000Z,delhiites8,https://www.tiktok.com/@kaur.ramneet/video/7629865063268076807,7105758597221155846,7632741799233422098,https://p19-common-sign.tiktokcdn-us.com/tos-maliva-avt-0068/08711383f66c9bb2bd33e53ba08d4c53~tplv-tiktokx-cropcenter:100:100.jpg?dr=9640&refresh_token=cfcd9435&x-expires=1778140800&x-signature=0IzXPER5BBTaVF63S%2Bm84KY1oko%3D&t=4d5b0474&ps=13740610&shp=30310797&shcp=ff37627b&idc=useast5
That Lip mask 😍,0,0,2026-04-29T01:49:09.000Z,beautyrecipesbytarun,https://www.tiktok.com/@kaur.ramneet/video/7629865063268076807,6768314252907299845,7633992258254488327,https://p19-common-sign.tiktokcdn-us.com/tos-alisg-avt-0068/38630337c53b56cc805183645e13cfc2~tplv-tiktokx-cropcenter:100:100.jpg?dr=9640&refresh_token=2e791b1f&x-expires=1778140800&x-signature=anHOk5x37C1Rqc2XRDkTBpRomtA%3D&t=4d5b0474&ps=13740610&shp=30310797&shcp=ff37627b&idc=useast5
😻😻😻,1,0,2026-04-22T05:55:44.000Z,sukritious,https://www.tiktok.com/@kaur.ramneet/video/7629865063268076807,7243005890155824133,7631458209555202836,https://p19-common-sign.tiktokcdn-us.com/tos-maliva-avt-0068/df0974fbd02810ef644d95defa0e28ea~tplv-tiktokx-cropcenter:100:100.jpg?dr=9640&refresh_token=bfb7997c&x-expires=1778140800&x-signature=twYZ9uRVZS3d0UtoxlBJx3L2H5w%3D&t=4d5b0474&ps=13740610&shp=30310797&shcp=ff37627b&idc=useast5
❤️❤️❤️,1,0,2026-04-21T09:38:38.000Z,smilessss2025,https://www.tiktok.com/@kaur.ramneet/video/7629865063268076807,7478681791436735496,7631144587192533778,https://p19-common-sign.tiktokcdn-us.com/tos-alisg-avt-0068/1e469421fad7f37f072db6fd65f71b75~tplv-tiktokx-cropcenter:100:100.jpg?dr=9640&refresh_token=17ea1b89&x-expires=1778140800&x-signature=EmkEEY6pFFViiit85BUr2X465v0%3D&t=4d5b0474&ps=13740610&shp=30310797&shcp=ff37627b&idc=useast5
💖,1,0,2026-04-18T17:30:10.000Z,glambyrads,https://www.tiktok.com/@kaur.ramneet/video/7629865063268076807,7457619018900358149,7630152829324722952,https://p16-common-sign.tiktokcdn-us.com/tos-maliva-avt-0068/7ba377de10f771ff2dc36ecc78998eca~tplv-tiktokx-cropcenter:100:100.jpg?dr=9640&refresh_token=f17db7b9&x-expires=1778140800&x-signature=QdysnfeGYfZcWyZofhvBjNIUiDY%3D&t=4d5b0474&ps=13740610&shp=30310797&shcp=ff37627b&idc=useast5
❤️❤️❤️❤️❤️❤️,1,1,2026-04-17T23:26:07.000Z,courageouslioness,https://www.tiktok.com/@kaur.ramneet/video/7629865063268076807,7368939503044477958,7629873424169386759,https://p16-common-sign.tiktokcdn-us.com/tos-alisg-avt-0068/6f1a17ee950c54d95919e26756f0fc6b~tplv-tiktokx-cropcenter:100:100.jpg?dr=9640&refresh_token=47cad33f&x-expires=1778140800&x-signature=5ETAxjDJWkik%2F61CbOg%2BfpbACDg%3D&t=4d5b0474&ps=13740610&shp=30310797&shcp=ff37627b&idc=useast5
Such a fun mask,0,0,2026-04-25T00:26:55.000Z,bwithaz,https://www.tiktok.com/@glowwithsabrinas/video/7631046425341660429,6646206248138473477,7632486725025399583,https://p19-common-sign.tiktokcdn-us.com/tos-maliva-avt-0068/ddb3ce2c033552f3cf0073952a213a32~tplv-tiktokx-cropcenter:100:100.jpg?dr=9640&refresh_token=deaea6af&x-expires=1778140800&x-signature=KhDmGRRLZKLM9wmU5NdH8Ulbbk8%3D&t=4d5b0474&ps=13740610&shp=30310797&shcp=ff37627b&idc=useast5
I need this like yesterday 💕💕💕,1,1,2026-04-21T03:32:10.000Z,makeup_short,https://www.tiktok.com/@glowwithsabrinas/video/7631046425341660429,6820069113903203333,7631050124382225182,https://p19-common-sign.tiktokcdn-us.com/tos-useast8-avt-0068-tx2/cc65ba28cb9b703a2fef2cf7dba3ce0d~tplv-tiktokx-cropcenter:100:100.jpg?dr=9640&refresh_token=60b0f18d&x-expires=1778140800&x-signature=jOnzd%2FO5%2Fp%2BxLFi3l8k4a5fVt94%3D&t=4d5b0474&ps=13740610&shp=30310797&shcp=ff37627b&idc=useast5
Wait I neeeed !!!!,1,1,2026-04-21T03:32:23.000Z,gillian.owens,https://www.tiktok.com/@glowwithsabrinas/video/7631046425341660429,6805326661648729094,7631050116191142687,https://p19-common-sign.tiktokcdn-us.com/tos-useast8-avt-0068-tx2/ea4f1961043b723f66044e1fc2702d64~tplv-tiktokx-cropcenter:100:100.jpg?dr=9640&refresh_token=f9bf3157&x-expires=1778140800&x-signature=LoFEhi%2FkmDisfQvuMRQAAuRK1Zo%3D&t=4d5b0474&ps=13740610&shp=30310797&shcp=ff37627b&idc=useast5
[Sticker] ,1,1,2026-04-24T14:31:58.000Z,charmed.bandit,https://www.tiktok.com/@kendallrraymond/video/7632137003974282527,247365499414757376,7632333332185318158,https://p16-common-sign.tiktokcdn-us.com/tos-useast5-avt-0068-tx/0dc58f9e85957c973959c28036dc5022~tplv-tiktokx-cropcenter:100:100.jpg?dr=9640&refresh_token=e3adb5f4&x-expires=1778140800&x-signature=PcNGlfuiGmFmzChSyEBQqMY%2B%2B1A%3D&t=4d5b0474&ps=13740610&shp=30310797&shcp=ff37627b&idc=useast8
This is a great skincare combo 😍,0,0,2026-03-11T03:19:48.000Z,miriamvelas84,https://www.tiktok.com/@theycallmejown/video/7614005709440617742,6767204758185853958,7615832440946524942,https://p19-common-sign.tiktokcdn-us.com/tos-useast5-avt-0068-tx/088f383044fba82dbd0e5e29a40490c0~tplv-tiktokx-cropcenter:100:100.jpg?dr=9640&refresh_token=6c74a2ba&x-expires=1778140800&x-signature=cvTjXOL0kP1FatxxEMkC67aNDgY%3D&t=4d5b0474&ps=13740610&shp=30310797&shcp=ff37627b&idc=useast5
wow your skin is amazing 😍,0,0,2026-03-08T18:12:07.000Z,ela.dolsi,https://www.tiktok.com/@theycallmejown/video/7614005709440617742,7591626477700137996,7614949162748445460,https://p19-common-sign.tiktokcdn-us.com/tos-alisg-avt-0068/04098c45535f4b5029fa6127fdcb288e~tplv-tiktokx-cropcenter:100:100.jpg?dr=9640&refresh_token=c72f5051&x-expires=1778140800&x-signature=de9CEg1Nm6gbt%2Bbi%2FuXxARVvHxg%3D&t=4d5b0474&ps=13740610&shp=30310797&shcp=ff37627b&idc=useast5
Love the results! So hydrated,0,0,2026-03-13T20:08:43.000Z,wisteriacreekdesigns,https://www.tiktok.com/@theycallmejown/video/7614005709440617742,7251235185190454315,7616834511720760078,https://p19-common-sign.tiktokcdn-us.com/tos-useast5-avt-0068-tx/cc30cbc05da43443d9cdad8503fe67d0~tplv-tiktokx-cropcenter:100:100.jpg?dr=9640&refresh_token=091918ce&x-expires=1778140800&x-signature=tozxcPMAqGCGz6wO%2BQgTgj8FawA%3D&t=4d5b0474&ps=13740610&shp=30310797&shcp=ff37627b&idc=useast5
Wow that glow,1,0,2026-03-06T20:50:10.000Z,sammieboo_1,https://www.tiktok.com/@theycallmejown/video/7614005709440617742,6852060045494256645,7614247685093638919,https://p16-common-sign.tiktokcdn-us.com/tos-alisg-avt-0068/87a236a4a251ccde7c8cdf178a0837df~tplv-tiktokx-cropcenter:100:100.jpg?dr=9640&refresh_token=8548207f&x-expires=1778140800&x-signature=s9qFSRsvNv8jALCAtXkJRdgLkzQ%3D&t=4d5b0474&ps=13740610&shp=30310797&shcp=ff37627b&idc=useast5
so lovely ❤️,0,0,2026-03-07T15:12:16.000Z,blueskiesneverlast,https://www.tiktok.com/@theycallmejown/video/7614005709440617742,7419126809482314794,7614531330798289694,https://p19-common-sign.tiktokcdn-us.com/tos-useast8-avt-0068-tx2/b8417d11b36ec5d635431fa19772b02a~tplv-tiktokx-cropcenter:100:100.jpg?dr=9640&refresh_token=37533e58&x-expires=1778140800&x-signature=ddSPYI878Iregl%2BGwWMigPVlrlY%3D&t=4d5b0474&ps=13740610&shp=30310797&shcp=ff37627b&idc=useast5
Nice result🥰,0,0,2026-03-07T00:39:57.000Z,review.with.olya,https://www.tiktok.com/@theycallmejown/video/7614005709440617742,7348581863387399211,7614306732291359518,https://p19-common-sign.tiktokcdn-us.com/tos-useast8-avt-0068-tx2/4406fb164136b55f2ae1603472a92d33~tplv-tiktokx-cropcenter:100:100.jpg?dr=9640&refresh_token=33be54ff&x-expires=1778140800&x-signature=ay8eYdZOaH%2Br8cJF%2BEinFsFy2XE%3D&t=4d5b0474&ps=13740610&shp=30310797&shcp=ff37627b&idc=useast5
Can’t wait to try this!,1,0,2026-03-06T22:00:08.000Z,couchboundrealitytv,https://www.tiktok.com/@theycallmejown/video/7614005709440617742,7328470404870898694,7614265715458327303,https://p19-common-sign.tiktokcdn-us.com/tos-maliva-avt-0068/68dc9eea45c4b34d2a0bc40132e946e3~tplv-tiktokx-cropcenter:100:100.jpg?dr=9640&refresh_token=3a47ef9b&x-expires=1778140800&x-signature=OC6vl7DfMZwE0O1t1zWSRTahOfM%3D&t=4d5b0474&ps=13740610&shp=30310797&shcp=ff37627b&idc=useast5
Lovely,0,0,2026-03-07T16:32:28.000Z,hajarbeautyuk,https://www.tiktok.com/@theycallmejown/video/7614005709440617742,6814195693563036678,7614552374407660311,https://p19-common-sign.tiktokcdn-us.com/tos-maliva-avt-0068/7539c9f9cf42d587f6baf44c7a443f23~tplv-tiktokx-cropcenter:100:100.jpg?dr=9640&refresh_token=c02e233c&x-expires=1778140800&x-signature=ifOm2xkb9LsEWA2RDbXf2to43QE%3D&t=4d5b0474&ps=13740610&shp=30310797&shcp=ff37627b&idc=useast5
Love this wonderful 😍,1,0,2026-03-06T22:51:00.000Z,syeda0096,https://www.tiktok.com/@theycallmejown/video/7614005709440617742,7304509431548052526,7614278723060138766,https://p19-common-sign.tiktokcdn-us.com/tos-useast5-avt-0068-tx/eda3918eeda72f4c0f44923dd747072b~tplv-tiktokx-cropcenter:100:100.jpg?dr=9640&refresh_token=13b06c05&x-expires=1778140800&x-signature=1PSkbt%2BFDhpCgNTZ0SR09Cropik%3D&t=4d5b0474&ps=13740610&shp=30310797&shcp=ff37627b&idc=useast5
i support all creators. I fully #engaged,0,0,2026-03-07T02:23:55.000Z,netclipcrown,https://www.tiktok.com/@theycallmejown/video/7614005709440617742,7170860600113071109,7614333739552064272,https://p16-common-sign.tiktokcdn-us.com/tos-alisg-avt-0068/bb9b104c8d0213b910792b27f64c8d59~tplv-tiktokx-cropcenter:100:100.jpg?dr=9640&refresh_token=627a1894&x-expires=1778140800&x-signature=ZTbbUh0%2Bz18BuxX4io5Pw3zr%2Fo8%3D&t=4d5b0474&ps=13740610&shp=30310797&shcp=ff37627b&idc=useast5
how much is it?,0,0,2026-04-21T11:01:21.000Z,pinkimoon1,https://www.tiktok.com/@theonlybigangel/video/7631126203537149191,6951207437958759429,7631165880693523220,https://p16-common-sign.tiktokcdn-us.com/tos-maliva-avt-0068/847255ad3b613fe861203f1aee232db8~tplv-tiktokx-cropcenter:100:100.jpg?dr=9640&refresh_token=14592041&x-expires=1778140800&x-signature=CwHzc7eoJYMQdVM%2B3WTuySzA%2Fgs%3D&t=4d5b0474&ps=13740610&shp=30310797&shcp=ff37627b&idc=useast5
Have this 💐,0,0,2026-04-19T12:55:41.000Z,rngwaskalachi,https://www.tiktok.com/@isabella.nana3/video/7629825473899400479,7082345031738950662,7630453216651608850,https://p16-common-sign.tiktokcdn.com/tos-maliva-avt-0068/070fcd1f38b0b28ee453965b2ae97dcb~tplv-tiktokx-cropcenter:100:100.jpg?dr=14579&refresh_token=26739cc3&x-expires=1778140800&x-signature=vxvxfcmPSB4k%2By2yeImvkYMAxMk%3D&t=4d5b0474&ps=13740610&shp=30310797&shcp=ff37627b&idc=my2
🔥🔥🔥,0,0,2026-04-18T01:15:06.000Z,kobieeugene,https://www.tiktok.com/@isabella.nana3/video/7629825473899400479,7112967670744089606,7629901482973250311,https://p16-common-sign.tiktokcdn.com/tos-maliva-avt-0068/6f76b9f767cf6f6f2750f2ecbd95a34a~tplv-tiktokx-cropcenter:100:100.jpg?dr=14579&refresh_token=794e5b71&x-expires=1778140800&x-signature=ievzJqeBdbEAHYTmIkHGRKVzzQQ%3D&t=4d5b0474&ps=13740610&shp=30310797&shcp=ff37627b&idc=my2
Need to try!,1,1,2026-04-14T21:48:00.000Z,hanawiechert,https://www.tiktok.com/@elly.killham/video/7626202435786132750,6788322921050129413,7628734873252053791,https://p16-common-sign.tiktokcdn-us.com/tos-useast8-avt-0068-tx2/aee56e85fe0271e9e878979a2d470b28~tplv-tiktokx-cropcenter:100:100.jpg?dr=9640&refresh_token=4be5255b&x-expires=1778140800&x-signature=zvrzVerPzfZEe84UQkhD3AE4QMc%3D&t=4d5b0474&ps=13740610&shp=30310797&shcp=ff37627b&idc=useast5
Looks so hydrating !! 🌸,1,1,2026-04-10T12:00:57.000Z,kaitlinbrown25,https://www.tiktok.com/@elly.killham/video/7626202435786132750,6746365502241899525,7627099139620242206,https://p16-common-sign.tiktokcdn-us.com/tos-useast8-avt-0068-tx2/806f14475afce105ca8e34ec7668c239~tplv-tiktokx-cropcenter:100:100.jpg?dr=9640&refresh_token=b34b7a0e&x-expires=1778140800&x-signature=opY4aNJBtrp7KHUBq4JkkjDPX%2Bo%3D&t=4d5b0474&ps=13740610&shp=30310797&shcp=ff37627b&idc=useast5
Ahhh must try,1,1,2026-04-08T03:16:33.000Z,mckenna_26,https://www.tiktok.com/@elly.killham/video/7626202435786132750,1803280,7626221924037772063,https://p19-common-sign.tiktokcdn-us.com/tos-useast8-avt-0068-tx2/6af5b9e3c372c7759e58c87986e4ced9~tplv-tiktokx-cropcenter:100:100.jpg?dr=9640&refresh_token=7005795a&x-expires=1778140800&x-signature=Cmk8rOvK3u%2FWjE3FqJUe7bvUAss%3D&t=4d5b0474&ps=13740610&shp=30310797&shcp=ff37627b&idc=useast5
beautyyy,1,1,2026-04-08T02:57:11.000Z,karengutiierrezz,https://www.tiktok.com/@elly.killham/video/7626202435786132750,6574001232272097286,7626216913894998814,https://p19-common-sign.tiktokcdn-us.com/tos-useast8-avt-0068-tx2/48cebbed54f00ce36e688a7b5eed3401~tplv-tiktokx-cropcenter:100:100.jpg?dr=9640&refresh_token=02baaeec&x-expires=1778140800&x-signature=uEggzIyufaHQ1deMtvzOtwM0MLc%3D&t=4d5b0474&ps=13740610&shp=30310797&shcp=ff37627b&idc=useast5
Stunning 🥰🥰🥰,1,1,2026-04-08T02:10:52.000Z,carolinemckay5,https://www.tiktok.com/@elly.killham/video/7626202435786132750,6772238819980919813,7626205030710723342,https://p19-common-sign.tiktokcdn-us.com/tos-useast5-avt-0068-tx/9468618f55efdb32af92522ea868124d~tplv-tiktokx-cropcenter:100:100.jpg?dr=9640&refresh_token=c9ce786b&x-expires=1778140800&x-signature=I0rs7QlMC6tyY7lFc3pGVg9fKrg%3D&t=4d5b0474&ps=13740610&shp=30310797&shcp=ff37627b&idc=useast5
Love koccostar❤️❤️❤️,1,1,2026-04-23T01:21:16.000Z,itzz.deep08,https://www.tiktok.com/@apeksha132/video/7631743797688323358,6617871742580424710,7631758539288265488,https://p16-common-sign.tiktokcdn.com/tos-alisg-avt-0068/12f169734fc1458f7c7a9ec5325d68fd~tplv-tiktokx-cropcenter:100:100.jpg?dr=14579&refresh_token=990de516&x-expires=1778140800&x-signature=ePV4PSavn5kye9p5yt%2FVyQSnu%2BI%3D&t=4d5b0474&ps=13740610&shp=30310797&shcp=ff37627b&idc=my
The glow both masks gives your skin is amazing 🥰,0,1,2026-04-23T05:21:27.000Z,beauty.by.sonia.xo,https://www.tiktok.com/@apeksha132/video/7631743797688323358,7567062818303018006,7631820345691996950,https://p16-common-sign.tiktokcdn.com/tos-maliva-avt-0068/f4a2f11679e63d370c46fb8b2e7bda4c~tplv-tiktokx-cropcenter:100:100.jpg?dr=14579&refresh_token=8d5b372e&x-expires=1778140800&x-signature=h1%2B6LN6%2BOxXpBksQP4h7mt1hKiQ%3D&t=4d5b0474&ps=13740610&shp=30310797&shcp=ff37627b&idc=my
Looks hydrating 😍,1,1,2026-04-23T03:27:32.000Z,saralatamang05,https://www.tiktok.com/@apeksha132/video/7631743797688323358,6587244039074349062,7631791117297926928,https://p16-common-sign.tiktokcdn.com/tos-alisg-avt-0068/396087074424b5c0602516e49f633072~tplv-tiktokx-cropcenter:100:100.jpg?dr=14579&refresh_token=ce20450b&x-expires=1778140800&x-signature=JJSxmCWizYPZvC44AY6s0%2BVfPzM%3D&t=4d5b0474&ps=13740610&shp=30310797&shcp=ff37627b&idc=my
clearly hydrating 🤩,0,1,2026-04-23T05:05:53.000Z,shrutisk31,https://www.tiktok.com/@apeksha132/video/7631743797688323358,7232546234924975105,7631816459655725845,https://p16-common-sign.tiktokcdn.com/tos-alisg-avt-0068/b16007542589b67e84b283b22db6d11b~tplv-tiktokx-cropcenter:100:100.jpg?dr=14579&refresh_token=4e4782c5&x-expires=1778140800&x-signature=s8elHdKU3%2B1g5i6lkX0r9N5v0VU%3D&t=4d5b0474&ps=13740610&shp=30310797&shcp=ff37627b&idc=my
Best Sunday Glow up plan! I love the glow,1,1,2026-04-24T15:31:47.000Z,meetjira,https://www.tiktok.com/@apeksha132/video/7631743797688323358,7318591688124564523,7632348657610523406,https://p16-common-sign.tiktokcdn.com/tos-maliva-avt-0068/62e26955e4812cc4fa114170a7cd3b51~tplv-tiktokx-cropcenter:100:100.jpg?dr=14579&refresh_token=2022b411&x-expires=1778140800&x-signature=bjYkBXe6CYZGLzGaUSTHHoi7n8A%3D&t=4d5b0474&ps=13740610&shp=30310797&shcp=ff37627b&idc=my
need to try this,1,0,2026-04-25T21:54:48.000Z,ria._.x0x0,https://www.tiktok.com/@apeksha132/video/7631743797688323358,7391267182673609733,7632818604094014226,https://p16-common-sign.tiktokcdn.com/tos-alisg-avt-0068/7e1a18078372f909e2d7283a7076b07e~tplv-tiktokx-cropcenter:100:100.jpg?dr=14579&refresh_token=0515bec2&x-expires=1778140800&x-signature=XoqBNojax%2BdZGFx2qBzhGcQEKFk%3D&t=4d5b0474&ps=13740610&shp=30310797&shcp=ff37627b&idc=my
this is a good duo!,1,1,2026-04-25T01:35:05.000Z,sitsiya,https://www.tiktok.com/@apeksha132/video/7631743797688323358,7024150060306121734,7632504254167499551,https://p16-common-sign.tiktokcdn.com/tos-maliva-avt-0068/46baededd43328d3f28ff4b381167a17~tplv-tiktokx-cropcenter:100:100.jpg?dr=14579&refresh_token=0da6cd8a&x-expires=1778140800&x-signature=D0CMra4yd0WqVzsxkZl1xpEEuFI%3D&t=4d5b0474&ps=13740610&shp=30310797&shcp=ff37627b&idc=my
i needdd,1,1,2026-04-23T21:02:44.000Z,catalino_arce,https://www.tiktok.com/@apeksha132/video/7631743797688323358,6936745507403613189,7632062984768717584,https://p16-common-sign.tiktokcdn.com/tos-maliva-avt-0068/3eeb2b0e93c16cd95e0f36984ef1810f~tplv-tiktokx-cropcenter:100:100.jpg?dr=14579&refresh_token=74dde228&x-expires=1778140800&x-signature=c9DLnMVw6W56%2BVSeMJZ4usW2PEU%3D&t=4d5b0474&ps=13740610&shp=30310797&shcp=ff37627b&idc=my
I swear by these masks. Make makeup look so good,1,1,2026-04-23T17:20:23.000Z,varaminta,https://www.tiktok.com/@apeksha132/video/7631743797688323358,6828268116876362758,7632005626416268045,https://p16-sign-va.tiktokcdn.com/tos-maliva-avt-0068/ebf2ed2978fd8ea2286bd53010b72c2a~tplv-tiktokx-cropcenter:100:100.jpg?dr=14579&refresh_token=49e376c8&x-expires=1778140800&x-signature=P0XFl2xWz%2FVm0iKh%2Bdlvbrxr9WQ%3D&t=4d5b0474&ps=13740610&shp=30310797&shcp=ff37627b&idc=my
I love it the glow in your skin 😍,1,1,2026-04-24T03:01:52.000Z,allina_sanchez13,https://www.tiktok.com/@apeksha132/video/7631743797688323358,6811416566077916165,7632155440923296542,https://p19-common-sign.tiktokcdn.com/tos-maliva-avt-0068/66adb6bbb553e6c38eb9ee81644c2aaf~tplv-tiktokx-cropcenter:100:100.jpg?dr=14579&refresh_token=18e6e7a2&x-expires=1778140800&x-signature=XujHvo2VBs%2FbRbyEePJPu0HSLYA%3D&t=4d5b0474&ps=13740610&shp=30310797&shcp=ff37627b&idc=my
so clear 🤍🤍,1,1,2026-04-23T02:06:26.000Z,twicelv0,https://www.tiktok.com/@apeksha132/video/7631743797688323358,7383831574764995630,7631770199179608845,https://p16-common-sign.tiktokcdn.com/tos-maliva-avt-0068/f226eaf1a134a0deecc03b9f57136a08~tplv-tiktokx-cropcenter:100:100.jpg?dr=14579&refresh_token=e282d976&x-expires=1778140800&x-signature=%2Bq8zFu5PwSAnaYsXvAWTOFiai8I%3D&t=4d5b0474&ps=13740610&shp=30310797&shcp=ff37627b&idc=my
your skin looks so smooth and refreshed 🥰,1,1,2026-04-24T00:23:20.000Z,tori_ashley,https://www.tiktok.com/@apeksha132/video/7631743797688323358,7162505006016234538,7632114679163487006,https://p16-common-sign.tiktokcdn.com/tos-maliva-avt-0068/678237f1753239a01574583fc5fedd42~tplv-tiktokx-cropcenter:100:100.jpg?dr=14579&refresh_token=27ca584f&x-expires=1778140800&x-signature=CwUpExED%2Bu1N8a9gaKofeKAxwuw%3D&t=4d5b0474&ps=13740610&shp=30310797&shcp=ff37627b&idc=my
Your skin is glowing in the best way,1,1,2026-04-24T12:18:37.000Z,mirexugc,https://www.tiktok.com/@apeksha132/video/7631743797688323358,6769623373476643846,7632298916037526302,https://p16-common-sign.tiktokcdn.com/tos-maliva-avt-0068/d1ff7bfc906bb0a45e786c2c71a40668~tplv-tiktokx-cropcenter:100:100.jpg?dr=14579&refresh_token=605d44ce&x-expires=1778140800&x-signature=Bhy45kJTvM4zm3L0KOyYL1wxX8A%3D&t=4d5b0474&ps=13740610&shp=30310797&shcp=ff37627b&idc=my
Wow 🤩,1,1,2026-04-25T01:08:10.000Z,anitaspk97,https://www.tiktok.com/@apeksha132/video/7631743797688323358,6706770281829483525,7632497328201466642,https://p16-common-sign.tiktokcdn.com/tos-alisg-avt-0068/8155bbc50cb8fb81c54d4c0bf574e74e~tplv-tiktokx-cropcenter:100:100.jpg?dr=14579&refresh_token=40251625&x-expires=1778140800&x-signature=9CuJEvo%2FqaiNbCSZzWl%2FsOHKkjc%3D&t=4d5b0474&ps=13740610&shp=30310797&shcp=ff37627b&idc=my
I love this!☺️,1,1,2026-04-23T15:23:22.000Z,_rariii13_,https://www.tiktok.com/@apeksha132/video/7631743797688323358,6917272320734741506,7631975588316283669,https://p16-common-sign.tiktokcdn.com/tos-alisg-avt-0068/cbcd0e164b0878e5e51b2b624c35ffb9~tplv-tiktokx-cropcenter:100:100.jpg?dr=14579&refresh_token=5857a807&x-expires=1778140800&x-signature=9UYh5OC8Y5DBHxcnZ4ALB2SrQ9I%3D&t=4d5b0474&ps=13740610&shp=30310797&shcp=ff37627b&idc=my
looks good!,1,1,2026-04-24T14:09:34.000Z,crystalgz0,https://www.tiktok.com/@apeksha132/video/7631743797688323358,7326442373852300331,7632327524303749902,https://p19-common-sign.tiktokcdn.com/tos-maliva-avt-0068/2323721abfeac26b5775d4f00552cf99~tplv-tiktokx-cropcenter:100:100.jpg?dr=14579&refresh_token=901309fd&x-expires=1778140800&x-signature=w7ag6lhTJJiYBSZQoCbUaIFU1to%3D&t=4d5b0474&ps=13740610&shp=30310797&shcp=ff37627b&idc=my
Looks amazing 🤩,1,1,2026-04-23T16:02:22.000Z,kabta99,https://www.tiktok.com/@apeksha132/video/7631743797688323358,6599376428500074501,7631985583816262414,https://p19-common-sign.tiktokcdn.com/tos-maliva-avt-0068/da292db3d9a511d7f2edafc9755244ce~tplv-tiktokx-cropcenter:100:100.jpg?dr=14579&refresh_token=24771314&x-expires=1778140800&x-signature=kYr7Y3oJm1EXmnVzu9S9tfTj5P8%3D&t=4d5b0474&ps=13740610&shp=30310797&shcp=ff37627b&idc=my
this looks so cool 🤩🤩,1,1,2026-04-23T04:25:19.000Z,itsmayrazambrano,https://www.tiktok.com/@apeksha132/video/7631743797688323358,6800933407209456646,7631805926379078431,https://p16-common-sign.tiktokcdn.com/tos-maliva-avt-0068/c68b04871c0a9fb2256c7e85c24b5a77~tplv-tiktokx-cropcenter:100:100.jpg?dr=14579&refresh_token=99c75737&x-expires=1778140800&x-signature=xqpI1uA9iucSU9hqwayAGKP3XYo%3D&t=4d5b0474&ps=13740610&shp=30310797&shcp=ff37627b&idc=my
Wooow,0,0,2026-04-23T05:53:43.000Z,vickystars_,https://www.tiktok.com/@apeksha132/video/7631743797688323358,6782739703756407813,7631828760992301844,https://p16-common-sign.tiktokcdn.com/tos-alisg-avt-0068/0459c3ab029abe402479b2ebb6a8686d~tplv-tiktokx-cropcenter:100:100.jpg?dr=14579&refresh_token=0bae7db0&x-expires=1778140800&x-signature=QexYS50e8PzArSMsbcloGDZ9%2B1I%3D&t=4d5b0474&ps=13740610&shp=30310797&shcp=ff37627b&idc=my
wow,1,1,2026-04-24T12:55:22.000Z,saruaryalk,https://www.tiktok.com/@apeksha132/video/7631743797688323358,218334009700085760,7632308414500569870,https://p16-common-sign.tiktokcdn.com/tos-maliva-avt-0068/4ccbda9c79222a585e37a6769fcd32a8~tplv-tiktokx-cropcenter:100:100.jpg?dr=14579&refresh_token=5c0d2ea7&x-expires=1778140800&x-signature=KFqrsy9sZdeQb9UMGhxp4aSLdyM%3D&t=4d5b0474&ps=13740610&shp=30310797&shcp=ff37627b&idc=my
I have to this! I love masks,1,1,2026-04-22T23:42:04.000Z,sociallywendy,https://www.tiktok.com/@priya_ravinder/video/7630866025776549140,7532125791044699144,7631732996626072338,https://p16-common-sign.tiktokcdn-us.com/tos-alisg-avt-0068/c0a942b0d7e5be98ad470008f1b2069d~tplv-tiktokx-cropcenter:100:100.jpg?dr=9640&refresh_token=1c7d3bee&x-expires=1778140800&x-signature=w2sk55Vb6uoQqsLQn9B9oZnrH2s%3D&t=4d5b0474&ps=13740610&shp=30310797&shcp=ff37627b&idc=useast5
Isn’t it amazing?,1,1,2026-04-21T22:58:05.000Z,selinophile23,https://www.tiktok.com/@priya_ravinder/video/7630866025776549140,285144564892647424,7631350546196497173,https://p16-common-sign.tiktokcdn-us.com/tos-alisg-avt-0068/b963dcd5dccabf7e0ad0f45ee249c414~tplv-tiktokx-cropcenter:100:100.jpg?dr=9640&refresh_token=93da6e99&x-expires=1778140800&x-signature=zBQUlr6R27B8Xc9q4F7v9IBA9nk%3D&t=4d5b0474&ps=13740610&shp=30310797&shcp=ff37627b&idc=useast5
Soo hydration 😍,0,0,2026-04-21T01:22:42.000Z,saa_kshii,https://www.tiktok.com/@priya_ravinder/video/7630866025776549140,16371501,7631016759181263624,https://p19-common-sign.tiktokcdn-us.com/tos-alisg-avt-0068/231a89608fd4792fe8db83f5520791e2~tplv-tiktokx-cropcenter:100:100.jpg?dr=9640&refresh_token=8ffc218e&x-expires=1778140800&x-signature=WFR6q9bLAOeBsQi03%2BimjTHong0%3D&t=4d5b0474&ps=13740610&shp=30310797&shcp=ff37627b&idc=useast5
It looks really hydrating,0,0,2026-04-21T00:25:49.000Z,rn_zeina,https://www.tiktok.com/@priya_ravinder/video/7630866025776549140,7439761276421669943,7631002089340863239,https://p19-common-sign.tiktokcdn-us.com/tos-maliva-avt-0068/63216e586fd2a39662cca7eda4576ad9~tplv-tiktokx-cropcenter:100:100.jpg?dr=9640&refresh_token=8e35e155&x-expires=1778140800&x-signature=KyeWTeDWIEKXRpwfZVid3ueVeRk%3D&t=4d5b0474&ps=13740610&shp=30310797&shcp=ff37627b&idc=useast5
Wow your lip and skin is glowing 🥰,0,0,2026-04-21T10:42:22.000Z,quietbloom.07,https://www.tiktok.com/@priya_ravinder/video/7630866025776549140,7341734303511299077,7631161000112915221,https://p19-common-sign.tiktokcdn-us.com/tos-alisg-avt-0068/1418420856403918e1c8f3e4bddfc507~tplv-tiktokx-cropcenter:100:100.jpg?dr=9640&refresh_token=61585c80&x-expires=1778140800&x-signature=FxJOjIf6WyGvA62pkvN3EDX3RTQ%3D&t=4d5b0474&ps=13740610&shp=30310797&shcp=ff37627b&idc=useast5
Evening ❤️❤️,0,0,2026-04-21T17:28:00.000Z,rachael_clare3,https://www.tiktok.com/@priya_ravinder/video/7630866025776549140,7444631092899005472,7631265527168303894,https://p19-common-sign.tiktokcdn-us.com/tos-maliva-avt-0068/aa6380dee9a69c049a90332573f51ddf~tplv-tiktokx-cropcenter:100:100.jpg?dr=9640&refresh_token=00a300d6&x-expires=1778140800&x-signature=4l5MJfSGEWmOj6AHpzvzjc05tMg%3D&t=4d5b0474&ps=13740610&shp=30310797&shcp=ff37627b&idc=useast5
Lovee it 😍😍,0,0,2026-04-21T13:20:48.000Z,celineinlove,https://www.tiktok.com/@priya_ravinder/video/7630866025776549140,7307288933250303008,7631201804663882528,https://p16-common-sign.tiktokcdn-us.com/tos-maliva-avt-0068/cba6bf573324906486af407c5af73801~tplv-tiktokx-cropcenter:100:100.jpg?dr=9640&refresh_token=cedb280e&x-expires=1778140800&x-signature=BbJ9%2BvL2qEdEK%2B8VrUcslGP0nWU%3D&t=4d5b0474&ps=13740610&shp=30310797&shcp=ff37627b&idc=useast5
LOL LOVE THIS,0,0,2026-04-28T05:21:01.000Z,chammouth,https://www.tiktok.com/@izzzneice/video/7633293976845569294,6532046828165152770,7633675663119762190,https://p16-common-sign.tiktokcdn-us.com/tos-useast5-avt-0068-tx/3ee5def7383451bb7fb536bb00c51a94~tplv-tiktokx-cropcenter:100:100.jpg?dr=9640&refresh_token=a297e2ce&x-expires=1778140800&x-signature=T8KguKM8l4zbD%2F3zgc%2BcUlZW4Gk%3D&t=4d5b0474&ps=13740610&shp=30310797&shcp=ff37627b&idc=useast8
so good,0,0,2026-05-03T02:11:50.000Z,remedy.for.beauty,https://www.tiktok.com/@drpalvasha/video/7630662628100246804,6931220938051814406,7635482457017451285,https://p16-common-sign.tiktokcdn-us.com/tos-maliva-avt-0068/4da396fc3c09d4249abbe24d507f3d64~tplv-tiktokx-cropcenter:100:100.jpg?dr=9640&refresh_token=d26ae8ec&x-expires=1778140800&x-signature=YTef%2FCPTzSy20KKDw1mGzQ9DAyQ%3D&t=4d5b0474&ps=13740610&shp=30310797&shcp=ff37627b&idc=useast5
I love these two😍,0,0,2026-04-22T05:00:44.000Z,chetna.geraugc,https://www.tiktok.com/@drpalvasha/video/7630662628100246804,7417884990673912838,7631444041540698887,https://p19-common-sign.tiktokcdn-us.com/tos-maliva-avt-0068/ad61c322f0e10739f7186b0744693b8c~tplv-tiktokx-cropcenter:100:100.jpg?dr=9640&refresh_token=249049a4&x-expires=1778140800&x-signature=kbchj2oS9IvdJLIv5cibp7%2B3c0k%3D&t=4d5b0474&ps=13740610&shp=30310797&shcp=ff37627b&idc=useast5
"My daughter is waiting for me to find the lip mask, she needs the case 😂",0,0,2026-04-26T11:26:08.000Z,honeybunny1233,https://www.tiktok.com/@drpalvasha/video/7630662628100246804,6794903477778678790,7633027722546103048,https://p19-common-sign.tiktokcdn-us.com/tos-maliva-avt-0068/8d5e61f30477cfa131d287271c2adbb4~tplv-tiktokx-cropcenter:100:100.jpg?dr=9640&refresh_token=f9b958f9&x-expires=1778140800&x-signature=JZRLo3H2MhDUteR2Z5Sv0gFW6s8%3D&t=4d5b0474&ps=13740610&shp=30310797&shcp=ff37627b&idc=useast5
Love their lip mask,0,0,2026-04-21T12:20:12.000Z,sumeraslifestyle,https://www.tiktok.com/@drpalvasha/video/7630662628100246804,7509463814205015070,7631186097338647327,https://p19-common-sign.tiktokcdn-us.com/tos-useast8-avt-0068-tx2/489b6b5369044cc8a637af1bcab574b7~tplv-tiktokx-cropcenter:100:100.jpg?dr=9640&refresh_token=4f7e502a&x-expires=1778140800&x-signature=32TxogzENe34Zl%2F8%2BVDNfI50Rdc%3D&t=4d5b0474&ps=13740610&shp=30310797&shcp=ff37627b&idc=useast5
"I’m loving the lip mask, I’m constantly using and loving the results after 💋",1,1,2026-04-27T17:18:25.000Z,candi.istesting,https://www.tiktok.com/@remedy.for.beauty/video/7631052817498901781,7442861982758110264,7633489600610829074,https://p16-common-sign.tiktokcdn-us.com/tos-maliva-avt-0068/20bb22391027b2f17adda0b2bd3a8595~tplv-tiktokx-cropcenter:100:100.jpg?dr=9640&refresh_token=9a3cb6a2&x-expires=1778140800&x-signature=7LkiVN6Nde4mLIaCHE90XJV1OFg%3D&t=4d5b0474&ps=13740610&shp=30310797&shcp=ff37627b&idc=useast5
Great masks 😍,1,0,2026-04-27T16:54:03.000Z,tatioramas,https://www.tiktok.com/@remedy.for.beauty/video/7631052817498901781,6783815840259228678,7633483310837007111,https://p16-common-sign.tiktokcdn-us.com/tos-maliva-avt-0068/9a025f907b327429ba2887cecef58c2e~tplv-tiktokx-cropcenter:100:100.jpg?dr=9640&refresh_token=b57ec474&x-expires=1778140800&x-signature=xUop1pRZ8CbBOnB%2FjGLUAjYmZ04%3D&t=4d5b0474&ps=13740610&shp=30310797&shcp=ff37627b&idc=useast5
I bet my husband would LOVE me to wear these lip masks. NEVER!! 😂,1,1,2026-05-01T17:53:58.000Z,mrsaudreynelson,https://www.tiktok.com/@remedy.for.beauty/video/7631052817498901781,7048975577184748549,7634982938879492877,https://p19-common-sign.tiktokcdn-us.com/tos-useast5-avt-0068-tx/07cedfd3d4edee9a5787490f45b4fdcc~tplv-tiktokx-cropcenter:100:100.jpg?dr=9640&refresh_token=e805b13a&x-expires=1778140800&x-signature=FHEkC9FSYxaXqhN7chf9uiS1Ngc%3D&t=4d5b0474&ps=13740610&shp=30310797&shcp=ff37627b&idc=useast5
That is absolutely a wonderful mask ❤️,1,0,2026-04-21T10:01:34.000Z,dii._.aguii,https://www.tiktok.com/@remedy.for.beauty/video/7631052817498901781,7232338202379142150,7631150490092962567,https://p19-common-sign.tiktokcdn-us.com/tos-alisg-avt-0068/30788f3c22785e3323cc6c294c5ed089~tplv-tiktokx-cropcenter:100:100.jpg?dr=9640&refresh_token=5604fe85&x-expires=1778140800&x-signature=8yu1ShDXQ5I5V2RPPyWM1w6MFEQ%3D&t=4d5b0474&ps=13740610&shp=30310797&shcp=ff37627b&idc=useast5
Does it really work?,1,1,2026-04-21T05:07:53.000Z,samipa_triesit,https://www.tiktok.com/@remedy.for.beauty/video/7631052817498901781,7588155927523148818,7631074795555521301,https://p19-common-sign.tiktokcdn-us.com/tos-alisg-avt-0068/096696cf23a877e7e8f2cbff0414fb37~tplv-tiktokx-cropcenter:100:100.jpg?dr=9640&refresh_token=69d51bff&x-expires=1778140800&x-signature=dBULYrBiUrCdFNwN57qMd%2Bb%2BHWM%3D&t=4d5b0474&ps=13740610&shp=30310797&shcp=ff37627b&idc=useast5
I love the lip mask🥰🥰,1,0,2026-04-29T04:13:07.000Z,allaboutmakeup07,https://www.tiktok.com/@remedy.for.beauty/video/7631052817498901781,6887548138213082117,7634029350657409799,https://p19-common-sign.tiktokcdn-us.com/tos-alisg-avt-0068/c975d4d67a6c9bce6e9238db665c965a~tplv-tiktokx-cropcenter:100:100.jpg?dr=9640&refresh_token=03988872&x-expires=1778140800&x-signature=VQ2Lm7piCNSwj5KeekUTuGQZE20%3D&t=4d5b0474&ps=13740610&shp=30310797&shcp=ff37627b&idc=useast5
So nice mask!,1,0,2026-04-29T12:05:22.000Z,findyourgiftottawa,https://www.tiktok.com/@remedy.for.beauty/video/7631052817498901781,7168123718911968261,7634151060403667732,https://p16-common-sign.tiktokcdn-us.com/tos-maliva-avt-0068/e2060b1ed97a2ddc87fac69a9b03815d~tplv-tiktokx-cropcenter:100:100.jpg?dr=9640&refresh_token=35d1ab11&x-expires=1778140800&x-signature=8FGAIGClvLHWJDGtu5yjDrkohOI%3D&t=4d5b0474&ps=13740610&shp=30310797&shcp=ff37627b&idc=useast5
Amazinggggg🥰🥰🥰,1,1,2026-04-29T23:35:40.000Z,nahultri,https://www.tiktok.com/@remedy.for.beauty/video/7631052817498901781,6522142354374136832,7634328903675265822,https://p19-common-sign.tiktokcdn-us.com/tos-useast8-avt-0068-tx2/857f60205ccf9fc5ed5f0db6012a370d~tplv-tiktokx-cropcenter:100:100.jpg?dr=9640&refresh_token=72044f33&x-expires=1778140800&x-signature=n1kE3nhqIX9cPzyy%2BWLiXhVoDeo%3D&t=4d5b0474&ps=13740610&shp=30310797&shcp=ff37627b&idc=useast5
Wow lovely,1,1,2026-04-26T19:28:09.000Z,jesslk84,https://www.tiktok.com/@remedy.for.beauty/video/7631052817498901781,7068404567130342406,7633151897746719509,https://p19-common-sign.tiktokcdn-us.com/tos-alisg-avt-0068/ad4519eb7aea079212f8628f53d3b478~tplv-tiktokx-cropcenter:100:100.jpg?dr=9640&refresh_token=b381ef87&x-expires=1778140800&x-signature=J%2BI4o637TKK1EQqIVlcbPBjS9hk%3D&t=4d5b0474&ps=13740610&shp=30310797&shcp=ff37627b&idc=useast5
🥰🥰🥰,1,0,2026-04-21T04:38:53.000Z,somialoves,https://www.tiktok.com/@remedy.for.beauty/video/7631052817498901781,6792825571820028934,7631067319788667666,https://p16-common-sign.tiktokcdn-us.com/tos-maliva-avt-0068/967af87c467120cc6d39365c1ee57245~tplv-tiktokx-cropcenter:100:100.jpg?dr=9640&refresh_token=fd54a4e7&x-expires=1778140800&x-signature=1LyeBKyD9doWm2M5bhMOjWzXsLg%3D&t=4d5b0474&ps=13740610&shp=30310797&shcp=ff37627b&idc=useast5
@Kocostar US 💋,0,0,2026-04-21T03:43:26.000Z,remedy.for.beauty,https://www.tiktok.com/@remedy.for.beauty/video/7631052817498901781,6931220938051814406,7631053044330955540,https://p16-common-sign.tiktokcdn-us.com/tos-maliva-avt-0068/4da396fc3c09d4249abbe24d507f3d64~tplv-tiktokx-cropcenter:100:100.jpg?dr=9640&refresh_token=d26ae8ec&x-expires=1778140800&x-signature=YTef%2FCPTzSy20KKDw1mGzQ9DAyQ%3D&t=4d5b0474&ps=13740610&shp=30310797&shcp=ff37627b&idc=useast5
Need to try 👍👍👍,0,0,2026-05-05T22:54:41.000Z,cat_____lady,https://www.tiktok.com/@maroxnaimi/video/7630366726969986324,7057239399620396037,7636544879643951885,https://p16-common-sign.tiktokcdn-us.com/tos-useast5-avt-0068-tx/58b31f39de356c7c2ed17e77ee026dfd~tplv-tiktokx-cropcenter:100:100.jpg?dr=9640&refresh_token=3b575773&x-expires=1778140800&x-signature=MxXCDPmfDrV9GH5JewqbxXz2CcU%3D&t=4d5b0474&ps=13740610&shp=30310797&shcp=ff37627b&idc=useast5
You're going to be having glass skin,0,0,2026-04-26T12:12:01.000Z,jenniferdawnbeauty,https://www.tiktok.com/@maroxnaimi/video/7630366726969986324,6759925345624163333,7633039354008797965,https://p19-common-sign.tiktokcdn-us.com/tos-useast5-avt-0068-tx/69cf925272aea9931137dd738478f0c8~tplv-tiktokx-cropcenter:100:100.jpg?dr=9640&refresh_token=3f5620b6&x-expires=1778140800&x-signature=oiZBzGO0PDpr%2F79vO9JqtXOHCW8%3D&t=4d5b0474&ps=13740610&shp=30310797&shcp=ff37627b&idc=useast5
Looks so good 😍😍,1,0,2026-04-20T08:59:56.000Z,nini.goroziia,https://www.tiktok.com/@maroxnaimi/video/7630366726969986324,147865505570140160,7630763498562536210,https://p16-common-sign.tiktokcdn-us.com/tos-alisg-avt-0068/cbd232252007ccdbae20d63540bc9eb5~tplv-tiktokx-cropcenter:100:100.jpg?dr=9640&refresh_token=dab67149&x-expires=1778140800&x-signature=PCGWR3YBku2Ek7n2wJR8fJmCTS8%3D&t=4d5b0474&ps=13740610&shp=30310797&shcp=ff37627b&idc=useast5
Love koco star,1,0,2026-04-19T14:49:27.000Z,sumeraslifestyle,https://www.tiktok.com/@maroxnaimi/video/7630366726969986324,7509463814205015070,7630482483632571167,https://p16-common-sign.tiktokcdn-us.com/tos-useast8-avt-0068-tx2/489b6b5369044cc8a637af1bcab574b7~tplv-tiktokx-cropcenter:100:100.jpg?dr=9640&refresh_token=371e88a1&x-expires=1778140800&x-signature=P2IFSK3%2Bl3WvykAocnNjZ2E8EeE%3D&t=4d5b0474&ps=13740610&shp=30310797&shcp=ff37627b&idc=useast5
obsessed,1,0,2026-05-03T02:10:45.000Z,remedy.for.beauty,https://www.tiktok.com/@maroxnaimi/video/7630366726969986324,6931220938051814406,7635482124783600404,https://p16-common-sign.tiktokcdn-us.com/tos-maliva-avt-0068/4da396fc3c09d4249abbe24d507f3d64~tplv-tiktokx-cropcenter:100:100.jpg?dr=9640&refresh_token=d26ae8ec&x-expires=1778140800&x-signature=YTef%2FCPTzSy20KKDw1mGzQ9DAyQ%3D&t=4d5b0474&ps=13740610&shp=30310797&shcp=ff37627b&idc=useast5
I love this mask,1,0,2026-04-26T14:39:52.000Z,milky.time1,https://www.tiktok.com/@maroxnaimi/video/7630366726969986324,7353124464241345582,7633077577721103118,https://p16-common-sign.tiktokcdn-us.com/tos-useast5-avt-0068-tx/49f88bda1cf91610e55bee8bb06d375b~tplv-tiktokx-cropcenter:100:100.jpg?dr=9640&refresh_token=64baac77&x-expires=1778140800&x-signature=DAjEuv7klSgPuHGxuVwz2Ijh9Ls%3D&t=4d5b0474&ps=13740610&shp=30310797&shcp=ff37627b&idc=useast5
So good🤩,1,0,2026-04-19T10:43:47.000Z,ryeena.vibes,https://www.tiktok.com/@maroxnaimi/video/7630366726969986324,7595701195572806679,7630419161672352534,https://p19-common-sign.tiktokcdn-us.com/tos-maliva-avt-0068/16d707ec2144660546a7787dc3b63872~tplv-tiktokx-cropcenter:100:100.jpg?dr=9640&refresh_token=efc685c4&x-expires=1778140800&x-signature=vADeaB6zsajU%2FlXDYMkVGcLqf%2Fg%3D&t=4d5b0474&ps=13740610&shp=30310797&shcp=ff37627b&idc=useast5
Nice,1,0,2026-04-19T07:35:29.000Z,laragreed184gmail.com,https://www.tiktok.com/@maroxnaimi/video/7630366726969986324,7474333833131967494,7630370675450594068,https://p19-common-sign.tiktokcdn-us.com/tos-alisg-avt-0068/d9b6a0ea7470b2f1bc300321dab21774~tplv-tiktokx-cropcenter:100:100.jpg?dr=9640&refresh_token=690e4d6d&x-expires=1778140800&x-signature=GDSssh1jnoArSxdNA3RXhohNDNI%3D&t=4d5b0474&ps=13740610&shp=30310797&shcp=ff37627b&idc=useast5
🥰🥰,1,0,2026-04-19T14:49:14.000Z,sumeraslifestyle,https://www.tiktok.com/@maroxnaimi/video/7630366726969986324,7509463814205015070,7630482291127698207,https://p16-common-sign.tiktokcdn-us.com/tos-useast8-avt-0068-tx2/489b6b5369044cc8a637af1bcab574b7~tplv-tiktokx-cropcenter:100:100.jpg?dr=9640&refresh_token=371e88a1&x-expires=1778140800&x-signature=P2IFSK3%2Bl3WvykAocnNjZ2E8EeE%3D&t=4d5b0474&ps=13740610&shp=30310797&shcp=ff37627b&idc=useast5
🥰🥰,0,0,2026-04-19T12:58:12.000Z,amynique_,https://www.tiktok.com/@maroxnaimi/video/7630366726969986324,7362079148360483847,7630453864335950599,https://p16-common-sign.tiktokcdn-us.com/tos-alisg-avt-0068/8ab438ca08a17a760396cce8b4de6989~tplv-tiktokx-cropcenter:100:100.jpg?dr=9640&refresh_token=ddbfe99b&x-expires=1778140800&x-signature=7mKFiHfvodnGLZynvWGQXtUhG9c%3D&t=4d5b0474&ps=13740610&shp=30310797&shcp=ff37627b&idc=useast5
💞💞💞,1,0,2026-04-21T07:44:53.000Z,ugcnatali,https://www.tiktok.com/@maroxnaimi/video/7630366726969986324,7326617951041176581,7631115276792546049,https://p16-common-sign.tiktokcdn-us.com/tos-alisg-avt-0068/e4fa05d26f3b7c68642d3b1b70a16bc2~tplv-tiktokx-cropcenter:100:100.jpg?dr=9640&refresh_token=7ad042a5&x-expires=1778140800&x-signature=0ghJfA0ohu%2FkWxC3cm8wBFL5wKQ%3D&t=4d5b0474&ps=13740610&shp=30310797&shcp=ff37627b&idc=useast5
You’re glowinf❤️,1,1,2026-04-18T00:57:36.000Z,girlwithconfetti,https://www.tiktok.com/@beautywithmaitri/video/7629779042920664340,6800556956329493510,7629896987165590292,https://p16-common-sign.tiktokcdn-us.com/tos-maliva-avt-0068/91ee099953fc09d70f5572529fc67dc4~tplv-tiktokx-cropcenter:100:100.jpg?dr=9640&refresh_token=d3825a7d&x-expires=1778140800&x-signature=Mw4kvgrhNxnL2O09%2BcNHQk1MlsM%3D&t=4d5b0474&ps=13740610&shp=30310797&shcp=ff37627b&idc=useast5
first looks funny but the glow is insane❤️,1,1,2026-04-17T22:43:09.000Z,romiathapar,https://www.tiktok.com/@beautywithmaitri/video/7629779042920664340,7552146461023077394,7629862373587682055,https://p16-common-sign.tiktokcdn-us.com/tos-alisg-avt-0068/c6182ba5c790fa62c32b41f608c89de7~tplv-tiktokx-cropcenter:100:100.jpg?dr=9640&refresh_token=dcc01f16&x-expires=1778140800&x-signature=lGwCr1P6c7fj9IVDF7gPN5qBxbM%3D&t=4d5b0474&ps=13740610&shp=30310797&shcp=ff37627b&idc=useast5
Lip mask❤️,1,1,2026-04-18T04:25:37.000Z,balkour10,https://www.tiktok.com/@beautywithmaitri/video/7629779042920664340,7461550453546419217,7629950592081871632,https://p19-common-sign.tiktokcdn-us.com/tos-alisg-avt-0068/bb111aa3ecfe2a9ab409b41ab44ea49c~tplv-tiktokx-cropcenter:100:100.jpg?dr=9640&refresh_token=6aa31984&x-expires=1778140800&x-signature=a889DGTvisGC4sr0YBQjfARsYSc%3D&t=4d5b0474&ps=13740610&shp=30310797&shcp=ff37627b&idc=useast5
Glowing😍,1,1,2026-04-18T01:41:53.000Z,pinkal7_,https://www.tiktok.com/@beautywithmaitri/video/7629779042920664340,7080428497324753926,7629908419038544661,https://p19-common-sign.tiktokcdn-us.com/tos-alisg-avt-0068/eee010d5864ddf825e3ea3e1fefd80fa~tplv-tiktokx-cropcenter:100:100.jpg?dr=9640&refresh_token=150dc513&x-expires=1778140800&x-signature=jH1Vj7dJiQ2MYDCpypUzBmyN5us%3D&t=4d5b0474&ps=13740610&shp=30310797&shcp=ff37627b&idc=useast5
Wow,1,1,2026-04-17T22:53:28.000Z,yoju09,https://www.tiktok.com/@beautywithmaitri/video/7629779042920664340,6601054920455208966,7629865036307546888,https://p16-common-sign.tiktokcdn-us.com/tos-alisg-avt-0068/fdc744e8f61b5bfff0a4fe9ee94c8abd~tplv-tiktokx-cropcenter:100:100.jpg?dr=9640&refresh_token=eb2f618d&x-expires=1778140800&x-signature=gn4UPviMYux3Whw8ZGZlQKyfUus%3D&t=4d5b0474&ps=13740610&shp=30310797&shcp=ff37627b&idc=useast5
Looking so hydrating 😍,1,1,2026-04-18T07:12:57.000Z,nid3690,https://www.tiktok.com/@beautywithmaitri/video/7629779042920664340,7497294571584406560,7629993717820490498,https://p16-common-sign.tiktokcdn-us.com/tos-maliva-avt-0068/a659f52c8f632debaff441aebc5412aa~tplv-tiktokx-cropcenter:100:100.jpg?dr=9640&refresh_token=4c5025d1&x-expires=1778140800&x-signature=FXam43YYSD5%2FELJ9MntE3kms2cw%3D&t=4d5b0474&ps=13740610&shp=30310797&shcp=ff37627b&idc=useast5
such a good routine 😍,1,1,2026-04-17T19:10:44.000Z,glow_with_ana,https://www.tiktok.com/@beautywithmaitri/video/7629779042920664340,6993024861254239238,7629807683683500822,https://p16-common-sign.tiktokcdn-us.com/tos-maliva-avt-0068/933b0df462aef7a76791c664344204e3~tplv-tiktokx-cropcenter:100:100.jpg?dr=9640&refresh_token=2ae56c84&x-expires=1778140800&x-signature=qYQof6o6VxjEA6KzXluZRG%2FPDgI%3D&t=4d5b0474&ps=13740610&shp=30310797&shcp=ff37627b&idc=useast5
wowww look at the glow!!✨,0,1,2026-04-18T01:39:26.000Z,shertangs,https://www.tiktok.com/@beautywithmaitri/video/7629779042920664340,7255725781841282049,7629907815637386004,https://p16-common-sign.tiktokcdn-us.com/tos-maliva-avt-0068/63dfbc6941cdc51d223e7416f7f4a017~tplv-tiktokx-cropcenter:100:100.jpg?dr=9640&refresh_token=691f0419&x-expires=1778140800&x-signature=iOpEWi%2B6Y37jtSFzZ2ZWs3c%2F1Cc%3D&t=4d5b0474&ps=13740610&shp=30310797&shcp=ff37627b&idc=useast5
❤️❤️❤️,0,0,2026-04-19T21:42:57.000Z,kaur.ramneet,https://www.tiktok.com/@beautywithmaitri/video/7629779042920664340,6797416792689689605,7630589045219607314,https://p19-common-sign.tiktokcdn-us.com/tos-alisg-avt-0068/788aefd2f4b45ad0a8c9e2ea0fdf120d~tplv-tiktokx-cropcenter:100:100.jpg?dr=9640&refresh_token=581fa7f7&x-expires=1778140800&x-signature=r4Exi9qcSO5klBsqCvM%2ByW4OsQA%3D&t=4d5b0474&ps=13740610&shp=30310797&shcp=ff37627b&idc=useast5
🥰🥰🥰,0,0,2026-04-24T04:09:44.000Z,pinarrdemir,https://www.tiktok.com/@beautywithmaitri/video/7629779042920664340,7390673680348480517,7632173065032155925,https://p16-common-sign.tiktokcdn-us.com/tos-maliva-avt-0068/ca011b13ce8c613352f1675b2c410e9a~tplv-tiktokx-cropcenter:100:100.jpg?dr=9640&refresh_token=996db596&x-expires=1778140800&x-signature=J%2FaKvhmV2FBTMnF9xubRhXFUVTE%3D&t=4d5b0474&ps=13740610&shp=30310797&shcp=ff37627b&idc=useast5
This duo looks so hydrating,1,1,2026-04-09T01:19:07.000Z,prettypolishreviews,https://www.tiktok.com/@ksu_ugc8/video/7626545269315849485,6795967267052504069,7626562718183637774,https://p16-common-sign.tiktokcdn-us.com/tos-useast5-avt-0068-tx/7c015af3b7776d645c98d63541fc9715~tplv-tiktokx-cropcenter:100:100.jpg?dr=9640&refresh_token=79ed34f7&x-expires=1778140800&x-signature=Ej3o%2BMHfBev%2BVA3C59UJ8og5244%3D&t=4d5b0474&ps=13740610&shp=30310797&shcp=ff37627b&idc=useast8
😍😍😍,1,1,2026-04-09T00:40:59.000Z,katetran2323,https://www.tiktok.com/@ksu_ugc8/video/7626545269315849485,7328892965560583214,7626552974172750622,https://p19-common-sign.tiktokcdn-us.com/tos-useast8-avt-0068-tx2/9efacc8f466252283af05b4f9398bb9c~tplv-tiktokx-cropcenter:100:100.jpg?dr=9640&refresh_token=7196e3da&x-expires=1778140800&x-signature=nteMLKhOX8FMHorP4fu4AwI96Oo%3D&t=4d5b0474&ps=13740610&shp=30310797&shcp=ff37627b&idc=useast8
❤️❤️❤️,0,0,2026-04-10T13:49:21.000Z,ksu_ugc8,https://www.tiktok.com/@ksu_ugc8/video/7626545269315849485,7553066976709461006,7627127066174096142,https://p19-common-sign.tiktokcdn-us.com/tos-useast5-avt-0068-tx/6c07fa37fd0242bb9934ab80047fd7a2~tplv-tiktokx-cropcenter:100:100.jpg?dr=9640&refresh_token=afcaa67b&x-expires=1778140800&x-signature=4GRmjXnRYmfCLbzTCQmw5VReWV4%3D&t=4d5b0474&ps=13740610&shp=30310797&shcp=ff37627b&idc=useast8
Love that glow queen😍💗,1,1,2026-04-17T23:18:32.000Z,222.pixie,https://www.tiktok.com/@lelecocos/video/7629199532240178446,7065405659047068719,7629871459468346142,https://p16-common-sign.tiktokcdn-us.com/tos-useast8-avt-0068-tx2/362cb12857109523bcb9fa75c874d703~tplv-tiktokx-cropcenter:100:100.jpg?dr=9640&refresh_token=df663800&x-expires=1778140800&x-signature=JPBku5Us5uw7lhyTf6OB4%2FDy5Vw%3D&t=4d5b0474&ps=13740610&shp=30310797&shcp=ff37627b&idc=useast8
Omg love the lip mask too,1,1,2026-04-16T17:09:26.000Z,aubreydugo,https://www.tiktok.com/@lelecocos/video/7629199532240178446,55603836723179521,7629405201698390815,https://p16-common-sign.tiktokcdn-us.com/tos-useast8-avt-0068-tx2/599a7f201f97b7fa61230776f0622cd5~tplv-tiktokx-cropcenter:100:100.jpg?dr=9640&refresh_token=cd8c30c5&x-expires=1778140800&x-signature=J6r4%2FgY16UWUknlSnJB01i%2FZD1c%3D&t=4d5b0474&ps=13740610&shp=30310797&shcp=ff37627b&idc=useast8
Love how you edited this!!,1,1,2026-04-16T04:17:45.000Z,hannahdayys,https://www.tiktok.com/@lelecocos/video/7629199532240178446,7357996794579846190,7629206390280028942,https://p19-common-sign.tiktokcdn-us.com/tos-useast5-avt-0068-tx/48a80af4df95c165e331443ed316031c~tplv-tiktokx-cropcenter:100:100.jpg?dr=9640&refresh_token=d3d14c94&x-expires=1778140800&x-signature=ai0bkWORhH1BY5cYPSil2lGHTwc%3D&t=4d5b0474&ps=13740610&shp=30310797&shcp=ff37627b&idc=useast8
skin is glowingggg 😍,1,1,2026-04-17T14:11:48.000Z,suzihn,https://www.tiktok.com/@lelecocos/video/7629199532240178446,7129357518210073646,7629730501415453471,https://p16-common-sign.tiktokcdn-us.com/tos-useast8-avt-0068-tx2/af532f83c0b6a8a9c0f47bc6302968f8~tplv-tiktokx-cropcenter:100:100.jpg?dr=9640&refresh_token=e74f203f&x-expires=1778140800&x-signature=F9K1xiCYe%2Fn9zjYYCy4yG0NN0DI%3D&t=4d5b0474&ps=13740610&shp=30310797&shcp=ff37627b&idc=useast8
I love that pink bag sm,1,0,2026-04-16T21:05:30.000Z,laurencollinsworthh,https://www.tiktok.com/@lelecocos/video/7629199532240178446,6684858242202420230,7629466124580995871,https://p16-common-sign.tiktokcdn-us.com/tos-useast8-avt-0068-tx2/e057c5031c5b47b788980fb5424fe688~tplv-tiktokx-cropcenter:100:100.jpg?dr=9640&refresh_token=d948680b&x-expires=1778140800&x-signature=ck59Bhcqms7U1uaG3j%2BwdDLUwjY%3D&t=4d5b0474&ps=13740610&shp=30310797&shcp=ff37627b&idc=useast8
LOLLL I NEED TO TRY THIS,1,1,2026-04-16T20:03:00.000Z,lcverrss,https://www.tiktok.com/@lelecocos/video/7629199532240178446,7186117802253124654,7629450007804085006,https://p19-common-sign.tiktokcdn-us.com/tos-useast5-avt-0068-tx/86faef57e6b1eb73e072397455740694~tplv-tiktokx-cropcenter:100:100.jpg?dr=9640&refresh_token=ad227130&x-expires=1778140800&x-signature=VYHhMBPlwgiePkTfOAeDmnPKE%2Fw%3D&t=4d5b0474&ps=13740610&shp=30310797&shcp=ff37627b&idc=useast8
"Girl, that packaging is amazing!!",1,1,2026-04-16T18:47:34.000Z,simplyines26,https://www.tiktok.com/@lelecocos/video/7629199532240178446,7150873689889719339,7629430387488850701,https://p16-common-sign.tiktokcdn-us.com/tos-useast5-avt-0068-tx/f948ca38a0a654f42540fa0e92c47023~tplv-tiktokx-cropcenter:100:100.jpg?dr=9640&refresh_token=bcf9fd03&x-expires=1778140800&x-signature=jy6Xj2gdPVAiDzLDbOXZ9xU8AB0%3D&t=4d5b0474&ps=13740610&shp=30310797&shcp=ff37627b&idc=useast8
Wow want to try this … lovely skin,1,1,2026-04-19T03:55:36.000Z,sheryllignes,https://www.tiktok.com/@lelecocos/video/7629199532240178446,7197184049260102683,7630314024382825234,https://p19-common-sign.tiktokcdn-us.com/tos-alisg-avt-0068/d7883bf3c70e15ac314b4d63b6225f71~tplv-tiktokx-cropcenter:100:100.jpg?dr=9640&refresh_token=25774f43&x-expires=1778140800&x-signature=I%2BP7Fia0acuEI6%2BynN60A24k%2BnU%3D&t=4d5b0474&ps=13740610&shp=30310797&shcp=ff37627b&idc=useast8
I want to try lip mask,1,1,2026-04-19T03:43:30.000Z,aime.lyy,https://www.tiktok.com/@lelecocos/video/7629199532240178446,7537186959535834120,7630310802382242577,https://p19-common-sign.tiktokcdn-us.com/tos-alisg-avt-0068/3ee2075d10f9b61d2fd47abfbf5eaa78~tplv-tiktokx-cropcenter:100:100.jpg?dr=9640&refresh_token=379cc1dc&x-expires=1778140800&x-signature=VgbBO85fce382bPxvMOB%2FjCoxCc%3D&t=4d5b0474&ps=13740610&shp=30310797&shcp=ff37627b&idc=useast8
The bag is so cute,1,0,2026-04-17T05:05:04.000Z,lopchen_beautyglo,https://www.tiktok.com/@lelecocos/video/7629199532240178446,7498876510817141790,7629589598502634270,https://p19-common-sign.tiktokcdn-us.com/tos-useast5-avt-0068-tx/20d46c94af80944aa87a741060efdafd~tplv-tiktokx-cropcenter:100:100.jpg?dr=9640&refresh_token=8221eadd&x-expires=1778140800&x-signature=FiHbAZzc0Xo1w%2BeaKKpOCLQ05Bc%3D&t=4d5b0474&ps=13740610&shp=30310797&shcp=ff37627b&idc=useast8
Lovee the packaging 🥰,1,0,2026-04-16T16:23:13.000Z,jxnlafr_,https://www.tiktok.com/@lelecocos/video/7629199532240178446,6950613662587487237,7629393362399068958,https://p19-common-sign.tiktokcdn-us.com/tos-useast8-avt-0068-tx2/30e91217fccdfc15d6826e09730b07bf~tplv-tiktokx-cropcenter:100:100.jpg?dr=9640&refresh_token=ad0b43ab&x-expires=1778140800&x-signature=In%2BZr2MmzvDAueHLnyOkUUY9hyQ%3D&t=4d5b0474&ps=13740610&shp=30310797&shcp=ff37627b&idc=useast8
I love the lip mask!! So cute,1,0,2026-04-16T18:45:15.000Z,itsalessandravie,https://www.tiktok.com/@lelecocos/video/7629199532240178446,7539749232329475127,7629429833466561311,https://p19-common-sign.tiktokcdn-us.com/tos-useast8-avt-0068-tx2/560ab741a33858871bc1c467de87c798~tplv-tiktokx-cropcenter:100:100.jpg?dr=9640&refresh_token=188d083c&x-expires=1778140800&x-signature=FDeptZKWq7oMLtNATtoiYWDVoWo%3D&t=4d5b0474&ps=13740610&shp=30310797&shcp=ff37627b&idc=useast8
Omg these looks so satisfying ❤️❤️,1,1,2026-04-16T07:13:27.000Z,sahana_budhathoki,https://www.tiktok.com/@lelecocos/video/7629199532240178446,6607582815678660613,7629251700541768468,https://p16-common-sign.tiktokcdn-us.com/tos-alisg-avt-0068/374fcb4a605ff909e142329b7b7553b2~tplv-tiktokx-cropcenter:100:100.jpg?dr=9640&refresh_token=a5138063&x-expires=1778140800&x-signature=GkrFCCZ9nyU63S5PBZ8BhvEM3PQ%3D&t=4d5b0474&ps=13740610&shp=30310797&shcp=ff37627b&idc=useast8
omg this is so cool😍,1,0,2026-04-16T19:25:53.000Z,gcffen,https://www.tiktok.com/@lelecocos/video/7629199532240178446,9759102,7629440489767355158,https://p19-common-sign.tiktokcdn-us.com/tos-maliva-avt-0068/01354d9f76295896a66407410c46fcf2~tplv-tiktokx-cropcenter:100:100.jpg?dr=9640&refresh_token=e6170aee&x-expires=1778140800&x-signature=xcw8MQJBZRzHzqy1qK3qY%2BgCyFg%3D&t=4d5b0474&ps=13740610&shp=30310797&shcp=ff37627b&idc=useast8
🤩🤩,1,0,2026-04-16T04:05:52.000Z,lizxzepeda,https://www.tiktok.com/@lelecocos/video/7629199532240178446,258124984282152960,7629203275748819726,https://p19-common-sign.tiktokcdn-us.com/tos-useast5-avt-0068-tx/0f82d878cd7cacb634eb9c31191762cf~tplv-tiktokx-cropcenter:100:100.jpg?dr=9640&refresh_token=51d954d0&x-expires=1778140800&x-signature=F%2FBSWblz08p%2B2lvf4TcWlGw%2B3Do%3D&t=4d5b0474&ps=13740610&shp=30310797&shcp=ff37627b&idc=useast8
🥰🥰🥰,1,0,2026-04-19T08:59:39.000Z,ruximarie,https://www.tiktok.com/@lelecocos/video/7629199532240178446,6702046050980545542,7630392350825317142,https://p16-common-sign.tiktokcdn-us.com/tos-maliva-avt-0068/dd3c9abd515a95743cf25da4990d0171~tplv-tiktokx-cropcenter:100:100.jpg?dr=9640&refresh_token=1fea491b&x-expires=1778140800&x-signature=eUwPlIGs4mOQjTQ5QOn5JtRK7%2FU%3D&t=4d5b0474&ps=13740610&shp=30310797&shcp=ff37627b&idc=useast8
🥰🥰🥰,0,0,2026-04-23T07:49:56.000Z,sahil23284,https://www.tiktok.com/@amishaanagar/video/7631106339732786453,7545866656461128711,7631858747920548625,https://p16-common-sign.tiktokcdn-us.com/tos-alisg-avt-0068/76486aca25c8ea827c9bb68c82d53dfd~tplv-tiktokx-cropcenter:100:100.jpg?dr=9640&refresh_token=31d908a7&x-expires=1778140800&x-signature=lN9UjA5NufjphwkM2mCedB7e%2Bkk%3D&t=4d5b0474&ps=13740610&shp=30310797&shcp=ff37627b&idc=useast5
🔺,0,0,2026-05-05T06:11:47.000Z,0008.sidhu.moose.w,https://www.tiktok.com/@amishaanagar/video/7631106339732786453,7477589072983704583,7636286405690295061,https://p19-common-sign.tiktokcdn-us.com/tos-alisg-avt-0068/ef29fdbbedc2a23856bc4b8f41053542~tplv-tiktokx-cropcenter:100:100.jpg?dr=9640&refresh_token=e5ac9933&x-expires=1778140800&x-signature=vLF1HCGyl6%2Fl8w3pPlC0lyamvnw%3D&t=4d5b0474&ps=13740610&shp=30310797&shcp=ff37627b&idc=useast5
Congratulations on this !! The mask looks amazing to me,1,1,2026-04-27T19:25:40.000Z,thereveriechronicles,https://www.tiktok.com/@rizdaud/video/7630728923764083988,7491845632718537733,7633522354233180944,https://p16-common-sign.tiktokcdn-us.com/tos-alisg-avt-0068/95496ff26bc74aab76f8f04850029a58~tplv-tiktokx-cropcenter:100:100.jpg?dr=9640&refresh_token=bcf644ab&x-expires=1778140800&x-signature=8ZDkGFszfkNUn%2Fa1MA%2FqVBOB6zo%3D&t=4d5b0474&ps=13740610&shp=30310797&shcp=ff37627b&idc=useast5
❤️❤️❤️,0,0,2026-04-18T16:53:34.000Z,shakh.ny,https://www.tiktok.com/@oishaugc/video/7629703482638994701,6978897835584881669,7630143382446621471,https://p16-common-sign.tiktokcdn-us.com/musically-maliva-obj/1594805258216454~tplv-tiktokx-cropcenter:100:100.jpg?dr=9640&refresh_token=4d8bdd2e&x-expires=1778140800&x-signature=ZGD9Rfnc%2FOjlbalpM7OTXW%2FPHD4%3D&t=4d5b0474&ps=13740610&shp=30310797&shcp=ff37627b&idc=useast8
Vayo k dd yo vanda kati ramri huni hora🦋,0,0,2026-04-28T14:56:11.000Z,rohan.chhetri20,https://www.tiktok.com/@saleenakshetri/video/7633670008249290005,6869191776776127493,7633824035880649479,https://p16-common-sign.tiktokcdn-us.com/tos-alisg-avt-0068/ef7923c407471e27233edb9675f0bd0c~tplv-tiktokx-cropcenter:100:100.jpg?dr=9640&refresh_token=2f6e5fee&x-expires=1778140800&x-signature=PK8ZuU%2B%2BvQyGf%2Bkr%2BNYWla6gNik%3D&t=4d5b0474&ps=13740610&shp=30310797&shcp=ff37627b&idc=useast5
How beautiful you’re 😍,0,0,2026-04-28T20:26:00.000Z,sis_nis10,https://www.tiktok.com/@saleenakshetri/video/7633670008249290005,6582785465363513349,7633908985687081735,https://p16-common-sign.tiktokcdn-us.com/tos-alisg-avt-0068/a9e00db4f2a65a0477296bd157d074bb~tplv-tiktokx-cropcenter:100:100.jpg?dr=9640&refresh_token=af51f74d&x-expires=1778140800&x-signature=UZZQTd0HsaFZCZdZAZ29x%2Fn%2Bno4%3D&t=4d5b0474&ps=13740610&shp=30310797&shcp=ff37627b&idc=useast5
Glowing 😍,1,0,2026-04-28T07:34:19.000Z,manjuchaudhary1025,https://www.tiktok.com/@saleenakshetri/video/7633670008249290005,120957620164734977,7633710135924015892,https://p19-common-sign.tiktokcdn-us.com/tos-alisg-avt-0068/fb33a08186b0b26f8f4c93a3201f742c~tplv-tiktokx-cropcenter:100:100.jpg?dr=9640&refresh_token=2cd4fd3e&x-expires=1778140800&x-signature=Lpu9TlwJDoiigMu4z1TtITISwLU%3D&t=4d5b0474&ps=13740610&shp=30310797&shcp=ff37627b&idc=useast5
❤️❤️❤️❤️,1,0,2026-04-28T10:07:44.000Z,kamalachetri15,https://www.tiktok.com/@saleenakshetri/video/7633670008249290005,6907496934862439430,7633749683769148168,https://p19-common-sign.tiktokcdn-us.com/tos-alisg-avt-0068/c4838aa790da1d7df4b600372b0f5724~tplv-tiktokx-cropcenter:100:100.jpg?dr=9640&refresh_token=ff300d86&x-expires=1778140800&x-signature=4ftBSSf2L7uz3MrpKnmxHisjpA4%3D&t=4d5b0474&ps=13740610&shp=30310797&shcp=ff37627b&idc=useast5
💕💕,1,0,2026-04-28T06:10:56.000Z,saritafaudar,https://www.tiktok.com/@saleenakshetri/video/7633670008249290005,7125399433387541510,7633688640157582101,https://p19-common-sign.tiktokcdn-us.com/tos-alisg-avt-0068/72ed7c3c39e4dd9adbe7a21ce7d60d85~tplv-tiktokx-cropcenter:100:100.jpg?dr=9640&refresh_token=cc2c4bfc&x-expires=1778140800&x-signature=8zUHZlwipNCCagsa%2B0qM7VJ4lWw%3D&t=4d5b0474&ps=13740610&shp=30310797&shcp=ff37627b&idc=useast5
❤️❤️❤️,1,0,2026-04-28T14:36:32.000Z,sangikhd,https://www.tiktok.com/@saleenakshetri/video/7633670008249290005,7223316625021731842,7633818978317648658,https://p19-common-sign.tiktokcdn-us.com/tos-alisg-avt-0068/c0f63f393bdda0b666122293b5477246~tplv-tiktokx-cropcenter:100:100.jpg?dr=9640&refresh_token=2699a18a&x-expires=1778140800&x-signature=SmY5UlPgQp%2BgEgC5r%2FbTX30ZTkI%3D&t=4d5b0474&ps=13740610&shp=30310797&shcp=ff37627b&idc=useast5
❤️❤️❤️,1,0,2026-04-28T05:16:26.000Z,rose13304,https://www.tiktok.com/@saleenakshetri/video/7633670008249290005,7247992092889465862,7633674612706378504,https://p16-common-sign.tiktokcdn-us.com/tos-alisg-avt-0068/0e94554f898cf6111a701790622bd580~tplv-tiktokx-cropcenter:100:100.jpg?dr=9640&refresh_token=8bd3982b&x-expires=1778140800&x-signature=6DAYH%2F%2FXJSF80U5LGmS%2BdQqi5rM%3D&t=4d5b0474&ps=13740610&shp=30310797&shcp=ff37627b&idc=useast5
😘,1,0,2026-04-28T11:06:12.000Z,domreeta,https://www.tiktok.com/@saleenakshetri/video/7633670008249290005,6574349856382009350,7633764757103428359,https://p19-common-sign.tiktokcdn-us.com/tos-alisg-avt-0068/7ed6130b8c0f92817e0eb7ef6371a18f~tplv-tiktokx-cropcenter:100:100.jpg?dr=9640&refresh_token=463d1f8b&x-expires=1778140800&x-signature=OrdgQvLHTeinww%2B3tJzOOOdFgLM%3D&t=4d5b0474&ps=13740610&shp=30310797&shcp=ff37627b&idc=useast5
🥰🥰,1,0,2026-04-28T05:20:36.000Z,aashakarki032,https://www.tiktok.com/@saleenakshetri/video/7633670008249290005,7096027508151321627,7633675687223739144,https://p16-common-sign.tiktokcdn-us.com/tos-alisg-avt-0068/e83b8c46644c134f502beb3b1ebb355f~tplv-tiktokx-cropcenter:100:100.jpg?dr=9640&refresh_token=489a4c25&x-expires=1778140800&x-signature=8fcLW9ufjRXmyUIwr8x95VDsA6A%3D&t=4d5b0474&ps=13740610&shp=30310797&shcp=ff37627b&idc=useast5
❤️❤️❤️,1,0,2026-04-28T12:31:54.000Z,barshakhatri297,https://www.tiktok.com/@saleenakshetri/video/7633670008249290005,7059258240437715994,7633786813719413525,https://p19-common-sign.tiktokcdn-us.com/tos-alisg-avt-0068/c7a27ebe77bc34fa460fd29464f6883e~tplv-tiktokx-cropcenter:100:100.jpg?dr=9640&refresh_token=52b5a9f2&x-expires=1778140800&x-signature=uEsuWfT2FpY0d7E6%2Bp70mHjVhN4%3D&t=4d5b0474&ps=13740610&shp=30310797&shcp=ff37627b&idc=useast5
🥰🥰🥰,0,0,2026-04-29T03:28:36.000Z,susmita.khatri56,https://www.tiktok.com/@saleenakshetri/video/7633670008249290005,6997599928470438939,7634017837649511188,https://p19-common-sign.tiktokcdn-us.com/tos-alisg-avt-0068/adb8eea2680560fdde461270e3a2a1de~tplv-tiktokx-cropcenter:100:100.jpg?dr=9640&refresh_token=012bdaf4&x-expires=1778140800&x-signature=QS1g11jrMuUidQo2fS6nioKn80w%3D&t=4d5b0474&ps=13740610&shp=30310797&shcp=ff37627b&idc=useast5
🥰🥰🥰🥰🥰🥰🥰🥰,0,0,2026-04-28T17:16:01.000Z,kamalachetri15,https://www.tiktok.com/@saleenakshetri/video/7633670008249290005,6907496934862439430,7633860051258557202,https://p19-common-sign.tiktokcdn-us.com/tos-alisg-avt-0068/c4838aa790da1d7df4b600372b0f5724~tplv-tiktokx-cropcenter:100:100.jpg?dr=9640&refresh_token=ff300d86&x-expires=1778140800&x-signature=4ftBSSf2L7uz3MrpKnmxHisjpA4%3D&t=4d5b0474&ps=13740610&shp=30310797&shcp=ff37627b&idc=useast5
💕💕💕💕💕💕💕,0,0,2026-04-28T23:04:43.000Z,purnakalakarki123,https://www.tiktok.com/@saleenakshetri/video/7633670008249290005,7306830786463450117,7633949837599277845,https://p19-common-sign.tiktokcdn-us.com/tos-alisg-avt-0068/bfad6427e994e49979ed745bf570fac5~tplv-tiktokx-cropcenter:100:100.jpg?dr=9640&refresh_token=c881da71&x-expires=1778140800&x-signature=vxtAFDYn7cjCXejAB1l7c8VKdbw%3D&t=4d5b0474&ps=13740610&shp=30310797&shcp=ff37627b&idc=useast5
♥️♥️♥️,0,0,2026-04-30T05:32:32.000Z,mina_chhetrii,https://www.tiktok.com/@saleenakshetri/video/7633670008249290005,7064566070615147526,7634420906878878471,https://p19-common-sign.tiktokcdn-us.com/tos-alisg-avt-0068/e23cadfa8a536c49207e98e0656dcea5~tplv-tiktokx-cropcenter:100:100.jpg?dr=9640&refresh_token=89db9b35&x-expires=1778140800&x-signature=MsDRdmDM3NDR%2BosQv2pL%2BGjK1hI%3D&t=4d5b0474&ps=13740610&shp=30310797&shcp=ff37627b&idc=useast5
😍😍,0,0,2026-05-02T23:18:40.000Z,lifeofsumna,https://www.tiktok.com/@saleenakshetri/video/7633670008249290005,6521310952921502735,7635437766763152149,https://p16-common-sign.tiktokcdn-us.com/tos-alisg-avt-0068/bd193c7799cc4b4903f442eacdbe1638~tplv-tiktokx-cropcenter:100:100.jpg?dr=9640&refresh_token=a47a296f&x-expires=1778140800&x-signature=clf1mu1Up%2BJfapej7RkA8rcgXoY%3D&t=4d5b0474&ps=13740610&shp=30310797&shcp=ff37627b&idc=useast5
who want collab with us? 😌🎁,0,0,2026-04-28T20:38:56.000Z,kevangi.luxx0,https://www.tiktok.com/@samarsdigitaldiary/video/7631002708912246037,7631569684902511634,7633912305537745672,https://p19-common-sign.tiktokcdn-us.com/tos-alisg-avt-0068/7b69de66738f80d11c260e6073868038~tplv-tiktokx-cropcenter:100:100.jpg?dr=9640&refresh_token=d98c73a3&x-expires=1778140800&x-signature=QUznsM7%2BuqzBPZcPZL17b%2F8aFM0%3D&t=4d5b0474&ps=13740610&shp=30310797&shcp=ff37627b&idc=useast8
loveee,1,1,2026-04-22T02:14:19.000Z,catchupwithviv,https://www.tiktok.com/@samarsdigitaldiary/video/7631002708912246037,7557825663043257352,7631401175090578194,https://p16-common-sign.tiktokcdn-us.com/tos-alisg-avt-0068/8718a238d2c841fe7836e9f50b0b9c9e~tplv-tiktokx-cropcenter:100:100.jpg?dr=9640&refresh_token=9ea13a01&x-expires=1778140800&x-signature=edFX%2F9tfE1r320meSzMnt4HORXo%3D&t=4d5b0474&ps=13740610&shp=30310797&shcp=ff37627b&idc=useast8
Soooo fun 💓,0,0,2026-05-05T22:39:41.000Z,gabcoderre,https://www.tiktok.com/@samarsdigitaldiary/video/7631002708912246037,6765619180865471493,7636541048331879184,https://p16-common-sign.tiktokcdn-us.com/tos-alisg-avt-0068/26961810841573bc6f5159722e500479~tplv-tiktokx-cropcenter:100:100.jpg?dr=9640&refresh_token=e31018e2&x-expires=1778140800&x-signature=Sn%2FiQ2IIENoLrPiHuoVAyW9I8BE%3D&t=4d5b0474&ps=13740610&shp=30310797&shcp=ff37627b&idc=useast8
Soo cute,1,1,2026-04-21T02:08:50.000Z,mahekfatema_,https://www.tiktok.com/@samarsdigitaldiary/video/7631002708912246037,7597617051956757512,7631028639086658312,https://p16-common-sign.tiktokcdn-us.com/tos-alisg-avt-0068/cc9fd8203f22522bb32a82fb8a616090~tplv-tiktokx-cropcenter:100:100.jpg?dr=9640&refresh_token=fc9e0dbb&x-expires=1778140800&x-signature=XthfNg%2F3QFN4z4KgT9VCKyDJkNI%3D&t=4d5b0474&ps=13740610&shp=30310797&shcp=ff37627b&idc=useast8
amazing 💜💜💜,0,0,2026-04-20T23:40:55.000Z,jd_meet22,https://www.tiktok.com/@gloryugccreator/video/7630975332820307221,6547707685108732928,7630990423776248596,https://p19-common-sign.tiktokcdn-us.com/tos-maliva-avt-0068/0e09007a367674964485dacd21dda0d0~tplv-tiktokx-cropcenter:100:100.jpg?dr=9640&refresh_token=2b7a703d&x-expires=1778140800&x-signature=rqY3pVLnHJppHyOlg1Bl%2FKFaK58%3D&t=4d5b0474&ps=13740610&shp=30310797&shcp=ff37627b&idc=useast5
Glow is amazing,0,0,2026-04-21T00:27:43.000Z,itzz.deep08,https://www.tiktok.com/@gloryugccreator/video/7630975332820307221,6617871742580424710,7631002579644105488,https://p16-common-sign.tiktokcdn-us.com/tos-alisg-avt-0068/12f169734fc1458f7c7a9ec5325d68fd~tplv-tiktokx-cropcenter:100:100.jpg?dr=9640&refresh_token=eca21c48&x-expires=1778140800&x-signature=xADqJFQZ6aQ5R1ngfciTlLVPndM%3D&t=4d5b0474&ps=13740610&shp=30310797&shcp=ff37627b&idc=useast5
So glowing and hydrating,0,0,2026-04-25T22:04:03.000Z,navdeepkaurbrar001,https://www.tiktok.com/@gloryugccreator/video/7630975332820307221,6621120515736846342,7632820950308881169,https://p19-common-sign.tiktokcdn-us.com/tos-alisg-avt-0068/9f407f752b92705bd7beb80f272336ab~tplv-tiktokx-cropcenter:100:100.jpg?dr=9640&refresh_token=7ed7b4d0&x-expires=1778140800&x-signature=xf6q7XPTfAscOSsRyZKL%2F81Dhu8%3D&t=4d5b0474&ps=13740610&shp=30310797&shcp=ff37627b&idc=useast5
So hydrating,0,0,2026-04-22T08:05:43.000Z,manjuchaudhary1025,https://www.tiktok.com/@gloryugccreator/video/7630975332820307221,120957620164734977,7631491709038035733,https://p16-common-sign.tiktokcdn-us.com/tos-alisg-avt-0068/fb33a08186b0b26f8f4c93a3201f742c~tplv-tiktokx-cropcenter:100:100.jpg?dr=9640&refresh_token=9ff2a3b8&x-expires=1778140800&x-signature=D2WU1BA94JyR6y0layVnzXio%2FlA%3D&t=4d5b0474&ps=13740610&shp=30310797&shcp=ff37627b&idc=useast5
🥰🥰🥰,0,0,2026-04-10T12:31:03.000Z,touseefmurtaza51,https://www.tiktok.com/@makeoverbygia/video/7626173385772485901,7116417665837728773,7627107095842128641,https://p16-common-sign.tiktokcdn-us.com/tos-useast2a-avt-0068-giso/7116420134730170394~tplv-tiktokx-cropcenter:100:100.jpg?dr=9640&refresh_token=46d06d59&x-expires=1778140800&x-signature=YNYPwlYPLNETPvW5Gp5JC6wbUWg%3D&t=4d5b0474&ps=13740610&shp=30310797&shcp=ff37627b&idc=useast8
Such a pretty lip mask,1,0,2026-04-18T15:19:59.000Z,lydia_d30,https://www.tiktok.com/@ssidhu027/video/7629493079904472338,6696989848022303749,7630119303170769672,https://p16-common-sign.tiktokcdn-eu.com/tos-alisg-avt-0068/50629b33f24b4ff38982beacf105bd65~tplv-tiktokx-cropcenter:100:100.jpg?dr=10399&refresh_token=06bfebf2&x-expires=1778140800&x-signature=5AUuWc5HkxNz86xPUZCjKYlPkUk%3D&t=4d5b0474&ps=13740610&shp=30310797&shcp=ff37627b&idc=no1a
Great for sensitive skin,1,0,2026-04-18T15:51:23.000Z,it.is.just.me.happy.anna,https://www.tiktok.com/@ssidhu027/video/7629493079904472338,7196881175356752897,7630127379038323476,https://p16-common-sign.tiktokcdn-eu.com/tos-alisg-avt-0068/25f0a936c6a8f1303cbf5971cd4a6f25~tplv-tiktokx-cropcenter:100:100.jpg?dr=10399&refresh_token=36fa004d&x-expires=1778140800&x-signature=cQsnGE7SQjfkTzZJ52KSF%2FM%2F5qs%3D&t=4d5b0474&ps=13740610&shp=30310797&shcp=ff37627b&idc=no1a
Lip mask look so good,1,0,2026-04-19T18:53:18.000Z,balkour10,https://www.tiktok.com/@ssidhu027/video/7629493079904472338,7461550453546419217,7630545299551683329,https://p19-common-sign.tiktokcdn-eu.com/tos-alisg-avt-0068/bb111aa3ecfe2a9ab409b41ab44ea49c~tplv-tiktokx-cropcenter:100:100.jpg?dr=10399&refresh_token=7b11dea0&x-expires=1778140800&x-signature=h2VRnhMTnQe9cr80OQZ40ZAWiI4%3D&t=4d5b0474&ps=13740610&shp=30310797&shcp=ff37627b&idc=no1a
Can’t wait to try the lip mask 😍😍😍,0,0,2026-04-17T08:26:13.000Z,julzinnovations,https://www.tiktok.com/@ssidhu027/video/7629493079904472338,7478764324619011078,7629641588301693717,https://p16-common-sign.tiktokcdn-eu.com/tos-alisg-avt-0068/4682584cf50863e5379920bab6d8bde3~tplv-tiktokx-cropcenter:100:100.jpg?dr=10399&refresh_token=6412b10f&x-expires=1778140800&x-signature=nkXF1uG1kUBknuz90pDiFgkALd4%3D&t=4d5b0474&ps=13740610&shp=30310797&shcp=ff37627b&idc=no1a
Wowow 😍😍,1,0,2026-04-22T00:47:09.000Z,gurdiksha_,https://www.tiktok.com/@ssidhu027/video/7629493079904472338,7505144051428279351,7631378681318900501,https://p16-common-sign.tiktokcdn-eu.com/tos-alisg-avt-0068/e78ce466d476ae114f40df5f2f8e2ff6~tplv-tiktokx-cropcenter:100:100.jpg?dr=10399&refresh_token=82eb90ac&x-expires=1778140800&x-signature=3Udl9Ky6yJOsFjZkjlG%2F1kZLWJk%3D&t=4d5b0474&ps=13740610&shp=30310797&shcp=ff37627b&idc=no1a
I have the same masks! Love them❤️,1,0,2026-04-18T20:21:39.000Z,ugc_iryna,https://www.tiktok.com/@ssidhu027/video/7629493079904472338,6560631760198221829,7630196998009127681,https://p16-common-sign.tiktokcdn-eu.com/tos-alisg-avt-0068/d110a49c0d7d70397ca703a7b0b529b0~tplv-tiktokx-cropcenter:100:100.jpg?dr=10399&refresh_token=2eb155fe&x-expires=1778140800&x-signature=TPLjWu0vQfhplbGTiIJ%2F9gL5a%2Fk%3D&t=4d5b0474&ps=13740610&shp=30310797&shcp=ff37627b&idc=no1a
Looks so good,1,0,2026-04-18T12:21:47.000Z,shes.sojess,https://www.tiktok.com/@ssidhu027/video/7629493079904472338,7570338432606553102,7630073068615205663,https://p16-common-sign.tiktokcdn-eu.com/tos-maliva-avt-0068/eef729639bd20955a273b3453c1fb5ae~tplv-tiktokx-cropcenter:100:100.jpg?dr=10399&refresh_token=bb71f202&x-expires=1778140800&x-signature=DidUyeplEw1qGjm7D77BLJSL%2Fl4%3D&t=4d5b0474&ps=13740610&shp=30310797&shcp=ff37627b&idc=no1a
Great set 🤩,1,0,2026-04-19T01:22:43.000Z,sweet_puffers,https://www.tiktok.com/@ssidhu027/video/7629493079904472338,6812651929878021125,7630274578015453959,https://p16-common-sign.tiktokcdn-eu.com/tos-alisg-avt-0068/3666ea4eb09f0c7d829167b598a64938~tplv-tiktokx-cropcenter:100:100.jpg?dr=10399&refresh_token=41be22b4&x-expires=1778140800&x-signature=54hRN0X1O6B14nrtvcfpe6R9y0A%3D&t=4d5b0474&ps=13740610&shp=30310797&shcp=ff37627b&idc=no1a
Wow this looks amazing!!,1,0,2026-04-23T04:00:13.000Z,kailies_life,https://www.tiktok.com/@ssidhu027/video/7629493079904472338,7080028631919641646,7631799474746065678,https://p16-common-sign.tiktokcdn-eu.com/tos-maliva-avt-0068/66fa8afaad45ac112e0d27ae0244ac69~tplv-tiktokx-cropcenter:100:100.jpg?dr=10399&refresh_token=1c2e65b0&x-expires=1778140800&x-signature=U09BWx1ThowMPUB9RULx0lQ%2FgKE%3D&t=4d5b0474&ps=13740610&shp=30310797&shcp=ff37627b&idc=no1a
Love this mask 😍,0,0,2026-04-20T21:57:07.000Z,missshilife,https://www.tiktok.com/@ssidhu027/video/7629493079904472338,6772221060371088390,7630963770311410440,https://p16-common-sign.tiktokcdn-eu.com/tos-alisg-avt-0068/fe2e91a72643a8ba3e5d5f6b09153255~tplv-tiktokx-cropcenter:100:100.jpg?dr=10399&refresh_token=d058d810&x-expires=1778140800&x-signature=IzobZpQAXt%2BmR98ZGQ4OPymHTnY%3D&t=4d5b0474&ps=13740610&shp=30310797&shcp=ff37627b&idc=no1a
Amazing 😍,1,0,2026-04-19T04:48:22.000Z,annie_k44,https://www.tiktok.com/@ssidhu027/video/7629493079904472338,7526041888219972664,7630327532299469569,https://p16-common-sign.tiktokcdn-eu.com/tos-alisg-avt-0068/d52cb8a0f2b5e288dbf7d2fab8b44885~tplv-tiktokx-cropcenter:100:100.jpg?dr=10399&refresh_token=e7c571f1&x-expires=1778140800&x-signature=y8lyrkG3n9ISVT1OuC8ZjNDKXHU%3D&t=4d5b0474&ps=13740610&shp=30310797&shcp=ff37627b&idc=no1a
💕💕,1,0,2026-04-18T11:39:26.000Z,kaurnav288,https://www.tiktok.com/@ssidhu027/video/7629493079904472338,7599483474969854992,7630062460729197313,https://p16-common-sign.tiktokcdn-eu.com/tos-alisg-avt-0068/9b90559394582d7fcf657d4e68e7f738~tplv-tiktokx-cropcenter:100:100.jpg?dr=10399&refresh_token=8934976c&x-expires=1778140800&x-signature=kHiSMGxWXSfk3IoUG442PcrfasU%3D&t=4d5b0474&ps=13740610&shp=30310797&shcp=ff37627b&idc=no1a
🥰🥰🥰🥰,1,0,2026-04-17T23:57:09.000Z,manakhan77,https://www.tiktok.com/@ssidhu027/video/7629493079904472338,6797183732002489350,7629881390184268560,https://p16-common-sign.tiktokcdn-eu.com/tos-alisg-avt-0068/183fb8a33842e8c1182f6cc90d4cff53~tplv-tiktokx-cropcenter:100:100.jpg?dr=10399&refresh_token=41fb9182&x-expires=1778140800&x-signature=H4%2Bme5Cnw%2FiH%2FytvPyKJ3H5PXfk%3D&t=4d5b0474&ps=13740610&shp=30310797&shcp=ff37627b&idc=no1a
Oh I’m thankful / at first I thought you were having severe allergic reaction,0,0,2026-04-26T22:08:37.000Z,rwinstead,https://www.tiktok.com/@gretagibbons246/video/7630960272542338334,6635751521093615622,7633193165529596685,https://p16-common-sign.tiktokcdn.com/tos-maliva-avt-0068/3aa1ff2b3d4410e0c34ffcc215273b82~tplv-tiktokx-cropcenter:100:100.jpg?dr=14579&refresh_token=5c83976e&x-expires=1778140800&x-signature=Fbr1%2Br0el7D4rDf4Jpdk7xE4oDw%3D&t=4d5b0474&ps=13740610&shp=30310797&shcp=ff37627b&idc=my2
That comment was so funny friend,1,1,2026-04-21T12:54:37.000Z,mom_fletcher,https://www.tiktok.com/@gretagibbons246/video/7630960272542338334,7115986861461586987,7631194898884838157,https://p19-common-sign.tiktokcdn.com/tos-maliva-avt-0068/5fa8439eb54b37c321166a623ab4566c~tplv-tiktokx-cropcenter:100:100.jpg?dr=14579&refresh_token=6562074f&x-expires=1778140800&x-signature=CRFUZP29Fad8gVlBoyaYN0cf3ZY%3D&t=4d5b0474&ps=13740610&shp=30310797&shcp=ff37627b&idc=my2
Oh wow sounds so good!,1,1,2026-04-21T13:31:24.000Z,kim.thomas48,https://www.tiktok.com/@gretagibbons246/video/7630960272542338334,7449153010557355050,7631204376359912205,https://p19-common-sign.tiktokcdn.com/tos-maliva-avt-0068/bd5d5c4add0d287e08d5e6be1f3ffcee~tplv-tiktokx-cropcenter:100:100.jpg?dr=14579&refresh_token=fee90491&x-expires=1778140800&x-signature=yxXqZvN%2B%2BKz9HXffJ7%2B2wPhlmOQ%3D&t=4d5b0474&ps=13740610&shp=30310797&shcp=ff37627b&idc=my2
😍😍😍,1,0,2026-04-21T13:31:30.000Z,kim.thomas48,https://www.tiktok.com/@gretagibbons246/video/7630960272542338334,7449153010557355050,7631204361171469070,https://p19-common-sign.tiktokcdn.com/tos-maliva-avt-0068/bd5d5c4add0d287e08d5e6be1f3ffcee~tplv-tiktokx-cropcenter:100:100.jpg?dr=14579&refresh_token=fee90491&x-expires=1778140800&x-signature=yxXqZvN%2B%2BKz9HXffJ7%2B2wPhlmOQ%3D&t=4d5b0474&ps=13740610&shp=30310797&shcp=ff37627b&idc=my2
Looks amazing 🥰,0,0,2026-04-20T15:24:45.000Z,gabyyoshikawaa,https://www.tiktok.com/@by_nikys/video/7630624860900822303,7355355981491012651,7630862612166656799,https://p19-common-sign.tiktokcdn-us.com/tos-useast5-avt-0068-tx/4c578b18fde3eee6c6930e37741102b1~tplv-tiktokx-cropcenter:100:100.jpg?dr=9640&refresh_token=108f5ca2&x-expires=1778140800&x-signature=eVZtmNFV0CPdkVADtqsHmhIrlqY%3D&t=4d5b0474&ps=13740610&shp=30310797&shcp=ff37627b&idc=useast5
🥰🥰🥰,0,0,2026-04-21T06:50:06.000Z,fendywong278,https://www.tiktok.com/@silvermoon3924/video/7630533627612335378,7540708757484373000,7631101131939316487,https://p19-common-sign.tiktokcdn-us.com/tos-alisg-avt-0068/87d27b1e48ce242e604c1c08e0f593f8~tplv-tiktokx-cropcenter:100:100.jpg?dr=9640&refresh_token=169d5d47&x-expires=1778140800&x-signature=XKRwEaZzu6%2B9XpQS0Oub5KuVBoY%3D&t=4d5b0474&ps=13740610&shp=30310797&shcp=ff37627b&idc=useast5
Loveeee it,1,0,2026-05-01T06:18:43.000Z,soupspamezz,https://www.tiktok.com/@preranaoli129/video/7633884719670627604,218312485362135040,7634803910561366805,https://p16-common-sign.tiktokcdn-us.com/tos-alisg-avt-0068/b603f12171e69bcc79b37be4c04d71c7~tplv-tiktokx-cropcenter:100:100.jpg?dr=9640&refresh_token=a2ba6744&x-expires=1778140800&x-signature=nZdNUMDZ4JwYSHwmkn6kEx%2B4g%2F4%3D&t=4d5b0474&ps=13740610&shp=30310797&shcp=ff37627b&idc=useast8
send me location?,0,0,2026-04-28T21:01:56.000Z,kingofnepal232,https://www.tiktok.com/@preranaoli129/video/7633884719670627604,6970709455995552774,7633918262375858952,https://p16-common-sign.tiktokcdn-us.com/tos-alisg-avt-0068/4189b1c627437530764866c4e39725f8~tplv-tiktokx-cropcenter:100:100.jpg?dr=9640&refresh_token=c20a66d0&x-expires=1778140800&x-signature=JC8%2B6z983pldWaGWUQgnHM5dD7k%3D&t=4d5b0474&ps=13740610&shp=30310797&shcp=ff37627b&idc=useast8
😍😍😍,1,0,2026-04-29T21:45:30.000Z,nielish1999,https://www.tiktok.com/@preranaoli129/video/7633884719670627604,6740787342262846465,7634300521298002696,https://p19-common-sign.tiktokcdn-us.com/tos-maliva-avt-0068/1238370ae09af1987cd8ccd91e302f56~tplv-tiktokx-cropcenter:100:100.jpg?dr=9640&refresh_token=514ed27f&x-expires=1778140800&x-signature=da%2FH8dr0WF2ryVN86BBce8JLnSE%3D&t=4d5b0474&ps=13740610&shp=30310797&shcp=ff37627b&idc=useast8
❤️❤️❤️,1,0,2026-04-29T15:27:35.000Z,anitapokhrel1999,https://www.tiktok.com/@preranaoli129/video/7633884719670627604,6651732593095360517,7634203204574266130,https://p16-common-sign.tiktokcdn-us.com/tos-useast2a-avt-0068-giso/7bddbdb4bb4ac86ca55e5db5f3860b28~tplv-tiktokx-cropcenter:100:100.jpg?dr=9640&refresh_token=3cde8a13&x-expires=1778140800&x-signature=YreVHHXS8a7v99UF%2BK%2BS9IsOQDo%3D&t=4d5b0474&ps=13740610&shp=30310797&shcp=ff37627b&idc=useast8
🥰🥰🥰🥰,1,0,2026-04-28T23:03:45.000Z,sushmapathak92,https://www.tiktok.com/@preranaoli129/video/7633884719670627604,6983424918592832518,7633949479390298897,https://p16-common-sign.tiktokcdn-us.com/tos-maliva-avt-0068/080c1a037d4e2f3496e61f93a7a49af1~tplv-tiktokx-cropcenter:100:100.jpg?dr=9640&refresh_token=1783194f&x-expires=1778140800&x-signature=0lONtR5oQScxBD1YGifq7hEdxJY%3D&t=4d5b0474&ps=13740610&shp=30310797&shcp=ff37627b&idc=useast8
🥰🥰🥰🥰🥰,1,0,2026-04-28T21:14:35.000Z,nisha.pandey123,https://www.tiktok.com/@preranaoli129/video/7633884719670627604,6902167603847201797,7633921485938639634,https://p19-common-sign.tiktokcdn-us.com/tos-alisg-avt-0068/7331361191542915092~tplv-tiktokx-cropcenter:100:100.jpg?dr=9640&refresh_token=2e65f4d6&x-expires=1778140800&x-signature=IHgBzPqbYNnf03muhZRXeDElgzc%3D&t=4d5b0474&ps=13740610&shp=30310797&shcp=ff37627b&idc=useast8
❤️❤️,1,0,2026-04-29T03:22:47.000Z,starlight5417,https://www.tiktok.com/@preranaoli129/video/7633884719670627604,7043805712832562182,7634016378311475989,https://p16-common-sign.tiktokcdn-us.com/tos-alisg-avt-0068/cdb45d71641c2407ccdc2b67e97b39d3~tplv-tiktokx-cropcenter:100:100.jpg?dr=9640&refresh_token=777be0e7&x-expires=1778140800&x-signature=r71QGm6pYvj0ATstXSyeTdl9IVo%3D&t=4d5b0474&ps=13740610&shp=30310797&shcp=ff37627b&idc=useast8
❤️,1,0,2026-04-28T19:50:21.000Z,bipanaadhikari11,https://www.tiktok.com/@preranaoli129/video/7633884719670627604,6717340797169042437,7633899792992813844,https://p19-common-sign.tiktokcdn-us.com/tos-maliva-avt-0068/52bd7a87f45ec8e7594a044ca507e3c9~tplv-tiktokx-cropcenter:100:100.jpg?dr=9640&refresh_token=1a294f84&x-expires=1778140800&x-signature=4I1BBT%2FNgDh1dr9ETRtKnRn3Jus%3D&t=4d5b0474&ps=13740610&shp=30310797&shcp=ff37627b&idc=useast8
❤️❤️❤️,1,0,2026-04-28T21:17:27.000Z,fittnesscoach8,https://www.tiktok.com/@preranaoli129/video/7633884719670627604,6609664435252838405,7633922239427986194,https://p19-common-sign.tiktokcdn-us.com/tos-maliva-avt-0068/d2b8b0118cdffd5248ebb872f48a4cda~tplv-tiktokx-cropcenter:100:100.jpg?dr=9640&refresh_token=a3d93b42&x-expires=1778140800&x-signature=YqxI6HhmJog30bDoMjy%2FoLJ%2FrgE%3D&t=4d5b0474&ps=13740610&shp=30310797&shcp=ff37627b&idc=useast8
❤️❤️❤️,1,0,2026-04-28T20:43:43.000Z,saraswatioli1,https://www.tiktok.com/@preranaoli129/video/7633884719670627604,6819071040707757061,7633913523613565716,https://p16-common-sign.tiktokcdn-us.com/tos-maliva-avt-0068/323239ffaa148a39ad9685293197fb3c~tplv-tiktokx-cropcenter:100:100.jpg?dr=9640&refresh_token=154248ed&x-expires=1778140800&x-signature=cdxUUpv%2BGaW6V1%2F3jKw8TCyzpgM%3D&t=4d5b0474&ps=13740610&shp=30310797&shcp=ff37627b&idc=useast8
❤️❤️❤️,1,0,2026-04-28T21:34:12.000Z,kritika_oli,https://www.tiktok.com/@preranaoli129/video/7633884719670627604,7487072158290002949,7633926475993989908,https://p19-common-sign.tiktokcdn-us.com/tos-alisg-avt-0068/cd1075a38c965d024dce4b13431e018c~tplv-tiktokx-cropcenter:100:100.jpg?dr=9640&refresh_token=676e5a68&x-expires=1778140800&x-signature=R82A%2FuWa5ypcMrxGlsRtqnIvDl8%3D&t=4d5b0474&ps=13740610&shp=30310797&shcp=ff37627b&idc=useast8
🥰🥰🥰,0,0,2026-04-28T19:05:30.000Z,bickallimbu1010,https://www.tiktok.com/@preranaoli129/video/7633884719670627604,6864584951930307590,7633888249693750036,https://p16-common-sign.tiktokcdn-us.com/tos-alisg-avt-0068/51e306d09f518b6029389e2ecbd6a8f7~tplv-tiktokx-cropcenter:100:100.jpg?dr=9640&refresh_token=9eb6c3ca&x-expires=1778140800&x-signature=%2FGRAeKoKIrpEfzsuyOeOxx9gg0M%3D&t=4d5b0474&ps=13740610&shp=30310797&shcp=ff37627b&idc=useast8
Omg your skin so fresh I want try it,3,0,2026-04-17T19:32:56.000Z,veronikail45,https://www.tiktok.com/@welcome.usa3/video/7629783375850638622,7288916492318475310,7629813307143258893,https://p16-common-sign.tiktokcdn-us.com/tos-useast5-avt-0068-tx/6fdc4c845062e59627c00b5b4e8551d8~tplv-tiktokx-cropcenter:100:100.jpg?dr=9640&refresh_token=7bee61b8&x-expires=1778140800&x-signature=DLAWJrVydj57BafUf%2BP7WMpxzgo%3D&t=4d5b0474&ps=13740610&shp=30310797&shcp=ff37627b&idc=useast5
"🥰🥰perfect , I need try",2,0,2026-04-18T14:12:52.000Z,h_alenchik,https://www.tiktok.com/@welcome.usa3/video/7629783375850638622,7394516252671296558,7630101854169121549,https://p19-common-sign.tiktokcdn-us.com/tos-useast5-avt-0068-tx/d92df4eb70449e5d7676b6435d82da16~tplv-tiktokx-cropcenter:100:100.jpg?dr=9640&refresh_token=081de379&x-expires=1778140800&x-signature=l%2Bi%2F%2BJxFmedrfLUjagxkghTT8q0%3D&t=4d5b0474&ps=13740610&shp=30310797&shcp=ff37627b&idc=useast5
These look soo good!! Ive never tried a lip mask like that,1,0,2026-04-19T02:36:16.000Z,facebyjas,https://www.tiktok.com/@welcome.usa3/video/7629783375850638622,6710752472350196741,7630293453360874254,https://p16-common-sign.tiktokcdn-us.com/tos-useast5-avt-0068-tx/379edac7d7ec7f43e5e8ade02992fdd1~tplv-tiktokx-cropcenter:100:100.jpg?dr=9640&refresh_token=0f1396d3&x-expires=1778140800&x-signature=qssmTUOghTyYodG3L6ptCsqW%2BlI%3D&t=4d5b0474&ps=13740610&shp=30310797&shcp=ff37627b&idc=useast5
Love this masks 😍,2,0,2026-04-18T10:50:03.000Z,sweetlanausa,https://www.tiktok.com/@welcome.usa3/video/7629783375850638622,7502601036780651562,7630049126311199518,https://p16-common-sign.tiktokcdn-us.com/tos-useast8-avt-0068-tx2/ec3c6f8789f97b8cf6bd93e370dc1274~tplv-tiktokx-cropcenter:100:100.jpg?dr=9640&refresh_token=10cfcf1d&x-expires=1778140800&x-signature=Dd%2BiS9ZX5pB8xDZJDaGYn5D44fg%3D&t=4d5b0474&ps=13740610&shp=30310797&shcp=ff37627b&idc=useast5
Love this mask,2,0,2026-04-17T23:53:37.000Z,fhaydskincarecreator,https://www.tiktok.com/@welcome.usa3/video/7629783375850638622,7434278357315224622,7629880534910583582,https://p19-common-sign.tiktokcdn-us.com/tos-useast8-avt-0068-tx2/0206fecc0d7268744098d8f49db68e12~tplv-tiktokx-cropcenter:100:100.jpg?dr=9640&refresh_token=6697883c&x-expires=1778140800&x-signature=zDP6zTH9rHDC30JLF8NUy%2F6JOWo%3D&t=4d5b0474&ps=13740610&shp=30310797&shcp=ff37627b&idc=useast5
such a nice mask 🥰,2,0,2026-04-18T08:02:32.000Z,empty_wendy,https://www.tiktok.com/@welcome.usa3/video/7629783375850638622,7495081345111344160,7630006527545869078,https://p16-common-sign.tiktokcdn-us.com/tos-maliva-avt-0068/ec044ff5cc53252ad21794f1554b623d~tplv-tiktokx-cropcenter:100:100.jpg?dr=9640&refresh_token=8f81ffb8&x-expires=1778140800&x-signature=n75Jro8uRuGYi7xZ1ar9p6BlMyo%3D&t=4d5b0474&ps=13740610&shp=30310797&shcp=ff37627b&idc=useast5
Looks so good 🥰,2,0,2026-04-18T07:54:55.000Z,imsyneathita2,https://www.tiktok.com/@welcome.usa3/video/7629783375850638622,7422623835130889223,7630004592436822804,https://p19-common-sign.tiktokcdn-us.com/tos-alisg-avt-0068/1b98c0eff9e3df54a3d6944578fcec4d~tplv-tiktokx-cropcenter:100:100.jpg?dr=9640&refresh_token=78bdb9bc&x-expires=1778140800&x-signature=f9HMxEgUpmw%2BL1aWXHEQWNibhgo%3D&t=4d5b0474&ps=13740610&shp=30310797&shcp=ff37627b&idc=useast5
This looks amazing love the concept,0,0,2026-04-19T17:38:24.000Z,marlenes339,https://www.tiktok.com/@ashabieats_/video/7628839868449410311,7086221663575245867,7630525985050510094,https://p16-common-sign.tiktokcdn-us.com/tos-useast5-avt-0068-tx/3a4632ac6c96fee203c94f6f5184bc8e~tplv-tiktokx-cropcenter:100:100.jpg?dr=9640&refresh_token=04016f09&x-expires=1778140800&x-signature=kcTOWFeFxsjAPtLu%2Flv1x2CM8sU%3D&t=4d5b0474&ps=13740610&shp=30310797&shcp=ff37627b&idc=useast5
Love me an hydrating toner,1,0,2026-04-16T05:54:32.000Z,ahniejae,https://www.tiktok.com/@ashabieats_/video/7628839868449410311,6834553257094104069,7629231422368269072,https://p19-common-sign.tiktokcdn-us.com/tos-maliva-avt-0068/18e340771f08d520ed338d01d873e7f9~tplv-tiktokx-cropcenter:100:100.jpg?dr=9640&refresh_token=72845fed&x-expires=1778140800&x-signature=2PpkcxwvMZ1LuY707qTNr8LLXWU%3D&t=4d5b0474&ps=13740610&shp=30310797&shcp=ff37627b&idc=useast5
"Amazing results, love sheets masks always 🥰",1,0,2026-04-16T01:31:08.000Z,precious_ugc01,https://www.tiktok.com/@ashabieats_/video/7628839868449410311,7094953207823139846,7629163500564759316,https://p16-common-sign.tiktokcdn-us.com/tos-alisg-avt-0068/c7f2aef27778ca5042dd805cf7f0ee78~tplv-tiktokx-cropcenter:100:100.jpg?dr=9640&refresh_token=ef116a1a&x-expires=1778140800&x-signature=AUhcQ0dwNpEoz8%2Bdyhllq3vuseo%3D&t=4d5b0474&ps=13740610&shp=30310797&shcp=ff37627b&idc=useast5
Look great such a beautiful skin💖,1,0,2026-04-19T20:09:17.000Z,l_torres,https://www.tiktok.com/@ashabieats_/video/7628839868449410311,81199730248081408,7630564808208089886,https://p16-common-sign.tiktokcdn-us.com/tos-useast8-avt-0068-tx2/7e0438ab82c3b812b8612ea0823a7377~tplv-tiktokx-cropcenter:100:100.jpg?dr=9640&refresh_token=233a1e25&x-expires=1778140800&x-signature=6sEx%2F50gvnhuALi57Xi1optAZf4%3D&t=4d5b0474&ps=13740610&shp=30310797&shcp=ff37627b&idc=useast5
Love the lip mask,0,0,2026-04-18T07:32:48.000Z,chinnybabe25,https://www.tiktok.com/@ashabieats_/video/7628839868449410311,6991478445013009413,7629998884404626194,https://p19-common-sign.tiktokcdn-us.com/tos-alisg-avt-0068/7e10d29ba0fd52d569fd865ea85af8b7~tplv-tiktokx-cropcenter:100:100.jpg?dr=9640&refresh_token=84b2989e&x-expires=1778140800&x-signature=oht8AuxYQOMAw4OWGweitYgDl%2Fs%3D&t=4d5b0474&ps=13740610&shp=30310797&shcp=ff37627b&idc=useast5
Skin looking dewy and perfect 💕,1,0,2026-04-16T02:56:53.000Z,cessavila_,https://www.tiktok.com/@ashabieats_/video/7628839868449410311,6685717154942174213,7629185558350840589,https://p19-common-sign.tiktokcdn-us.com/tos-useast5-avt-0068-tx/06e49408fd090aa692a5ac66e66eea9e~tplv-tiktokx-cropcenter:100:100.jpg?dr=9640&refresh_token=5d20b5d8&x-expires=1778140800&x-signature=ZCYnIKSPW%2F46IZNuRnPYRi2h4Ak%3D&t=4d5b0474&ps=13740610&shp=30310797&shcp=ff37627b&idc=useast5
"I’m obsessed with it too , so good .",0,0,2026-04-17T23:00:29.000Z,mara_hunt88,https://www.tiktok.com/@ashabieats_/video/7628839868449410311,6867958722368783365,7629866768576316161,https://p19-common-sign.tiktokcdn-us.com/tos-maliva-avt-0068/b4571d860a919a43ecc1216d29fdfb6e~tplv-tiktokx-cropcenter:100:100.jpg?dr=9640&refresh_token=bc5a2df8&x-expires=1778140800&x-signature=yicvnkE%2Fd%2FCzWZH9Trfgq7Lp4MY%3D&t=4d5b0474&ps=13740610&shp=30310797&shcp=ff37627b&idc=useast5
Omgg😍😍,1,0,2026-04-16T02:17:41.000Z,pyang.ugc,https://www.tiktok.com/@ashabieats_/video/7628839868449410311,7547770122358866957,7629175459729031949,https://p19-common-sign.tiktokcdn-us.com/tos-useast5-avt-0068-tx/5540f1454102c9b3b1ca62d63eb2213d~tplv-tiktokx-cropcenter:100:100.jpg?dr=9640&refresh_token=c314c6fc&x-expires=1778140800&x-signature=JOH26KBpvWp%2FCHxmC7xqQDUlnIg%3D&t=4d5b0474&ps=13740610&shp=30310797&shcp=ff37627b&idc=useast5
This looks so good 😍,1,0,2026-04-18T22:43:14.000Z,unboxwith_ke,https://www.tiktok.com/@ashabieats_/video/7628839868449410311,7264612508429763616,7630233456325526294,https://p16-common-sign.tiktokcdn-us.com/tos-maliva-avt-0068/6431c7a21a608a6231c63c03d17fa43f~tplv-tiktokx-cropcenter:100:100.jpg?dr=9640&refresh_token=d05fac1e&x-expires=1778140800&x-signature=RXeEOVyEKlfohC9%2BYb46m03oT6Q%3D&t=4d5b0474&ps=13740610&shp=30310797&shcp=ff37627b&idc=useast5
can't wait to try this,1,0,2026-04-16T01:37:59.000Z,shevycake,https://www.tiktok.com/@ashabieats_/video/7628839868449410311,6724029162561356805,7629165256233812749,https://p19-common-sign.tiktokcdn-us.com/tos-useast5-avt-0068-tx/d6004a5fea29c08230236464d774d440~tplv-tiktokx-cropcenter:100:100.jpg?dr=9640&refresh_token=03ebcd37&x-expires=1778140800&x-signature=jU6v2MFuB7%2Bajs%2FY6%2BpDo6gHSFE%3D&t=4d5b0474&ps=13740610&shp=30310797&shcp=ff37627b&idc=useast5
So good for the Lips,1,0,2026-04-16T04:45:37.000Z,cass6s_ml,https://www.tiktok.com/@ashabieats_/video/7628839868449410311,7108806081221116934,7629213497247499040,https://p16-common-sign.tiktokcdn-us.com/tos-maliva-avt-0068/ab78fc5f3224ea2848cdc955377b57b2~tplv-tiktokx-cropcenter:100:100.jpg?dr=9640&refresh_token=66cfe5fa&x-expires=1778140800&x-signature=EI6L7aIJUL%2FyEUasRQUPc3pC4H4%3D&t=4d5b0474&ps=13740610&shp=30310797&shcp=ff37627b&idc=useast5
Love the transparent mask,1,0,2026-04-20T22:25:13.000Z,jay_winnie8,https://www.tiktok.com/@ashabieats_/video/7628839868449410311,7613400188652274706,7630970987606197010,https://p16-common-sign.tiktokcdn-us.com/tos-alisg-avt-0068/9b8eb6b5ba1f57c25dc557d6bd5053b8~tplv-tiktokx-cropcenter:100:100.jpg?dr=9640&refresh_token=f521f1e0&x-expires=1778140800&x-signature=rJrGJp5CSizO2H6rMAC%2FOxnzidw%3D&t=4d5b0474&ps=13740610&shp=30310797&shcp=ff37627b&idc=useast5
This is perfect,0,1,2026-04-15T04:59:26.000Z,ms.bolu,https://www.tiktok.com/@ashabieats_/video/7628839868449410311,7320431351672456234,7628845913259885342,https://p16-common-sign.tiktokcdn-us.com/tos-useast8-avt-0068-tx2/c2f43ef61cd4fe167855b13f81b12737~tplv-tiktokx-cropcenter:100:100.jpg?dr=9640&refresh_token=fbf7f54d&x-expires=1778140800&x-signature=qaqwTj0%2BL5APzg7xV5OmbY6BaAc%3D&t=4d5b0474&ps=13740610&shp=30310797&shcp=ff37627b&idc=useast5
Looks gentle and calming 😍😍😍,1,0,2026-04-16T01:44:10.000Z,sahana_budhathoki,https://www.tiktok.com/@ashabieats_/video/7628839868449410311,6607582815678660613,7629166841332466452,https://p16-common-sign.tiktokcdn-us.com/tos-alisg-avt-0068/374fcb4a605ff909e142329b7b7553b2~tplv-tiktokx-cropcenter:100:100.jpg?dr=9640&refresh_token=a5138063&x-expires=1778140800&x-signature=GkrFCCZ9nyU63S5PBZ8BhvEM3PQ%3D&t=4d5b0474&ps=13740610&shp=30310797&shcp=ff37627b&idc=useast5
I’m wearing it right now❤️,1,0,2026-04-16T02:08:23.000Z,selinophile23,https://www.tiktok.com/@ashabieats_/video/7628839868449410311,285144564892647424,7629173100123816724,https://p16-common-sign.tiktokcdn-us.com/tos-alisg-avt-0068/b963dcd5dccabf7e0ad0f45ee249c414~tplv-tiktokx-cropcenter:100:100.jpg?dr=9640&refresh_token=93da6e99&x-expires=1778140800&x-signature=zBQUlr6R27B8Xc9q4F7v9IBA9nk%3D&t=4d5b0474&ps=13740610&shp=30310797&shcp=ff37627b&idc=useast5
I love this brand,1,0,2026-04-16T02:08:48.000Z,funmiomookun,https://www.tiktok.com/@ashabieats_/video/7628839868449410311,6810285387089839109,7629173218671018769,https://p19-common-sign.tiktokcdn-us.com/tos-maliva-avt-0068/aafd41a3ab485ede3ee246b04aa81410~tplv-tiktokx-cropcenter:100:100.jpg?dr=9640&refresh_token=e8243678&x-expires=1778140800&x-signature=7PB21VTvFXvHPYKZkqSNXwVpYiY%3D&t=4d5b0474&ps=13740610&shp=30310797&shcp=ff37627b&idc=useast5
Need to try this,1,0,2026-04-16T06:08:16.000Z,pramilathapa574,https://www.tiktok.com/@ashabieats_/video/7628839868449410311,7207783711684625410,7629234880568673025,https://p19-common-sign.tiktokcdn-us.com/tos-alisg-avt-0068/358259fa60a357058b1b6add0f6e00c8~tplv-tiktokx-cropcenter:100:100.jpg?dr=9640&refresh_token=d9f0a75b&x-expires=1778140800&x-signature=iOTBUw1F4I1j19c4rO8SHgaReZc%3D&t=4d5b0474&ps=13740610&shp=30310797&shcp=ff37627b&idc=useast5
This looks so good,1,0,2026-04-16T05:10:33.000Z,olawunmi_ugc,https://www.tiktok.com/@ashabieats_/video/7628839868449410311,7378032916108887072,7629219958153446166,https://p19-common-sign.tiktokcdn-us.com/tos-maliva-avt-0068/bda419d49be818691988077005624da3~tplv-tiktokx-cropcenter:100:100.jpg?dr=9640&refresh_token=93a6884c&x-expires=1778140800&x-signature=99Fxw1%2F9czJOAJLeNmlJsVFatms%3D&t=4d5b0474&ps=13740610&shp=30310797&shcp=ff37627b&idc=useast5
Love the lip mask,0,0,2026-04-19T23:48:36.000Z,deeenma,https://www.tiktok.com/@ashabieats_/video/7628839868449410311,7354382267463353377,7630621224188609302,https://p16-common-sign.tiktokcdn-us.com/tos-useast2a-avt-0068-euttp/e09b19600663a1efa8861767f496ce35~tplv-tiktokx-cropcenter:100:100.jpg?dr=9640&refresh_token=1c7a8808&x-expires=1778140800&x-signature=d%2FfBQCNUA3VWsJ7tHs%2BAJDsGZZQ%3D&t=4d5b0474&ps=13740610&shp=30310797&shcp=ff37627b&idc=useast5
Defo need to try this,0,0,2026-04-18T20:39:56.000Z,ugcbyriri0,https://www.tiktok.com/@ashabieats_/video/7628839868449410311,7245876842501342235,7630201748472529686,https://p19-common-sign.tiktokcdn-us.com/tos-maliva-avt-0068/7ec45e9df4e33ee6cd75f390594a1783~tplv-tiktokx-cropcenter:100:100.jpg?dr=9640&refresh_token=f00ad7c2&x-expires=1778140800&x-signature=dSEClpHqe%2BCwgyrQssfaTA4jJkk%3D&t=4d5b0474&ps=13740610&shp=30310797&shcp=ff37627b&idc=useast5
My dry lips need these for sure 🥺,0,0,2026-04-18T16:32:19.000Z,debywhyte1,https://www.tiktok.com/@ashabieats_/video/7628839868449410311,6824546944658129925,7630137922495218449,https://p19-common-sign.tiktokcdn-us.com/tos-alisg-avt-0068/fcca5242057a20dd2c5015b572801b35~tplv-tiktokx-cropcenter:100:100.jpg?dr=9640&refresh_token=f955fd12&x-expires=1778140800&x-signature=MXafMi9TDG9j%2BarvOi6NWHZpG3o%3D&t=4d5b0474&ps=13740610&shp=30310797&shcp=ff37627b&idc=useast5
Wooow need to try 😍,0,0,2026-04-17T19:13:46.000Z,helasaldana,https://www.tiktok.com/@ashabieats_/video/7628839868449410311,6757013560498783237,7629808433961370389,https://p16-common-sign.tiktokcdn-us.com/tos-alisg-avt-0068/e79d95aa10dbc80c62c14d096b50b142~tplv-tiktokx-cropcenter:100:100.jpg?dr=9640&refresh_token=9b9dc166&x-expires=1778140800&x-signature=pEHnqD25Oa4Z%2FBal2bCYzQb3Ey4%3D&t=4d5b0474&ps=13740610&shp=30310797&shcp=ff37627b&idc=useast5
That glow,0,0,2026-04-17T17:25:26.000Z,salzworld7,https://www.tiktok.com/@ashabieats_/video/7628839868449410311,6518413329286971393,7629780526723466005,https://p16-common-sign.tiktokcdn-us.com/tos-alisg-avt-0068/d76c1411959b7796087ebdfd9658d1e8~tplv-tiktokx-cropcenter:100:100.jpg?dr=9640&refresh_token=d6d0730a&x-expires=1778140800&x-signature=DAN6Ka4usu%2BDMl8rDwBsCoE67Y8%3D&t=4d5b0474&ps=13740610&shp=30310797&shcp=ff37627b&idc=useast5
Omg seems so hydrating ❤️,0,0,2026-04-17T16:09:40.000Z,ugc_celestial_skinc,https://www.tiktok.com/@ashabieats_/video/7628839868449410311,7501685431034053687,7629761018759938834,https://p16-common-sign.tiktokcdn-us.com/tos-maliva-avt-0068/2b04c17c3ecb318506722eb0f6fe59ee~tplv-tiktokx-cropcenter:100:100.jpg?dr=9640&refresh_token=02b25d8c&x-expires=1778140800&x-signature=7gkauQxnUlz2IdfJ1Ox481zA2BE%3D&t=4d5b0474&ps=13740610&shp=30310797&shcp=ff37627b&idc=useast5
Love the lips mask,1,0,2026-04-16T04:51:20.000Z,rokeya087,https://www.tiktok.com/@ashabieats_/video/7628839868449410311,2231338,7629214995821495054,https://p16-common-sign.tiktokcdn-us.com/tos-useast5-avt-0068-tx/a1b22661118735540e87a48fb345f1be~tplv-tiktokx-cropcenter:100:100.jpg?dr=9640&refresh_token=2217be78&x-expires=1778140800&x-signature=58Mk7T0CFBFyJKcRtEUR9Z1Jx8I%3D&t=4d5b0474&ps=13740610&shp=30310797&shcp=ff37627b&idc=useast5
so glowy i need to try,0,0,2026-04-17T13:49:12.000Z,tohlu_xx,https://www.tiktok.com/@ashabieats_/video/7628839868449410311,6778887096826479622,7629724818933728020,https://p19-common-sign.tiktokcdn-us.com/tos-maliva-avt-0068/f06479a67da005457520870f2b448548~tplv-tiktokx-cropcenter:100:100.jpg?dr=9640&refresh_token=b91d41a3&x-expires=1778140800&x-signature=9irsxmbcCsvwrhFxp1yJLmQEHtE%3D&t=4d5b0474&ps=13740610&shp=30310797&shcp=ff37627b&idc=useast5
definetly trying it,0,0,2026-04-17T13:13:52.000Z,fabricguru_accessories,https://www.tiktok.com/@ashabieats_/video/7628839868449410311,6915524152888050694,7629715697678041876,https://p16-common-sign.tiktokcdn-us.com/tos-alisg-avt-0068/c8e9f08b0a91d8e150ac15f6eb5158f6~tplv-tiktokx-cropcenter:100:100.jpg?dr=9640&refresh_token=f5e6352e&x-expires=1778140800&x-signature=ZdgF4LPfingB3IXu7BZuTWnlnok%3D&t=4d5b0474&ps=13740610&shp=30310797&shcp=ff37627b&idc=useast5
Looks so good ❤️,0,0,2026-04-17T11:40:22.000Z,watomie08,https://www.tiktok.com/@ashabieats_/video/7628839868449410311,7123058740568687642,7629691613535208213,https://p16-common-sign.tiktokcdn-us.com/tos-alisg-avt-0068/14a8eb6f3606a63c948748719542adf4~tplv-tiktokx-cropcenter:100:100.jpg?dr=9640&refresh_token=a701e7bf&x-expires=1778140800&x-signature=8nbwTZwLGyNxFw%2FT3s%2F6U27BJ2w%3D&t=4d5b0474&ps=13740610&shp=30310797&shcp=ff37627b&idc=useast5
I’m obsessed with the glow,0,0,2026-04-17T09:57:06.000Z,barespice,https://www.tiktok.com/@ashabieats_/video/7628839868449410311,7467966464915932193,7629664972158698262,https://p16-common-sign.tiktokcdn-us.com/tos-maliva-avt-0068/a5d956146d6dd0860d1284abe6f802a7~tplv-tiktokx-cropcenter:100:100.jpg?dr=9640&refresh_token=b9c0232b&x-expires=1778140800&x-signature=AcS36I5AGPeV40%2Bi%2FRnV7fR%2BCJo%3D&t=4d5b0474&ps=13740610&shp=30310797&shcp=ff37627b&idc=useast5
These look cool,0,0,2026-04-15T21:17:09.000Z,thereveriechronicles,https://www.tiktok.com/@ashabieats_/video/7628839868449410311,7491845632718537733,7629098061335823120,https://p19-common-sign.tiktokcdn-us.com/tos-alisg-avt-0068/95496ff26bc74aab76f8f04850029a58~tplv-tiktokx-cropcenter:100:100.jpg?dr=9640&refresh_token=7ed07031&x-expires=1778140800&x-signature=WVtS%2FsPj%2Fa9sxC3JvUmQNNncgzo%3D&t=4d5b0474&ps=13740610&shp=30310797&shcp=ff37627b&idc=useast5
Your skin is very healthy,0,0,2026-04-20T00:20:22.000Z,rocecil,https://www.tiktok.com/@ashabieats_/video/7628839868449410311,6799993315136865282,7630629544639267605,https://p16-common-sign.tiktokcdn-us.com/tos-alisg-avt-0068/8930022cf7157b4b1821aa790ecfb589~tplv-tiktokx-cropcenter:100:100.jpg?dr=9640&refresh_token=78e3d6bf&x-expires=1778140800&x-signature=rL2ng9dOAHCrei%2F4iE%2FRbSy0CX0%3D&t=4d5b0474&ps=13740610&shp=30310797&shcp=ff37627b&idc=useast8
I want to try this 🥰,0,0,2026-04-17T07:56:05.000Z,being_mrsm,https://www.tiktok.com/@ashabieats_/video/7628839868449410311,7532539540586955798,7629633740260754198,https://p16-common-sign.tiktokcdn-us.com/tos-maliva-avt-0068/49f9e5b9a169fffd79d035a759831485~tplv-tiktokx-cropcenter:100:100.jpg?dr=9640&refresh_token=436fbcba&x-expires=1778140800&x-signature=%2BKTDxZeqA3Vk4YRUfTZnzIJ%2Bp9o%3D&t=4d5b0474&ps=13740610&shp=30310797&shcp=ff37627b&idc=useast8
Love this face mask,0,0,2026-04-17T07:32:03.000Z,huneza21,https://www.tiktok.com/@ashabieats_/video/7628839868449410311,6544055550252946432,7629626993952916254,https://p16-common-sign.tiktokcdn-us.com/tos-useast8-avt-0068-tx2/43e1106bcefac00cee4e27a4e59e4acb~tplv-tiktokx-cropcenter:100:100.jpg?dr=9640&refresh_token=b5f6c91f&x-expires=1778140800&x-signature=7oRZJTfEVFq315o1Q4nF%2BmFug5c%3D&t=4d5b0474&ps=13740610&shp=30310797&shcp=ff37627b&idc=useast8
Sheet mask ? Involve me …,0,0,2026-04-16T07:55:30.000Z,grace.obj,https://www.tiktok.com/@ashabieats_/video/7628839868449410311,7450224417416299526,7629262593202782984,https://p16-common-sign.tiktokcdn-eu.com/tos-maliva-avt-0068/1b277ac9c04c8a2b2446a1877eceaf5e~tplv-tiktokx-cropcenter:100:100.jpg?dr=10399&refresh_token=afcc7213&x-expires=1778140800&x-signature=OZXLr%2BnhwGwrsVn%2Fe56SoXuaLlU%3D&t=4d5b0474&ps=13740610&shp=30310797&shcp=ff37627b&idc=no1a
I love the sheet masks and lip mask 🥰,0,0,2026-04-16T09:44:38.000Z,itsjusttee00,https://www.tiktok.com/@ashabieats_/video/7628839868449410311,115964504659705856,7629290432526336799,https://p19-common-sign.tiktokcdn-eu.com/tos-maliva-avt-0068/155157db741a542b6b3523138ba0b396~tplv-tiktokx-cropcenter:100:100.jpg?dr=10399&refresh_token=a62b334c&x-expires=1778140800&x-signature=YhvGwjGws7AVwuL5xVKK%2FaIfid4%3D&t=4d5b0474&ps=13740610&shp=30310797&shcp=ff37627b&idc=no1a
the mask is very hydrating,0,0,2026-04-16T16:05:35.000Z,k_slimzy,https://www.tiktok.com/@ashabieats_/video/7628839868449410311,6811816343799120902,7629388868559242006,https://p16-common-sign.tiktokcdn-eu.com/tos-no1a-avt-0068c001-no/df94c3dd014894e6d4daa37168ce19bd~tplv-tiktokx-cropcenter:100:100.jpg?dr=10399&refresh_token=f59ee59b&x-expires=1778140800&x-signature=DPco6Z%2BZ9%2FW9gFBSlOn0MZRLIsk%3D&t=4d5b0474&ps=13740610&shp=30310797&shcp=ff37627b&idc=no1a
And I think I’m about to be obsessed too,0,0,2026-04-16T19:43:05.000Z,resilientrenn,https://www.tiktok.com/@ashabieats_/video/7628839868449410311,7320538302045766688,7629444939071767318,https://p16-common-sign.tiktokcdn-eu.com/tos-no1a-avt-0068c001-no/6026f008e265947eebf3a37c62f4445e~tplv-tiktokx-cropcenter:100:100.jpg?dr=10399&refresh_token=c698c751&x-expires=1778140800&x-signature=dKNJM9lju55nQKdIfl2CP7NsaRI%3D&t=4d5b0474&ps=13740610&shp=30310797&shcp=ff37627b&idc=no1a
I'd like to try this brand,0,0,2026-04-16T07:44:06.000Z,tinkersparkle7,https://www.tiktok.com/@ashabieats_/video/7628839868449410311,7289156176498852906,7629259240103920398,https://p16-common-sign.tiktokcdn-eu.com/tos-maliva-avt-0068/928ac022867d5ab694896e7aa70e938e~tplv-tiktokx-cropcenter:100:100.jpg?dr=10399&refresh_token=bf050360&x-expires=1778140800&x-signature=j0l19YClgKx3SvcNg0mZ%2Fc737s4%3D&t=4d5b0474&ps=13740610&shp=30310797&shcp=ff37627b&idc=no1a
That mask is so invisible 😍,0,0,2026-04-16T18:07:52.000Z,glow_mami,https://www.tiktok.com/@ashabieats_/video/7628839868449410311,7170622265103959046,7629420393397486358,https://p16-common-sign.tiktokcdn-eu.com/tos-no1a-avt-0068c001-no/c93dc1b827f5b7d8f45c207f1ec9e2d9~tplv-tiktokx-cropcenter:100:100.jpg?dr=10399&refresh_token=508b6934&x-expires=1778140800&x-signature=7EY6N3RsgrK3mPeHkK0NQ%2B7K4fI%3D&t=4d5b0474&ps=13740610&shp=30310797&shcp=ff37627b&idc=no1a
That lip mask is on my list to try ✨,0,0,2026-04-17T01:27:35.000Z,catherine_loves_beauty,https://www.tiktok.com/@ashabieats_/video/7628839868449410311,7479171729611260974,7629533595090289439,https://p16-common-sign.tiktokcdn-eu.com/tos-maliva-avt-0068/614f54f0572691be0b9b2121bf30122c~tplv-tiktokx-cropcenter:100:100.jpg?dr=10399&refresh_token=a2077d8a&x-expires=1778140800&x-signature=Q%2Bef592bbrqEL47IL7vsMkSy6Ys%3D&t=4d5b0474&ps=13740610&shp=30310797&shcp=ff37627b&idc=no1a
I need thisssss,0,0,2026-04-16T04:15:20.000Z,xariacarrillo,https://www.tiktok.com/@ashabieats_/video/7628839868449410311,7428643230340367402,7629205729489306382,https://p16-common-sign.tiktokcdn-eu.com/tos-maliva-avt-0068/bcca041bf7bff1ded1339b00702bfc4a~tplv-tiktokx-cropcenter:100:100.jpg?dr=10399&refresh_token=299cabc9&x-expires=1778140800&x-signature=6WLblOh%2BOpeg22zBGLa8bsMuEck%3D&t=4d5b0474&ps=13740610&shp=30310797&shcp=ff37627b&idc=no1a
"Congratulations, the flow afterwards is amazing",0,0,2026-04-16T18:26:46.000Z,thefoluwaolad,https://www.tiktok.com/@ashabieats_/video/7628839868449410311,7338503035599930401,7629425263524889366,https://p19-common-sign.tiktokcdn-eu.com/tos-no1a-avt-0068c001-no/3d3c8c1002aa9e3f895f6ff71ea847e8~tplv-tiktokx-cropcenter:100:100.jpg?dr=10399&refresh_token=09c5e4b2&x-expires=1778140800&x-signature=tTm3GiF54WXMVqscDzAB6j2VaHw%3D&t=4d5b0474&ps=13740610&shp=30310797&shcp=ff37627b&idc=no1a
This is what hydrated skin should look like.,0,0,2026-04-16T17:57:51.000Z,shilpa0sapkota,https://www.tiktok.com/@ashabieats_/video/7628839868449410311,6576235978992746502,7629417789250355984,https://p16-common-sign.tiktokcdn-eu.com/tos-alisg-avt-0068/111b9c50b349624eaf1a328b4ad2fdf2~tplv-tiktokx-cropcenter:100:100.jpg?dr=10399&refresh_token=ed7e5884&x-expires=1778140800&x-signature=chofeq3MdgUhZzJfQZ4cEX85%2FeU%3D&t=4d5b0474&ps=13740610&shp=30310797&shcp=ff37627b&idc=no1a
This looks so good! Amazing hydration,0,0,2026-04-16T20:21:12.000Z,dblacdanni,https://www.tiktok.com/@ashabieats_/video/7628839868449410311,7273217545192571936,7629454734500692758,https://p16-common-sign.tiktokcdn-eu.com/tos-no1a-avt-0068c001-no/24ceed9023e59027fb1465bce04b3744~tplv-tiktokx-cropcenter:100:100.jpg?dr=10399&refresh_token=05e4433b&x-expires=1778140800&x-signature=O%2BznEBXHF0RYGOVDGgt0cI363%2Bo%3D&t=4d5b0474&ps=13740610&shp=30310797&shcp=ff37627b&idc=no1a
"wiw, these look good. Thanks for sharing",0,0,2026-04-16T10:25:58.000Z,amy_ps_lau,https://www.tiktok.com/@ashabieats_/video/7628839868449410311,6593272696351817734,7629301299955893014,https://p16-common-sign.tiktokcdn-eu.com/tos-no1a-avt-0068c001-no/d5a5e8f70816979127fbbfc02d57c974~tplv-tiktokx-cropcenter:100:100.jpg?dr=10399&refresh_token=57df4b74&x-expires=1778140800&x-signature=KEIIPWvdvpMZgHcFt9U9PkVhFa0%3D&t=4d5b0474&ps=13740610&shp=30310797&shcp=ff37627b&idc=no1a
Love the whole packaging and would love to try,0,0,2026-04-16T08:03:27.000Z,glowwithod,https://www.tiktok.com/@ashabieats_/video/7628839868449410311,7296198243314353185,7629264563997393686,https://p16-common-sign.tiktokcdn-eu.com/tos-no1a-avt-0068c001-no/a640282f3bbf2c743e320a358f5a2cf2~tplv-tiktokx-cropcenter:100:100.jpg?dr=10399&refresh_token=8605283f&x-expires=1778140800&x-signature=9xKh4QJGk7o1a1MItJxXwHPpA7A%3D&t=4d5b0474&ps=13740610&shp=30310797&shcp=ff37627b&idc=no1a
Wanna try,0,0,2026-04-16T19:48:44.000Z,shilehzkhan,https://www.tiktok.com/@ashabieats_/video/7628839868449410311,7480174414501168161,7629446370676998934,https://p16-common-sign.tiktokcdn-eu.com/tos-no1a-avt-0068c001-no/f31bbeea9ae42ff66fdde03ec6f4d8c2~tplv-tiktokx-cropcenter:100:100.jpg?dr=10399&refresh_token=2b0f8d32&x-expires=1778140800&x-signature=9YD8gfsY5cvCcRLP0tnD9hfmuhA%3D&t=4d5b0474&ps=13740610&shp=30310797&shcp=ff37627b&idc=no1a
Been seeing this mask recently need to try 😁,0,0,2026-04-17T00:03:05.000Z,glowwith_ruth,https://www.tiktok.com/@ashabieats_/video/7628839868449410311,7066379812911121413,7629511875629777672,https://p16-common-sign.tiktokcdn-eu.com/tos-alisg-avt-0068/388a11434a1bfe8f245eb42dc2604390~tplv-tiktokx-cropcenter:100:100.jpg?dr=10399&refresh_token=8260975f&x-expires=1778140800&x-signature=mjFkNMtvQIRlz8Py4Epzo16xf8w%3D&t=4d5b0474&ps=13740610&shp=30310797&shcp=ff37627b&idc=no1a
"I love sheets masks, this one is beautiful 😍",1,0,2026-04-16T06:00:57.000Z,gracemaltoncreates,https://www.tiktok.com/@ashabieats_/video/7628839868449410311,6887809396178977798,7629233058831844114,https://p16-common-sign.tiktokcdn.com/tos-alisg-avt-0068/6962ddbc3ea0d91bb72a6c6b3f80713f~tplv-tiktokx-cropcenter:100:100.jpg?dr=14579&refresh_token=358de51f&x-expires=1778140800&x-signature=MkNQflUGgtVpipVnjHnmUeVCpLU%3D&t=4d5b0474&ps=13740610&shp=30310797&shcp=ff37627b&idc=my2
Glass skin😍,0,0,2026-04-16T00:40:14.000Z,abujabambi,https://www.tiktok.com/@ashabieats_/video/7628839868449410311,7445305571320398853,7629150322767004436,https://p19-common-sign.tiktokcdn.com/tos-alisg-avt-0068/5b7cdc76eb278e0fffa83ab6956e4f53~tplv-tiktokx-cropcenter:100:100.jpg?dr=14579&refresh_token=441e3c28&x-expires=1778140800&x-signature=SZPEe9C62YBLI4e0wRVnCI%2Feo34%3D&t=4d5b0474&ps=13740610&shp=30310797&shcp=ff37627b&idc=my2
I love sheet mask,0,0,2026-04-16T09:04:25.000Z,chiomalily06,https://www.tiktok.com/@ashabieats_/video/7628839868449410311,7323674136549999621,7629280358466487058,https://p16-common-sign.tiktokcdn.com/tos-alisg-avt-0068/51abb4aa724f7f1baa8d64f7ca30a1c1~tplv-tiktokx-cropcenter:100:100.jpg?dr=14579&refresh_token=0417c6cd&x-expires=1778140800&x-signature=iNbn3OSkZ0U7QapJ0YTBEa3n3cs%3D&t=4d5b0474&ps=13740610&shp=30310797&shcp=ff37627b&idc=my2
This mask looks good,0,0,2026-04-16T04:31:27.000Z,teddievic,https://www.tiktok.com/@ashabieats_/video/7628839868449410311,6809371755653743622,7629209971876791047,https://p19-common-sign.tiktokcdn.com/tos-alisg-avt-0068/c82a445fcd3189850ed0081bcbc90b4f~tplv-tiktokx-cropcenter:100:100.jpg?dr=14579&refresh_token=edaafde2&x-expires=1778140800&x-signature=8GwcDduRilNC4vTFHEPfX249fvM%3D&t=4d5b0474&ps=13740610&shp=30310797&shcp=ff37627b&idc=my2
So cool😻😻😻,0,0,2026-04-17T17:13:23.000Z,nancy.emm,https://www.tiktok.com/@meghagandhi355/video/7629763425081625869,11058013,7629777244436857631,https://p19-common-sign.tiktokcdn-us.com/tos-useast8-avt-0068-tx2/df23207187cf49aec3a4ed360ab1b52a~tplv-tiktokx-cropcenter:100:100.jpg?dr=9640&refresh_token=a6f77bd5&x-expires=1778140800&x-signature=Z8SZvfp9hACX8xqsOyOsmeObkqw%3D&t=4d5b0474&ps=13740610&shp=30310797&shcp=ff37627b&idc=useast5
I can’t get over the towel 🤣🤣,1,1,2026-04-26T23:07:36.000Z,sailoraley,https://www.tiktok.com/@riyaisunwell/video/7628306942137584909,6809397100816909317,7633208442509771551,https://p19-common-sign.tiktokcdn-us.com/tos-useast8-avt-0068-tx2/8150460b7aa3b89369588cbcee0c3903~tplv-tiktokx-cropcenter:100:100.jpg?dr=9640&refresh_token=268c8eda&x-expires=1778140800&x-signature=nXP9lZIAnyRQ5qCOc5uEcmWpOwU%3D&t=4d5b0474&ps=13740610&shp=30310797&shcp=ff37627b&idc=useast8
THE TOWEL 😂😂,2,2,2026-04-13T19:13:00.000Z,pragatibhagat10,https://www.tiktok.com/@riyaisunwell/video/7628306942137584909,7601241776523723790,7628323803818656525,https://p19-common-sign.tiktokcdn-us.com/tos-useast5-avt-0068-tx/29b201d42fae09c2efa04c5f7931c035~tplv-tiktokx-cropcenter:100:100.jpg?dr=9640&refresh_token=952f3a35&x-expires=1778140800&x-signature=rV1fzPM2Raa%2FlGVJ0vh5dtSZUhU%3D&t=4d5b0474&ps=13740610&shp=30310797&shcp=ff37627b&idc=useast8
I loveee the packaging,1,1,2026-04-13T19:06:29.000Z,sarah.weiwei,https://www.tiktok.com/@riyaisunwell/video/7628306942137584909,7544601064999126029,7628322052810867487,https://p16-common-sign.tiktokcdn-us.com/tos-useast8-avt-0068-tx2/b85016ebefd6cc05cc274983aeea59bd~tplv-tiktokx-cropcenter:100:100.jpg?dr=9640&refresh_token=14ef2ac4&x-expires=1778140800&x-signature=4jjYqFTCE1pq3epDr2LRAoX6ztg%3D&t=4d5b0474&ps=13740610&shp=30310797&shcp=ff37627b&idc=useast8
Congratulations,1,1,2026-04-19T13:28:18.000Z,delhiites8,https://www.tiktok.com/@dazzlewithsimran/video/7630267489800211733,7105758597221155846,7630461614890369810,https://p19-common-sign.tiktokcdn-us.com/tos-maliva-avt-0068/08711383f66c9bb2bd33e53ba08d4c53~tplv-tiktokx-cropcenter:100:100.jpg?dr=9640&refresh_token=cfcd9435&x-expires=1778140800&x-signature=0IzXPER5BBTaVF63S%2Bm84KY1oko%3D&t=4d5b0474&ps=13740610&shp=30310797&shcp=ff37627b&idc=useast8
👏👏👏😍😍,0,0,2026-04-22T03:13:32.000Z,ljskii2,https://www.tiktok.com/@iiamstarr__/video/7631040326337170718,7485930229685879851,7631416437432664845,https://p16-common-sign.tiktokcdn.com/tos-maliva-avt-0068/2ea60aa2f3f7dbf3559f8b515e34cdc4~tplv-tiktokx-cropcenter:100:100.jpg?dr=14579&refresh_token=7e4e3dd4&x-expires=1778140800&x-signature=QP1zFzHyca4sVp3Ga5HbBedDOA4%3D&t=4d5b0474&ps=13740610&shp=30310797&shcp=ff37627b&idc=my2
Que chuleria🤩,0,0,2026-04-28T22:58:21.000Z,lilibethnunezc,https://www.tiktok.com/@soycristyortiz/video/7631029621319879957,6737096042044900357,7633948203042177799,https://p16-common-sign.tiktokcdn-us.com/tos-alisg-avt-0068/d3a4f45a3dd1e18ba891e24cc5f71daf~tplv-tiktokx-cropcenter:100:100.jpg?dr=9640&refresh_token=09178375&x-expires=1778140800&x-signature=4Jg92axxMh7bQeeWsRYlJ3Pmub4%3D&t=4d5b0474&ps=13740610&shp=30310797&shcp=ff37627b&idc=useast5
🥰🥰🥰🥰🥰,1,0,2026-04-21T03:37:03.000Z,vlogdesther,https://www.tiktok.com/@soycristyortiz/video/7631029621319879957,6919572926829102085,7631051411375604498,https://p16-common-sign.tiktokcdn-us.com/tos-maliva-avt-0068/da312c092dc8883cab9ff614c2584bf7~tplv-tiktokx-cropcenter:100:100.jpg?dr=9640&refresh_token=d7e573d3&x-expires=1778140800&x-signature=Ty3lhl5jmN0LFpc4KXO%2F6qbg6CU%3D&t=4d5b0474&ps=13740610&shp=30310797&shcp=ff37627b&idc=useast5
✨,1,0,2026-04-21T19:59:19.000Z,chanygarciaaa,https://www.tiktok.com/@soycristyortiz/video/7631029621319879957,6819003642760135686,7631304518514918162,https://p19-common-sign.tiktokcdn-us.com/tos-alisg-avt-0068/3167614328190bbf599f890bbad9e8ca~tplv-tiktokx-cropcenter:100:100.jpg?dr=9640&refresh_token=69dfa2f8&x-expires=1778140800&x-signature=SVEBNarH%2FPtu2A6vlStRfgaRPcw%3D&t=4d5b0474&ps=13740610&shp=30310797&shcp=ff37627b&idc=useast5
😍😍😍,1,0,2026-04-21T03:14:53.000Z,mercedeseve,https://www.tiktok.com/@soycristyortiz/video/7631029621319879957,18581831,7631045698301707015,https://p16-common-sign.tiktokcdn-us.com/tos-alisg-avt-0068/638744458326327c4e6e2c56e85af994~tplv-tiktokx-cropcenter:100:100.jpg?dr=9640&refresh_token=374e8786&x-expires=1778140800&x-signature=O9d%2FG5blUcaSPkmHpnXvIGVq3UQ%3D&t=4d5b0474&ps=13740610&shp=30310797&shcp=ff37627b&idc=useast5
I love both of these😍😍😍,0,0,2026-04-28T14:37:43.000Z,chetna.geraugc,https://www.tiktok.com/@honeybunny1233/video/7632593432795467015,7417884990673912838,7633819261145023240,https://p16-common-sign.tiktokcdn-us.com/tos-maliva-avt-0068/ad61c322f0e10739f7186b0744693b8c~tplv-tiktokx-cropcenter:100:100.jpg?dr=9640&refresh_token=2e04d487&x-expires=1778140800&x-signature=d%2Bbxc3gYhYJADB%2FZtvq0L7CYBYw%3D&t=4d5b0474&ps=13740610&shp=30310797&shcp=ff37627b&idc=useast8
they looks really hydrating,0,0,2026-04-29T16:15:53.000Z,beautystylemama,https://www.tiktok.com/@honeybunny1233/video/7632593432795467015,6915501315049128965,7634215637695382280,https://p19-common-sign.tiktokcdn-us.com/tos-maliva-avt-0068/06bf2cd4b212689ee0572190c1b81733~tplv-tiktokx-cropcenter:100:100.jpg?dr=9640&refresh_token=5bd30586&x-expires=1778140800&x-signature=LHmgOH%2FDhvOuFzYchH25gHVk3to%3D&t=4d5b0474&ps=13740610&shp=30310797&shcp=ff37627b&idc=useast8
Ooo love 💓,0,0,2026-04-29T16:02:13.000Z,skincare.makeup814,https://www.tiktok.com/@luxury_leathers13/video/7632220463548075284,7367809606014059566,7634211989451522847,https://p16-common-sign.tiktokcdn-us.com/tos-useast5-avt-0068-tx/ad68680545387cd090bd46650f4103b6~tplv-tiktokx-cropcenter:100:100.jpg?dr=9640&refresh_token=b0688be3&x-expires=1778140800&x-signature=oVUlrAcW8v6EsyncVEUelgmHRAM%3D&t=4d5b0474&ps=13740610&shp=30310797&shcp=ff37627b&idc=useast8
Looks so good 💙💙💙,0,0,2026-04-24T07:20:22.000Z,imsyneathita2,https://www.tiktok.com/@luxury_leathers13/video/7632220463548075284,7422623835130889223,7632222209859437333,https://p19-common-sign.tiktokcdn-us.com/tos-alisg-avt-0068/1b98c0eff9e3df54a3d6944578fcec4d~tplv-tiktokx-cropcenter:100:100.jpg?dr=9640&refresh_token=78bdb9bc&x-expires=1778140800&x-signature=f9HMxEgUpmw%2BL1aWXHEQWNibhgo%3D&t=4d5b0474&ps=13740610&shp=30310797&shcp=ff37627b&idc=useast8
That’s looks soooo good to try 😍,0,0,2026-04-29T11:04:55.000Z,drpalvasha,https://www.tiktok.com/@honeybunny1233/video/7632593432795467015,7493290710419096631,7634135479341040405,https://p19-common-sign.tiktokcdn-us.com/tos-maliva-avt-0068/9ca2cdbf715f02d4ffd5503ff51a1c5d~tplv-tiktokx-cropcenter:100:100.jpg?dr=9640&refresh_token=579e738f&x-expires=1778140800&x-signature=5tgTzOtpvkKTF6w13EkDOUdUrpc%3D&t=4d5b0474&ps=13740610&shp=30310797&shcp=ff37627b&idc=useast8
omg I have these lip beauties !! They Are So Magical 💓💓💓,0,0,2026-04-27T12:26:07.000Z,mrs_sample_it,https://www.tiktok.com/@honeybunny1233/video/7632593432795467015,7024196895128437765,7633414230574957319,https://p16-common-sign.tiktokcdn-us.com/tos-maliva-avt-0068/f89143a8a73f1d5763be76056052e689~tplv-tiktokx-cropcenter:100:100.jpg?dr=9640&refresh_token=cddfb3ef&x-expires=1778140800&x-signature=jajtB%2BPvSbcX6k44zGhPyPX0iik%3D&t=4d5b0474&ps=13740610&shp=30310797&shcp=ff37627b&idc=useast8
curious to try it ❤️,1,0,2026-04-11T21:44:12.000Z,lindseybuckingham7,https://www.tiktok.com/@loftyaesthestic/video/7627259515427327252,7049676331765220357,7627620716049023766,https://p16-common-sign.tiktokcdn-us.com/tos-maliva-avt-0068/b381c86bfffad76731049041cb55e488~tplv-tiktokx-cropcenter:100:100.jpg?dr=9640&refresh_token=65218544&x-expires=1778140800&x-signature=2PCQcaW4uFRbK13mu2XAKktvwKA%3D&t=4d5b0474&ps=13740610&shp=30310797&shcp=ff37627b&idc=useast8
🤩🤩🤩wow,1,0,2026-04-11T16:51:09.000Z,ri.viewsugc,https://www.tiktok.com/@loftyaesthestic/video/7627259515427327252,298097530784018432,7627545202337202951,https://p16-common-sign.tiktokcdn-us.com/tos-alisg-avt-0068/6e7ff5b974832fdbb42395f537428706~tplv-tiktokx-cropcenter:100:100.jpg?dr=9640&refresh_token=78f1fb6b&x-expires=1778140800&x-signature=vEybZsWDQnBFSjTq3cANuU%2BecfI%3D&t=4d5b0474&ps=13740610&shp=30310797&shcp=ff37627b&idc=useast8
Ohh perfect 😍😍😍,0,0,2026-04-20T21:44:32.000Z,mrsinsler15,https://www.tiktok.com/@olha_ugc_bod/video/7630943717691591950,6567152807412613121,7630960462712488734,https://p16-common-sign.tiktokcdn-us.com/tos-useast8-avt-0068-tx2/fb8f2e8217045a2f43cb946c8c4eccb6~tplv-tiktokx-cropcenter:100:100.jpg?dr=9640&refresh_token=117307df&x-expires=1778140800&x-signature=4a8CI4YfIQYuOKpkdCPHsn8xbfg%3D&t=4d5b0474&ps=13740610&shp=30310797&shcp=ff37627b&idc=useast5
I’m coming to get one my friend,1,0,2026-04-21T03:32:51.000Z,queenmide013,https://www.tiktok.com/@skin_by_olamide/video/7630873690019876104,6817847994182009862,7631050324190593813,https://p16-common-sign.tiktokcdn-us.com/tos-alisg-avt-0068/2886f085faa9c2617f7202c2d0f32a36~tplv-tiktokx-cropcenter:100:100.jpg?dr=9640&refresh_token=15c8cc81&x-expires=1778140800&x-signature=txx1JlFTZxs2MlKMliHO6G3Au4w%3D&t=4d5b0474&ps=13740610&shp=30310797&shcp=ff37627b&idc=useast5
This looks good,0,0,2026-04-23T03:26:47.000Z,teddievic,https://www.tiktok.com/@skin_by_olamide/video/7630873690019876104,6809371755653743622,7631790929641571080,https://p19-common-sign.tiktokcdn-us.com/tos-alisg-avt-0068/c82a445fcd3189850ed0081bcbc90b4f~tplv-tiktokx-cropcenter:100:100.jpg?dr=9640&refresh_token=5db7ab3c&x-expires=1778140800&x-signature=zlcHqzJKChPgbg3ZF8B4mScbM%2BE%3D&t=4d5b0474&ps=13740610&shp=30310797&shcp=ff37627b&idc=useast5
WOW 😍 looks so good!!!,0,1,2026-04-21T23:28:59.000Z,julzinnovations,https://www.tiktok.com/@skin_by_olamide/video/7630873690019876104,7478764324619011078,7631358442146693908,https://p19-common-sign.tiktokcdn-us.com/tos-alisg-avt-0068/4682584cf50863e5379920bab6d8bde3~tplv-tiktokx-cropcenter:100:100.jpg?dr=9640&refresh_token=22848e60&x-expires=1778140800&x-signature=zWyUG2kPbzs6WV9VV0aIt9nSVZU%3D&t=4d5b0474&ps=13740610&shp=30310797&shcp=ff37627b&idc=useast5
Your skin looks great sis,0,0,2026-04-20T18:00:16.000Z,solafagbemi_,https://www.tiktok.com/@skin_by_olamide/video/7630873690019876104,6914599762592449542,7630902773378466581,https://p19-common-sign.tiktokcdn-us.com/tos-alisg-avt-0068/7187a662b5d58c42dc2c6d790a73cbf9~tplv-tiktokx-cropcenter:100:100.jpg?dr=9640&refresh_token=028f245f&x-expires=1778140800&x-signature=TfnJ9eYfXqGkQhpFthfIt9fdeCU%3D&t=4d5b0474&ps=13740610&shp=30310797&shcp=ff37627b&idc=useast5
This looks so good,0,0,2026-04-21T02:54:34.000Z,miyathe_influencer,https://www.tiktok.com/@skin_by_olamide/video/7630873690019876104,7454467131921826849,7631040025819988758,https://p19-common-sign.tiktokcdn-us.com/tos-maliva-avt-0068/f20225d110eaa892ded919b690e1178e~tplv-tiktokx-cropcenter:100:100.jpg?dr=9640&refresh_token=f40650a5&x-expires=1778140800&x-signature=%2BI2znNlWPf27k2DUUBpcSDfXCms%3D&t=4d5b0474&ps=13740610&shp=30310797&shcp=ff37627b&idc=useast5
Amo los unboxing,0,0,2026-04-23T00:13:06.000Z,aniabella_ugc,https://www.tiktok.com/@karinacastillomcm/video/7629959915775331604,7297741223534806022,7631740998032294674,https://p19-common-sign.tiktokcdn-us.com/tos-alisg-avt-0068/5af1661ff6e1f6b38c5d97db6e66a534~tplv-tiktokx-cropcenter:100:100.jpg?dr=9640&refresh_token=dc484d36&x-expires=1778140800&x-signature=SfwzzZeqjb339wJAh6sVOsylvgM%3D&t=4d5b0474&ps=13740610&shp=30310797&shcp=ff37627b&idc=useast8
Muy bello todo 🔥,0,0,2026-04-18T21:32:25.000Z,chrisanny05,https://www.tiktok.com/@karinacastillomcm/video/7629959915775331604,6787054275480404997,7630215182816789268,https://p19-common-sign.tiktokcdn-us.com/tos-alisg-avt-0068/26991319675ec3eb4bd80c41b9ecbbcf~tplv-tiktokx-cropcenter:100:100.jpg?dr=9640&refresh_token=a5eced41&x-expires=1778140800&x-signature=JCamP%2B1%2FRqsVNRUYDeGlPGo8iI0%3D&t=4d5b0474&ps=13740610&shp=30310797&shcp=ff37627b&idc=useast8
Muy bello 😩👌,0,0,2026-04-21T03:00:53.000Z,yojanrodriguez0803,https://www.tiktok.com/@karinacastillomcm/video/7629959915775331604,7216044968543552517,7631042066835276564,https://p19-common-sign.tiktokcdn-us.com/tos-alisg-avt-0068/569375d6e7011d2228b1bbc515858892~tplv-tiktokx-cropcenter:100:100.jpg?dr=9640&refresh_token=d6e4abf2&x-expires=1778140800&x-signature=j5btB6fwkGbDYom21UhXVC3Uho4%3D&t=4d5b0474&ps=13740610&shp=30310797&shcp=ff37627b&idc=useast8
Todo bello🤩🤩,0,0,2026-04-22T23:30:50.000Z,angelicap0519,https://www.tiktok.com/@karinacastillomcm/video/7629959915775331604,7456489135412642817,7631730105349456648,https://p16-common-sign.tiktokcdn-us.com/tos-alisg-avt-0068/adbe60b1f044738b8eb65a5635e99f88~tplv-tiktokx-cropcenter:100:100.jpg?dr=9640&refresh_token=d6241050&x-expires=1778140800&x-signature=Cla14xYKIyC64Y6cl2fE93Gzfds%3D&t=4d5b0474&ps=13740610&shp=30310797&shcp=ff37627b&idc=useast8
Ame😍,0,0,2026-04-19T12:02:06.000Z,casandrah04,https://www.tiktok.com/@karinacastillomcm/video/7629959915775331604,6807157674112959494,7630439381086634770,https://p16-common-sign.tiktokcdn-us.com/tos-alisg-avt-0068/d5f171a4dc21a55beaf382f0e19b3b7b~tplv-tiktokx-cropcenter:100:100.jpg?dr=9640&refresh_token=e8fcbd2d&x-expires=1778140800&x-signature=LEwzFfQNZwl%2BT38ngYiOmYfUDg4%3D&t=4d5b0474&ps=13740610&shp=30310797&shcp=ff37627b&idc=useast8
Mis favoritos los unboxing ❤️,0,0,2026-04-20T23:17:27.000Z,katerinecandelario,https://www.tiktok.com/@karinacastillomcm/video/7629959915775331604,6798168714757506053,7630984391372145424,https://p16-common-sign.tiktokcdn-us.com/tos-alisg-avt-0068/76d213307b5b9d99b2b0bac2dcc87864~tplv-tiktokx-cropcenter:100:100.jpg?dr=9640&refresh_token=53d29518&x-expires=1778140800&x-signature=Uy5tXkQACkBqS3Kn4ypd7y34IWQ%3D&t=4d5b0474&ps=13740610&shp=30310797&shcp=ff37627b&idc=useast8
Me encantó ❤️,0,0,2026-04-19T03:51:22.000Z,yessyugc,https://www.tiktok.com/@karinacastillomcm/video/7629959915775331604,7024816875096900614,7630312879976661780,https://p16-common-sign.tiktokcdn-us.com/tos-alisg-avt-0068/d429b3bb1e754a85b34310efe7c8c00e~tplv-tiktokx-cropcenter:100:100.jpg?dr=9640&refresh_token=5f316388&x-expires=1778140800&x-signature=yza4RxCCCYHyHf%2FZihFA1KYEVxc%3D&t=4d5b0474&ps=13740610&shp=30310797&shcp=ff37627b&idc=useast8
Bello bello belloooo todo 🥰🥰,0,0,2026-04-19T12:55:21.000Z,milkiskellyugc,https://www.tiktok.com/@karinacastillomcm/video/7629959915775331604,7045764109501072389,7630453108410385169,https://p19-common-sign.tiktokcdn-us.com/tos-alisg-avt-0068/373a9f29ac3adc434e3cadd1fb21f7f5~tplv-tiktokx-cropcenter:100:100.jpg?dr=9640&refresh_token=7bd927d2&x-expires=1778140800&x-signature=zqGzqvBTZYjEelh254B%2BMwV6Ouc%3D&t=4d5b0474&ps=13740610&shp=30310797&shcp=ff37627b&idc=useast8
La mejor😍,0,0,2026-04-18T12:29:37.000Z,nayelidelapaz01,https://www.tiktok.com/@karinacastillomcm/video/7629959915775331604,6856715358108795910,7630075385698894593,https://p16-common-sign.tiktokcdn-us.com/tos-alisg-avt-0068/62a212a3f4cad5fb0941e0fa1bd92b02~tplv-tiktokx-cropcenter:100:100.jpg?dr=9640&refresh_token=96a72ac5&x-expires=1778140800&x-signature=WIQJcv31fGy8zHttNbyvPSn14Ls%3D&t=4d5b0474&ps=13740610&shp=30310797&shcp=ff37627b&idc=useast8
Me encantó todo amor y ese bolso lo dio todo 🌸💞🩷,0,0,2026-04-18T19:58:38.000Z,eridaniaag_26,https://www.tiktok.com/@karinacastillomcm/video/7629959915775331604,6902443959127000069,7630191079229670145,https://p19-common-sign.tiktokcdn-us.com/tos-alisg-avt-0068/be364d17aa705c537e4b226c5295b9a0~tplv-tiktokx-cropcenter:100:100.jpg?dr=9640&refresh_token=29f4f35e&x-expires=1778140800&x-signature=S427oncKtpF20ykN477UeeTDG1I%3D&t=4d5b0474&ps=13740610&shp=30310797&shcp=ff37627b&idc=useast8
Que chuloooo🤭,0,0,2026-04-18T12:43:51.000Z,joenysjackson,https://www.tiktok.com/@karinacastillomcm/video/7629959915775331604,6684621275049264134,7630079072353420050,https://p16-common-sign.tiktokcdn-us.com/tos-alisg-avt-0068/9b1b1fafadc6264703325833e62fd47a~tplv-tiktokx-cropcenter:100:100.jpg?dr=9640&refresh_token=ef0c1421&x-expires=1778140800&x-signature=HZWkl2F9cBSwTh7VXk4nHCmdPAw%3D&t=4d5b0474&ps=13740610&shp=30310797&shcp=ff37627b&idc=useast8
que bello todoo🥰,0,0,2026-04-19T03:20:56.000Z,beautymoon120,https://www.tiktok.com/@karinacastillomcm/video/7629959915775331604,7626580425264546823,7630305067925750536,https://p16-common-sign.tiktokcdn-us.com/tos-alisg-avt-0068/64cade3e5951479e80c7c6df19034812~tplv-tiktokx-cropcenter:100:100.jpg?dr=9640&refresh_token=7e942965&x-expires=1778140800&x-signature=Fq8ySl9wcmwx5t%2Bm9GNVqgATH1w%3D&t=4d5b0474&ps=13740610&shp=30310797&shcp=ff37627b&idc=useast8
lo quiero,0,0,2026-04-18T19:02:27.000Z,itsmiguelina,https://www.tiktok.com/@karinacastillomcm/video/7629959915775331604,6816758229436105734,7630176622880293653,https://p16-common-sign.tiktokcdn-us.com/tos-maliva-avt-0068/6510684fc747853d4af54b712a4c0191~tplv-tiktokx-cropcenter:100:100.jpg?dr=9640&refresh_token=de48a61f&x-expires=1778140800&x-signature=9%2BkVoTiEPxOe%2BSbpBiH7plG3T1Y%3D&t=4d5b0474&ps=13740610&shp=30310797&shcp=ff37627b&idc=useast8
Que shuloo 😍😍,0,0,2026-04-18T14:09:47.000Z,yanelisraquel0321,https://www.tiktok.com/@karinacastillomcm/video/7629959915775331604,6810939517441262598,7630101212373959441,https://p19-common-sign.tiktokcdn-us.com/tos-alisg-avt-0068/6909ea4fa7f5fa3c66ca23898990a7e5~tplv-tiktokx-cropcenter:100:100.jpg?dr=9640&refresh_token=ab9a5efa&x-expires=1778140800&x-signature=5RycCeFm7Ye3AVE%2BOWjrvVl6cvw%3D&t=4d5b0474&ps=13740610&shp=30310797&shcp=ff37627b&idc=useast8
Que bello 🥰,0,0,2026-04-21T03:35:52.000Z,nereisyvasallo.ugc,https://www.tiktok.com/@karinacastillomcm/video/7629959915775331604,7607239372444173326,7631051087482585886,https://p16-common-sign.tiktokcdn-us.com/tos-useast8-avt-0068-tx2/acfe57c2ce9161cc8a819f44d63347b1~tplv-tiktokx-cropcenter:100:100.jpg?dr=9640&refresh_token=429d0cc2&x-expires=1778140800&x-signature=ZY5yUa%2FDq5iCeZYIkI5RRSCFbTE%3D&t=4d5b0474&ps=13740610&shp=30310797&shcp=ff37627b&idc=useast8
Que bellooo,0,0,2026-04-18T18:13:22.000Z,chaneelfrias,https://www.tiktok.com/@karinacastillomcm/video/7629959915775331604,93991966035591169,7630163959464461063,https://p19-common-sign.tiktokcdn-us.com/tos-alisg-avt-0068/3c12bd5ce7ad3e75c1c058f7dc7a18dc~tplv-tiktokx-cropcenter:100:100.jpg?dr=9640&refresh_token=bce08005&x-expires=1778140800&x-signature=WhrSqynpVJb%2FcPsA5X2JqzK9aG0%3D&t=4d5b0474&ps=13740610&shp=30310797&shcp=ff37627b&idc=useast8
Lo necesitoooo😍😍😍,0,0,2026-04-18T05:16:57.000Z,chanelle_ap,https://www.tiktok.com/@karinacastillomcm/video/7629959915775331604,6804981796959290373,7629963731242566414,https://p19-common-sign.tiktokcdn-us.com/tos-useast8-avt-0068-tx2/1dac6f66a4cb303bf94f5ad6e9652428~tplv-tiktokx-cropcenter:100:100.jpg?dr=9640&refresh_token=25ae2b1a&x-expires=1778140800&x-signature=hUAfbp8HtQqp8ybZDupPGdMaOrk%3D&t=4d5b0474&ps=13740610&shp=30310797&shcp=ff37627b&idc=useast8
me encantan esos unboxing 😊,0,0,2026-04-18T20:41:57.000Z,rosmery.95,https://www.tiktok.com/@karinacastillomcm/video/7629959915775331604,6789303224706302982,7630202245115855636,https://p16-common-sign.tiktokcdn-us.com/tos-maliva-avt-0068/70d23cfb67fa2ebe8f8eacf681657827~tplv-tiktokx-cropcenter:100:100.jpg?dr=9640&refresh_token=92e39f6e&x-expires=1778140800&x-signature=hw4NQdY%2BA%2FJp%2BD8w6J57HoMLVM8%3D&t=4d5b0474&ps=13740610&shp=30310797&shcp=ff37627b&idc=useast8
Que chulada 🥰😏,0,0,2026-04-18T16:11:17.000Z,gr.valerie,https://www.tiktok.com/@karinacastillomcm/video/7629959915775331604,7610857693322609678,7630132472432411405,https://p16-common-sign.tiktokcdn-us.com/tos-useast5-avt-0068-tx/7f4a7769fc5514d5a55cfe59f09b77a9~tplv-tiktokx-cropcenter:100:100.jpg?dr=9640&refresh_token=5f8e3c04&x-expires=1778140800&x-signature=Kplbh4qQJ6L%2BcBSd5pqmJv%2Bk6ko%3D&t=4d5b0474&ps=13740610&shp=30310797&shcp=ff37627b&idc=useast8
Me encantó todo amiga😍,0,0,2026-04-18T19:11:30.000Z,nicolereyes0220,https://www.tiktok.com/@karinacastillomcm/video/7629959915775331604,6726242675287278598,7630178918000182036,https://p16-common-sign.tiktokcdn-us.com/tos-alisg-avt-0068/8eb99d30efd041eb28ddf0289f9c3ff3~tplv-tiktokx-cropcenter:100:100.jpg?dr=9640&refresh_token=1e5601c0&x-expires=1778140800&x-signature=HwLH36IdYhGUZpE9W023cHf5JNk%3D&t=4d5b0474&ps=13740610&shp=30310797&shcp=ff37627b&idc=useast8
eso vino repleto 😍 ✨ me encantó todo!!,0,0,2026-04-23T23:25:26.000Z,gaby.ugc.creator2,https://www.tiktok.com/@karinacastillomcm/video/7629959915775331604,7614143600057893909,7632099751542965012,https://p19-common-sign.tiktokcdn-us.com/tos-alisg-avt-0068/66a47baac36c6f2997455869ec91ba2f~tplv-tiktokx-cropcenter:100:100.jpg?dr=9640&refresh_token=5e558625&x-expires=1778140800&x-signature=ajq7PDHcNn%2FJ3WAuVJXtxmdMKGo%3D&t=4d5b0474&ps=13740610&shp=30310797&shcp=ff37627b&idc=useast8
Ay que genial 😍💖,0,0,2026-04-18T09:24:04.000Z,edinyerlis,https://www.tiktok.com/@karinacastillomcm/video/7629959915775331604,6763373628875015174,7630027597375996679,https://p19-common-sign.tiktokcdn-us.com/tos-alisg-avt-0068/e8df2fb3c7354208c45d3ca985675bfd~tplv-tiktokx-cropcenter:100:100.jpg?dr=9640&refresh_token=f6782eef&x-expires=1778140800&x-signature=H0uabMi4rnfRZRTCf5klVH3Nvic%3D&t=4d5b0474&ps=13740610&shp=30310797&shcp=ff37627b&idc=useast8
Que chuladaaa,0,0,2026-04-18T05:55:23.000Z,malayd,https://www.tiktok.com/@karinacastillomcm/video/7629959915775331604,6908877675076273158,7629973705321349918,https://p16-common-sign.tiktokcdn-us.com/tos-useast8-avt-0068-tx2/af611fec46906b7ac9c4e9e22098b68c~tplv-tiktokx-cropcenter:100:100.jpg?dr=9640&refresh_token=71e620af&x-expires=1778140800&x-signature=ljafc65%2BX2jfxSNtRDZG%2FFZNEqg%3D&t=4d5b0474&ps=13740610&shp=30310797&shcp=ff37627b&idc=useast8
😍😍😍,0,0,2026-04-18T10:24:33.000Z,acevedopamela,https://www.tiktok.com/@karinacastillomcm/video/7629959915775331604,6804931101561750534,7630043178980328199,https://p19-common-sign.tiktokcdn-us.com/tos-alisg-avt-0068/53ab97549fd960f54a1617aa91373eca~tplv-tiktokx-cropcenter:100:100.jpg?dr=9640&refresh_token=dd056b15&x-expires=1778140800&x-signature=dhw%2FlkTq1W169VAiAEqhwiaParA%3D&t=4d5b0474&ps=13740610&shp=30310797&shcp=ff37627b&idc=useast8
"Lol, that’s a lot of work. Is that a skin cleaner? How about if I just wash my face with some Shea butter does the same thing?",0,0,2026-04-18T02:39:17.000Z,mrtravelingman0,https://www.tiktok.com/@beingbrittanyy/video/7629922390469856543,7590538109156328462,7629923175703741197,https://p19-common-sign.tiktokcdn-us.com/tos-useast5-avt-0068-tx/bc1edc1c36149fcfd5a501061ee5f768~tplv-tiktokx-cropcenter:100:100.jpg?dr=9640&refresh_token=70ec71b0&x-expires=1778140800&x-signature=C6jzwSHetiqjk5vpIjsq71QHc64%3D&t=4d5b0474&ps=13740610&shp=30310797&shcp=ff37627b&idc=useast5
Skin is skinning 😍,1,1,2026-04-18T03:23:23.000Z,wyeseli,https://www.tiktok.com/@beingbrittanyy/video/7629922390469856543,6998243403575591942,7629934472994210591,https://p16-common-sign.tiktokcdn-us.com/tos-useast5-avt-0068-tx/331b584dc34ea3b6380f9e5daa9cfa90~tplv-tiktokx-cropcenter:100:100.jpg?dr=9640&refresh_token=39dd139c&x-expires=1778140800&x-signature=LQyi4ty%2BjOAfjpAoghtpCp0pCC0%3D&t=4d5b0474&ps=13740610&shp=30310797&shcp=ff37627b&idc=useast5
wow looks so good 😍😍,0,0,2026-04-22T15:05:27.000Z,glow_with_ana,https://www.tiktok.com/@karen_ugc6/video/7628272087089581319,6993024861254239238,7631599855912125206,https://p19-common-sign.tiktokcdn-us.com/tos-maliva-avt-0068/933b0df462aef7a76791c664344204e3~tplv-tiktokx-cropcenter:100:100.jpg?dr=9640&refresh_token=4f3e7b49&x-expires=1778140800&x-signature=9tjhye%2B1RDenKpghtHj6PTfd%2BnQ%3D&t=4d5b0474&ps=13740610&shp=30310797&shcp=ff37627b&idc=useast5
Ouueee those lip masks look so satisfying 💖,0,0,2026-04-13T16:38:04.000Z,shirley112574,https://www.tiktok.com/@karen_ugc6/video/7628272087089581319,6532386113053605890,7628284002500363026,https://p19-common-sign.tiktokcdn-us.com/tos-maliva-avt-0068/8c0019c4170ce744db126a1476eff52e~tplv-tiktokx-cropcenter:100:100.jpg?dr=9640&refresh_token=274442f3&x-expires=1778140800&x-signature=j56UdiDpTwQqrQ8AxEc5psTsUUw%3D&t=4d5b0474&ps=13740610&shp=30310797&shcp=ff37627b&idc=useast5
This looks so good 💕💕💕,0,0,2026-04-13T15:56:34.000Z,imsyneathita2,https://www.tiktok.com/@karen_ugc6/video/7628272087089581319,7422623835130889223,7628273289761080085,https://p16-common-sign.tiktokcdn-us.com/tos-alisg-avt-0068/1b98c0eff9e3df54a3d6944578fcec4d~tplv-tiktokx-cropcenter:100:100.jpg?dr=9640&refresh_token=1b9ee2c0&x-expires=1778140800&x-signature=KxWfAwJ93Nh%2FQasjLejQJmCgchg%3D&t=4d5b0474&ps=13740610&shp=30310797&shcp=ff37627b&idc=useast5
love a good sinkcare day,2,2,2026-04-21T07:41:57.000Z,rosa.m.pritchard,https://www.tiktok.com/@sashalorraine.a/video/7631103688504839455,6802041405561947141,7631114222902379278,https://p16-common-sign.tiktokcdn-us.com/tos-useast5-avt-0068-tx/959e9a3f9e33a1e7f68e666225e4c90e~tplv-tiktokx-cropcenter:100:100.jpg?dr=9640&refresh_token=03eab82d&x-expires=1778140800&x-signature=J46fxOGdsfxwrm3P8CGubFGzGpw%3D&t=4d5b0474&ps=13740610&shp=30310797&shcp=ff37627b&idc=useast8
YES!!! THE TEXTURE!!!,1,1,2026-04-21T07:21:23.000Z,marquitostorres97,https://www.tiktok.com/@sashalorraine.a/video/7631103688504839455,6789439026434180101,7631108987508785950,https://p16-common-sign.tiktokcdn-us.com/tos-maliva-avt-0068/2d5508c8e4c74977ac28903560ca0b3b~tplv-tiktokx-cropcenter:100:100.jpg?dr=9640&refresh_token=c4bdbc74&x-expires=1778140800&x-signature=smEvwri2liFqmBhfVdvI%2BKeMxgM%3D&t=4d5b0474&ps=13740610&shp=30310797&shcp=ff37627b&idc=useast8
💖💖,1,0,2026-04-21T13:28:48.000Z,grimdragon11,https://www.tiktok.com/@sashalorraine.a/video/7631103688504839455,6601479366767788037,7631203831233217294,https://p16-common-sign.tiktokcdn-us.com/tos-useast5-avt-0068-tx/48e66c3c2e229c5e324266919db4af96~tplv-tiktokx-cropcenter:100:100.jpg?dr=9640&refresh_token=a136487d&x-expires=1778140800&x-signature=bleYI0ZkAbv2gYsedk1OjWbl0RU%3D&t=4d5b0474&ps=13740610&shp=30310797&shcp=ff37627b&idc=useast8
The glow after😍,1,1,2026-04-19T20:06:00.000Z,zainababdulraheem_,https://www.tiktok.com/@rasheedatttt/video/7630491366186831125,7216690802364728326,7630564054500066064,https://p16-common-sign.tiktokcdn-us.com/tos-alisg-avt-0068/7c532ab0f705159079f8834777c66952~tplv-tiktokx-cropcenter:100:100.jpg?dr=9640&refresh_token=279d767d&x-expires=1778140800&x-signature=SCh5y4lX5OcZKhkCIbhaIbziT1w%3D&t=4d5b0474&ps=13740610&shp=30310797&shcp=ff37627b&idc=useast8
Your skin is gorgeousss,1,0,2026-04-19T20:31:45.000Z,ibannananan,https://www.tiktok.com/@rasheedatttt/video/7630491366186831125,6980847602208588805,7630570698104767250,https://p19-common-sign.tiktokcdn-us.com/tos-maliva-avt-0068/a1a5429ed6ecf8c1da080cd2b44f2443~tplv-tiktokx-cropcenter:100:100.jpg?dr=9640&refresh_token=50e3b0d6&x-expires=1778140800&x-signature=eI0X%2BRtXxyEpBEG3QlmAHZfHSxM%3D&t=4d5b0474&ps=13740610&shp=30310797&shcp=ff37627b&idc=useast8
I need to try!,1,1,2026-04-19T22:29:12.000Z,yenbanwo,https://www.tiktok.com/@rasheedatttt/video/7630491366186831125,6722972580884562950,7630600893860266773,https://p16-common-sign.tiktokcdn-us.com/tos-alisg-avt-0068/48008d5e8cecbb72a07924bbebe026ab~tplv-tiktokx-cropcenter:100:100.jpg?dr=9640&refresh_token=3072db35&x-expires=1778140800&x-signature=3pGUF9zcpP5aLyLONte%2F9mlNrE8%3D&t=4d5b0474&ps=13740610&shp=30310797&shcp=ff37627b&idc=useast8
The instant glow🥰,0,0,2026-04-21T03:29:02.000Z,mazeedah_,https://www.tiktok.com/@rasheedatttt/video/7630491366186831125,7446616730031358982,7631049327612248850,https://p16-common-sign.tiktokcdn-us.com/tos-maliva-avt-0068/430c9b4c39ae0dcfae034266a351210e~tplv-tiktokx-cropcenter:100:100.jpg?dr=9640&refresh_token=8520bd8d&x-expires=1778140800&x-signature=ZxWWMJEycn4DqE9PTDtvDsUaUTQ%3D&t=4d5b0474&ps=13740610&shp=30310797&shcp=ff37627b&idc=useast8
this is so beautiful 😍,0,0,2026-04-20T01:59:21.000Z,_photodiaries,https://www.tiktok.com/@rasheedatttt/video/7630491366186831125,7276820650424943622,7630655068996633364,https://p19-common-sign.tiktokcdn-us.com/tos-alisg-avt-0068/dd59c5519fbed6e48f6349d121efefd3~tplv-tiktokx-cropcenter:100:100.jpg?dr=9640&refresh_token=7b7c754f&x-expires=1778140800&x-signature=yFbFCeocN5Y9An6S%2F2rqpU%2BkhXw%3D&t=4d5b0474&ps=13740610&shp=30310797&shcp=ff37627b&idc=useast8
Results came out so niceeee 😍,0,0,2026-04-29T19:42:50.000Z,nanaysha0h,https://www.tiktok.com/@rasheedatttt/video/7630491366186831125,7131281322673030149,7634268974666072850,https://p16-common-sign.tiktokcdn-us.com/tos-alisg-avt-0068/ccd7fb9cd4cdc035cd168a5749e21923~tplv-tiktokx-cropcenter:100:100.jpg?dr=9640&refresh_token=a10c3902&x-expires=1778140800&x-signature=tlPo0Z2%2FzBHKmJv42zaOcK1zBcE%3D&t=4d5b0474&ps=13740610&shp=30310797&shcp=ff37627b&idc=useast8
🔥🔥🔥🔥🔥🔥,1,1,2026-04-19T15:53:22.000Z,shedriko_technology,https://www.tiktok.com/@rasheedatttt/video/7630491366186831125,7143978095366996997,7630498986596958994,https://p19-common-sign.tiktokcdn-us.com/tos-alisg-avt-0068/88d70a2c3524fb76f2f33bf08026139f~tplv-tiktokx-cropcenter:100:100.jpg?dr=9640&refresh_token=55736124&x-expires=1778140800&x-signature=Df5MO3fvydKkPtQsXWDhqPJj2eQ%3D&t=4d5b0474&ps=13740610&shp=30310797&shcp=ff37627b&idc=useast8
🥰,1,0,2026-04-22T00:45:00.000Z,ugcgrisel11,https://www.tiktok.com/@eveningtorontovibes/video/7630998588776058132,7581237035319526411,7631378128698508052,https://p16-common-sign.tiktokcdn-us.com/tos-alisg-avt-0068/888de6e0192c8ba97b883e48d09fbcbf~tplv-tiktokx-cropcenter:100:100.jpg?dr=9640&refresh_token=2f57cfd0&x-expires=1778140800&x-signature=Unl0vsq9z8jJb2kIvJ1FBoBjc9Q%3D&t=4d5b0474&ps=13740610&shp=30310797&shcp=ff37627b&idc=useast5
🤩🤩,1,0,2026-04-21T16:10:10.000Z,tasnims_ca,https://www.tiktok.com/@eveningtorontovibes/video/7630998588776058132,7338544767209653254,7631245488029238036,https://p16-common-sign.tiktokcdn-us.com/tos-alisg-avt-0068/9deb81d3bcf6c107af490f5e5377e996~tplv-tiktokx-cropcenter:100:100.jpg?dr=9640&refresh_token=e401f79c&x-expires=1778140800&x-signature=bmoxQvo19wg%2BpLyrstL0KRVimzY%3D&t=4d5b0474&ps=13740610&shp=30310797&shcp=ff37627b&idc=useast5
thats very interesting. want to try too. ❤️,0,0,2026-04-21T03:09:21.000Z,misskintroverted_ann,https://www.tiktok.com/@eveningtorontovibes/video/7630998588776058132,6935220691696649217,7631044257948549906,https://p19-common-sign.tiktokcdn-us.com/tos-alisg-avt-0068/32adb9d3243ed23c2cebb71aadcd0e88~tplv-tiktokx-cropcenter:100:100.jpg?dr=9640&refresh_token=26c0a303&x-expires=1778140800&x-signature=4V%2B8inFD1s2PZrW%2FsxcKNAEP4O8%3D&t=4d5b0474&ps=13740610&shp=30310797&shcp=ff37627b&idc=useast5
omg yessss,1,1,2026-04-23T01:29:12.000Z,study.motivation.withme,https://www.tiktok.com/@trackingskincare/video/7631745261739543828,7468438253222347782,7631760584321352464,https://p16-common-sign.tiktokcdn-us.com/tos-maliva-avt-0068/49db3928571ecabfcf26b9309f195913~tplv-tiktokx-cropcenter:100:100.jpg?dr=9640&refresh_token=daea5721&x-expires=1778140800&x-signature=5fWXzlTyAbvtiYPAUGU3wQC1kyw%3D&t=4d5b0474&ps=13740610&shp=30310797&shcp=ff37627b&idc=useast5
both masks look amazing ❤️❤️🤩,0,0,2026-04-30T16:32:43.000Z,scribblesandserums,https://www.tiktok.com/@trackingskincare/video/7631745261739543828,7496310761826337797,7634591077449974544,https://p19-common-sign.tiktokcdn-us.com/tos-alisg-avt-0068/0e1b6cbdf4dcfbbbdb2ab9a985b82dc5~tplv-tiktokx-cropcenter:100:100.jpg?dr=9640&refresh_token=10a36b31&x-expires=1778140800&x-signature=6YEp8U077H9SE5QUrltSCZy%2BoAE%3D&t=4d5b0474&ps=13740610&shp=30310797&shcp=ff37627b&idc=useast5
These masks are so interesting,0,0,2026-04-30T02:57:06.000Z,thereveriechronicles,https://www.tiktok.com/@trackingskincare/video/7631745261739543828,7491845632718537733,7634380876331401985,https://p16-common-sign.tiktokcdn-us.com/tos-alisg-avt-0068/95496ff26bc74aab76f8f04850029a58~tplv-tiktokx-cropcenter:100:100.jpg?dr=9640&refresh_token=bcf644ab&x-expires=1778140800&x-signature=8ZDkGFszfkNUn%2Fa1MA%2FqVBOB6zo%3D&t=4d5b0474&ps=13740610&shp=30310797&shcp=ff37627b&idc=useast5
Love the face mask,1,1,2026-04-23T00:47:42.000Z,ingsxg,https://www.tiktok.com/@trackingskincare/video/7631745261739543828,7410755862933177387,7631749775587656478,https://p19-common-sign.tiktokcdn-us.com/tos-useast8-avt-0068-tx2/854abc0800ff2c627418da3f909c42d5~tplv-tiktokx-cropcenter:100:100.jpg?dr=9640&refresh_token=eba826d4&x-expires=1778140800&x-signature=AFCPnuQYwt8tGLLSkZHhzFe5Yfs%3D&t=4d5b0474&ps=13740610&shp=30310797&shcp=ff37627b&idc=useast5
They both look so good 💗,0,0,2026-04-23T23:31:09.000Z,sk1ncaresecrets,https://www.tiktok.com/@trackingskincare/video/7631745261739543828,7432304512697156640,7632100996014457622,https://p16-common-sign.tiktokcdn-us.com/tos-maliva-avt-0068/4b6c5f68b6529fdd699be2645b0eda24~tplv-tiktokx-cropcenter:100:100.jpg?dr=9640&refresh_token=291a7b8c&x-expires=1778140800&x-signature=7awF%2FdeUtkObprAKDzedhghjnzk%3D&t=4d5b0474&ps=13740610&shp=30310797&shcp=ff37627b&idc=useast5
ahhh everything looks amazinggg,0,0,2026-04-24T04:56:34.000Z,keykaykeyy,https://www.tiktok.com/@trackingskincare/video/7631745261739543828,7119143413609759771,7632184950876521247,https://p19-common-sign.tiktokcdn-us.com/tos-useast8-avt-0068-tx2/41f29f79b34194491bb5d008a3f0a384~tplv-tiktokx-cropcenter:100:100.jpg?dr=9640&refresh_token=fbdd3594&x-expires=1778140800&x-signature=BPzpoTI7Fh2Vn5TQ4eMOv7ckipQ%3D&t=4d5b0474&ps=13740610&shp=30310797&shcp=ff37627b&idc=useast5
Awesome products and collaboration!!!,0,0,2026-04-23T21:33:19.000Z,joeyk992,https://www.tiktok.com/@trackingskincare/video/7631745261739543828,6652137774466629637,7632070905275237137,https://p19-common-sign.tiktokcdn-us.com/tos-alisg-avt-0068/76178230eb48aca27e7dc1ef743cfb46~tplv-tiktokx-cropcenter:100:100.jpg?dr=9640&refresh_token=bad265a7&x-expires=1778140800&x-signature=BBTEXT9k0IMOqMmXqgdoemh7XRo%3D&t=4d5b0474&ps=13740610&shp=30310797&shcp=ff37627b&idc=useast5
they have really nice products!,1,1,2026-04-23T05:27:46.000Z,rinidollz,https://www.tiktok.com/@trackingskincare/video/7631745261739543828,7404785047532110855,7631822088320860945,https://p19-common-sign.tiktokcdn-us.com/tos-alisg-avt-0068/821185a3561b038f184d527e6ebb674e~tplv-tiktokx-cropcenter:100:100.jpg?dr=9640&refresh_token=c0b10695&x-expires=1778140800&x-signature=H3NY0yCk4zW4QBYDrdv0edQG4%2F8%3D&t=4d5b0474&ps=13740610&shp=30310797&shcp=ff37627b&idc=useast5
great routine 🥰,1,1,2026-04-23T10:04:18.000Z,empty_wendy,https://www.tiktok.com/@trackingskincare/video/7631745261739543828,7495081345111344160,7631893323195908886,https://p16-common-sign.tiktokcdn-us.com/tos-maliva-avt-0068/ec044ff5cc53252ad21794f1554b623d~tplv-tiktokx-cropcenter:100:100.jpg?dr=9640&refresh_token=8f81ffb8&x-expires=1778140800&x-signature=n75Jro8uRuGYi7xZ1ar9p6BlMyo%3D&t=4d5b0474&ps=13740610&shp=30310797&shcp=ff37627b&idc=useast5
💗💗,0,0,2026-04-23T01:06:20.000Z,lise.sweetestbeau,https://www.tiktok.com/@trackingskincare/video/7631745261739543828,7418230942257644590,7631754711309714190,https://p19-common-sign.tiktokcdn-us.com/tos-useast5-avt-0068-tx/42bfa6042322f850db625c23e34951bc~tplv-tiktokx-cropcenter:100:100.jpg?dr=9640&refresh_token=e9951eee&x-expires=1778140800&x-signature=8gxdSURK5%2FxLY3wCM%2BnfZm%2BLLDM%3D&t=4d5b0474&ps=13740610&shp=30310797&shcp=ff37627b&idc=useast5
#CrystalSkin #GlowRoutine #CollagenMask #GlutathioneMask #LipMask #GlowRoutine #KBeauty #glowingskin #beautyUGCcreator #GlassSkin #glassskinroutine #kbeautyskincare #skincareobsessed #selfcareritual #hydratedskin #beautyfinds #skincarejunkie #viralbeauty #Newyork #NYC #london #California #Texas #beautycommunity#luxuryskincare #skincareglow,0,0,2026-04-20T21:03:38.000Z,beauty__maverick,https://www.tiktok.com/@beauty__maverick/video/7630949848652582157,7461700678148277294,7630949855587238669,https://p19-common-sign.tiktokcdn-us.com/tos-useast5-avt-0068-tx/673deb337b85a7a0676a1ebd7f17f038~tplv-tiktokx-cropcenter:100:100.jpg?dr=9640&refresh_token=230ffbe6&x-expires=1778140800&x-signature=rQyGQFxU2cbrRrGElaDgYfce92g%3D&t=4d5b0474&ps=13740610&shp=30310797&shcp=ff37627b&idc=useast8
divai can u please drop lipe combo or lipstick shade perfect for ur skin tone actually I have same skin tone as you but whenever I makeup I messed up with lipes. and I need suggestions,1,1,2026-04-15T19:13:01.000Z,merry_nomro6,https://www.tiktok.com/@dirghoyeedatta/video/7629036296685554975,7057024178930992154,7629066050882290452,https://p19-common-sign.tiktokcdn-us.com/tos-alisg-avt-0068/060d012b67c307ac3c9b2f08d9aed11f~tplv-tiktokx-cropcenter:100:100.jpg?dr=9640&refresh_token=34b794c1&x-expires=1778140800&x-signature=Le4LEa44SQhAzrsPJC4Trg5m%2BGo%3D&t=4d5b0474&ps=13740610&shp=30310797&shcp=ff37627b&idc=useast8
divhai tmr LLB honours ses hoye gese,0,0,2026-04-23T07:47:38.000Z,legalogy0,https://www.tiktok.com/@dirghoyeedatta/video/7629036296685554975,6908651922547540997,7631858150371066632,https://p16-common-sign.tiktokcdn-us.com/tos-alisg-avt-0068/9e22e326896c3bbd71b6ed39e8f1572c~tplv-tiktokx-cropcenter:100:100.jpg?dr=9640&refresh_token=8cd18d9f&x-expires=1778140800&x-signature=B7FNGomE8n5KCIWJVhat0cvXBj4%3D&t=4d5b0474&ps=13740610&shp=30310797&shcp=ff37627b&idc=useast8
Amazing combo 🥰,1,0,2026-04-12T05:53:38.000Z,ireneemejaresbesi,https://www.tiktok.com/@omaosita/video/7627561263744208148,95898328965472256,7627746815409062674,https://p19-common-sign.tiktokcdn-us.com/tos-alisg-avt-0068/78016d894f3e8cc686e377e74d0336e7~tplv-tiktokx-cropcenter:100:100.jpg?dr=9640&refresh_token=40b4d516&x-expires=1778140800&x-signature=n4RniqGDHMvUDv4wK8fdmMmXaiE%3D&t=4d5b0474&ps=13740610&shp=30310797&shcp=ff37627b&idc=useast8
Love the texture,0,0,2026-04-13T09:38:23.000Z,jay_winnie8,https://www.tiktok.com/@omaosita/video/7627561263744208148,7613400188652274706,7628175826182537991,https://p19-common-sign.tiktokcdn-us.com/tos-alisg-avt-0068/9b8eb6b5ba1f57c25dc557d6bd5053b8~tplv-tiktokx-cropcenter:100:100.jpg?dr=9640&refresh_token=110350e6&x-expires=1778140800&x-signature=NdpZAhluSSDbYL1i0A61Ro2qDaI%3D&t=4d5b0474&ps=13740610&shp=30310797&shcp=ff37627b&idc=useast8
Waooooo 💕💕 the hydration 💕,0,0,2026-04-13T01:13:44.000Z,rocecil,https://www.tiktok.com/@omaosita/video/7627561263744208148,6799993315136865282,7628045732789224212,https://p19-common-sign.tiktokcdn-us.com/tos-alisg-avt-0068/8930022cf7157b4b1821aa790ecfb589~tplv-tiktokx-cropcenter:100:100.jpg?dr=9640&refresh_token=4dce7d46&x-expires=1778140800&x-signature=mYCh%2BUmzs2zuxpz2xzTJiEZQUi8%3D&t=4d5b0474&ps=13740610&shp=30310797&shcp=ff37627b&idc=useast8
I can't wait to try it. How did it make your lips feel?,0,0,2026-04-13T04:19:28.000Z,shevycake,https://www.tiktok.com/@omaosita/video/7627561263744208148,6724029162561356805,7628093494678995725,https://p16-common-sign.tiktokcdn-us.com/tos-useast5-avt-0068-tx/d6004a5fea29c08230236464d774d440~tplv-tiktokx-cropcenter:100:100.jpg?dr=9640&refresh_token=e413953a&x-expires=1778140800&x-signature=7X%2Fjv3ZEQROaJ47dh%2FxE3YtongQ%3D&t=4d5b0474&ps=13740610&shp=30310797&shcp=ff37627b&idc=useast8
I love this brand,1,0,2026-04-13T14:12:07.000Z,funmiomookun,https://www.tiktok.com/@omaosita/video/7627561263744208148,6810285387089839109,7628246394298172176,https://p16-common-sign.tiktokcdn-us.com/tos-maliva-avt-0068/aafd41a3ab485ede3ee246b04aa81410~tplv-tiktokx-cropcenter:100:100.jpg?dr=9640&refresh_token=7f997ffc&x-expires=1778140800&x-signature=7H1grfUssUiInrlYlPwE4%2BUtHHo%3D&t=4d5b0474&ps=13740610&shp=30310797&shcp=ff37627b&idc=useast8
Need to try this brand 🤭,0,0,2026-04-13T00:26:28.000Z,glowwith_ruth,https://www.tiktok.com/@omaosita/video/7627561263744208148,7066379812911121413,7628033565956424456,https://p16-common-sign.tiktokcdn-us.com/tos-alisg-avt-0068/388a11434a1bfe8f245eb42dc2604390~tplv-tiktokx-cropcenter:100:100.jpg?dr=9640&refresh_token=95ef150a&x-expires=1778140800&x-signature=RJZ0x%2FT2uS62l2YxP096ANIv%2B4I%3D&t=4d5b0474&ps=13740610&shp=30310797&shcp=ff37627b&idc=useast8
I want to try this transparent one,0,0,2026-04-12T23:48:51.000Z,ms.bolu,https://www.tiktok.com/@omaosita/video/7627561263744208148,7320431351672456234,7628023853009503007,https://p16-common-sign.tiktokcdn-us.com/tos-useast8-avt-0068-tx2/c2f43ef61cd4fe167855b13f81b12737~tplv-tiktokx-cropcenter:100:100.jpg?dr=9640&refresh_token=fbf7f54d&x-expires=1778140800&x-signature=qaqwTj0%2BL5APzg7xV5OmbY6BaAc%3D&t=4d5b0474&ps=13740610&shp=30310797&shcp=ff37627b&idc=useast8
So refreshing 😍,1,1,2026-04-11T18:47:43.000Z,temmiedeoll,https://www.tiktok.com/@omaosita/video/7627561263744208148,6619488861129637894,7627575234321187604,https://p19-common-sign.tiktokcdn-us.com/tos-alisg-avt-0068/97aeef7385d338140c627cafd1f371e3~tplv-tiktokx-cropcenter:100:100.jpg?dr=9640&refresh_token=7948b3f1&x-expires=1778140800&x-signature=jqRhpfChhFR8UZBxr9yMOMWBab4%3D&t=4d5b0474&ps=13740610&shp=30310797&shcp=ff37627b&idc=useast8
Woww😍😍😍,0,0,2026-04-11T18:08:48.000Z,naturally.nani5,https://www.tiktok.com/@omaosita/video/7627561263744208148,7444411313352999992,7627565185767818004,https://p16-common-sign.tiktokcdn-us.com/tos-alisg-avt-0068/379288092fcbcd01efdcb5620ecd2cb5~tplv-tiktokx-cropcenter:100:100.jpg?dr=9640&refresh_token=d269d9f0&x-expires=1778140800&x-signature=4uBaTXFmdgA0zj6EpQ0OdVK9OQc%3D&t=4d5b0474&ps=13740610&shp=30310797&shcp=ff37627b&idc=useast8
so cute,1,0,2026-04-11T20:11:24.000Z,creator.ibehsonia,https://www.tiktok.com/@omaosita/video/7627561263744208148,7495885073289511958,7627596801436631830,https://p16-common-sign.tiktokcdn-us.com/tos-maliva-avt-0068/779e68a057757d0a2813b362552f5827~tplv-tiktokx-cropcenter:100:100.jpg?dr=9640&refresh_token=c203c9de&x-expires=1778140800&x-signature=cKw4k4ci%2F5venVy7aScuUjEsQ7k%3D&t=4d5b0474&ps=13740610&shp=30310797&shcp=ff37627b&idc=useast8
Will love to try the transparent sheet mask fr 😳,0,0,2026-04-12T21:26:12.000Z,sarahskincarediary,https://www.tiktok.com/@omaosita/video/7627561263744208148,7601932124173681671,7627987136465748743,https://p16-common-sign.tiktokcdn-us.com/tos-alisg-avt-0068/bfa687c2f10534efa8c46ea5dabe136b~tplv-tiktokx-cropcenter:100:100.jpg?dr=9640&refresh_token=e5d1fccd&x-expires=1778140800&x-signature=TT8nSsiOZLREu1HLo8niWOAw91A%3D&t=4d5b0474&ps=13740610&shp=30310797&shcp=ff37627b&idc=useast8
Wow😍,1,0,2026-04-11T18:41:01.000Z,janne_vibeofbeauty,https://www.tiktok.com/@omaosita/video/7627561263744208148,7478398792997717034,7627573372314026783,https://p16-common-sign.tiktokcdn-us.com/tos-useast8-avt-0068-tx2/ddbc103958bc19b1012dfce5966db050~tplv-tiktokx-cropcenter:100:100.jpg?dr=9640&refresh_token=8b124ad8&x-expires=1778140800&x-signature=qnAqdxJWq9W46A%2FPmm6ROsRP3lI%3D&t=4d5b0474&ps=13740610&shp=30310797&shcp=ff37627b&idc=useast8
The lip mask too,0,0,2026-04-13T07:46:46.000Z,balancedbliss1,https://www.tiktok.com/@omaosita/video/7627561263744208148,7402660486027805701,7628147057899701013,https://p16-common-sign.tiktokcdn-us.com/tos-alisg-avt-0068/bee2cc1372790c41fbc5dbc45454595c~tplv-tiktokx-cropcenter:100:100.jpg?dr=9640&refresh_token=a291c874&x-expires=1778140800&x-signature=EVaJRRnMig39%2Bh%2FaePUFDUJwTbw%3D&t=4d5b0474&ps=13740610&shp=30310797&shcp=ff37627b&idc=useast8
"Both so good , my skin loves it .",1,1,2026-04-11T19:47:54.000Z,mara_hunt88,https://www.tiktok.com/@omaosita/video/7627561263744208148,6867958722368783365,7627590703900246800,https://p19-common-sign.tiktokcdn-us.com/tos-maliva-avt-0068/b4571d860a919a43ecc1216d29fdfb6e~tplv-tiktokx-cropcenter:100:100.jpg?dr=9640&refresh_token=bc5a2df8&x-expires=1778140800&x-signature=yicvnkE%2Fd%2FCzWZH9Trfgq7Lp4MY%3D&t=4d5b0474&ps=13740610&shp=30310797&shcp=ff37627b&idc=useast8
😍😍Your skin looks amazing,1,1,2026-04-13T05:37:29.000Z,waithera_25,https://www.tiktok.com/@omaosita/video/7627561263744208148,6666785640010629126,7628113768786002695,https://p19-common-sign.tiktokcdn-us.com/tos-alisg-avt-0068/9c151beffd0114def8facdc960696bb1~tplv-tiktokx-cropcenter:100:100.jpg?dr=9640&refresh_token=40348a7f&x-expires=1778140800&x-signature=Unn6%2BDYvn4bBhhP2KGV4%2FM%2FYNDI%3D&t=4d5b0474&ps=13740610&shp=30310797&shcp=ff37627b&idc=useast8
I want the lip mask 🥰,0,1,2026-04-11T20:32:45.000Z,lovethpex,https://www.tiktok.com/@omaosita/video/7627561263744208148,7460564674284323846,7627602300353217287,https://p19-common-sign.tiktokcdn-us.com/tos-maliva-avt-0068/aec696e65526205d05a670c3191cb9b4~tplv-tiktokx-cropcenter:100:100.jpg?dr=9640&refresh_token=db4e802e&x-expires=1778140800&x-signature=sFYaJbg8NlRH4JK4QTFZakV5Rp4%3D&t=4d5b0474&ps=13740610&shp=30310797&shcp=ff37627b&idc=useast8
Wow can’t wait to try this,1,1,2026-04-11T18:17:11.000Z,ashabieats_,https://www.tiktok.com/@omaosita/video/7627561263744208148,6807479464458126342,7627567367916913416,https://p19-common-sign.tiktokcdn-us.com/tos-maliva-avt-0068/f7e8af1cb4d8cc88ab2e8ebc914f2b4e~tplv-tiktokx-cropcenter:100:100.jpg?dr=9640&refresh_token=513e685b&x-expires=1778140800&x-signature=lPUAmgM8%2Fd2f%2Bvb64oyYvh3%2F4ck%3D&t=4d5b0474&ps=13740610&shp=30310797&shcp=ff37627b&idc=useast8
This looks so good 🥰,1,1,2026-04-11T20:16:30.000Z,lifewith.bea,https://www.tiktok.com/@omaosita/video/7627561263744208148,7481697107305907205,7627598065797792533,https://p19-common-sign.tiktokcdn-us.com/tos-alisg-avt-0068/698e3245a84ae4386adac0d8087fe262~tplv-tiktokx-cropcenter:100:100.jpg?dr=9640&refresh_token=6fd829e4&x-expires=1778140800&x-signature=5ChrqYUK%2Bk34bKJK61eZ5wnHIfg%3D&t=4d5b0474&ps=13740610&shp=30310797&shcp=ff37627b&idc=useast8
Beauty to the next level 🥰🥰 I love it,1,0,2026-04-14T05:14:13.000Z,debywhyte1,https://www.tiktok.com/@omaosita/video/7627561263744208148,6824546944658129925,7628478805594768145,https://p19-common-sign.tiktokcdn-us.com/tos-alisg-avt-0068/fcca5242057a20dd2c5015b572801b35~tplv-tiktokx-cropcenter:100:100.jpg?dr=9640&refresh_token=f955fd12&x-expires=1778140800&x-signature=MXafMi9TDG9j%2BarvOi6NWHZpG3o%3D&t=4d5b0474&ps=13740610&shp=30310797&shcp=ff37627b&idc=useast8
I will definitely try this,0,0,2026-04-12T21:25:06.000Z,k_slimzy,https://www.tiktok.com/@omaosita/video/7627561263744208148,6811816343799120902,7627986877634659094,https://p16-common-sign.tiktokcdn-us.com/tos-maliva-avt-0068/df94c3dd014894e6d4daa37168ce19bd~tplv-tiktokx-cropcenter:100:100.jpg?dr=9640&refresh_token=9afdd29d&x-expires=1778140800&x-signature=kNdU%2B1Ej77Sqj8GZbUgsyevHH6k%3D&t=4d5b0474&ps=13740610&shp=30310797&shcp=ff37627b&idc=useast8
I want😍,0,0,2026-04-12T21:11:44.000Z,pyang.ugc,https://www.tiktok.com/@omaosita/video/7627561263744208148,7547770122358866957,7627983348326056718,https://p16-common-sign.tiktokcdn-us.com/tos-useast5-avt-0068-tx/5540f1454102c9b3b1ca62d63eb2213d~tplv-tiktokx-cropcenter:100:100.jpg?dr=9640&refresh_token=b09990d1&x-expires=1778140800&x-signature=SQz7FhQ0wa20uALu2WA48eCDaOw%3D&t=4d5b0474&ps=13740610&shp=30310797&shcp=ff37627b&idc=useast8
need to try,0,0,2026-04-12T19:53:29.000Z,glowingwithjune,https://www.tiktok.com/@omaosita/video/7627561263744208148,7420854285430162464,7627963255479304982,https://p19-common-sign.tiktokcdn-us.com/tos-maliva-avt-0068/f6afb431e87e78690cc54d417a753d86~tplv-tiktokx-cropcenter:100:100.jpg?dr=9640&refresh_token=4ab23c3e&x-expires=1778140800&x-signature=M7YitDLuBsqmlaSzkpz3B8sKTrk%3D&t=4d5b0474&ps=13740610&shp=30310797&shcp=ff37627b&idc=useast8
Nice 🥰🥰🥰,0,0,2026-04-12T19:50:43.000Z,sammieboo_1,https://www.tiktok.com/@omaosita/video/7627561263744208148,6852060045494256645,7627962533261853457,https://p19-common-sign.tiktokcdn-us.com/tos-alisg-avt-0068/87a236a4a251ccde7c8cdf178a0837df~tplv-tiktokx-cropcenter:100:100.jpg?dr=9640&refresh_token=b1f7555a&x-expires=1778140800&x-signature=2b%2BDv60vZo02MZI6UvUKM92s8%2B0%3D&t=4d5b0474&ps=13740610&shp=30310797&shcp=ff37627b&idc=useast8
What an amazing mask,0,0,2026-04-12T19:27:15.000Z,shilehzkhan,https://www.tiktok.com/@omaosita/video/7627561263744208148,7480174414501168161,7627956528104112898,https://p16-common-sign.tiktokcdn-us.com/tos-maliva-avt-0068/f31bbeea9ae42ff66fdde03ec6f4d8c2~tplv-tiktokx-cropcenter:100:100.jpg?dr=9640&refresh_token=3b3e3dfc&x-expires=1778140800&x-signature=uzfdxgtnztXL2%2FkR7nxqsZEemhc%3D&t=4d5b0474&ps=13740610&shp=30310797&shcp=ff37627b&idc=useast8
Love a good face mask,0,0,2026-04-12T17:48:39.000Z,barespice,https://www.tiktok.com/@omaosita/video/7627561263744208148,7467966464915932193,7627931078519685910,https://p19-common-sign.tiktokcdn-us.com/tos-maliva-avt-0068/a5d956146d6dd0860d1284abe6f802a7~tplv-tiktokx-cropcenter:100:100.jpg?dr=9640&refresh_token=7442edc4&x-expires=1778140800&x-signature=FVisOSbi0gfXWe0ox5Ln8yDwGWU%3D&t=4d5b0474&ps=13740610&shp=30310797&shcp=ff37627b&idc=useast8
Love love,0,0,2026-04-12T17:18:32.000Z,xariacarrillo,https://www.tiktok.com/@omaosita/video/7627561263744208148,7428643230340367402,7627923320054219533,https://p19-common-sign.tiktokcdn-us.com/tos-useast5-avt-0068-tx/bcca041bf7bff1ded1339b00702bfc4a~tplv-tiktokx-cropcenter:100:100.jpg?dr=9640&refresh_token=9a83fa3f&x-expires=1778140800&x-signature=kwUssLGpmZ8N3MrRW8dEbUc72gc%3D&t=4d5b0474&ps=13740610&shp=30310797&shcp=ff37627b&idc=useast8
How did you rate this mask?,0,0,2026-04-12T14:54:04.000Z,shilpa0sapkota,https://www.tiktok.com/@omaosita/video/7627561263744208148,6576235978992746502,7627886089919742736,https://p19-common-sign.tiktokcdn-us.com/tos-alisg-avt-0068/111b9c50b349624eaf1a328b4ad2fdf2~tplv-tiktokx-cropcenter:100:100.jpg?dr=9640&refresh_token=1b70d8ab&x-expires=1778140800&x-signature=i4zqvccbS2XtttEKPNdgf6JOJs0%3D&t=4d5b0474&ps=13740610&shp=30310797&shcp=ff37627b&idc=useast8
Wow looks lovely,0,0,2026-04-12T13:35:29.000Z,justtiffanys,https://www.tiktok.com/@omaosita/video/7627561263744208148,6800255269194236934,7627865785457328926,https://p19-common-sign.tiktokcdn-us.com/tos-useast8-avt-0068-tx2/ec7bc5fc84fe9e014cdc2ecb9b1d086b~tplv-tiktokx-cropcenter:100:100.jpg?dr=9640&refresh_token=81fc315d&x-expires=1778140800&x-signature=hMFHqt3dHHILogWyH%2FpC9VuC3iY%3D&t=4d5b0474&ps=13740610&shp=30310797&shcp=ff37627b&idc=useast8
Such a good mask 🥰,0,0,2026-04-12T13:23:01.000Z,fhaydskincarecreator,https://www.tiktok.com/@omaosita/video/7627561263744208148,7434278357315224622,7627862502958023454,https://p19-common-sign.tiktokcdn-us.com/tos-useast8-avt-0068-tx2/0206fecc0d7268744098d8f49db68e12~tplv-tiktokx-cropcenter:100:100.jpg?dr=9640&refresh_token=6697883c&x-expires=1778140800&x-signature=zDP6zTH9rHDC30JLF8NUy%2F6JOWo%3D&t=4d5b0474&ps=13740610&shp=30310797&shcp=ff37627b&idc=useast8
I need that lip mask,1,0,2026-04-11T18:59:53.000Z,itsnajy,https://www.tiktok.com/@omaosita/video/7627561263744208148,6790411073574634502,7627578385745117959,https://p19-common-sign.tiktokcdn-us.com/tos-alisg-avt-0068/224b32f4aa5001db99abbdf5e233e230~tplv-tiktokx-cropcenter:100:100.jpg?dr=9640&refresh_token=2b22860b&x-expires=1778140800&x-signature=9ippJyHwte1b66lB%2B6aYe9sop2M%3D&t=4d5b0474&ps=13740610&shp=30310797&shcp=ff37627b&idc=useast8
I enjoyed using this mask,0,1,2026-04-21T07:52:57.000Z,omaosita,https://www.tiktok.com/@gypsy_beth/video/7630941463827746062,7349091751821771782,7631117314210071316,https://p16-common-sign.tiktokcdn-us.com/tos-maliva-avt-0068/a35883cdbec87033a2ffc8c2a9cdaf81~tplv-tiktokx-cropcenter:100:100.jpg?dr=9640&refresh_token=face84d8&x-expires=1778140800&x-signature=sy4sudLA6GkYt8TmdhCUcGaIxB8%3D&t=4d5b0474&ps=13740610&shp=30310797&shcp=ff37627b&idc=useast8
"Ohhh this looksss amazing omg😳😳 and the way you adjust to cut it, amazing idea",1,2,2026-04-20T22:05:08.000Z,et3rnalglow,https://www.tiktok.com/@gypsy_beth/video/7630941463827746062,7396854964721697834,7630965732046160654,https://p19-common-sign.tiktokcdn-us.com/tos-useast5-avt-0068-tx/5aea1618eb4ecf44293d6a09d78b9a1f~tplv-tiktokx-cropcenter:100:100.jpg?dr=9640&refresh_token=6ebac1f5&x-expires=1778140800&x-signature=fYIWSyvrHpXqX4GvXw1dpNx0SSA%3D&t=4d5b0474&ps=13740610&shp=30310797&shcp=ff37627b&idc=useast8
Mask freak? Nope more like taking great care of skin. Love the trim hack,1,1,2026-04-21T00:30:56.000Z,lifewith_anna5,https://www.tiktok.com/@gypsy_beth/video/7630941463827746062,7371590707667502122,7631003414680224542,https://p16-common-sign.tiktokcdn-us.com/tos-useast8-avt-0068-tx2/336407da1e078b1ac091b6154ef74c69~tplv-tiktokx-cropcenter:100:100.jpg?dr=9640&refresh_token=2588f8a2&x-expires=1778140800&x-signature=hkr17J7wIeBQnhJ4ajFYtXb1bMA%3D&t=4d5b0474&ps=13740610&shp=30310797&shcp=ff37627b&idc=useast8
The lip mask is my favorite,1,1,2026-04-22T15:19:39.000Z,e.fosaa,https://www.tiktok.com/@gypsy_beth/video/7630941463827746062,6841130893358302214,7631603541585560341,https://p19-common-sign.tiktokcdn-us.com/tos-alisg-avt-0068/b727eb13c58c940b0e6339a5784fff1f~tplv-tiktokx-cropcenter:100:100.jpg?dr=9640&refresh_token=77f29771&x-expires=1778140800&x-signature=U7h0yYJdE0x7gwQcgZ0BtDuHZ9k%3D&t=4d5b0474&ps=13740610&shp=30310797&shcp=ff37627b&idc=useast8
I love this mask so much,1,1,2026-04-21T06:12:03.000Z,funmiomookun,https://www.tiktok.com/@gypsy_beth/video/7630941463827746062,6810285387089839109,7631091323853112080,https://p16-common-sign.tiktokcdn-us.com/tos-maliva-avt-0068/aafd41a3ab485ede3ee246b04aa81410~tplv-tiktokx-cropcenter:100:100.jpg?dr=9640&refresh_token=7f997ffc&x-expires=1778140800&x-signature=7H1grfUssUiInrlYlPwE4%2BUtHHo%3D&t=4d5b0474&ps=13740610&shp=30310797&shcp=ff37627b&idc=useast8
Ohhhh I love both!!!!,2,1,2026-04-20T21:55:02.000Z,lillysmimi,https://www.tiktok.com/@gypsy_beth/video/7630941463827746062,7537443603115934734,7630963231297028878,https://p16-common-sign.tiktokcdn-us.com/tos-useast5-avt-0068-tx/96d13a44e71ded11e32866ba0eba91ca~tplv-tiktokx-cropcenter:100:100.jpg?dr=9640&refresh_token=7a312678&x-expires=1778140800&x-signature=FDJNgQp%2FiwrWBddjSrTW%2FzW0YAM%3D&t=4d5b0474&ps=13740610&shp=30310797&shcp=ff37627b&idc=useast8
Looks so hydrating 💕,1,1,2026-04-21T11:22:20.000Z,swankydivalt,https://www.tiktok.com/@gypsy_beth/video/7630941463827746062,6821730539835343878,7631171190899671838,https://p16-common-sign.tiktokcdn-us.com/tos-useast8-avt-0068-tx2/b822d49379ef5c353195eeade7a07c44~tplv-tiktokx-cropcenter:100:100.jpg?dr=9640&refresh_token=6a44d2c4&x-expires=1778140800&x-signature=MEedq1ZinUj2tPKI6vIK7UsC5hc%3D&t=4d5b0474&ps=13740610&shp=30310797&shcp=ff37627b&idc=useast8
I call you mask queen 😝,0,1,2026-04-21T03:29:04.000Z,pink_jene,https://www.tiktok.com/@gypsy_beth/video/7630941463827746062,6822654614895903749,7631049295974220574,https://p19-common-sign.tiktokcdn-us.com/tos-useast8-avt-0068-tx2/53c73b58d2cb12478db9520143d1bd9b~tplv-tiktokx-cropcenter:100:100.jpg?dr=9640&refresh_token=cd45b118&x-expires=1778140800&x-signature=DlwqlNwWC0ZneFJ65sxebYCVNys%3D&t=4d5b0474&ps=13740610&shp=30310797&shcp=ff37627b&idc=useast8
Luv how big the lip mask is!,1,1,2026-04-20T23:03:49.000Z,sherylanne76,https://www.tiktok.com/@gypsy_beth/video/7630941463827746062,7226180921731908614,7630980969754985234,https://p16-common-sign.tiktokcdn-us.com/tos-maliva-avt-0068/dfa7c843fdbd586c70ce9caee7f0532d~tplv-tiktokx-cropcenter:100:100.jpg?dr=9640&refresh_token=d2c334f5&x-expires=1778140800&x-signature=DuslxbRtJi1v1RAMRKCwfALPmIg%3D&t=4d5b0474&ps=13740610&shp=30310797&shcp=ff37627b&idc=useast8
Your skin is glowing 😍,1,1,2026-04-21T04:49:44.000Z,igbagbomi,https://www.tiktok.com/@gypsy_beth/video/7630941463827746062,6992980487346340869,7631070143434720018,https://p16-common-sign.tiktokcdn-us.com/tos-maliva-avt-0068/f8651dca37a76b61f3876861cda36708~tplv-tiktokx-cropcenter:100:100.jpg?dr=9640&refresh_token=4480e11e&x-expires=1778140800&x-signature=1IGkZgjDWRBVxO8xyU4FiQ2pTB4%3D&t=4d5b0474&ps=13740610&shp=30310797&shcp=ff37627b&idc=useast8
love this mask,1,1,2026-04-21T20:36:51.000Z,mariapriore3,https://www.tiktok.com/@gypsy_beth/video/7630941463827746062,6518160039139786761,7631314188413993750,https://p19-common-sign.tiktokcdn-us.com/tos-maliva-avt-0068/7417c4208aa0d40fa02e86b33eab87a5~tplv-tiktokx-cropcenter:100:100.jpg?dr=9640&refresh_token=8ae112c7&x-expires=1778140800&x-signature=IUmXwuY7PKkc%2B6ykcv2ovlyPRQA%3D&t=4d5b0474&ps=13740610&shp=30310797&shcp=ff37627b&idc=useast8
I also love masks,0,1,2026-04-21T07:41:21.000Z,daisy_diaries1,https://www.tiktok.com/@gypsy_beth/video/7630941463827746062,6680928358362727429,7631114360370463495,https://p19-common-sign.tiktokcdn-us.com/tos-alisg-avt-0068/6ff1352ae9c427106c311a2d01c3b5c0~tplv-tiktokx-cropcenter:100:100.jpg?dr=9640&refresh_token=1b6f91b5&x-expires=1778140800&x-signature=pstpnxtqO0w4M16BqQuxp%2BAyiRc%3D&t=4d5b0474&ps=13740610&shp=30310797&shcp=ff37627b&idc=useast8
Your skin is glowing,1,1,2026-04-21T05:39:19.000Z,chiomalily06,https://www.tiktok.com/@gypsy_beth/video/7630941463827746062,7323674136549999621,7631082925035422471,https://p19-common-sign.tiktokcdn-us.com/tos-alisg-avt-0068/51abb4aa724f7f1baa8d64f7ca30a1c1~tplv-tiktokx-cropcenter:100:100.jpg?dr=9640&refresh_token=c24c9ae1&x-expires=1778140800&x-signature=gXgvzDcCjVjQzQQvAcMjWxjKa8U%3D&t=4d5b0474&ps=13740610&shp=30310797&shcp=ff37627b&idc=useast8
Love the lip mask✨,1,1,2026-04-21T13:26:49.000Z,crystalgz0,https://www.tiktok.com/@gypsy_beth/video/7630941463827746062,7326442373852300331,7631203271369638669,https://p19-common-sign.tiktokcdn-us.com/tos-useast5-avt-0068-tx/2323721abfeac26b5775d4f00552cf99~tplv-tiktokx-cropcenter:100:100.jpg?dr=9640&refresh_token=a3b7234e&x-expires=1778140800&x-signature=%2BpoBq%2FWpeIQC6sh5l7G6GHD3im0%3D&t=4d5b0474&ps=13740610&shp=30310797&shcp=ff37627b&idc=useast8
Amazing,1,0,2026-04-22T02:10:32.000Z,wendy_mariel22,https://www.tiktok.com/@gypsy_beth/video/7630941463827746062,6822569630058824710,7631400166675284757,https://p19-common-sign.tiktokcdn-us.com/tos-alisg-avt-0068/ffc1a3f60be158dad6cfa6e8011851d4~tplv-tiktokx-cropcenter:100:100.jpg?dr=9640&refresh_token=4beb4763&x-expires=1778140800&x-signature=9oX6nIzsvnw%2FmEFmzlnohnxUGiY%3D&t=4d5b0474&ps=13740610&shp=30310797&shcp=ff37627b&idc=useast8
Definitely worth my coin will go get mine,0,0,2026-04-21T03:04:03.000Z,teddievic,https://www.tiktok.com/@gypsy_beth/video/7630941463827746062,6809371755653743622,7631042863796060946,https://p16-common-sign.tiktokcdn-us.com/tos-alisg-avt-0068/c82a445fcd3189850ed0081bcbc90b4f~tplv-tiktokx-cropcenter:100:100.jpg?dr=9640&refresh_token=0345aacc&x-expires=1778140800&x-signature=uL7BLIn7nuwwb73Rah5ic3tFs5s%3D&t=4d5b0474&ps=13740610&shp=30310797&shcp=ff37627b&idc=useast8
Love a good mask 🥰,1,0,2026-04-21T06:40:06.000Z,_onlyfiyo,https://www.tiktok.com/@gypsy_beth/video/7630941463827746062,7208435957355283462,7631098552094032660,https://p19-common-sign.tiktokcdn-us.com/tos-maliva-avt-0068/2d2305ae2f14c2464e9bffe59700ac8f~tplv-tiktokx-cropcenter:100:100.jpg?dr=9640&refresh_token=02fc8f6e&x-expires=1778140800&x-signature=mCw5yDYh%2FGX%2BQdLIhENWJUDo9BQ%3D&t=4d5b0474&ps=13740610&shp=30310797&shcp=ff37627b&idc=useast8
Definitely need this,1,0,2026-04-21T01:54:29.000Z,lushtrendz.ugccreator,https://www.tiktok.com/@gypsy_beth/video/7630941463827746062,7364000149112439809,7631024919682499346,https://p19-common-sign.tiktokcdn-us.com/tos-alisg-avt-0068/883d62fcaa1a95358c066761ef2d7534~tplv-tiktokx-cropcenter:100:100.jpg?dr=9640&refresh_token=161b349e&x-expires=1778140800&x-signature=Cx43RM08gsTewh6PYA8ur%2F9a63o%3D&t=4d5b0474&ps=13740610&shp=30310797&shcp=ff37627b&idc=useast8
Ugh I looove your skin,1,1,2026-04-21T00:17:19.000Z,sashreport1,https://www.tiktok.com/@gypsy_beth/video/7630941463827746062,7368667626538812446,7630999891909346061,https://p19-common-sign.tiktokcdn-us.com/tos-useast5-avt-0068-tx/f855697ed48b49bf04c1b7f1d6d380fb~tplv-tiktokx-cropcenter:100:100.jpg?dr=9640&refresh_token=b7ee9470&x-expires=1778140800&x-signature=Dy0VUkRsZmviFsQowyPwoz2imH8%3D&t=4d5b0474&ps=13740610&shp=30310797&shcp=ff37627b&idc=useast8
love it 🥰,1,1,2026-04-20T23:03:42.000Z,keeping_up_with_chrissy,https://www.tiktok.com/@gypsy_beth/video/7630941463827746062,6789215457569227781,7630980912520790814,https://p16-common-sign.tiktokcdn-us.com/tos-useast5-avt-0068-tx/7310685137229283370~tplv-tiktokx-cropcenter:100:100.jpg?dr=9640&refresh_token=7a8debab&x-expires=1778140800&x-signature=YaeblFgaIyDNzH7NWIkM9z0VSkc%3D&t=4d5b0474&ps=13740610&shp=30310797&shcp=ff37627b&idc=useast8
Stop! I need the lips 🤩🤩🤩,1,1,2026-04-20T22:24:21.000Z,thejoyinthings,https://www.tiktok.com/@gypsy_beth/video/7630941463827746062,7560526901664891917,7630970571913151262,https://p16-common-sign.tiktokcdn-us.com/tos-useast8-avt-0068-tx2/5186f19d58116b85f5c0b6095255fdf4~tplv-tiktokx-cropcenter:100:100.jpg?dr=9640&refresh_token=50645d2d&x-expires=1778140800&x-signature=iDj4jcrwIZMoc1iMMBa0jHpicQk%3D&t=4d5b0474&ps=13740610&shp=30310797&shcp=ff37627b&idc=useast8
Love the glow hun,0,0,2026-04-24T13:43:09.000Z,shonawignal26,https://www.tiktok.com/@gypsy_beth/video/7630941463827746062,7000698692982883333,7632320829100393236,https://p16-common-sign.tiktokcdn-us.com/tos-maliva-avt-0068/746947f38c29a6e5b484cabc12f8eb05~tplv-tiktokx-cropcenter:100:100.jpg?dr=9640&refresh_token=1046f542&x-expires=1778140800&x-signature=JbEH3XJX2BGnN3GVU9M2X4AUGIw%3D&t=4d5b0474&ps=13740610&shp=30310797&shcp=ff37627b&idc=useast8
Look at that glow ❤️,0,0,2026-04-22T19:04:11.000Z,floxy_skincare5,https://www.tiktok.com/@gypsy_beth/video/7630941463827746062,7563114164040090646,7631661394372461334,https://p16-common-sign.tiktokcdn-us.com/tos-maliva-avt-0068/c01d8b39167a5ef8e949b95c57875abc~tplv-tiktokx-cropcenter:100:100.jpg?dr=9640&refresh_token=6dab6790&x-expires=1778140800&x-signature=5TTs2jy4XHxYdFHiutYjAsSQsZE%3D&t=4d5b0474&ps=13740610&shp=30310797&shcp=ff37627b&idc=useast8
amazing 👏 🤩,0,0,2026-04-22T08:28:00.000Z,k_slimzy,https://www.tiktok.com/@gypsy_beth/video/7630941463827746062,6811816343799120902,7631497393653465878,https://p19-common-sign.tiktokcdn-us.com/tos-maliva-avt-0068/df94c3dd014894e6d4daa37168ce19bd~tplv-tiktokx-cropcenter:100:100.jpg?dr=9640&refresh_token=0e98e49f&x-expires=1778140800&x-signature=Gf6KdnKRym12wOVoMfyKghXMbQs%3D&t=4d5b0474&ps=13740610&shp=30310797&shcp=ff37627b&idc=useast8
Wow what a glow😍,0,0,2026-04-22T22:21:45.000Z,beautyalvi,https://www.tiktok.com/@gypsy_beth/video/7630941463827746062,7122188705062175750,7631712235711922967,https://p16-common-sign.tiktokcdn-us.com/tos-maliva-avt-0068/20d6208003c85843e9d97626c1e3c1ad~tplv-tiktokx-cropcenter:100:100.jpg?dr=9640&refresh_token=5998b9f2&x-expires=1778140800&x-signature=I%2Fda6Z1CapwT4NB4Ln8OqKB1jUM%3D&t=4d5b0474&ps=13740610&shp=30310797&shcp=ff37627b&idc=useast8
Skin looks amazing 💕,0,0,2026-04-22T01:46:38.000Z,cindysolutions,https://www.tiktok.com/@gypsy_beth/video/7630941463827746062,6865866336423543814,7631393946175144717,https://p19-common-sign.tiktokcdn-us.com/tos-useast5-avt-0068-tx/9e5cacad0328c80a2581da0faa68cffa~tplv-tiktokx-cropcenter:100:100.jpg?dr=9640&refresh_token=18494efc&x-expires=1778140800&x-signature=cPL4aAuIR6w9CDW%2BV9PJJqFQx9k%3D&t=4d5b0474&ps=13740610&shp=30310797&shcp=ff37627b&idc=useast8
Your skin looks incredible,0,0,2026-04-21T20:13:42.000Z,dziosefina,https://www.tiktok.com/@gypsy_beth/video/7630941463827746062,7078800126109697029,7631308234398024470,https://p16-common-sign.tiktokcdn-us.com/tos-maliva-avt-0068/265d8aca891aaa53f9350d4b8866fda6~tplv-tiktokx-cropcenter:100:100.jpg?dr=9640&refresh_token=18783935&x-expires=1778140800&x-signature=iyGvwtQo%2FxHnJ8jsqoJRT8fHPqc%3D&t=4d5b0474&ps=13740610&shp=30310797&shcp=ff37627b&idc=useast8
You got my follow . Gorgeous skin,0,0,2026-04-21T19:59:32.000Z,lisakitty222,https://www.tiktok.com/@gypsy_beth/video/7630941463827746062,7049199544244241414,7631304555883709197,https://p19-common-sign.tiktokcdn-us.com/tos-useast5-avt-0068-tx/3f91479c68ae36f6d4dc0f347596ea41~tplv-tiktokx-cropcenter:100:100.jpg?dr=9640&refresh_token=573a55c6&x-expires=1778140800&x-signature=2QebqbzbKXKL65DrhuYbQyq4B1k%3D&t=4d5b0474&ps=13740610&shp=30310797&shcp=ff37627b&idc=useast8
"Yes, this set looks so good😍😍😍",0,0,2026-04-21T18:43:27.000Z,fakehair_dntcare,https://www.tiktok.com/@gypsy_beth/video/7630941463827746062,7245454061264389166,7631284860939010829,https://p19-common-sign.tiktokcdn-us.com/tos-useast5-avt-0068-tx/f1487897000de8a307a06f5147fa09c1~tplv-tiktokx-cropcenter:100:100.jpg?dr=9640&refresh_token=fb5a365d&x-expires=1778140800&x-signature=8EoDP%2FGT4ttcWaFdn45COZ9BxbI%3D&t=4d5b0474&ps=13740610&shp=30310797&shcp=ff37627b&idc=useast8
Love this mask duo! Love the glow,0,0,2026-04-21T01:52:31.000Z,rima_k0,https://www.tiktok.com/@gypsy_beth/video/7630941463827746062,7048678101676819462,7631024417876050708,https://p19-common-sign.tiktokcdn-us.com/tos-alisg-avt-0068/8ff679467b64dea07556f7e0ffe5cd17~tplv-tiktokx-cropcenter:100:100.jpg?dr=9640&refresh_token=0b470f64&x-expires=1778140800&x-signature=fSUlpj%2BMADtmEyiajvPlpDVQOTA%3D&t=4d5b0474&ps=13740610&shp=30310797&shcp=ff37627b&idc=useast8
Me gusta como se ve esa mascarilla! Y la necesito,0,0,2026-04-22T07:31:49.000Z,kasssanchez21,https://www.tiktok.com/@gypsy_beth/video/7630941463827746062,7189144449086211078,7631482939830567697,https://p16-common-sign.tiktokcdn-us.com/tos-alisg-avt-0068/56caa13b82e9f649d1da25a33e18a631~tplv-tiktokx-cropcenter:100:100.jpg?dr=9640&refresh_token=988554fe&x-expires=1778140800&x-signature=gauEQi4HzBkT8ybAORnOkNhmk8I%3D&t=4d5b0474&ps=13740610&shp=30310797&shcp=ff37627b&idc=useast8
Your skin looks soo hydrated,0,0,2026-04-14T18:59:37.000Z,daberespace,https://www.tiktok.com/@omaosita/video/7627561263744208148,7575486986694788097,7628691553754055442,https://p16-common-sign.tiktokcdn-us.com/tos-alisg-avt-0068/1cfca08c702bbf8653a454482792bfe2~tplv-tiktokx-cropcenter:100:100.jpg?dr=9640&refresh_token=48415be7&x-expires=1778140800&x-signature=9NpmWJYJaVLVjj0IQHEnJLtvgc8%3D&t=4d5b0474&ps=13740610&shp=30310797&shcp=ff37627b&idc=useast5
omg I need this routine so badly 👏👏👏👏 this looks insanely juicy,1,0,2026-04-18T08:45:00.000Z,millennialglowup,https://www.tiktok.com/@dgirlcarrot/video/7629639341559549204,7466356509947511826,7630017465141543696,https://p16-common-sign.tiktokcdn-eu.com/tos-alisg-avt-0068/f5232e53f5ab640f7d3adf32f4e9941e~tplv-tiktokx-cropcenter:100:100.jpg?dr=10399&refresh_token=de07f337&x-expires=1778140800&x-signature=xX8PjiD2b5vzxj7OwTJy3ZmJHeQ%3D&t=4d5b0474&ps=13740610&shp=30310797&shcp=ff37627b&idc=no1a
Ahh I love rose scents 😍 these both look so lovely and hydrating,0,0,2026-04-20T12:44:56.000Z,soradakke,https://www.tiktok.com/@dgirlcarrot/video/7629639341559549204,7548101197279282198,7630821457162208022,https://p16-common-sign.tiktokcdn-eu.com/tos-no1a-avt-0068c001-no/7fee851a44194ac85e85647b5238a6a6~tplv-tiktokx-cropcenter:100:100.jpg?dr=10399&refresh_token=34a77ee0&x-expires=1778140800&x-signature=6d79U95UYTGnS3gIlXDeSKwWcpA%3D&t=4d5b0474&ps=13740610&shp=30310797&shcp=ff37627b&idc=no1a
The mask looks so nice 😳 and i need the lips mask for my dry lips too,0,0,2026-04-18T05:07:12.000Z,_embenhi11,https://www.tiktok.com/@dgirlcarrot/video/7629639341559549204,23994869,7629961373438853908,https://p16-common-sign.tiktokcdn-eu.com/tos-alisg-avt-0068/b657f3a4f8cdffd522a4518875fd1aa3~tplv-tiktokx-cropcenter:100:100.jpg?dr=10399&refresh_token=6f17c504&x-expires=1778140800&x-signature=Zfwg7qh2Mp5pA1eaFRDiG7nxdv8%3D&t=4d5b0474&ps=13740610&shp=30310797&shcp=ff37627b&idc=no1a
"That’s so unique! I’ve never seen a lip mask like that before, I neeed",0,0,2026-04-19T16:06:29.000Z,glowandtellwithalexis,https://www.tiktok.com/@dgirlcarrot/video/7629639341559549204,6740423812868080646,7630502282971054878,https://p16-common-sign.tiktokcdn-eu.com/tos-maliva-avt-0068/ec311221f05bbd084eae40c9da817e11~tplv-tiktokx-cropcenter:100:100.jpg?dr=10399&refresh_token=6f844b24&x-expires=1778140800&x-signature=%2FYGCXr8uO7jsNLwGRWK2AG6M5HU%3D&t=4d5b0474&ps=13740610&shp=30310797&shcp=ff37627b&idc=no1a
My SisStar Queen why isn’t there a shopping cart? I like this a lot… 👀,0,0,2026-04-19T10:40:57.000Z,iamthemysticalgenie,https://www.tiktok.com/@dgirlcarrot/video/7629639341559549204,7064797709191349294,7630418003259638558,https://p16-common-sign.tiktokcdn-eu.com/tos-maliva-avt-0068/423806f5754761649dc7e15b8fefbaf0~tplv-tiktokx-cropcenter:100:100.jpg?dr=10399&refresh_token=b624bb32&x-expires=1778140800&x-signature=T2vFCsmE9iHh4MwqasZY%2FdtLsw4%3D&t=4d5b0474&ps=13740610&shp=30310797&shcp=ff37627b&idc=no1a
I really enjoyed the lip mask. Love the audio 😏😍,0,0,2026-04-17T23:40:21.000Z,aurora_luvskincare,https://www.tiktok.com/@dgirlcarrot/video/7629639341559549204,7014709200157950981,7629877132164268818,https://p16-common-sign.tiktokcdn-eu.com/tos-alisg-avt-0068/22ef71ef2a5c32d59d0bd91df2894671~tplv-tiktokx-cropcenter:100:100.jpg?dr=10399&refresh_token=36cb1b43&x-expires=1778140800&x-signature=%2Fv1ybUya06M8wNvKdIcDUF3likY%3D&t=4d5b0474&ps=13740610&shp=30310797&shcp=ff37627b&idc=no1a
I love the lip maks 😍need to try both,0,0,2026-04-19T16:50:40.000Z,bella_ugc_xx,https://www.tiktok.com/@dgirlcarrot/video/7629639341559549204,7355045588800554017,7630513724818768672,https://p19-common-sign.tiktokcdn-eu.com/tos-useast2a-avt-0068-euttp/fa938016542a146261dc5f83c9355732~tplv-tiktokx-cropcenter:100:100.jpg?dr=10399&refresh_token=30cc8c36&x-expires=1778140800&x-signature=svzV4HO4KDnkDHpDL%2By72O99FPk%3D&t=4d5b0474&ps=13740610&shp=30310797&shcp=ff37627b&idc=no1a
obsessed with the lip packaging too 😍😍 love the results of both masks 💗,0,0,2026-04-19T21:41:00.000Z,letisjourney,https://www.tiktok.com/@dgirlcarrot/video/7629639341559549204,7390699722354918433,7630588531912557334,https://p16-common-sign.tiktokcdn-eu.com/tos-no1a-avt-0068c001-no/a7a4dae3b4e4d541ffb464731e6a1ef5~tplv-tiktokx-cropcenter:100:100.jpg?dr=10399&refresh_token=6a310b72&x-expires=1778140800&x-signature=DHDmoo0ShBU1tLXExJ%2BuInPGKm8%3D&t=4d5b0474&ps=13740610&shp=30310797&shcp=ff37627b&idc=no1a
Loving the lip mask!!,0,0,2026-04-21T10:52:32.000Z,coffeeladymelissa,https://www.tiktok.com/@dgirlcarrot/video/7629639341559549204,6882191795263112197,7631163643010269960,https://p16-common-sign.tiktokcdn-eu.com/tos-maliva-avt-0068/a63de6deca7403f7308200f7ce124d0a~tplv-tiktokx-cropcenter:100:100.jpg?dr=10399&refresh_token=66d5c697&x-expires=1778140800&x-signature=k7KbW0kTcUQb7tklxrTZBhhV%2Flw%3D&t=4d5b0474&ps=13740610&shp=30310797&shcp=ff37627b&idc=no1a
Love how pretty these clear masks are 😍😍,0,0,2026-04-23T11:38:18.000Z,sweetskinsorbet,https://www.tiktok.com/@dgirlcarrot/video/7629639341559549204,7502529081814025238,7631917536347259670,https://p16-common-sign.tiktokcdn-eu.com/tos-no1a-avt-0068c001-no/b6dfc6b4ee8398f61fc7edc62330be14~tplv-tiktokx-cropcenter:100:100.jpg?dr=10399&refresh_token=9e2fb8bc&x-expires=1778140800&x-signature=nOeBcbPWAHLR3lxcHOLGOGiwkrg%3D&t=4d5b0474&ps=13740610&shp=30310797&shcp=ff37627b&idc=no1a
What a lovely lip mask good for me 👍💕💕,0,0,2026-04-19T04:45:53.000Z,may.sheun,https://www.tiktok.com/@dgirlcarrot/video/7629639341559549204,7428803123571196933,7630326967472898834,https://p16-common-sign.tiktokcdn-eu.com/tos-alisg-avt-0068/78d2186902fb8c26eb0c2be3fa9f5ef5~tplv-tiktokx-cropcenter:100:100.jpg?dr=10399&refresh_token=5a042561&x-expires=1778140800&x-signature=FslyGF4Nkem%2BInkD9cdjTD9utdI%3D&t=4d5b0474&ps=13740610&shp=30310797&shcp=ff37627b&idc=no1a
Such a good duo. I want that lip mask.,0,0,2026-05-03T08:02:41.000Z,rebelkushie,https://www.tiktok.com/@dgirlcarrot/video/7629639341559549204,7254256541384442886,7635572878523761430,https://p16-common-sign.tiktokcdn-eu.com/tos-no1a-avt-0068c001-no/1e5c817a6b919d19647505ce15614f32~tplv-tiktokx-cropcenter:100:100.jpg?dr=10399&refresh_token=3b63040f&x-expires=1778140800&x-signature=XI8UaYFUnVbw4i5RufRWTdlRRcE%3D&t=4d5b0474&ps=13740610&shp=30310797&shcp=ff37627b&idc=no1a
I loveee a good lip mask 😍🫢,0,0,2026-04-25T22:26:15.000Z,hauls5024,https://www.tiktok.com/@dgirlcarrot/video/7629639341559549204,7462753905597613089,7632826720701235971,https://p16-common-sign.tiktokcdn-eu.com/tos-no1a-avt-0068c001-no/de982bd7d3e9f7d8d7574343e3871a32~tplv-tiktokx-cropcenter:100:100.jpg?dr=10399&refresh_token=e533c90f&x-expires=1778140800&x-signature=pOtiS0ycET%2FGKqGB9JychLhJu14%3D&t=4d5b0474&ps=13740610&shp=30310797&shcp=ff37627b&idc=no1a
looks so hydrating and the lip masks is too cuteee!! 🥰,0,0,2026-04-19T22:01:36.000Z,am.cinnabloom,https://www.tiktok.com/@dgirlcarrot/video/7629639341559549204,7414926245752554539,7630593823865455374,https://p16-common-sign.tiktokcdn-eu.com/tos-maliva-avt-0068/1aa3635c5672b7649a4c2a20fe6911aa~tplv-tiktokx-cropcenter:100:100.jpg?dr=10399&refresh_token=bf33fe32&x-expires=1778140800&x-signature=9795KRcab6k5Vl5PRkNXlocQDu8%3D&t=4d5b0474&ps=13740610&shp=30310797&shcp=ff37627b&idc=no1a
I'm obsessed with face masks!! ❤️,0,0,2026-04-20T04:59:36.000Z,dii._.aguii,https://www.tiktok.com/@dgirlcarrot/video/7629639341559549204,7232338202379142150,7630701603515040519,https://p16-common-sign.tiktokcdn-eu.com/tos-alisg-avt-0068/30788f3c22785e3323cc6c294c5ed089~tplv-tiktokx-cropcenter:100:100.jpg?dr=10399&refresh_token=61befd89&x-expires=1778140800&x-signature=rnkaAN5QtZgClkq7RUiiBt59AQk%3D&t=4d5b0474&ps=13740610&shp=30310797&shcp=ff37627b&idc=no1a
seeing this everywhere..looka too good..really loved the lip mask,0,0,2026-04-23T00:53:32.000Z,the_fifth_blossom,https://www.tiktok.com/@dgirlcarrot/video/7629639341559549204,7441840545137804344,7631751372313297682,https://p16-common-sign.tiktokcdn-eu.com/tos-alisg-avt-0068/d67d88011035fbb347530582252faeae~tplv-tiktokx-cropcenter:100:100.jpg?dr=10399&refresh_token=3d9c0fcc&x-expires=1778140800&x-signature=637oCBDOc6O1u9m7ckrwksSSgjw%3D&t=4d5b0474&ps=13740610&shp=30310797&shcp=ff37627b&idc=no1a
This mask is simply invisible😍,0,0,2026-04-19T23:27:51.000Z,glow_tok1,https://www.tiktok.com/@dgirlcarrot/video/7629639341559549204,7479042660511663112,7630616018491163393,https://p16-common-sign.tiktokcdn-eu.com/tos-alisg-avt-0068/92fc9b09272de558d8a2fcdbafc4c53b~tplv-tiktokx-cropcenter:100:100.jpg?dr=10399&refresh_token=3573886e&x-expires=1778140800&x-signature=vQecLahOTw8EN6gfbjqtWbCPELI%3D&t=4d5b0474&ps=13740610&shp=30310797&shcp=ff37627b&idc=no1a
You’re skin is glowingg,0,0,2026-04-25T02:55:22.000Z,.avasevilla,https://www.tiktok.com/@dgirlcarrot/video/7629639341559549204,7430532457898443781,7632524991217074962,https://p16-common-sign.tiktokcdn-eu.com/tos-alisg-avt-0068/5dc7c87a58e0abba7cf0ebe2040edd80~tplv-tiktokx-cropcenter:100:100.jpg?dr=10399&refresh_token=6370f34c&x-expires=1778140800&x-signature=%2BRWjpMdhVCya7Iz6MBSwcV6Pg%2Bs%3D&t=4d5b0474&ps=13740610&shp=30310797&shcp=ff37627b&idc=no1a
Masks are so good - this one sounds awesome,0,0,2026-04-18T19:01:09.000Z,lovetitaalex,https://www.tiktok.com/@dgirlcarrot/video/7629639341559549204,7531140854125675575,7630176175927902989,https://p16-common-sign.tiktokcdn-eu.com/tos-maliva-avt-0068/aeb1daad93185b453e12dcef4f3e4fdc~tplv-tiktokx-cropcenter:100:100.jpg?dr=10399&refresh_token=435c259d&x-expires=1778140800&x-signature=4XuP%2BVOkMhLWziqHqp4X2rtBnJk%3D&t=4d5b0474&ps=13740610&shp=30310797&shcp=ff37627b&idc=no1a
"These lip masks are so smart 😍 need to try them, and the mask really wouldn't budge it seems 🤭 both seem great",0,0,2026-04-19T14:36:14.000Z,remadeinkorea,https://www.tiktok.com/@dgirlcarrot/video/7629639341559549204,7478922793591374855,7630479118060126996,https://p16-common-sign.tiktokcdn-eu.com/tos-alisg-avt-0068/383af9bb2f893e2818094903cb8572e0~tplv-tiktokx-cropcenter:100:100.jpg?dr=10399&refresh_token=0defe63a&x-expires=1778140800&x-signature=yKG8ktswyLRRpxAa63ZUekBGmOs%3D&t=4d5b0474&ps=13740610&shp=30310797&shcp=ff37627b&idc=no1a
Omg the lip one is so cute😍😍,0,0,2026-04-17T14:10:17.000Z,illaalvarez,https://www.tiktok.com/@dgirlcarrot/video/7629639341559549204,7138740136028914714,7629730270148657936,https://p16-common-sign.tiktokcdn-eu.com/tos-alisg-avt-0068/4dafaa2f3d51e8427e86c1d97ecc2cc1~tplv-tiktokx-cropcenter:100:100.jpg?dr=10399&refresh_token=331b36b1&x-expires=1778140800&x-signature=FZGgRBHtx45uMQTdS4x3QuC2Vlc%3D&t=4d5b0474&ps=13740610&shp=30310797&shcp=ff37627b&idc=no1a
"Wow, that mask is different",0,0,2026-05-03T15:34:31.000Z,dr_narnah,https://www.tiktok.com/@dgirlcarrot/video/7629639341559549204,6795641671382057990,7635689287418250006,https://p16-common-sign.tiktokcdn-eu.com/tos-no1a-avt-0068c001-no/c1536b75cb51c8d37fd8cb2605568977~tplv-tiktokx-cropcenter:100:100.jpg?dr=10399&refresh_token=f4116c85&x-expires=1778140800&x-signature=lJ5Ozre4U7SrQGvdmEJZtL08ENk%3D&t=4d5b0474&ps=13740610&shp=30310797&shcp=ff37627b&idc=no1a
I love masks!! And the glow after is amazing!,0,0,2026-04-18T16:39:05.000Z,cute_.seori,https://www.tiktok.com/@dgirlcarrot/video/7629639341559549204,7216677599941559297,7630139687442252562,https://p19-common-sign.tiktokcdn-eu.com/tos-alisg-avt-0068/b93b0667234ee7de2e8a080a1b322667~tplv-tiktokx-cropcenter:100:100.jpg?dr=10399&refresh_token=4a664841&x-expires=1778140800&x-signature=VpmaXrm3W0UbcYAgqFCLNHdwB6s%3D&t=4d5b0474&ps=13740610&shp=30310797&shcp=ff37627b&idc=no1a
"how r u carol?? wishing u hving d best n happiest life.. lov u , as usual😉😉😉",0,0,2026-04-17T08:47:12.000Z,milo4003,https://www.tiktok.com/@dgirlcarrot/video/7629639341559549204,7130572001446740997,7629646994273321735,https://p16-common-sign.tiktokcdn-eu.com/tos-alisg-avt-0068/fadf96687509fc25e5998815be3356c7~tplv-tiktokx-cropcenter:100:100.jpg?dr=10399&refresh_token=3d8f294a&x-expires=1778140800&x-signature=DXoXFSLU9B%2B9e7FHpSe85%2FJ%2B%2FLY%3D&t=4d5b0474&ps=13740610&shp=30310797&shcp=ff37627b&idc=no1a
oh i love this hydrating duo,0,0,2026-04-17T15:17:22.000Z,aurabyhela,https://www.tiktok.com/@dgirlcarrot/video/7629639341559549204,6790705062009766918,7629747546524779284,https://p16-common-sign.tiktokcdn-eu.com/tos-maliva-avt-0068/75a256cc0c9f9d4806209e250d7f0991~tplv-tiktokx-cropcenter:100:100.jpg?dr=10399&refresh_token=26b38c3c&x-expires=1778140800&x-signature=Av92BHgC2qCBr3GoEvb%2FGGrsKeA%3D&t=4d5b0474&ps=13740610&shp=30310797&shcp=ff37627b&idc=no1a
Such a nice mask 😍 so glowing and plump,0,0,2026-04-18T07:13:16.000Z,boobaaloobaa,https://www.tiktok.com/@dgirlcarrot/video/7629639341559549204,6742091611725644806,7629993793975108374,https://p16-common-sign.tiktokcdn-eu.com/tos-no1a-avt-0068c001-no/d734b2248feb7b1133ac1a0104441a6f~tplv-tiktokx-cropcenter:100:100.jpg?dr=10399&refresh_token=f83df434&x-expires=1778140800&x-signature=%2BpWbUSIfYJ7Esk8LYcA%2FILa0E%2FA%3D&t=4d5b0474&ps=13740610&shp=30310797&shcp=ff37627b&idc=no1a
love that it's shaped like lips❤️❤️,0,0,2026-04-17T12:58:51.000Z,scribblesandserums,https://www.tiktok.com/@dgirlcarrot/video/7629639341559549204,7496310761826337797,7629711842152481552,https://p19-common-sign.tiktokcdn-eu.com/tos-alisg-avt-0068/0e1b6cbdf4dcfbbbdb2ab9a985b82dc5~tplv-tiktokx-cropcenter:100:100.jpg?dr=10399&refresh_token=ceb27f95&x-expires=1778140800&x-signature=%2F0Wc0eJ0CFvoeXp6p4C58Wxera8%3D&t=4d5b0474&ps=13740610&shp=30310797&shcp=ff37627b&idc=no1a
wowww I need a lip mask!,0,0,2026-04-17T10:37:39.000Z,_katvilla,https://www.tiktok.com/@dgirlcarrot/video/7629639341559549204,7204242668212519941,7629675462249841416,https://p19-common-sign.tiktokcdn-eu.com/tos-maliva-avt-0068/74bc15e5eac98f7e0f109fd8991edf9e~tplv-tiktokx-cropcenter:100:100.jpg?dr=10399&refresh_token=8ae121ba&x-expires=1778140800&x-signature=W0JGPyn9gluHgeK%2FYV9jl76%2FBg8%3D&t=4d5b0474&ps=13740610&shp=30310797&shcp=ff37627b&idc=no1a
Love this face and lip masks! Great results,0,0,2026-04-18T17:04:43.000Z,rima_k0,https://www.tiktok.com/@dgirlcarrot/video/7629639341559549204,7048678101676819462,7630146283953406740,https://p16-common-sign.tiktokcdn-eu.com/tos-alisg-avt-0068/8ff679467b64dea07556f7e0ffe5cd17~tplv-tiktokx-cropcenter:100:100.jpg?dr=10399&refresh_token=81a1d365&x-expires=1778140800&x-signature=dUqUQGaVD3ef2Rr4lKBlK8GcBx4%3D&t=4d5b0474&ps=13740610&shp=30310797&shcp=ff37627b&idc=no1a
"I love the mask, your skin is glowing 😍",0,0,2026-04-18T17:34:59.000Z,ugc_kisha,https://www.tiktok.com/@dgirlcarrot/video/7629639341559549204,7169936430260454442,7630154044451390222,https://p16-common-sign.tiktokcdn-eu.com/tos-maliva-avt-0068/92598a24874f91ce87a71c7ddfae1940~tplv-tiktokx-cropcenter:100:100.jpg?dr=10399&refresh_token=59343e9b&x-expires=1778140800&x-signature=fSwomrMHjsrEuEn3uYD1E2lyWyY%3D&t=4d5b0474&ps=13740610&shp=30310797&shcp=ff37627b&idc=no1a
The lip mask 👄,0,0,2026-04-12T07:48:49.000Z,chinnybabe25,https://www.tiktok.com/@omaosita/video/7627561263744208148,6991478445013009413,7627776526490764040,https://p16-common-sign.tiktokcdn-eu.com/tos-alisg-avt-0068/7e10d29ba0fd52d569fd865ea85af8b7~tplv-tiktokx-cropcenter:100:100.jpg?dr=10399&refresh_token=8983e5f2&x-expires=1778140800&x-signature=fOcmPx0dIvkFjl0tCxi9KJ1I%2Brg%3D&t=4d5b0474&ps=13740610&shp=30310797&shcp=ff37627b&idc=no1a
Love the lip mask,0,0,2026-04-12T11:34:57.000Z,catherine_loves_beauty,https://www.tiktok.com/@omaosita/video/7627561263744208148,7479171729611260974,7627834238779933470,https://p16-common-sign.tiktokcdn-eu.com/tos-maliva-avt-0068/614f54f0572691be0b9b2121bf30122c~tplv-tiktokx-cropcenter:100:100.jpg?dr=10399&refresh_token=a2077d8a&x-expires=1778140800&x-signature=Q%2Bef592bbrqEL47IL7vsMkSy6Ys%3D&t=4d5b0474&ps=13740610&shp=30310797&shcp=ff37627b&idc=no1a
wow😍 looks so amazing 👏,0,0,2026-04-12T09:02:52.000Z,nerissapark,https://www.tiktok.com/@omaosita/video/7627561263744208148,6918596524072354818,7627795583294587669,https://p16-common-sign.tiktokcdn-eu.com/tos-alisg-avt-0068/b233cb8053aad91508b3755137b0427b~tplv-tiktokx-cropcenter:100:100.jpg?dr=10399&refresh_token=651b7d3d&x-expires=1778140800&x-signature=W6z2tnU42DNtPtCy37cKG7Z37co%3D&t=4d5b0474&ps=13740610&shp=30310797&shcp=ff37627b&idc=no1a
woahhh so good 😍,0,0,2026-04-12T09:09:17.000Z,loviu.am,https://www.tiktok.com/@omaosita/video/7627561263744208148,7345880447911560225,7627797233195762454,https://p16-common-sign.tiktokcdn-eu.com/tos-no1a-avt-0068c001-no/5f642bf1b1ca810f73d38307a8c5af62~tplv-tiktokx-cropcenter:100:100.jpg?dr=10399&refresh_token=a867ef8c&x-expires=1778140800&x-signature=6kUlS%2FftefV2Cycmkr6H5SGOGKc%3D&t=4d5b0474&ps=13740610&shp=30310797&shcp=ff37627b&idc=no1a
Love this mask💚,0,0,2026-04-12T12:05:05.000Z,selinophile23,https://www.tiktok.com/@omaosita/video/7627561263744208148,285144564892647424,7627842571800363797,https://p16-common-sign.tiktokcdn-eu.com/tos-alisg-avt-0068/b963dcd5dccabf7e0ad0f45ee249c414~tplv-tiktokx-cropcenter:100:100.jpg?dr=10399&refresh_token=27b5f876&x-expires=1778140800&x-signature=NmIlGzMnHxqbFZbNvUSYTHb3Z1Y%3D&t=4d5b0474&ps=13740610&shp=30310797&shcp=ff37627b&idc=no1a
Wow the glow 🥰 and I love the mask,0,0,2026-04-21T16:53:35.000Z,sera_szn19,https://www.tiktok.com/@gypsy_beth/video/7630941463827746062,6974040929398293510,7631256678680150792,https://p16-common-sign.tiktokcdn.com/tos-alisg-avt-0068/6e5057390111371ca7a76085ee719fe0~tplv-tiktokx-cropcenter:100:100.jpg?dr=14579&refresh_token=6a077638&x-expires=1778140800&x-signature=%2BwCEdDYPqhSKrjJYELGMRQOMBqY%3D&t=4d5b0474&ps=13740610&shp=30310797&shcp=ff37627b&idc=my
Wow love it😍,0,0,2026-04-24T22:00:22.000Z,oana23alexandra,https://www.tiktok.com/@gypsy_beth/video/7630941463827746062,6820821174625960965,7632448911438054166,https://p19-common-sign.tiktokcdn.com/tos-maliva-avt-0068/0bd9ae8e23e6f5b4e79b14a32b60801a~tplv-tiktokx-cropcenter:100:100.jpg?dr=14579&refresh_token=f71f931a&x-expires=1778140800&x-signature=oFQlKvB2FLKVo9t%2FqKuEUeFdC8U%3D&t=4d5b0474&ps=13740610&shp=30310797&shcp=ff37627b&idc=my
Your skin is sooooo good!,1,1,2026-04-25T01:41:54.000Z,allyson2point0,https://www.tiktok.com/@gypsy_beth/video/7630941463827746062,6639408162511175686,7632506028403753742,https://p16-common-sign.tiktokcdn.com/tos-maliva-avt-0068/fa45501be9490f1270245694387199a5~tplv-tiktokx-cropcenter:100:100.jpg?dr=14579&refresh_token=f049c568&x-expires=1778140800&x-signature=mhN%2BDjlDGcGZ1zJK5HLE%2FwXrsfQ%3D&t=4d5b0474&ps=13740610&shp=30310797&shcp=ff37627b&idc=my
I keep seeing this I can’t wait to try !,1,0,2026-04-21T04:52:21.000Z,jackieoncracki,https://www.tiktok.com/@gypsy_beth/video/7630941463827746062,8.38185E+16,7631070615580033805,https://p16-common-sign.tiktokcdn.com/tos-maliva-avt-0068/5804685e0ef2006a397d31c1178e2394~tplv-tiktokx-cropcenter:100:100.jpg?dr=14579&refresh_token=49b86e4f&x-expires=1778140800&x-signature=pMAxaYePVq5%2BIaEW2sqNgJQLOTU%3D&t=4d5b0474&ps=13740610&shp=30310797&shcp=ff37627b&idc=my
Wow clear mask!! Interesting,0,0,2026-04-23T14:25:10.000Z,_llysasoo,https://www.tiktok.com/@gypsy_beth/video/7630941463827746062,6689761287985890309,7631960593843045128,https://p16-common-sign.tiktokcdn.com/tos-alisg-avt-0068/fdf7054a137e33bbc90db5e58b7bcff7~tplv-tiktokx-cropcenter:100:100.jpg?dr=14579&refresh_token=9832850e&x-expires=1778140800&x-signature=os0IPwjwJ2nw1S1YpMg3Fj0l83M%3D&t=4d5b0474&ps=13740610&shp=30310797&shcp=ff37627b&idc=my
Wow~~ 💕💕💕💕,0,0,2026-04-21T17:47:05.000Z,christinelomakeup,https://www.tiktok.com/@gypsy_beth/video/7630941463827746062,6839918703825961990,7631270365863363342,https://p16-common-sign.tiktokcdn.com/tos-maliva-avt-0068/0328d6074e3d8ff75acaf9947c7a65ba~tplv-tiktokx-cropcenter:100:100.jpg?dr=14579&refresh_token=5e4cc31b&x-expires=1778140800&x-signature=yBetlOi5Vq2Af7lxKmpBnbFHu98%3D&t=4d5b0474&ps=13740610&shp=30310797&shcp=ff37627b&idc=my
Wow 😍 your skin is amazing sis 😍,0,0,2026-04-21T18:42:27.000Z,fakehair_dntcare,https://www.tiktok.com/@gypsy_beth/video/7630941463827746062,7245454061264389166,7631284646839698189,https://p19-common-sign.tiktokcdn.com/tos-maliva-avt-0068/f1487897000de8a307a06f5147fa09c1~tplv-tiktokx-cropcenter:100:100.jpg?dr=14579&refresh_token=b44b6988&x-expires=1778140800&x-signature=nq9jwgDgORaLMBOMWRdcoujNtHo%3D&t=4d5b0474&ps=13740610&shp=30310797&shcp=ff37627b&idc=my
My favorite mask,0,0,2026-04-21T06:28:36.000Z,funmiomookun,https://www.tiktok.com/@dgirlcarrot/video/7629639341559549204,6810285387089839109,7631095602621580033,https://p19-common-sign.tiktokcdn-us.com/tos-maliva-avt-0068/aafd41a3ab485ede3ee246b04aa81410~tplv-tiktokx-cropcenter:100:100.jpg?dr=9640&refresh_token=e8243678&x-expires=1778140800&x-signature=7PB21VTvFXvHPYKZkqSNXwVpYiY%3D&t=4d5b0474&ps=13740610&shp=30310797&shcp=ff37627b&idc=useast5
Love it,0,0,2026-04-20T22:42:11.000Z,kaurpreet0030,https://www.tiktok.com/@dgirlcarrot/video/7629639341559549204,7551638374555567124,7630975330371257108,https://p19-common-sign.tiktokcdn-us.com/tos-alisg-avt-0068/8cfb2ce49933facc3caa5683c3e160c2~tplv-tiktokx-cropcenter:100:100.jpg?dr=9640&refresh_token=da7dd913&x-expires=1778140800&x-signature=2%2BLc1dHja1Le4dNnN%2FEj08gMlD0%3D&t=4d5b0474&ps=13740610&shp=30310797&shcp=ff37627b&idc=useast5
😍😍I really want to try the masks,0,0,2026-04-21T14:48:52.000Z,waithera_25,https://www.tiktok.com/@dgirlcarrot/video/7629639341559549204,6666785640010629126,7631224543537693448,https://p19-common-sign.tiktokcdn-us.com/tos-alisg-avt-0068/9c151beffd0114def8facdc960696bb1~tplv-tiktokx-cropcenter:100:100.jpg?dr=9640&refresh_token=40348a7f&x-expires=1778140800&x-signature=Unn6%2BDYvn4bBhhP2KGV4%2FM%2FYNDI%3D&t=4d5b0474&ps=13740610&shp=30310797&shcp=ff37627b&idc=useast5
You had me hooked🥰,0,0,2026-04-22T20:45:51.000Z,priya_ravinder,https://www.tiktok.com/@dgirlcarrot/video/7629639341559549204,7394997517786661894,7631687574583034644,https://p19-common-sign.tiktokcdn-us.com/tos-maliva-avt-0068/41f776103a3d890e1e16a8aa101f024a~tplv-tiktokx-cropcenter:100:100.jpg?dr=9640&refresh_token=d9f16c85&x-expires=1778140800&x-signature=SDDzdLdbuuKpYwonCiFaIpHkBUM%3D&t=4d5b0474&ps=13740610&shp=30310797&shcp=ff37627b&idc=useast5
I haven't had it yet; it looks interesting 🥰,0,0,2026-04-20T17:23:05.000Z,skincare.455,https://www.tiktok.com/@dgirlcarrot/video/7629639341559549204,7319181826554709024,7630893184243778326,https://p16-common-sign.tiktokcdn-us.com/tos-maliva-avt-0068/4a714170f85084c5b428b93601cb73ab~tplv-tiktokx-cropcenter:100:100.jpg?dr=9640&refresh_token=78091dc6&x-expires=1778140800&x-signature=sDOIBQu9N111XelNXQ9dy9LRxTk%3D&t=4d5b0474&ps=13740610&shp=30310797&shcp=ff37627b&idc=useast5
Nice mask 🥰🥰,0,0,2026-05-03T12:01:20.000Z,catalinaghita1,https://www.tiktok.com/@dgirlcarrot/video/7629639341559549204,138720297045635072,7635634370845524758,https://p16-common-sign.tiktokcdn-us.com/tos-useast2a-avt-0068-euttp/39ff12a65d4bfc9adfc3a7a2f1bbcb2e~tplv-tiktokx-cropcenter:100:100.jpg?dr=9640&refresh_token=3c75e8fc&x-expires=1778140800&x-signature=zz3H6x4ZRvIlFA%2FPYUX4ryOFi5I%3D&t=4d5b0474&ps=13740610&shp=30310797&shcp=ff37627b&idc=useast5
Ooo this looks amazing 🥰,0,0,2026-04-25T13:43:52.000Z,purelyathome,https://www.tiktok.com/@dgirlcarrot/video/7629639341559549204,7460548643897263126,7632692055824188182,https://p19-common-sign.tiktokcdn-us.com/tos-maliva-avt-0068/de71ce18357950ee33a749990be121f3~tplv-tiktokx-cropcenter:100:100.jpg?dr=9640&refresh_token=67a6dc37&x-expires=1778140800&x-signature=vnh6CiLwnQvkoklQ6LL2rjLlf60%3D&t=4d5b0474&ps=13740610&shp=30310797&shcp=ff37627b&idc=useast5
juste ta peau est déjà wahou,0,0,2026-05-03T07:48:00.000Z,lindalili2713,https://www.tiktok.com/@dgirlcarrot/video/7629639341559549204,7101593110186066949,7635569035061592854,https://p19-common-sign.tiktokcdn-us.com/tos-maliva-avt-0068/7122450409918218245~tplv-tiktokx-cropcenter:100:100.jpg?dr=9640&refresh_token=eba605b1&x-expires=1778140800&x-signature=%2BTjmCuallgR8DazzHll9A0u1u%2FU%3D&t=4d5b0474&ps=13740610&shp=30310797&shcp=ff37627b&idc=useast5
Love this mask,0,0,2026-05-03T10:21:03.000Z,olawunmi_ugc,https://www.tiktok.com/@dgirlcarrot/video/7629639341559549204,7378032916108887072,7635608540916417303,https://p16-common-sign.tiktokcdn-us.com/tos-maliva-avt-0068/bda419d49be818691988077005624da3~tplv-tiktokx-cropcenter:100:100.jpg?dr=9640&refresh_token=237f4093&x-expires=1778140800&x-signature=x6OVdAExYOjc3UwJkFPVqQRvKvw%3D&t=4d5b0474&ps=13740610&shp=30310797&shcp=ff37627b&idc=useast5
This looks so good,0,0,2026-05-03T17:47:59.000Z,dblacdanni,https://www.tiktok.com/@dgirlcarrot/video/7629639341559549204,7273217545192571936,7635723689644704534,https://p16-common-sign.tiktokcdn-us.com/tos-maliva-avt-0068/24ceed9023e59027fb1465bce04b3744~tplv-tiktokx-cropcenter:100:100.jpg?dr=9640&refresh_token=51b9f6d7&x-expires=1778140800&x-signature=3eoobeBcDS9qrW7AHMeokcG04so%3D&t=4d5b0474&ps=13740610&shp=30310797&shcp=ff37627b&idc=useast5
The lip masks are so cute❤️,0,0,2026-04-20T16:35:19.000Z,b.adorable93,https://www.tiktok.com/@dgirlcarrot/video/7629639341559549204,6843480377283150854,7630880854803366678,https://p16-common-sign.tiktokcdn-us.com/tos-maliva-avt-0068/c3d5b774185f22270743b10deec1912b~tplv-tiktokx-cropcenter:100:100.jpg?dr=9640&refresh_token=26bed43a&x-expires=1778140800&x-signature=qAHiS7SuS6ugZQixg8uU75wLvO8%3D&t=4d5b0474&ps=13740610&shp=30310797&shcp=ff37627b&idc=useast5
need the lip mask 🥰,0,0,2026-04-20T10:38:31.000Z,ekamemeng,https://www.tiktok.com/@dgirlcarrot/video/7629639341559549204,7503453138881774612,7630788906683695892,https://p16-common-sign.tiktokcdn-us.com/tos-alisg-avt-0068/40ee1e42490e2832ab04cb5690d234ba~tplv-tiktokx-cropcenter:100:100.jpg?dr=9640&refresh_token=670baef5&x-expires=1778140800&x-signature=K9X61h09YLJu%2B7NotJllFKSRFtI%3D&t=4d5b0474&ps=13740610&shp=30310797&shcp=ff37627b&idc=useast5
Need the lip mask❤️,0,0,2026-04-20T07:51:47.000Z,sunsetscatchers,https://www.tiktok.com/@dgirlcarrot/video/7629639341559549204,7413747649197802528,7630745874140513027,https://p16-common-sign.tiktokcdn-us.com/tos-maliva-avt-0068/67c8370bcbaa6052a723a4f296d89edb~tplv-tiktokx-cropcenter:100:100.jpg?dr=9640&refresh_token=74a21f3b&x-expires=1778140800&x-signature=BDp%2BCaJ4OgydhpnRNUQMlqim2UE%3D&t=4d5b0474&ps=13740610&shp=30310797&shcp=ff37627b&idc=useast5
Love it,0,0,2026-04-20T07:20:24.000Z,sumitaskincare,https://www.tiktok.com/@dgirlcarrot/video/7629639341559549204,7250309702708544513,7630737889739096839,https://p16-common-sign.tiktokcdn-us.com/tos-alisg-avt-0068/2d32e2c2154efcb321c6116a040c9e7a~tplv-tiktokx-cropcenter:100:100.jpg?dr=9640&refresh_token=67c77d9e&x-expires=1778140800&x-signature=x6%2B7pf4nL6cpSxyYp1OKcS6CYIQ%3D&t=4d5b0474&ps=13740610&shp=30310797&shcp=ff37627b&idc=useast5
Such a good mask,0,0,2026-04-20T00:31:43.000Z,couchboundrealitytv,https://www.tiktok.com/@dgirlcarrot/video/7629639341559549204,7328470404870898694,7630632532761379592,https://p19-common-sign.tiktokcdn-us.com/tos-maliva-avt-0068/68dc9eea45c4b34d2a0bc40132e946e3~tplv-tiktokx-cropcenter:100:100.jpg?dr=9640&refresh_token=3a47ef9b&x-expires=1778140800&x-signature=OC6vl7DfMZwE0O1t1zWSRTahOfM%3D&t=4d5b0474&ps=13740610&shp=30310797&shcp=ff37627b&idc=useast5
Lips mask 💕,0,0,2026-04-17T08:54:10.000Z,imsyneathita2,https://www.tiktok.com/@dgirlcarrot/video/7629639341559549204,7422623835130889223,7629648793890915092,https://p19-common-sign.tiktokcdn-us.com/tos-alisg-avt-0068/1b98c0eff9e3df54a3d6944578fcec4d~tplv-tiktokx-cropcenter:100:100.jpg?dr=9640&refresh_token=78bdb9bc&x-expires=1778140800&x-signature=f9HMxEgUpmw%2BL1aWXHEQWNibhgo%3D&t=4d5b0474&ps=13740610&shp=30310797&shcp=ff37627b&idc=useast5
Skinnn😍,0,0,2026-04-12T09:27:15.000Z,gracyy358,https://www.tiktok.com/@omaosita/video/7627561263744208148,7016683153340220422,7627801885089760008,https://p16-common-sign.tiktokcdn.com/tos-alisg-avt-0068/ef80eff94d1da57108a234001f4583d4~tplv-tiktokx-cropcenter:100:100.jpg?dr=14579&refresh_token=7cfad8f3&x-expires=1778140800&x-signature=wN4PdZ1REFxOiy3sMa6qaJE5QXE%3D&t=4d5b0474&ps=13740610&shp=30310797&shcp=ff37627b&idc=my2
This is amazing,0,0,2026-04-12T08:26:24.000Z,pramilathapa574,https://www.tiktok.com/@omaosita/video/7627561263744208148,7207783711684625410,7627786201151832833,https://p16-common-sign.tiktokcdn.com/tos-alisg-avt-0068/358259fa60a357058b1b6add0f6e00c8~tplv-tiktokx-cropcenter:100:100.jpg?dr=14579&refresh_token=a1a1594e&x-expires=1778140800&x-signature=VuU6hkFy01%2BsbXQ3JR%2BvIaTbBG0%3D&t=4d5b0474&ps=13740610&shp=30310797&shcp=ff37627b&idc=my2
We love to collaborate with u✨,0,0,2026-04-12T00:11:18.000Z,seraphina..fashionate,https://www.tiktok.com/@omaosita/video/7627561263744208148,7433284497933861889,7627658575540323090,https://p16-common-sign.tiktokcdn.com/tos-alisg-avt-0068/a73f0ecd177c4a812d0c5b87c85a040b~tplv-tiktokx-cropcenter:100:100.jpg?dr=14579&refresh_token=44cb7089&x-expires=1778140800&x-signature=ylSuxrx1FiTqpY38W9NH%2BQFNTcg%3D&t=4d5b0474&ps=13740610&shp=30310797&shcp=ff37627b&idc=my2
"Se ve fantástica, yo quiero una",1,0,2026-04-23T01:03:50.000Z,niurkavargas03,https://www.tiktok.com/@viviianagomezv/video/7630957475545550093,6855645125282350086,7631754052992664341,https://p16-common-sign.tiktokcdn-us.com/tos-maliva-avt-0068/f026b37f8ea06cded86541f0cd71e960~tplv-tiktokx-cropcenter:100:100.jpg?dr=9640&refresh_token=7120eb75&x-expires=1778140800&x-signature=uaDfk8hiIApHYTex3roQ56hoCsU%3D&t=4d5b0474&ps=13740610&shp=30310797&shcp=ff37627b&idc=useast5
Love the lip packaging ❤️,0,0,2026-04-19T16:02:48.000Z,virtuallywith_mary,https://www.tiktok.com/@dgirlcarrot/video/7629639341559549204,6548050489422282754,7630501427824083719,https://p16-common-sign.tiktokcdn-us.com/tos-alisg-avt-0068/ee02ef3eb1994e9914efe19f635aa1b8~tplv-tiktokx-cropcenter:100:100.jpg?dr=9640&refresh_token=b66ecdb9&x-expires=1778140800&x-signature=o%2BIcxGjitEG1dF1VHBvREjfSORQ%3D&t=4d5b0474&ps=13740610&shp=30310797&shcp=ff37627b&idc=useast5
Ouuu🥰 That lip mask🤩 Need this🥰,0,0,2026-04-19T14:00:16.000Z,byseoli,https://www.tiktok.com/@dgirlcarrot/video/7629639341559549204,7446537955399025696,7630469824632537878,https://p16-common-sign.tiktokcdn-us.com/tos-maliva-avt-0068/775a1d14f1aeba8c8a45d5309bd902e8~tplv-tiktokx-cropcenter:100:100.jpg?dr=9640&refresh_token=a0b75ac8&x-expires=1778140800&x-signature=%2BtQ72S5Uph5jsJ5Sv%2FWJsegB%2B%2F4%3D&t=4d5b0474&ps=13740610&shp=30310797&shcp=ff37627b&idc=useast5
full therapy at home 🤩 love it,0,0,2026-04-19T19:52:31.000Z,glow_with_graci,https://www.tiktok.com/@dgirlcarrot/video/7629639341559549204,7466291937344390160,7630560600313135893,https://p19-common-sign.tiktokcdn-us.com/tos-alisg-avt-0068/3415fba769635b0c9e265989935fcf4d~tplv-tiktokx-cropcenter:100:100.jpg?dr=9640&refresh_token=48cc2977&x-expires=1778140800&x-signature=qvuIrenScf8dtLfIuT21E7oXxEw%3D&t=4d5b0474&ps=13740610&shp=30310797&shcp=ff37627b&idc=useast5
Oh Looks so Good 🤩,0,0,2026-04-19T18:12:45.000Z,andrea.wertheim,https://www.tiktok.com/@dgirlcarrot/video/7629639341559549204,7479025681062642720,7630534891864736544,https://p16-common-sign.tiktokcdn-us.com/tos-maliva-avt-0068/94fe9a92891b65007550d38b11135fdd~tplv-tiktokx-cropcenter:100:100.jpg?dr=9640&refresh_token=e8d4a577&x-expires=1778140800&x-signature=SAIxZM%2FYdt%2FItj7B9RbnMauSsXM%3D&t=4d5b0474&ps=13740610&shp=30310797&shcp=ff37627b&idc=useast5
[Sticker] ,0,0,2026-04-19T11:29:14.000Z,alvinleongfookwah,https://www.tiktok.com/@dgirlcarrot/video/7629639341559549204,6723559273105867777,7630430931047891719,https://p16-common-sign.tiktokcdn-us.com/tos-alisg-avt-0068/42098505d0768fb59d99b43746cce6e4~tplv-tiktokx-cropcenter:100:100.jpg?dr=9640&refresh_token=1c6250c7&x-expires=1778140800&x-signature=k4lx9nWiRGn7K4hqs4kv7kcMniI%3D&t=4d5b0474&ps=13740610&shp=30310797&shcp=ff37627b&idc=useast5
Lip mask is Perfect,0,0,2026-04-19T15:15:49.000Z,kbeauty.nay,https://www.tiktok.com/@dgirlcarrot/video/7629639341559549204,6875479315422036997,7630489313520894728,https://p16-common-sign.tiktokcdn.com/tos-alisg-avt-0068/272316073b31cc7ebec26fc1f40bc749~tplv-tiktokx-cropcenter:100:100.jpg?dr=14579&refresh_token=3a01a3da&x-expires=1778140800&x-signature=gB%2FOxulTWpwPrM2CagTa7nAX8yE%3D&t=4d5b0474&ps=13740610&shp=30310797&shcp=ff37627b&idc=my
Never heard about this brand but seems so good 😍,0,0,2026-04-19T10:47:19.000Z,glow_with_ana,https://www.tiktok.com/@dgirlcarrot/video/7629639341559549204,6993024861254239238,7630420077809140502,https://p16-common-sign.tiktokcdn.com/tos-maliva-avt-0068/933b0df462aef7a76791c664344204e3~tplv-tiktokx-cropcenter:100:100.jpg?dr=14579&refresh_token=733dfae7&x-expires=1778140800&x-signature=OKFs1PZ1nf%2BVEA56sCq7y605KoE%3D&t=4d5b0474&ps=13740610&shp=30310797&shcp=ff37627b&idc=my
Need these 😍,0,0,2026-04-18T09:53:15.000Z,ellelifestyle90,https://www.tiktok.com/@dgirlcarrot/video/7629639341559549204,6980417103082259461,7630035100537488150,https://p16-common-sign.tiktokcdn.com/tos-maliva-avt-0068/3806c74094d838f51a247d816e7b0624~tplv-tiktokx-cropcenter:100:100.jpg?dr=14579&refresh_token=3fcaea62&x-expires=1778140800&x-signature=mBcX9kA%2B%2Fl2pHnoJ830Tq%2F9ZNK8%3D&t=4d5b0474&ps=13740610&shp=30310797&shcp=ff37627b&idc=my
Wow they look sooo hydrating 😍😍,0,0,2026-04-19T08:25:32.000Z,theglowingsisters6,https://www.tiktok.com/@dgirlcarrot/video/7629639341559549204,7529853505684390920,7630383579873198869,https://p16-sign-sg.tiktokcdn.com/tos-alisg-avt-0068/49344326505b85b883b3103ef004e79d~tplv-tiktokx-cropcenter:100:100.jpg?dr=14579&refresh_token=aed4f1bd&x-expires=1778140800&x-signature=Av9AXVswtwoVSMg5EE8eFy5RMjk%3D&t=4d5b0474&ps=13740610&shp=30310797&shcp=ff37627b&idc=my
Ooh what a lovely mask! 🤍👀,0,0,2026-04-17T10:25:29.000Z,maisonmei7,https://www.tiktok.com/@dgirlcarrot/video/7629639341559549204,7180253952490341378,7629672313520751380,https://p19-common-sign.tiktokcdn.com/tos-alisg-avt-0068/6040e142481c9d55323971d276473d37~tplv-tiktokx-cropcenter:100:100.jpg?dr=14579&refresh_token=e241efdf&x-expires=1778140800&x-signature=ZZTmMG%2BsQGKVBishg9zd66vNneM%3D&t=4d5b0474&ps=13740610&shp=30310797&shcp=ff37627b&idc=my
looks so good😻 my skin needs thdm😻,0,0,2026-04-17T12:01:54.000Z,marikoss__,https://www.tiktok.com/@dgirlcarrot/video/7629639341559549204,7534246683954709525,7629697153243530005,https://p16-common-sign.tiktokcdn.com/tos-alisg-avt-0068/9c6cc3998ccbe85394864e0b48df189a~tplv-tiktokx-cropcenter:100:100.jpg?dr=14579&refresh_token=5a7b11a2&x-expires=1778140800&x-signature=bY7BLuBDnvBQJoTZ5ly9zJ%2BOgSU%3D&t=4d5b0474&ps=13740610&shp=30310797&shcp=ff37627b&idc=my
wow the lip mask looks good!!👄,0,0,2026-04-17T14:47:08.000Z,shertangs,https://www.tiktok.com/@dgirlcarrot/video/7629639341559549204,7255725781841282049,7629739756246745876,https://p19-common-sign.tiktokcdn.com/tos-maliva-avt-0068/63dfbc6941cdc51d223e7416f7f4a017~tplv-tiktokx-cropcenter:100:100.jpg?dr=14579&refresh_token=60827a6b&x-expires=1778140800&x-signature=4%2FeKuXcVJ5FqPeYLnMT%2Fy56Zf94%3D&t=4d5b0474&ps=13740610&shp=30310797&shcp=ff37627b&idc=my
So hydrating,0,0,2026-04-21T17:36:35.000Z,_devi_ad,https://www.tiktok.com/@gypsy_beth/video/7630941463827746062,6557611518236966918,7631267769610601224,https://p16-common-sign.tiktokcdn-eu.com/tos-maliva-avt-0068/a9c74a1966f341980b5020144c5bb78e~tplv-tiktokx-cropcenter:100:100.jpg?dr=10399&refresh_token=238aa3f3&x-expires=1778140800&x-signature=v2RQzo0CbxXgsDAP%2B%2FCv8lx8dzk%3D&t=4d5b0474&ps=13740610&shp=30310797&shcp=ff37627b&idc=no1a
"Oh, I wanna try this. Your face looks really moisturized and good after you used it supporting your new friend.",1,2,2026-04-13T14:48:11.000Z,lucilu2220,https://www.tiktok.com/@itz_stephy_p/video/7627974102862581005,6771944372395344902,7628255554624307981,https://p16-common-sign.tiktokcdn-us.com/tos-useast5-avt-0068-tx/dce12c27d249c0273c0cfc8e4a01e12b~tplv-tiktokx-cropcenter:100:100.jpg?dr=9640&refresh_token=e8c71b20&x-expires=1778140800&x-signature=fyuEy%2FRyKmmMeAkz4tNCSV8kU1g%3D&t=4d5b0474&ps=13740610&shp=30310797&shcp=ff37627b&idc=useast5
Love these! Perfect for a reset!,0,0,2026-04-13T06:23:25.000Z,bykittymarie,https://www.tiktok.com/@itz_stephy_p/video/7627974102862581005,6808327088903963654,7628125349636948749,https://p19-common-sign.tiktokcdn-us.com/tos-maliva-avt-0068/7324268623036121094~tplv-tiktokx-cropcenter:100:100.jpg?dr=9640&refresh_token=5bb20a70&x-expires=1778140800&x-signature=fq6NiQhnsp8dIg0FF5q3lf6S3mY%3D&t=4d5b0474&ps=13740610&shp=30310797&shcp=ff37627b&idc=useast5
fresh face always,0,0,2026-04-18T23:44:56.000Z,dailyleticya,https://www.tiktok.com/@dgirlcarrot/video/7629639341559549204,6726659391523947526,7630249302929900319,https://p19-common-sign.tiktokcdn.com/tos-maliva-avt-0068/46b80f6c55e9429967f1252f879f11ed~tplv-tiktokx-cropcenter:100:100.jpg?dr=14579&refresh_token=d22f1127&x-expires=1778140800&x-signature=Vio%2BINwRIy7k23irso47Z%2B34ePk%3D&t=4d5b0474&ps=13740610&shp=30310797&shcp=ff37627b&idc=my2
Such great masks 😍😍😍,0,0,2026-04-18T15:23:02.000Z,sana.__.hamza,https://www.tiktok.com/@dgirlcarrot/video/7629639341559549204,6543224510391260175,7630120098636235528,https://p19-common-sign.tiktokcdn.com/tos-alisg-avt-0068/d0fe53309d83956cd2ef13a9fbfe4be2~tplv-tiktokx-cropcenter:100:100.jpg?dr=14579&refresh_token=a510a57b&x-expires=1778140800&x-signature=0bbdeajPDE8CKk2%2FsR2512DbyZI%3D&t=4d5b0474&ps=13740610&shp=30310797&shcp=ff37627b&idc=my2
Love love love 😍,0,0,2026-04-17T09:03:52.000Z,thelamiglow,https://www.tiktok.com/@dgirlcarrot/video/7629639341559549204,7370079289952470048,7629651217061020448,https://p16-common-sign.tiktokcdn.com/tos-useast2a-avt-0068-euttp/957581a885d69becd3f3b817390938f8~tplv-tiktokx-cropcenter:100:100.jpg?dr=14579&refresh_token=8183301b&x-expires=1778140800&x-signature=wIvQ5X0tUIkjHoVWx68Vcc10%2FW8%3D&t=4d5b0474&ps=13740610&shp=30310797&shcp=ff37627b&idc=my2
💕💕💕🥰🥰🥰,2,1,2026-04-21T14:46:57.000Z,luisaxurdaneta,https://www.tiktok.com/@luisaurdaneta8/video/7631075140910058760,7590220607871779858,7631224044394971922,https://p16-common-sign.tiktokcdn-eu.com/tos-alisg-avt-0068/b1077ae91031a34eec0279158bab125e~tplv-tiktokx-cropcenter:100:100.jpg?dr=10399&refresh_token=97c41228&x-expires=1778140800&x-signature=f3whh511Nr1LiIehhM3Y%2Fj3h1eE%3D&t=4d5b0474&ps=13740610&shp=30310797&shcp=ff37627b&idc=no1a
I love this masks,1,1,2026-04-27T16:09:47.000Z,milky.time1,https://www.tiktok.com/@elyzagali/video/7631023175660211470,7353124464241345582,7633471836856140558,https://p19-common-sign.tiktokcdn-us.com/tos-useast5-avt-0068-tx/49f88bda1cf91610e55bee8bb06d375b~tplv-tiktokx-cropcenter:100:100.jpg?dr=9640&refresh_token=b7a5241a&x-expires=1778140800&x-signature=9NTE6NFmyfKQxREorEEkwLTdiEg%3D&t=4d5b0474&ps=13740610&shp=30310797&shcp=ff37627b&idc=useast5
Ame 🤩🤩🤩,1,0,2026-04-16T18:40:28.000Z,leslyabeauty,https://www.tiktok.com/@chili.beauty1201/video/7629421357926812942,6809391653343659014,7629428560827089677,https://p16-common-sign.tiktokcdn-us.com/tos-useast5-avt-0068-tx/7349023305472409643~tplv-tiktokx-cropcenter:100:100.jpg?dr=9640&refresh_token=a5223d39&x-expires=1778140800&x-signature=mIxRtoilvU7DMsl4uR9RE5jLnn4%3D&t=4d5b0474&ps=13740610&shp=30310797&shcp=ff37627b&idc=useast8
I’m a star,1,0,2026-04-20T16:39:33.000Z,gina_zarcone,https://www.tiktok.com/@victoriagranitto/video/7630831214651247886,7258998548233405486,7630881828803347230,https://p19-common-sign.tiktokcdn-us.com/tos-useast8-avt-0068-tx2/cd2cf5ebc36c22495952b2d67d822524~tplv-tiktokx-cropcenter:100:100.jpg?dr=9640&refresh_token=27b509ef&x-expires=1778140800&x-signature=OeSHtLYciym2AH4bpzXfTlkw33E%3D&t=4d5b0474&ps=13740610&shp=30310797&shcp=ff37627b&idc=useast5
Amazing editing 😍,0,0,2026-04-25T19:38:27.000Z,glow_mami,https://www.tiktok.com/@ugcbykamila_/video/7631008545231670558,7170622265103959046,7632783501158728470,https://p19-common-sign.tiktokcdn-us.com/tos-maliva-avt-0068/c93dc1b827f5b7d8f45c207f1ec9e2d9~tplv-tiktokx-cropcenter:100:100.jpg?dr=9640&refresh_token=67d20fac&x-expires=1778140800&x-signature=uXau9s4wj7ENl%2BREJ7X6%2Bhg76k8%3D&t=4d5b0474&ps=13740610&shp=30310797&shcp=ff37627b&idc=useast8
❤️❤️❤️,0,0,2026-04-21T10:13:42.000Z,dilya_az1,https://www.tiktok.com/@ugcbykamila_/video/7631008545231670558,7290390225434838058,7631153206102491917,https://p19-common-sign.tiktokcdn-us.com/tos-useast5-avt-0068-tx/3433f546abe0b94267a80c23f918abd7~tplv-tiktokx-cropcenter:100:100.jpg?dr=9640&refresh_token=956b4918&x-expires=1778140800&x-signature=3C7Ep9XtHeGKwkNVweiBZR7ggDI%3D&t=4d5b0474&ps=13740610&shp=30310797&shcp=ff37627b&idc=useast8
😍😍😍,0,0,2026-05-01T16:19:21.000Z,itsangela.l,https://www.tiktok.com/@dilia.iavari/video/7630087000317594901,6722451344026813445,7634958673333306132,https://p16-common-sign.tiktokcdn-us.com/tos-alisg-avt-0068/f52fa909808c4d2e44f8b3376c769188~tplv-tiktokx-cropcenter:100:100.jpg?dr=9640&refresh_token=6578fe76&x-expires=1778140800&x-signature=jsL025gpYLMPR1E8cfPrJNUWJVI%3D&t=4d5b0474&ps=13740610&shp=30310797&shcp=ff37627b&idc=useast5
Wait stop can you do a review of your ring?,0,0,2026-04-19T01:39:10.000Z,beautemarkstudio,https://www.tiktok.com/@nicoleetobiass/video/7629817957736123669,6745250964515259397,7630278863440397063,https://p19-common-sign.tiktokcdn-us.com/tos-alisg-avt-0068/7eb511e020f93d91f56ec3211fc0b34f~tplv-tiktokx-cropcenter:100:100.jpg?dr=9640&refresh_token=7f12dbd1&x-expires=1778140800&x-signature=JS3EM36UZu09RqKWljWMpj2EoXk%3D&t=4d5b0474&ps=13740610&shp=30310797&shcp=ff37627b&idc=useast8
face masks are so relaxing,0,0,2026-04-17T20:04:55.000Z,studyngmae,https://www.tiktok.com/@nicoleetobiass/video/7629817957736123669,2275455,7629821588351795989,https://p16-common-sign.tiktokcdn-us.com/tos-maliva-avt-0068/28b850192441769beceed8f5a6696035~tplv-tiktokx-cropcenter:100:100.jpg?dr=9640&refresh_token=00299ee3&x-expires=1778140800&x-signature=fT8SgqtfzPp2O46QgOqqApKERis%3D&t=4d5b0474&ps=13740610&shp=30310797&shcp=ff37627b&idc=useast8
🔥🔥🔥,1,1,2026-04-22T16:38:45.000Z,flyoverimmigration,https://www.tiktok.com/@ekjotgrewal2/video/7630837558284537109,6931569932451136517,7631623950681801493,https://p19-common-sign.tiktokcdn-us.com/tos-maliva-avt-0068/5d5a90975b468de4632fef788ba69e31~tplv-tiktokx-cropcenter:100:100.jpg?dr=9640&refresh_token=09a0f190&x-expires=1778140800&x-signature=nhK3fUTlmDHK%2FpJ6QfgVZjUKEMo%3D&t=4d5b0474&ps=13740610&shp=30310797&shcp=ff37627b&idc=useast5
✌️✌️✌️,0,0,2026-04-20T19:58:09.000Z,invincible2052,https://www.tiktok.com/@ekjotgrewal2/video/7630837558284537109,7451150107455652880,7630933131420566279,https://p19-common-sign.tiktokcdn-us.com/musically-maliva-obj/1594805258216454~tplv-tiktokx-cropcenter:100:100.jpg?dr=9640&refresh_token=24c2e709&x-expires=1778140800&x-signature=z8QANWt5Hr7q0oPa8kycdT47uY4%3D&t=4d5b0474&ps=13740610&shp=30310797&shcp=ff37627b&idc=useast5
So nice,1,0,2026-04-21T16:12:45.000Z,amyruthy1919,https://www.tiktok.com/@mitipuu/video/7631049399778544926,6922482669143458817,7631245950166762253,https://p19-common-sign.tiktokcdn-us.com/tos-useast5-avt-0068-tx/8c7d8b48b2e98354df9cf6991159b7c4~tplv-tiktokx-cropcenter:100:100.jpg?dr=9640&refresh_token=8d91b50f&x-expires=1778140800&x-signature=nb4TAtZpyhOEZsiI5PPLdRfGd6M%3D&t=4d5b0474&ps=13740610&shp=30310797&shcp=ff37627b&idc=useast5
Need to try,1,0,2026-04-21T15:45:19.000Z,glam.girl.us,https://www.tiktok.com/@mitipuu/video/7631049399778544926,7158481827004482606,7631238914602828574,https://p19-common-sign.tiktokcdn-us.com/tos-useast8-avt-0068-tx2/8c962a70f127143881625f29e264ec55~tplv-tiktokx-cropcenter:100:100.jpg?dr=9640&refresh_token=33011808&x-expires=1778140800&x-signature=BreDSF%2BJLfy9di2B9h%2BlNZcyFZU%3D&t=4d5b0474&ps=13740610&shp=30310797&shcp=ff37627b&idc=useast5
i need to try this 😍 your skin glows 🥰,0,0,2026-04-26T00:27:16.000Z,simplyangelli_,https://www.tiktok.com/@mitipuu/video/7631049399778544926,6794676328375452674,7632857887333712657,https://p19-common-sign.tiktokcdn-us.com/tos-alisg-avt-0068/69a1e6d3da92c0d35f4a5fe03ab2a864~tplv-tiktokx-cropcenter:100:100.jpg?dr=9640&refresh_token=63e978c1&x-expires=1778140800&x-signature=V4T8GnnmqKiLgum7exIxJMX%2BtFw%3D&t=4d5b0474&ps=13740610&shp=30310797&shcp=ff37627b&idc=useast5
Hey Julie! 👋 Your video on the Kocostar mask was so genuine and trustworthy—you really made the benefits clear without it feeling salesy at all. Left you a little note about something that could be super helpful for your content! 💌,0,0,2026-04-21T04:33:55.000Z,nhoogxgzr4s,https://www.tiktok.com/@mitipuu/video/7631049399778544926,7479997639974290478,7631065906949260046,https://p19-common-sign.tiktokcdn-us.com/tos-useast5-avt-0068-tx/9614ab37f11b3ef055b07f920b16ed25~tplv-tiktokx-cropcenter:100:100.jpg?dr=9640&refresh_token=2c1641c4&x-expires=1778140800&x-signature=Rq%2BEqn7DbQeRUqVZQckubimidRY%3D&t=4d5b0474&ps=13740610&shp=30310797&shcp=ff37627b&idc=useast5
Pretty😍,0,0,2026-04-24T18:24:19.000Z,anisha_bajracharya,https://www.tiktok.com/@mitipuu/video/7631049399778544926,97393860691062784,7632393305900221185,https://p19-common-sign.tiktokcdn-us.com/tos-alisg-avt-0068/7333657429646770194~tplv-tiktokx-cropcenter:100:100.jpg?dr=9640&refresh_token=eb300845&x-expires=1778140800&x-signature=z3cj8HyEi94Ud9QkcpQ0vUXnbbQ%3D&t=4d5b0474&ps=13740610&shp=30310797&shcp=ff37627b&idc=useast5
This mask is good wow,0,0,2026-04-23T00:51:27.000Z,simpleejessicar,https://www.tiktok.com/@mitipuu/video/7631049399778544926,6905927058292474885,7631750879548834591,https://p16-common-sign.tiktokcdn-us.com/tos-useast8-avt-0068-tx2/8e9e6f2c113756c048f96bc0781a428a~tplv-tiktokx-cropcenter:100:100.jpg?dr=9640&refresh_token=3cce203c&x-expires=1778140800&x-signature=1q0we%2Bvw%2Br0ou5RoQw%2FGvnK4zXg%3D&t=4d5b0474&ps=13740610&shp=30310797&shcp=ff37627b&idc=useast5
Wow your skin is amazing,0,0,2026-04-22T04:35:14.000Z,l_torres,https://www.tiktok.com/@mitipuu/video/7631049399778544926,81199730248081408,7631437325533692703,https://p19-common-sign.tiktokcdn-us.com/tos-useast8-avt-0068-tx2/7e0438ab82c3b812b8612ea0823a7377~tplv-tiktokx-cropcenter:100:100.jpg?dr=9640&refresh_token=044ff7dc&x-expires=1778140800&x-signature=xICoPX8udQnJ90nKVWA4PGObiXY%3D&t=4d5b0474&ps=13740610&shp=30310797&shcp=ff37627b&idc=useast5
So dewyyy ✨ love the texture,1,0,2026-04-21T16:44:38.000Z,missmina.ugc,https://www.tiktok.com/@mitipuu/video/7631049399778544926,7593835574910469175,7631254067969803038,https://p19-common-sign.tiktokcdn-us.com/tos-useast8-avt-0068-tx2/e0e9fd7e2aa89aa78d56faa41413e7d3~tplv-tiktokx-cropcenter:100:100.jpg?dr=9640&refresh_token=b50e2e5b&x-expires=1778140800&x-signature=Z36wAhI33elm83gxnVwGR4%2FUcho%3D&t=4d5b0474&ps=13740610&shp=30310797&shcp=ff37627b&idc=useast5
I love this mask!,0,0,2026-04-23T02:53:53.000Z,strawflurry,https://www.tiktok.com/@mitipuu/video/7631049399778544926,6771210965166949382,7631782419980518157,https://p19-common-sign.tiktokcdn-us.com/tos-useast5-avt-0068-tx/1a1a24fd58a274a6279a0b4fb2162298~tplv-tiktokx-cropcenter:100:100.jpg?dr=9640&refresh_token=c4d7f598&x-expires=1778140800&x-signature=VuJpLjITzOl5AT24%2FJXTwCAm0bM%3D&t=4d5b0474&ps=13740610&shp=30310797&shcp=ff37627b&idc=useast5
ooo i need to try ✨,0,0,2026-04-23T05:31:19.000Z,lazymxchi,https://www.tiktok.com/@mitipuu/video/7631049399778544926,7017128163433268230,7631822870972678925,https://p19-common-sign.tiktokcdn-us.com/tos-useast5-avt-0068-tx/7ace213377e2372207ce6a58718016e3~tplv-tiktokx-cropcenter:100:100.jpg?dr=9640&refresh_token=64ed79f1&x-expires=1778140800&x-signature=N4a6%2FpmDWc9%2BTMgJd8PVcstNbdE%3D&t=4d5b0474&ps=13740610&shp=30310797&shcp=ff37627b&idc=useast5
it was such a nice mask,1,0,2026-04-21T16:06:43.000Z,littlelifestylebeauty,https://www.tiktok.com/@mitipuu/video/7631049399778544926,7168695648962085893,7631244624958325512,https://p16-common-sign.tiktokcdn-us.com/tos-maliva-avt-0068/05d206299f792ae5a47f44f67c2eb85a~tplv-tiktokx-cropcenter:100:100.jpg?dr=9640&refresh_token=21d61434&x-expires=1778140800&x-signature=%2FkRxPKovrL6N8GhnVp%2FH7HSo4KA%3D&t=4d5b0474&ps=13740610&shp=30310797&shcp=ff37627b&idc=useast5
Amazing mask 🔥 need to try😍,1,0,2026-04-21T18:01:57.000Z,manjusglowdiary,https://www.tiktok.com/@mitipuu/video/7631049399778544926,7557369520962110472,7631274293133132565,https://p19-common-sign.tiktokcdn-us.com/tos-alisg-avt-0068/1aa1606d1a8890e4dc5d528bd3893cf7~tplv-tiktokx-cropcenter:100:100.jpg?dr=9640&refresh_token=68547464&x-expires=1778140800&x-signature=bxcoZN7Ug5WrDXJEjJrGUtag8rU%3D&t=4d5b0474&ps=13740610&shp=30310797&shcp=ff37627b&idc=useast5
I lovee how clear this is.,1,0,2026-04-21T16:35:41.000Z,celyrecs,https://www.tiktok.com/@mitipuu/video/7631049399778544926,7155342128473211950,7631251920829711135,https://p19-common-sign.tiktokcdn-us.com/tos-useast8-avt-0068-tx2/af945dfac00c09e2e2309dd97e4387e0~tplv-tiktokx-cropcenter:100:100.jpg?dr=9640&refresh_token=fd81cd45&x-expires=1778140800&x-signature=ypot2ZxGIAkk2I%2FACbnV73iQN8w%3D&t=4d5b0474&ps=13740610&shp=30310797&shcp=ff37627b&idc=useast5
Your skin looks so hydrating 💦,0,0,2026-04-22T16:03:02.000Z,ca.review03,https://www.tiktok.com/@mitipuu/video/7631049399778544926,7327557405515858950,7631614755702129426,https://p16-common-sign.tiktokcdn-us.com/tos-maliva-avt-0068/c34749cbafccf768a814f4875eebff86~tplv-tiktokx-cropcenter:100:100.jpg?dr=9640&refresh_token=e76afff7&x-expires=1778140800&x-signature=Jwm36D7g3jw8ltiaetoIxOjipuI%3D&t=4d5b0474&ps=13740610&shp=30310797&shcp=ff37627b&idc=useast5
I need to try both masks your skin is glowing 😍,1,0,2026-04-21T17:27:26.000Z,beauty.by.sonia.xo,https://www.tiktok.com/@mitipuu/video/7631049399778544926,7567062818303018006,7631265375938757398,https://p19-common-sign.tiktokcdn-us.com/tos-maliva-avt-0068/f4a2f11679e63d370c46fb8b2e7bda4c~tplv-tiktokx-cropcenter:100:100.jpg?dr=9640&refresh_token=157ae282&x-expires=1778140800&x-signature=zc1pnd9ZUu0Yk2jSNABzQtVun88%3D&t=4d5b0474&ps=13740610&shp=30310797&shcp=ff37627b&idc=useast5
Wow your skin is glowing 😍,0,0,2026-04-22T17:58:07.000Z,caroraa2,https://www.tiktok.com/@mitipuu/video/7631049399778544926,7573178032392324110,7631644282663535390,https://p19-common-sign.tiktokcdn-us.com/tos-useast8-avt-0068-tx2/99602435b813093a96fcefe09563d293~tplv-tiktokx-cropcenter:100:100.jpg?dr=9640&refresh_token=baef6f78&x-expires=1778140800&x-signature=6WUmAbW0fTNr3zkfTZzapnm3dlw%3D&t=4d5b0474&ps=13740610&shp=30310797&shcp=ff37627b&idc=useast5
❤️😍 Yasss we love a relaxing routine 🥰,0,0,2026-04-22T02:04:45.000Z,maria.ilonggaa,https://www.tiktok.com/@mitipuu/video/7631049399778544926,7358599846501139502,7631398625234748191,https://p16-common-sign.tiktokcdn-us.com/tos-useast8-avt-0068-tx2/ba36e13c8088b13431cb99435a2822ed~tplv-tiktokx-cropcenter:100:100.jpg?dr=9640&refresh_token=7f371178&x-expires=1778140800&x-signature=OQ%2BJK1tsHgcZYRSkBuWHsXUWX4U%3D&t=4d5b0474&ps=13740610&shp=30310797&shcp=ff37627b&idc=useast5
That mask look sooooo good ✨,0,0,2026-04-22T14:42:32.000Z,lilhatcher,https://www.tiktok.com/@mitipuu/video/7631049399778544926,7458457941726348330,7631593860700193549,https://p16-common-sign.tiktokcdn-us.com/tos-useast5-avt-0068-tx/36acb6db6894402023575b34bf7a7231~tplv-tiktokx-cropcenter:100:100.jpg?dr=9640&refresh_token=46ea3cc7&x-expires=1778140800&x-signature=%2FwsPamUWgnNQp7lcdjSmRL%2B3298%3D&t=4d5b0474&ps=13740610&shp=30310797&shcp=ff37627b&idc=useast5
Love it,1,0,2026-04-21T17:09:18.000Z,tefhawks22,https://www.tiktok.com/@mitipuu/video/7631049399778544926,7419394293058176046,7631260627855934221,https://p19-common-sign.tiktokcdn-us.com/tos-useast5-avt-0068-tx/df163d7d2fddac066ef0ec1a682a0735~tplv-tiktokx-cropcenter:100:100.jpg?dr=9640&refresh_token=35459db5&x-expires=1778140800&x-signature=lAcJ5GG9WauMBNLJLPTEhpH22bM%3D&t=4d5b0474&ps=13740610&shp=30310797&shcp=ff37627b&idc=useast5
Love a good face mask!,1,0,2026-04-21T16:28:46.000Z,fabiola.acosta,https://www.tiktok.com/@mitipuu/video/7631049399778544926,6760056010478748678,7631250215923843870,https://p16-common-sign.tiktokcdn-us.com/tos-useast8-avt-0068-tx2/7fccacba894073e6ac81cab0144ddf56~tplv-tiktokx-cropcenter:100:100.jpg?dr=9640&refresh_token=741a8fc6&x-expires=1778140800&x-signature=YNBgf3qBg2KlBYBFXU5MjX7Je4w%3D&t=4d5b0474&ps=13740610&shp=30310797&shcp=ff37627b&idc=useast5
So promising 😍😍,0,0,2026-05-02T23:05:18.000Z,loryleaves,https://www.tiktok.com/@mitipuu/video/7631049399778544926,6810091394327086086,7635434341383881502,https://p16-common-sign.tiktokcdn-us.com/tos-useast8-avt-0068-tx2/511e86151d4d60cf3383c150c1fc7bbe~tplv-tiktokx-cropcenter:100:100.jpg?dr=9640&refresh_token=2fc6fca5&x-expires=1778140800&x-signature=84IlT7n3HL5s0tr2ECl0qNoJ498%3D&t=4d5b0474&ps=13740610&shp=30310797&shcp=ff37627b&idc=useast5
love how its a clear mask,0,0,2026-04-21T23:34:26.000Z,skindeepmegan,https://www.tiktok.com/@mitipuu/video/7631049399778544926,6772777156923851781,7631359912816411405,https://p16-common-sign.tiktokcdn-us.com/tos-useast5-avt-0068-tx/f82e30c92d3ef53e9d954e401ff7c34f~tplv-tiktokx-cropcenter:100:100.jpg?dr=9640&refresh_token=18791abf&x-expires=1778140800&x-signature=Y0B8eQ%2FfVZ2bdjO2Ws%2FwVps8HJ4%3D&t=4d5b0474&ps=13740610&shp=30310797&shcp=ff37627b&idc=useast5
Yesss for a good face mask 😍,0,0,2026-04-22T03:57:43.000Z,kimjanica_,https://www.tiktok.com/@mitipuu/video/7631049399778544926,7374806061776143402,7631427697424417550,https://p19-common-sign.tiktokcdn-us.com/tos-useast5-avt-0068-tx/94c2e712a03d139524580448c34c0435~tplv-tiktokx-cropcenter:100:100.jpg?dr=9640&refresh_token=eca5ba02&x-expires=1778140800&x-signature=It7eLYzlZQRxkX5rC91n%2BX%2F4XVM%3D&t=4d5b0474&ps=13740610&shp=30310797&shcp=ff37627b&idc=useast5
These masks are so good 🥰,0,0,2026-04-21T23:26:32.000Z,askmims,https://www.tiktok.com/@mitipuu/video/7631049399778544926,7459283935421301803,7631357864385119007,https://p19-common-sign.tiktokcdn-us.com/tos-useast8-avt-0068-tx2/84d023f9b81608a60e866e60fe59eeae~tplv-tiktokx-cropcenter:100:100.jpg?dr=9640&refresh_token=0aff96c8&x-expires=1778140800&x-signature=STQLDuNo4MFdcND4GAP3XSNSczM%3D&t=4d5b0474&ps=13740610&shp=30310797&shcp=ff37627b&idc=useast5
So hydrating! 😍,1,0,2026-04-21T16:00:19.000Z,pinklifearchive,https://www.tiktok.com/@mitipuu/video/7631049399778544926,7585569933851329548,7631242953797944065,https://p16-common-sign.tiktokcdn-us.com/tos-maliva-avt-0068/0ba93a3b080c3d8f61acc6c8ab34d9bc~tplv-tiktokx-cropcenter:100:100.jpg?dr=9640&refresh_token=dcbe46af&x-expires=1778140800&x-signature=JOEyQFKZekQoKzNztfyDNDW5kt0%3D&t=4d5b0474&ps=13740610&shp=30310797&shcp=ff37627b&idc=useast5
All masked up and glowy 😍,0,0,2026-04-22T12:17:38.000Z,jenniferdawnbeauty,https://www.tiktok.com/@mitipuu/video/7631049399778544926,6759925345624163333,7631556395561337613,https://p16-common-sign.tiktokcdn-us.com/tos-useast5-avt-0068-tx/69cf925272aea9931137dd738478f0c8~tplv-tiktokx-cropcenter:100:100.jpg?dr=9640&refresh_token=6d90e782&x-expires=1778140800&x-signature=BSsU7dBlnv2yX%2Fb97VL3sO53v7Y%3D&t=4d5b0474&ps=13740610&shp=30310797&shcp=ff37627b&idc=useast5
This mask👏😻,0,0,2026-04-22T20:50:12.000Z,vehherman.ugc,https://www.tiktok.com/@mitipuu/video/7631049399778544926,7379447493105353774,7631688718235042590,https://p16-common-sign.tiktokcdn-us.com/tos-useast5-avt-0068-tx/8333f9dfa0f3b8496a22610aaddd9163~tplv-tiktokx-cropcenter:100:100.jpg?dr=9640&refresh_token=63e5aa8d&x-expires=1778140800&x-signature=O08E1AHQuVqp%2FKV766UMA8c9JLU%3D&t=4d5b0474&ps=13740610&shp=30310797&shcp=ff37627b&idc=useast5
Amazing 😍😍😍,0,0,2026-04-22T03:13:37.000Z,babyfr3saa,https://www.tiktok.com/@mitipuu/video/7631049399778544926,7105971437446349870,7631416340054999821,https://p16-common-sign.tiktokcdn-us.com/tos-useast5-avt-0068-tx/0c304748defb9740776abe1981cb295b~tplv-tiktokx-cropcenter:100:100.jpg?dr=9640&refresh_token=015a53f0&x-expires=1778140800&x-signature=XkuXsEOxXkfrk%2BKev5xwLsYgBMI%3D&t=4d5b0474&ps=13740610&shp=30310797&shcp=ff37627b&idc=useast5
Oooo need to try this one😍 You’re glowing💖,0,0,2026-04-22T02:52:56.000Z,the_blonde_rose_,https://www.tiktok.com/@mitipuu/video/7631049399778544926,6929660328020722694,7631411118208713473,https://p16-common-sign.tiktokcdn-us.com/tos-maliva-avt-0068/786f861a4d73158637b837460752711e~tplv-tiktokx-cropcenter:100:100.jpg?dr=9640&refresh_token=b6f19323&x-expires=1778140800&x-signature=0P%2Fhbh31EziO5mvA11dUYP4TX%2B0%3D&t=4d5b0474&ps=13740610&shp=30310797&shcp=ff37627b&idc=useast5
I would forget I’m wearing it 😅,0,0,2026-04-22T18:23:29.000Z,sherryluvyea,https://www.tiktok.com/@mitipuu/video/7631049399778544926,7519868507649180694,7631650935856579360,https://p19-common-sign.tiktokcdn-us.com/tos-useast2a-avt-0068-euttp/2cc6747b345788e793db03eab123ffb6~tplv-tiktokx-cropcenter:100:100.jpg?dr=9640&refresh_token=cdfa558d&x-expires=1778140800&x-signature=qyBqnHs8vvoOsyHMlFmY4LiT52g%3D&t=4d5b0474&ps=13740610&shp=30310797&shcp=ff37627b&idc=useast5
So hydrated 🥰,1,0,2026-04-21T17:56:35.000Z,glowithsarahlee,https://www.tiktok.com/@mitipuu/video/7631049399778544926,66566370578,7631272835235283726,https://p19-common-sign.tiktokcdn-us.com/tos-useast5-avt-0068-tx/7deaa1bae2f1a72f0fdb173813eea09e~tplv-tiktokx-cropcenter:100:100.jpg?dr=9640&refresh_token=732e7b3b&x-expires=1778140800&x-signature=AqHpN7ha%2FsSckb59blRnOZ5zaUs%3D&t=4d5b0474&ps=13740610&shp=30310797&shcp=ff37627b&idc=useast5
Your glow 😍,1,0,2026-04-21T17:17:17.000Z,beautybunnyy7,https://www.tiktok.com/@mitipuu/video/7631049399778544926,7597999879076037654,7631262764296291094,https://p16-common-sign.tiktokcdn-us.com/tos-maliva-avt-0068/d4723ec3143a5a5e5688c0c049b8bc4f~tplv-tiktokx-cropcenter:100:100.jpg?dr=9640&refresh_token=81d44303&x-expires=1778140800&x-signature=9fMHns7pizr4M8PFIB%2FgX%2BtWAUc%3D&t=4d5b0474&ps=13740610&shp=30310797&shcp=ff37627b&idc=useast5
so glassy🥰,0,0,2026-05-03T18:46:57.000Z,theadultingattemp,https://www.tiktok.com/@mitipuu/video/7631049399778544926,7575503016498136086,7635738919220380449,https://p16-common-sign.tiktokcdn-us.com/tos-useast2a-avt-0068-euttp/6af65779733d7f10b54204bb4fb84986~tplv-tiktokx-cropcenter:100:100.jpg?dr=9640&refresh_token=1f934125&x-expires=1778140800&x-signature=cgQFgybSsUmvF%2F%2BFZiWT1ryLcj0%3D&t=4d5b0474&ps=13740610&shp=30310797&shcp=ff37627b&idc=useast5
Wow this mask looks amazing 🥰🥰🥰,0,0,2026-04-22T17:23:39.000Z,jeanie_pearl8,https://www.tiktok.com/@mitipuu/video/7631049399778544926,7175705233498047530,7631635379058000670,https://p19-common-sign.tiktokcdn-us.com/tos-useast8-avt-0068-tx2/972c499f08b423ec335cfa5def5a122b~tplv-tiktokx-cropcenter:100:100.jpg?dr=9640&refresh_token=207cad2f&x-expires=1778140800&x-signature=GAw3Isxt7aX6eDxq5nOLshTKhew%3D&t=4d5b0474&ps=13740610&shp=30310797&shcp=ff37627b&idc=useast5
look soo hydratingg!!😍,0,0,2026-04-22T05:24:01.000Z,keykaykeyy,https://www.tiktok.com/@mitipuu/video/7631049399778544926,7119143413609759771,7631449884700984094,https://p19-common-sign.tiktokcdn-us.com/tos-useast8-avt-0068-tx2/41f29f79b34194491bb5d008a3f0a384~tplv-tiktokx-cropcenter:100:100.jpg?dr=9640&refresh_token=fbdd3594&x-expires=1778140800&x-signature=BPzpoTI7Fh2Vn5TQ4eMOv7ckipQ%3D&t=4d5b0474&ps=13740610&shp=30310797&shcp=ff37627b&idc=useast5
Woah I love the super transparency on that! And for the lips too haha ✨,0,0,2026-04-21T04:45:45.000Z,imchloeim,https://www.tiktok.com/@mitipuu/video/7631049399778544926,7472205375137661982,7631068875141284621,https://p19-common-sign.tiktokcdn-us.com/tos-useast5-avt-0068-tx/9aa564456835bbc30520a3d9f98d993c~tplv-tiktokx-cropcenter:100:100.jpg?dr=9640&refresh_token=d085a805&x-expires=1778140800&x-signature=9B1r29oR6w8WPemZzAVNnKRESh4%3D&t=4d5b0474&ps=13740610&shp=30310797&shcp=ff37627b&idc=useast5
Glowing and hydrated skin,0,0,2026-04-21T21:22:05.000Z,neeroolama,https://www.tiktok.com/@mitipuu/video/7631049399778544926,6629367528265580550,7631325823820088086,https://p16-common-sign.tiktokcdn.com/tos-maliva-avt-0068/18400434fde0ceb3387ca3366ce5ab5a~tplv-tiktokx-cropcenter:100:100.jpg?dr=14579&refresh_token=dd284d40&x-expires=1778140800&x-signature=0gig%2F9jYJ3B1UWH4DubGN1oqPSg%3D&t=4d5b0474&ps=13740610&shp=30310797&shcp=ff37627b&idc=my
Giving glass skin🥰✨,0,0,2026-04-21T20:22:29.000Z,syra.creates,https://www.tiktok.com/@mitipuu/video/7631049399778544926,7338749303228646432,7631310508159255318,https://p16-common-sign.tiktokcdn.com/tos-maliva-avt-0068/8a2f0450d09d447d99c9c9b5aa2e7616~tplv-tiktokx-cropcenter:100:100.jpg?dr=14579&refresh_token=8109b738&x-expires=1778140800&x-signature=a7kQvOI6QgxdMQ7jmTsqr4%2Fs48k%3D&t=4d5b0474&ps=13740610&shp=30310797&shcp=ff37627b&idc=my
this looks so cool😍😍,0,0,2026-04-21T20:33:27.000Z,gcffen,https://www.tiktok.com/@mitipuu/video/7631049399778544926,9759102,7631313300892500739,https://p16-common-sign.tiktokcdn.com/tos-maliva-avt-0068/01354d9f76295896a66407410c46fcf2~tplv-tiktokx-cropcenter:100:100.jpg?dr=14579&refresh_token=bcf90712&x-expires=1778140800&x-signature=7c27JBpNkuSLY0hUmv2gMnC7tWA%3D&t=4d5b0474&ps=13740610&shp=30310797&shcp=ff37627b&idc=my
That glow is EVERYTHING ✨,0,0,2026-04-22T02:10:43.000Z,cessavila_,https://www.tiktok.com/@mitipuu/video/7631049399778544926,6685717154942174213,7631400174833304334,https://p16-common-sign.tiktokcdn.com/tos-maliva-avt-0068/06e49408fd090aa692a5ac66e66eea9e~tplv-tiktokx-cropcenter:100:100.jpg?dr=14579&refresh_token=3afb4da6&x-expires=1778140800&x-signature=62wiQPjsq56QOlRm%2BlUOtYpLuvo%3D&t=4d5b0474&ps=13740610&shp=30310797&shcp=ff37627b&idc=my
I loved this mask and lip mask,0,0,2026-04-21T20:58:23.000Z,the0nlyymiracle,https://www.tiktok.com/@mitipuu/video/7631049399778544926,106603767780773888,7631319640749654797,https://p16-sign-va.tiktokcdn.com/tos-maliva-avt-0068/0c48a17e0f17801fa9ebbb6717fa55b9~tplv-tiktokx-cropcenter:100:100.jpg?dr=14579&refresh_token=72680c16&x-expires=1778140800&x-signature=rOC%2BfCnOht3AuI75xu0oR%2Fv2pHY%3D&t=4d5b0474&ps=13740610&shp=30310797&shcp=ff37627b&idc=my
Yes please ! A love a good mask,0,0,2026-04-23T01:23:22.000Z,sungyal,https://www.tiktok.com/@missshilife/video/7630626577318939922,6645726120033124358,7631758595785868035,https://p19-common-sign.tiktokcdn-us.com/tos-maliva-avt-0068/0250930936e30f8f7fbc41dfc16e6c87~tplv-tiktokx-cropcenter:100:100.jpg?dr=9640&refresh_token=a13a6b15&x-expires=1778140800&x-signature=2hTm2dMIKUoyYBTakY2zzz%2BaYB4%3D&t=4d5b0474&ps=13740610&shp=30310797&shcp=ff37627b&idc=useast8
Love the glass skin on you 💕,0,0,2026-04-25T21:46:45.000Z,lydia_d30,https://www.tiktok.com/@missshilife/video/7630626577318939922,6696989848022303749,7632816541528146695,https://p16-common-sign.tiktokcdn-us.com/tos-alisg-avt-0068/50629b33f24b4ff38982beacf105bd65~tplv-tiktokx-cropcenter:100:100.jpg?dr=9640&refresh_token=1a834ec2&x-expires=1778140800&x-signature=mLNBhUbaD1wNc9kxZ7dHo29vq2o%3D&t=4d5b0474&ps=13740610&shp=30310797&shcp=ff37627b&idc=useast8
Want to try this!,0,0,2026-04-21T16:41:30.000Z,lifebykirra,https://www.tiktok.com/@missshilife/video/7630626577318939922,7325939864082760736,7631253562252706582,https://p19-common-sign.tiktokcdn-us.com/tos-useast2a-avt-0068-euttp/7325940987946074144~tplv-tiktokx-cropcenter:100:100.jpg?dr=9640&refresh_token=66c49acf&x-expires=1778140800&x-signature=03uj4PtilaF6ntaSgq55PD4x7jo%3D&t=4d5b0474&ps=13740610&shp=30310797&shcp=ff37627b&idc=useast8
Bestie your skin is glowing! 😍✨,0,0,2026-04-20T23:21:10.000Z,craftedbyfari,https://www.tiktok.com/@missshilife/video/7630626577318939922,7548168547026289672,7630985401004327701,https://p16-common-sign.tiktokcdn-us.com/tos-alisg-avt-0068/69cf249ceec5ad4078f7eaa810c59e53~tplv-tiktokx-cropcenter:100:100.jpg?dr=9640&refresh_token=2de845f4&x-expires=1778140800&x-signature=E6G0D3XHxuf4KaCuhrp2hkGv%2F9E%3D&t=4d5b0474&ps=13740610&shp=30310797&shcp=ff37627b&idc=useast8
Love the lashes!,0,0,2026-04-20T21:28:58.000Z,iiayeshaiii,https://www.tiktok.com/@missshilife/video/7630626577318939922,6796064942132085765,7630956516975395605,https://p16-common-sign.tiktokcdn-us.com/tos-alisg-avt-0068/3d25c864e52a37c0c0f53d62b3f3d938~tplv-tiktokx-cropcenter:100:100.jpg?dr=9640&refresh_token=3e4e5788&x-expires=1778140800&x-signature=PgAwSkDLlX68vpKswixRVPj9BLk%3D&t=4d5b0474&ps=13740610&shp=30310797&shcp=ff37627b&idc=useast8
omg I need to try 🔥✨,0,0,2026-04-21T15:53:29.000Z,yourdoll_marga,https://www.tiktok.com/@missshilife/video/7630626577318939922,7461764281837044766,7631241091857515294,https://p16-common-sign.tiktokcdn-us.com/tos-useast8-avt-0068-tx2/54ff6d9b0784518d26adbca240ce3e26~tplv-tiktokx-cropcenter:100:100.jpg?dr=9640&refresh_token=463fda90&x-expires=1778140800&x-signature=siGzYUqoXnh4K5V62aiOEPVeMqs%3D&t=4d5b0474&ps=13740610&shp=30310797&shcp=ff37627b&idc=useast8
Omg yesss to all 😍,0,0,2026-04-20T17:16:53.000Z,purelyathome,https://www.tiktok.com/@missshilife/video/7630626577318939922,7460548643897263126,7630891578169246486,https://p19-common-sign.tiktokcdn-us.com/tos-maliva-avt-0068/de71ce18357950ee33a749990be121f3~tplv-tiktokx-cropcenter:100:100.jpg?dr=9640&refresh_token=67a6dc37&x-expires=1778140800&x-signature=vnh6CiLwnQvkoklQ6LL2rjLlf60%3D&t=4d5b0474&ps=13740610&shp=30310797&shcp=ff37627b&idc=useast8
I need,0,0,2026-04-23T04:02:24.000Z,kailies_life,https://www.tiktok.com/@missshilife/video/7630626577318939922,7080028631919641646,7631800046052197133,https://p19-common-sign.tiktokcdn-us.com/tos-useast5-avt-0068-tx/66fa8afaad45ac112e0d27ae0244ac69~tplv-tiktokx-cropcenter:100:100.jpg?dr=9640&refresh_token=0b9375f9&x-expires=1778140800&x-signature=bNCZ8hIMeR5G%2Fx4TeGEioOeCmyw%3D&t=4d5b0474&ps=13740610&shp=30310797&shcp=ff37627b&idc=useast8
Wowow 😍😍,0,0,2026-04-22T00:49:09.000Z,gurdiksha_,https://www.tiktok.com/@missshilife/video/7630626577318939922,7505144051428279351,7631379185340531476,https://p19-common-sign.tiktokcdn-us.com/tos-alisg-avt-0068/e78ce466d476ae114f40df5f2f8e2ff6~tplv-tiktokx-cropcenter:100:100.jpg?dr=9640&refresh_token=99221991&x-expires=1778140800&x-signature=I6aeu5VKGvCWfKPC3UFlC%2BKN6OM%3D&t=4d5b0474&ps=13740610&shp=30310797&shcp=ff37627b&idc=useast8
Wow ❤️,0,0,2026-04-20T00:18:20.000Z,dreami30,https://www.tiktok.com/@missshilife/video/7630626577318939922,6841397103915353090,7630629081981305620,https://p19-common-sign.tiktokcdn-us.com/tos-alisg-avt-0068/795786e6197b5f43860a8b5f180c73f9~tplv-tiktokx-cropcenter:100:100.jpg?dr=9640&refresh_token=2795ed11&x-expires=1778140800&x-signature=ugBAIuu80wd4OD2epKvS1DUusBk%3D&t=4d5b0474&ps=13740610&shp=30310797&shcp=ff37627b&idc=useast8
Love these,0,0,2026-04-20T17:52:51.000Z,ssidhu027,https://www.tiktok.com/@missshilife/video/7630626577318939922,7271681853181740037,7630900872503673618,https://p16-common-sign.tiktokcdn-us.com/tos-alisg-avt-0068/4cd1a158f2b75c4a390dc908c9362a99~tplv-tiktokx-cropcenter:100:100.jpg?dr=9640&refresh_token=ed3789f3&x-expires=1778140800&x-signature=dbPIX5oq5tO4YG3kgENZNoByFUE%3D&t=4d5b0474&ps=13740610&shp=30310797&shcp=ff37627b&idc=useast8
I have these too! Love the lip mask!,0,0,2026-04-21T04:59:07.000Z,ugc_iryna,https://www.tiktok.com/@missshilife/video/7630626577318939922,6560631760198221829,7631072547564225296,https://p19-common-sign.tiktokcdn-us.com/tos-alisg-avt-0068/d110a49c0d7d70397ca703a7b0b529b0~tplv-tiktokx-cropcenter:100:100.jpg?dr=9640&refresh_token=8285de97&x-expires=1778140800&x-signature=HsOdMGVDWYwUyXXWJ8vWTcjiEio%3D&t=4d5b0474&ps=13740610&shp=30310797&shcp=ff37627b&idc=useast8
My favorite i love it,0,0,2026-04-21T01:48:25.000Z,funmiomookun,https://www.tiktok.com/@missshilife/video/7630626577318939922,6810285387089839109,7631023396893410049,https://p16-common-sign.tiktokcdn-us.com/tos-maliva-avt-0068/aafd41a3ab485ede3ee246b04aa81410~tplv-tiktokx-cropcenter:100:100.jpg?dr=9640&refresh_token=7f997ffc&x-expires=1778140800&x-signature=7H1grfUssUiInrlYlPwE4%2BUtHHo%3D&t=4d5b0474&ps=13740610&shp=30310797&shcp=ff37627b&idc=useast8
🥰🥰 Looks amazing,0,0,2026-04-20T22:29:14.000Z,it.is.just.me.happy.anna,https://www.tiktok.com/@missshilife/video/7630626577318939922,7196881175356752897,7630972022834938644,https://p19-common-sign.tiktokcdn-us.com/tos-alisg-avt-0068/25f0a936c6a8f1303cbf5971cd4a6f25~tplv-tiktokx-cropcenter:100:100.jpg?dr=9640&refresh_token=ab71bb91&x-expires=1778140800&x-signature=xoNKnez%2Fr%2BP%2BjlFvopTjR7PytQ4%3D&t=4d5b0474&ps=13740610&shp=30310797&shcp=ff37627b&idc=useast8
Woow 🥰🥰,0,0,2026-04-21T14:30:17.000Z,pyang.ugc,https://www.tiktok.com/@missshilife/video/7630626577318939922,7547770122358866957,7631219602999280397,https://p19-common-sign.tiktokcdn-us.com/tos-useast5-avt-0068-tx/5540f1454102c9b3b1ca62d63eb2213d~tplv-tiktokx-cropcenter:100:100.jpg?dr=9640&refresh_token=c314c6fc&x-expires=1778140800&x-signature=JOH26KBpvWp%2FCHxmC7xqQDUlnIg%3D&t=4d5b0474&ps=13740610&shp=30310797&shcp=ff37627b&idc=useast8
This is so calming,0,0,2026-04-20T18:59:37.000Z,debsdesign.lab,https://www.tiktok.com/@missshilife/video/7630626577318939922,7135100234343302149,7630918064925917972,https://p16-common-sign.tiktokcdn-us.com/tos-alisg-avt-0068/f5f5a2b0cd9578edfb475da49ede70df~tplv-tiktokx-cropcenter:100:100.jpg?dr=9640&refresh_token=7d293e7f&x-expires=1778140800&x-signature=utV%2Bu1zNIF0EAqjHskn7292GgWA%3D&t=4d5b0474&ps=13740610&shp=30310797&shcp=ff37627b&idc=useast8
So good,0,0,2026-04-20T20:26:45.000Z,shes.sojess,https://www.tiktok.com/@missshilife/video/7630626577318939922,7570338432606553102,7630940440959959839,https://p16-common-sign.tiktokcdn-us.com/tos-useast8-avt-0068-tx2/eef729639bd20955a273b3453c1fb5ae~tplv-tiktokx-cropcenter:100:100.jpg?dr=9640&refresh_token=b869fa87&x-expires=1778140800&x-signature=uM1BvBoXjQj7tDsD1DXqHjBd9gQ%3D&t=4d5b0474&ps=13740610&shp=30310797&shcp=ff37627b&idc=useast8
I love a good glass skin mask! Results look amazing on you 💕,0,0,2026-04-25T21:40:08.000Z,lydia_d30,https://www.tiktok.com/@missshilife/video/7630626577318939922,6696989848022303749,7632814821545657095,https://p16-common-sign.tiktokcdn-us.com/tos-alisg-avt-0068/50629b33f24b4ff38982beacf105bd65~tplv-tiktokx-cropcenter:100:100.jpg?dr=9640&refresh_token=1a834ec2&x-expires=1778140800&x-signature=mLNBhUbaD1wNc9kxZ7dHo29vq2o%3D&t=4d5b0474&ps=13740610&shp=30310797&shcp=ff37627b&idc=useast8
Looks so funnn and hydrating at the same timee😍😍😍,0,0,2026-04-20T02:27:02.000Z,__sanjanabasnet,https://www.tiktok.com/@missshilife/video/7630626577318939922,7134000660126647323,7630662272789562130,https://p19-common-sign.tiktokcdn-us.com/tos-alisg-avt-0068/364475a05950fd77bc33dfce620fc218~tplv-tiktokx-cropcenter:100:100.jpg?dr=9640&refresh_token=96e3c073&x-expires=1778140800&x-signature=5muStJiDglfntHSeqWeDpMRknPA%3D&t=4d5b0474&ps=13740610&shp=30310797&shcp=ff37627b&idc=useast8
Glowwww 😍🌟,0,0,2026-04-28T02:30:22.000Z,sfmadeit,https://www.tiktok.com/@missshilife/video/7630626577318939922,7532654253447283718,7633631827718112018,https://p19-common-sign.tiktokcdn-us.com/tos-alisg-avt-0068/55c2e82940c84a37917c014f8c740cbb~tplv-tiktokx-cropcenter:100:100.jpg?dr=9640&refresh_token=aaeeaa62&x-expires=1778140800&x-signature=%2Btgz%2FlbvrpCN4ONN0dhUIn4KJ2U%3D&t=4d5b0474&ps=13740610&shp=30310797&shcp=ff37627b&idc=useast8
Looks hydrating! Your skin after the mask😍,0,0,2026-04-20T02:48:09.000Z,neha_kharel_,https://www.tiktok.com/@missshilife/video/7630626577318939922,6827414991328674822,7630667623198819088,https://p16-common-sign.tiktokcdn-us.com/tos-alisg-avt-0068/529863116b22f7345449218dac019a22~tplv-tiktokx-cropcenter:100:100.jpg?dr=9640&refresh_token=4568f5c7&x-expires=1778140800&x-signature=uhdeEY%2BRwk3JHX1nuv1akp7aJhA%3D&t=4d5b0474&ps=13740610&shp=30310797&shcp=ff37627b&idc=useast8
I love combining these 2 together,0,0,2026-04-20T04:31:11.000Z,shevycake,https://www.tiktok.com/@missshilife/video/7630626577318939922,6724029162561356805,7630694164681999117,https://p16-common-sign.tiktokcdn-us.com/tos-useast5-avt-0068-tx/d6004a5fea29c08230236464d774d440~tplv-tiktokx-cropcenter:100:100.jpg?dr=9640&refresh_token=e413953a&x-expires=1778140800&x-signature=7X%2Fjv3ZEQROaJ47dh%2FxE3YtongQ%3D&t=4d5b0474&ps=13740610&shp=30310797&shcp=ff37627b&idc=useast8
looks so cool✨,0,0,2026-04-20T14:36:58.000Z,nerissapark,https://www.tiktok.com/@missshilife/video/7630626577318939922,6918596524072354818,7630850371204809493,https://p16-common-sign.tiktokcdn-us.com/tos-alisg-avt-0068/b233cb8053aad91508b3755137b0427b~tplv-tiktokx-cropcenter:100:100.jpg?dr=9640&refresh_token=b8ed6933&x-expires=1778140800&x-signature=sZWQKrtdw6ow54UN8zC9CcqWVzQ%3D&t=4d5b0474&ps=13740610&shp=30310797&shcp=ff37627b&idc=useast8
love it💕💕,0,0,2026-04-20T13:34:31.000Z,itzlilyrxo,https://www.tiktok.com/@missshilife/video/7630626577318939922,7472453199539569686,7630834260341441313,https://p16-common-sign.tiktokcdn-us.com/tos-useast2a-avt-0068-euttp/b838c8bcb3fbcb9f2ea9de3741d2d0ae~tplv-tiktokx-cropcenter:100:100.jpg?dr=9640&refresh_token=71c39255&x-expires=1778140800&x-signature=LZcWPzWKiLkTjkAxhNb1it4rbd0%3D&t=4d5b0474&ps=13740610&shp=30310797&shcp=ff37627b&idc=useast8
Look at that glow😘,0,0,2026-04-20T13:15:12.000Z,thebucketlistticker,https://www.tiktok.com/@missshilife/video/7630626577318939922,6540975467338404879,7630829287143588628,https://p16-common-sign.tiktokcdn-us.com/tos-alisg-avt-0068/40c0b0e2fd20caf4d272e77d3d50b0b0~tplv-tiktokx-cropcenter:100:100.jpg?dr=9640&refresh_token=8b01f6c7&x-expires=1778140800&x-signature=A0EkvWjlvgnJzYnIB7C8hh8GYvY%3D&t=4d5b0474&ps=13740610&shp=30310797&shcp=ff37627b&idc=useast8
Amazing,0,0,2026-04-20T08:18:50.000Z,maruinmilan,https://www.tiktok.com/@missshilife/video/7630626577318939922,7167681505999750149,7630752863795151638,https://p19-common-sign.tiktokcdn-us.com/tos-maliva-avt-0068/7db3fe43adf4cb8575b48f0c56a4fc9c~tplv-tiktokx-cropcenter:100:100.jpg?dr=9640&refresh_token=fe0f39e8&x-expires=1778140800&x-signature=lhHKKMsVw6txknqi9zqKvImCCcs%3D&t=4d5b0474&ps=13740610&shp=30310797&shcp=ff37627b&idc=useast8
woww so cool🥰,0,0,2026-04-20T06:15:23.000Z,1madziula,https://www.tiktok.com/@missshilife/video/7630626577318939922,7124429127050314758,7630721077609644822,https://p16-common-sign.tiktokcdn-us.com/tos-useast2a-avt-0068-euttp/9d0409e2efbd12cd5db8fdfe2b4fa0df~tplv-tiktokx-cropcenter:100:100.jpg?dr=9640&refresh_token=96843054&x-expires=1778140800&x-signature=61a3uoGX8BMLaGaBDmSyua1SgXE%3D&t=4d5b0474&ps=13740610&shp=30310797&shcp=ff37627b&idc=useast8
this combo looks really good,0,0,2026-04-20T04:51:00.000Z,clairekwan1,https://www.tiktok.com/@missshilife/video/7630626577318939922,7018538357244527618,7630699375517467413,https://p16-common-sign.tiktokcdn-us.com/tos-alisg-avt-0068/e87ac99a531d8b2b87425a3f7243dc48~tplv-tiktokx-cropcenter:100:100.jpg?dr=9640&refresh_token=ce19ba5a&x-expires=1778140800&x-signature=7uSza1wx3%2FTezWQs%2FQ59dZYQ7cE%3D&t=4d5b0474&ps=13740610&shp=30310797&shcp=ff37627b&idc=useast8
Love it 😍,0,0,2026-04-20T05:10:38.000Z,annie_k44,https://www.tiktok.com/@missshilife/video/7630626577318939922,7526041888219972664,7630704399928705809,https://p19-common-sign.tiktokcdn-us.com/tos-alisg-avt-0068/d52cb8a0f2b5e288dbf7d2fab8b44885~tplv-tiktokx-cropcenter:100:100.jpg?dr=9640&refresh_token=aa36554a&x-expires=1778140800&x-signature=jjq76gVjIxWMHKm%2Bu%2BKGl2pM0Q8%3D&t=4d5b0474&ps=13740610&shp=30310797&shcp=ff37627b&idc=useast8
Woww looks amazing ♥️,0,0,2026-04-20T00:21:20.000Z,manakhan77,https://www.tiktok.com/@missshilife/video/7630626577318939922,6797183732002489350,7630629756791358225,https://p16-common-sign.tiktokcdn-us.com/tos-alisg-avt-0068/183fb8a33842e8c1182f6cc90d4cff53~tplv-tiktokx-cropcenter:100:100.jpg?dr=9640&refresh_token=e5930107&x-expires=1778140800&x-signature=no0G4jdJ6ekZEEm9vnGHRjYSAew%3D&t=4d5b0474&ps=13740610&shp=30310797&shcp=ff37627b&idc=useast8
Oh so nice so lovely x,1,1,2026-04-20T06:00:47.000Z,porschabeautyroom,https://www.tiktok.com/@askmims/video/7630716021250346270,6804022587891762182,7630717232343761686,https://p16-common-sign.tiktokcdn-us.com/tos-maliva-avt-0068/ae615eaeb24ba1e1e866665fc365c211~tplv-tiktokx-cropcenter:100:100.jpg?dr=9640&refresh_token=d804a270&x-expires=1778140800&x-signature=Zen0Ggtg530O0mFhALpxVw32T%2Bc%3D&t=4d5b0474&ps=13740610&shp=30310797&shcp=ff37627b&idc=useast5
I love the idea of this!,1,1,2026-04-20T08:37:43.000Z,artbyronel,https://www.tiktok.com/@askmims/video/7630716021250346270,6991634335872189445,7630757758945477398,https://p16-common-sign.tiktokcdn-us.com/tos-useast2a-avt-0068-euttp/8189a646a6948a458b34963de8a4f88d~tplv-tiktokx-cropcenter:100:100.jpg?dr=9640&refresh_token=457065bb&x-expires=1778140800&x-signature=MMVXV2pv5Dqll4YcSzQTQsi88lw%3D&t=4d5b0474&ps=13740610&shp=30310797&shcp=ff37627b&idc=useast5
Wow 😍,0,0,2026-04-21T12:46:44.000Z,cee1_,https://www.tiktok.com/@askmims/video/7630716021250346270,6798494089547777030,7631192994356855574,https://p16-common-sign.tiktokcdn-us.com/tos-maliva-avt-0068/c6474231a5ac46c952ad1799a4ecdee9~tplv-tiktokx-cropcenter:100:100.jpg?dr=9640&refresh_token=2ed00edc&x-expires=1778140800&x-signature=Qa02QohoawXNUarou5Le3SnAQik%3D&t=4d5b0474&ps=13740610&shp=30310797&shcp=ff37627b&idc=useast5
Oh I need it,0,0,2026-04-20T21:54:03.000Z,kris10jadeb_tv,https://www.tiktok.com/@askmims/video/7630716021250346270,6946243838475961349,7630962925775667982,https://p19-common-sign.tiktokcdn-us.com/tos-useast5-avt-0068-tx/7335973e73ac5e37f6aaf25d15d16f88~tplv-tiktokx-cropcenter:100:100.jpg?dr=9640&refresh_token=e86d6525&x-expires=1778140800&x-signature=cgUfPTI8pAb4ro9tfa144cy8hTY%3D&t=4d5b0474&ps=13740610&shp=30310797&shcp=ff37627b&idc=useast5
Wanna try this one,0,0,2026-04-23T09:11:31.000Z,dreamz098,https://www.tiktok.com/@askmims/video/7630716021250346270,6831883321296290818,7631879776768443143,https://p19-common-sign.tiktokcdn-us.com/tos-alisg-avt-0068/774cdda15bcb478b74bf686d2e2370b9~tplv-tiktokx-cropcenter:100:100.jpg?dr=9640&refresh_token=89ddd6d8&x-expires=1778140800&x-signature=5EmPe%2Fbfk1ELqqg5KSGoVpOiEIU%3D&t=4d5b0474&ps=13740610&shp=30310797&shcp=ff37627b&idc=useast5
Oooh looks great,0,0,2026-04-20T21:55:56.000Z,rbkdevelasco,https://www.tiktok.com/@askmims/video/7630716021250346270,6808757372908782597,7630963456996639509,https://p16-common-sign.tiktokcdn-us.com/tos-maliva-avt-0068/9c7e6e3d6748b6ac7906a628006d1c61~tplv-tiktokx-cropcenter:100:100.jpg?dr=9640&refresh_token=b3f2741b&x-expires=1778140800&x-signature=CQB%2FWfhiimIPGCgwRghmCgtoyCQ%3D&t=4d5b0474&ps=13740610&shp=30310797&shcp=ff37627b&idc=useast5
That mask looks great! Very nice,0,0,2026-04-20T17:57:02.000Z,abisversion1989,https://www.tiktok.com/@askmims/video/7630716021250346270,6981080402728584197,7630901947139195670,https://p19-common-sign.tiktokcdn-us.com/tos-maliva-avt-0068/a56b2fa6772a7b7b86a2e9587177fefd~tplv-tiktokx-cropcenter:100:100.jpg?dr=9640&refresh_token=d659a69e&x-expires=1778140800&x-signature=eSmWnamEPYj8yUx1KJLor0F5M68%3D&t=4d5b0474&ps=13740610&shp=30310797&shcp=ff37627b&idc=useast5
So quick!!,0,0,2026-04-21T16:34:43.000Z,lauur_xo,https://www.tiktok.com/@askmims/video/7630716021250346270,6783026736957047814,7631251788117492502,https://p19-common-sign.tiktokcdn-us.com/tos-maliva-avt-0068/2f76fd3ab8061b75c19f41657c25530f~tplv-tiktokx-cropcenter:100:100.jpg?dr=9640&refresh_token=017a7497&x-expires=1778140800&x-signature=tP2%2FaeYlqegkRUCw7DwmP7gZNUY%3D&t=4d5b0474&ps=13740610&shp=30310797&shcp=ff37627b&idc=useast5
Such a good idea!! Lovee a face mask 🥰,0,0,2026-04-20T21:35:51.000Z,suzannebird8,https://www.tiktok.com/@askmims/video/7630716021250346270,6532053149782376449,7630958301555573526,https://p19-common-sign.tiktokcdn-us.com/tos-useast2a-avt-0068-euttp/f47c53fec342eb4bbf956c5926bec894~tplv-tiktokx-cropcenter:100:100.jpg?dr=9640&refresh_token=3c1cffa4&x-expires=1778140800&x-signature=0%2Feb368vDtyWuaL5qPE19%2FPzXT0%3D&t=4d5b0474&ps=13740610&shp=30310797&shcp=ff37627b&idc=useast5
Great idea to do it on your journey,0,0,2026-04-20T21:22:30.000Z,nicpedder,https://www.tiktok.com/@askmims/video/7630716021250346270,7543317101489554454,7630954869377303318,https://p16-common-sign.tiktokcdn-us.com/tos-maliva-avt-0068/a75edcb5b36768f6178e9efdaba0846f~tplv-tiktokx-cropcenter:100:100.jpg?dr=9640&refresh_token=4a73e746&x-expires=1778140800&x-signature=JORN17UE6YhPNbJ4%2BeBKxPl3pzI%3D&t=4d5b0474&ps=13740610&shp=30310797&shcp=ff37627b&idc=useast5
One of my favorite ♥️♥️,0,0,2026-04-20T19:54:45.000Z,rokeya087,https://www.tiktok.com/@askmims/video/7630716021250346270,2231338,7630932210468389646,https://p19-common-sign.tiktokcdn-us.com/tos-useast5-avt-0068-tx/a1b22661118735540e87a48fb345f1be~tplv-tiktokx-cropcenter:100:100.jpg?dr=9640&refresh_token=fdf97cd0&x-expires=1778140800&x-signature=GOztetHlaTLhKKeI2y0sKFGBb2Q%3D&t=4d5b0474&ps=13740610&shp=30310797&shcp=ff37627b&idc=useast5
I loved this mask and lip mask,0,0,2026-04-21T02:14:24.000Z,the0nlyymiracle,https://www.tiktok.com/@askmims/video/7630716021250346270,106603767780773888,7631030076951315213,https://p16-common-sign.tiktokcdn-us.com/tos-useast5-avt-0068-tx/0c48a17e0f17801fa9ebbb6717fa55b9~tplv-tiktokx-cropcenter:100:100.jpg?dr=9640&refresh_token=d91a2011&x-expires=1778140800&x-signature=yYFHn9MuwMr2MjSODfvUUTipYZ4%3D&t=4d5b0474&ps=13740610&shp=30310797&shcp=ff37627b&idc=useast5
Nice 😍,0,0,2026-04-20T20:11:30.000Z,glow_goddess_,https://www.tiktok.com/@askmims/video/7630716021250346270,7462108123147813910,7630936596900872993,https://p19-common-sign.tiktokcdn-us.com/tos-useast2a-avt-0068-euttp/d6bdb08c2e101152f4c3d381219818d8~tplv-tiktokx-cropcenter:100:100.jpg?dr=9640&refresh_token=664ff614&x-expires=1778140800&x-signature=xuGI%2BJB75pSQmVTmODS8R5xuSAg%3D&t=4d5b0474&ps=13740610&shp=30310797&shcp=ff37627b&idc=useast5
Love this mask,0,0,2026-04-20T20:19:51.000Z,fhaydskincarecreator,https://www.tiktok.com/@askmims/video/7630716021250346270,7434278357315224622,7630938677145699102,https://p16-common-sign.tiktokcdn-us.com/tos-useast8-avt-0068-tx2/0206fecc0d7268744098d8f49db68e12~tplv-tiktokx-cropcenter:100:100.jpg?dr=9640&refresh_token=5e658815&x-expires=1778140800&x-signature=nVYExf7661fq159YPeSMqykxvBE%3D&t=4d5b0474&ps=13740610&shp=30310797&shcp=ff37627b&idc=useast5
Wow look at that glow!,0,0,2026-04-11T06:20:57.000Z,artbyronel,https://www.tiktok.com/@rokeya087/video/7627235116275797261,6991634335872189445,7627382684516303638,https://p19-common-sign.tiktokcdn-us.com/tos-useast2a-avt-0068-euttp/8189a646a6948a458b34963de8a4f88d~tplv-tiktokx-cropcenter:100:100.jpg?dr=9640&refresh_token=becfdf3b&x-expires=1778140800&x-signature=tiXk3gxL7PqjLC%2Bqy7BtGYQGk7I%3D&t=4d5b0474&ps=13740610&shp=30310797&shcp=ff37627b&idc=useast5
"Congratulations girl, I need this",0,0,2026-04-11T12:34:03.000Z,teddievic,https://www.tiktok.com/@rokeya087/video/7627235116275797261,6809371755653743622,7627478938147980040,https://p19-common-sign.tiktokcdn-us.com/tos-alisg-avt-0068/c82a445fcd3189850ed0081bcbc90b4f~tplv-tiktokx-cropcenter:100:100.jpg?dr=9640&refresh_token=5db7ab3c&x-expires=1778140800&x-signature=zlcHqzJKChPgbg3ZF8B4mScbM%2BE%3D&t=4d5b0474&ps=13740610&shp=30310797&shcp=ff37627b&idc=useast5
Love a mask 💕💕,0,0,2026-04-11T10:39:38.000Z,kirstymarief,https://www.tiktok.com/@rokeya087/video/7627235116275797261,6988161503853609990,7627449447731118870,https://p19-common-sign.tiktokcdn-us.com/tos-maliva-avt-0068/a7448f1d0076382e3328303a2dd519f3~tplv-tiktokx-cropcenter:100:100.jpg?dr=9640&refresh_token=5ffc69c1&x-expires=1778140800&x-signature=pPTPvwTyTX8niKRIRqTc24G6InI%3D&t=4d5b0474&ps=13740610&shp=30310797&shcp=ff37627b&idc=useast5
Oh look that glow 😍,0,0,2026-04-11T08:32:33.000Z,nicola_reviews,https://www.tiktok.com/@rokeya087/video/7627235116275797261,6989326581957837829,7627416649415803670,https://p16-common-sign.tiktokcdn-us.com/tos-maliva-avt-0068/6366f8f71111d75dfff71c6ab6c02ff8~tplv-tiktokx-cropcenter:100:100.jpg?dr=9640&refresh_token=f6bd17e9&x-expires=1778140800&x-signature=Hg5vZGHJY3uSQiDQX%2FFL7smi5r8%3D&t=4d5b0474&ps=13740610&shp=30310797&shcp=ff37627b&idc=useast5
A mask is always a good idea 💗,0,0,2026-04-11T06:27:55.000Z,clairestone,https://www.tiktok.com/@rokeya087/video/7627235116275797261,7090175290992149509,7627384509315236640,https://p19-common-sign.tiktokcdn-us.com/tos-useast2a-avt-0068-euttp/7a672492a45818207fd20492463bb701~tplv-tiktokx-cropcenter:100:100.jpg?dr=9640&refresh_token=a5922396&x-expires=1778140800&x-signature=cEhUNTeDfCU3UkNl2XVjwJi6MJQ%3D&t=4d5b0474&ps=13740610&shp=30310797&shcp=ff37627b&idc=useast5
Need thissss 😍😍🔥,0,0,2026-04-11T06:26:55.000Z,manjusglowdiary,https://www.tiktok.com/@rokeya087/video/7627235116275797261,7557369520962110472,7627384321325892373,https://p19-common-sign.tiktokcdn-us.com/tos-alisg-avt-0068/1aa1606d1a8890e4dc5d528bd3893cf7~tplv-tiktokx-cropcenter:100:100.jpg?dr=9640&refresh_token=68547464&x-expires=1778140800&x-signature=bxcoZN7Ug5WrDXJEjJrGUtag8rU%3D&t=4d5b0474&ps=13740610&shp=30310797&shcp=ff37627b&idc=useast5
Love a good mask 😻🩷,0,0,2026-04-11T06:06:50.000Z,missecbeauty,https://www.tiktok.com/@rokeya087/video/7627235116275797261,6656468972399460357,7627379104156975894,https://p19-common-sign.tiktokcdn-us.com/tos-maliva-avt-0068/75431043c3b15c5fad3bbb3684bcd81d~tplv-tiktokx-cropcenter:100:100.jpg?dr=9640&refresh_token=25bae765&x-expires=1778140800&x-signature=huX86RCbV1Se774cslID5MFDSA0%3D&t=4d5b0474&ps=13740610&shp=30310797&shcp=ff37627b&idc=useast5
Oooh this looks so good💖,0,0,2026-04-11T03:48:41.000Z,sonamdemsel,https://www.tiktok.com/@rokeya087/video/7627235116275797261,113239576831213568,7627343539886277383,https://p16-common-sign.tiktokcdn-us.com/tos-alisg-avt-0068/fb33aec3bb631b8150a535f90239d23f~tplv-tiktokx-cropcenter:100:100.jpg?dr=9640&refresh_token=76a821da&x-expires=1778140800&x-signature=AL5mHs%2BI1bjYy3PibvZMsbmjfHM%3D&t=4d5b0474&ps=13740610&shp=30310797&shcp=ff37627b&idc=useast5
@Kocostar US Mask left your skin so glowing and hydrating,0,0,2026-04-11T16:43:09.000Z,thebeautyinvestigator,https://www.tiktok.com/@rokeya087/video/7627235116275797261,6867667502852883462,7627542988830671647,https://p19-common-sign.tiktokcdn-us.com/tos-useast8-avt-0068-tx2/ca67e4642f8d4afe6f0eabaa7aa15558~tplv-tiktokx-cropcenter:100:100.jpg?dr=9640&refresh_token=ce13d54d&x-expires=1778140800&x-signature=fZyPbqA97G%2BMhOZPy6kQUzSdGzs%3D&t=4d5b0474&ps=13740610&shp=30310797&shcp=ff37627b&idc=useast5
That glow bestie,0,0,2026-04-20T19:11:40.000Z,housewifehaymoor,https://www.tiktok.com/@glowwithkimfnp/video/7630850803120557343,6554127048582873097,7630921132215993119,https://p16-common-sign.tiktokcdn-us.com/tos-useast8-avt-0068-tx2/ec41ba98c072a76094137acf20659742~tplv-tiktokx-cropcenter:100:100.jpg?dr=9640&refresh_token=2ad9580b&x-expires=1778140800&x-signature=O3MwFrq4x%2F2aKboFbt6H77ru9Jc%3D&t=4d5b0474&ps=13740610&shp=30310797&shcp=ff37627b&idc=useast5
Skin is looking glassy ⭐✨,0,0,2026-04-20T16:24:22.000Z,skinwithdy,https://www.tiktok.com/@glowwithkimfnp/video/7630850803120557343,7549736920255824951,7630877939547013919,https://p16-common-sign.tiktokcdn-us.com/tos-useast8-avt-0068-tx2/3b9a2451e155173ba6261433e02245e3~tplv-tiktokx-cropcenter:100:100.jpg?dr=9640&refresh_token=643ecf31&x-expires=1778140800&x-signature=bgasSX7eBZWFUUW9iLtnr9cbkPY%3D&t=4d5b0474&ps=13740610&shp=30310797&shcp=ff37627b&idc=useast5
Glassy!,0,0,2026-04-20T16:15:37.000Z,jenniferalopezz,https://www.tiktok.com/@glowwithkimfnp/video/7630850803120557343,7324407271605175339,7630875599280784142,https://p19-common-sign.tiktokcdn-us.com/tos-useast5-avt-0068-tx/ac6717e816728a9bacad928df9a263ba~tplv-tiktokx-cropcenter:100:100.jpg?dr=9640&refresh_token=80552ceb&x-expires=1778140800&x-signature=LkZlrdBdY4hT7z%2BP%2B1fXdh%2BwSdg%3D&t=4d5b0474&ps=13740610&shp=30310797&shcp=ff37627b&idc=useast5
Great idea! it looks like a great mask and lip mask 💕,0,0,2026-04-20T15:41:18.000Z,kirstymarief,https://www.tiktok.com/@askmims/video/7630716021250346270,6988161503853609990,7630866966890316566,https://p16-common-sign.tiktokcdn-eu.com/tos-no1a-avt-0068c001-no/a7448f1d0076382e3328303a2dd519f3~tplv-tiktokx-cropcenter:100:100.jpg?dr=10399&refresh_token=53cd9ab8&x-expires=1778140800&x-signature=U4vI82EX4mQWCcxdDevy8aXcUUE%3D&t=4d5b0474&ps=13740610&shp=30310797&shcp=ff37627b&idc=no1a
Love this; on the go glow! 😍,0,0,2026-04-20T16:12:55.000Z,clairestone,https://www.tiktok.com/@askmims/video/7630716021250346270,7090175290992149509,7630875096697439009,https://p16-common-sign.tiktokcdn-eu.com/tos-useast2a-avt-0068-euttp/7a672492a45818207fd20492463bb701~tplv-tiktokx-cropcenter:100:100.jpg?dr=10399&refresh_token=16135afb&x-expires=1778140800&x-signature=KuAiIfXyQ1Xe904ADi3Apjhv4og%3D&t=4d5b0474&ps=13740610&shp=30310797&shcp=ff37627b&idc=no1a
thats a good idea,0,0,2026-04-20T11:13:32.000Z,amberatelier,https://www.tiktok.com/@askmims/video/7630716021250346270,7453545284435067936,7630797899614208790,https://p16-common-sign.tiktokcdn-eu.com/tos-no1a-avt-0068c001-no/58525a59426e4f8c5789b8bd44320812~tplv-tiktokx-cropcenter:100:100.jpg?dr=10399&refresh_token=4b055eb8&x-expires=1778140800&x-signature=6glPyHamKIQGmMPHuUbGJmw8JuY%3D&t=4d5b0474&ps=13740610&shp=30310797&shcp=ff37627b&idc=no1a
Como deja la piel 😍,0,0,2026-04-20T09:24:06.000Z,cristi_machioo,https://www.tiktok.com/@askmims/video/7630716021250346270,6938818848510493702,7630769682056643350,https://p16-common-sign.tiktokcdn-eu.com/tos-no1a-avt-0068c001-no/4a16fede0b80aeeb194ff68b5b0a4b39~tplv-tiktokx-cropcenter:100:100.jpg?dr=10399&refresh_token=84893a79&x-expires=1778140800&x-signature=wWUQd4mTT5CHkecyKW7WMccBEpo%3D&t=4d5b0474&ps=13740610&shp=30310797&shcp=ff37627b&idc=no1a
Wow looks so hydrating 🥰,0,0,2026-04-20T16:05:52.000Z,ugc_celestial_skinc,https://www.tiktok.com/@askmims/video/7630716021250346270,7501685431034053687,7630873283278062343,https://p16-common-sign.tiktokcdn-eu.com/tos-maliva-avt-0068/2b04c17c3ecb318506722eb0f6fe59ee~tplv-tiktokx-cropcenter:100:100.jpg?dr=10399&refresh_token=ceea4738&x-expires=1778140800&x-signature=D5gklpmWjDovXGQ8cQSx6UIxszA%3D&t=4d5b0474&ps=13740610&shp=30310797&shcp=ff37627b&idc=no1a
Glowing!!!,0,0,2026-04-20T12:44:45.000Z,maisiemcdonnell0,https://www.tiktok.com/@askmims/video/7630716021250346270,6747567629270008838,7630821446922846998,https://p16-common-sign.tiktokcdn-eu.com/tos-no1a-avt-0068c001-no/e58f5e65229760d24505f589866ecd02~tplv-tiktokx-cropcenter:100:100.jpg?dr=10399&refresh_token=37c33c72&x-expires=1778140800&x-signature=2btGEZZYPXXAduhWxmrwmQ%2BmSH0%3D&t=4d5b0474&ps=13740610&shp=30310797&shcp=ff37627b&idc=no1a
amazing,0,0,2026-04-20T16:59:54.000Z,vehherman.ugc,https://www.tiktok.com/@askmims/video/7630716021250346270,7379447493105353774,7630887147377427230,https://p16-common-sign.tiktokcdn.com/tos-maliva-avt-0068/8333f9dfa0f3b8496a22610aaddd9163~tplv-tiktokx-cropcenter:100:100.jpg?dr=14579&refresh_token=9aad8b21&x-expires=1778140800&x-signature=EvVHaqMacTD6%2FJwDP912maxSgUk%3D&t=4d5b0474&ps=13740610&shp=30310797&shcp=ff37627b&idc=my2
Love to try the lip mask😍,0,0,2026-04-25T16:09:55.000Z,catierhine,https://www.tiktok.com/@askmims/video/7630716021250346270,6552450794770219009,7632729757972464414,https://p77-sign-va.tiktokcdn.com/tos-maliva-avt-0068/5678f9e27f9dbc632fdf7a52036c737d~tplv-tiktokx-cropcenter:100:100.jpg?dr=14579&refresh_token=7a9c9aef&x-expires=1778140800&x-signature=JCKTJvSmqKI6oarlk4p1tqDcugc%3D&t=4d5b0474&ps=13740610&shp=30310797&shcp=ff37627b&idc=my2
The glow!,0,0,2026-04-20T00:27:06.000Z,_yezu_,https://www.tiktok.com/@missshilife/video/7630626577318939922,7524197052331852856,7630631333757567762,https://p19-common-sign.tiktokcdn-us.com/tos-alisg-avt-0068/3e92e7ba34d06b92df2152633cd8fa5c~tplv-tiktokx-cropcenter:100:100.jpg?dr=9640&refresh_token=ffac6829&x-expires=1778140800&x-signature=KYYd7u%2Fwqvc6n2p96xBO3FIliic%3D&t=4d5b0474&ps=13740610&shp=30310797&shcp=ff37627b&idc=useast5
Wow 😍,0,0,2026-04-20T00:32:26.000Z,aje.kathir,https://www.tiktok.com/@missshilife/video/7630626577318939922,7359712843946607621,7630632726798140167,https://p16-common-sign.tiktokcdn-us.com/tos-alisg-avt-0068/489abec6835d36517aa97ec3ac97bc02~tplv-tiktokx-cropcenter:100:100.jpg?dr=9640&refresh_token=652a4bd6&x-expires=1778140800&x-signature=1z%2Bb0zoznYAJpBjxTjs9tVwB6Hk%3D&t=4d5b0474&ps=13740610&shp=30310797&shcp=ff37627b&idc=useast5
Love your nails girl,0,0,2026-04-20T00:37:09.000Z,canadatravelswithsupriya,https://www.tiktok.com/@missshilife/video/7630626577318939922,7091405145213780997,7630633937647239956,https://p19-common-sign.tiktokcdn-us.com/tos-maliva-avt-0068/a8deefab9e424ccc01c372b7b04dfa66~tplv-tiktokx-cropcenter:100:100.jpg?dr=9640&refresh_token=9034d730&x-expires=1778140800&x-signature=X4eBBVwxx1tcokKCv7bSUXg2y3c%3D&t=4d5b0474&ps=13740610&shp=30310797&shcp=ff37627b&idc=useast5
🥰,3,1,2026-04-22T21:33:47.000Z,sandrateresagarciarinco2,https://www.tiktok.com/@maf.v1120/video/7631692968411401493,6863265977452315653,7631699900732736277,https://p16-common-sign.tiktokcdn.com/musically-maliva-obj/1594805258216454~tplv-tiktokx-cropcenter:100:100.jpg?dr=14579&refresh_token=db807870&x-expires=1778140800&x-signature=SmhWrxxdJddUlwkfIF8YgDshkqs%3D&t=4d5b0474&ps=13740610&shp=30310797&shcp=ff37627b&idc=my
😻,4,0,2026-04-27T21:32:21.000Z,cristinags_1,https://www.tiktok.com/@maf.v1120/video/7631692968411401493,227651215608750080,7633554936341283604,https://p16-common-sign.tiktokcdn.com/tos-alisg-avt-0068/7bf3c0497bf21c08a0ac3e47e611d2c4~tplv-tiktokx-cropcenter:100:100.jpg?dr=14579&refresh_token=cba43149&x-expires=1778140800&x-signature=hl5baAaLPSSFPW2%2FEh36xL9W0Ug%3D&t=4d5b0474&ps=13740610&shp=30310797&shcp=ff37627b&idc=my
Lip 👄 mask is very unique 😍😍😍,0,0,2026-04-18T21:41:16.000Z,mm65934,https://www.tiktok.com/@juriameow/video/7630204303961099538,7373870304386417670,7630217481920316178,https://p16-common-sign.tiktokcdn-us.com/tos-maliva-avt-0068/7373871253012578309~tplv-tiktokx-cropcenter:100:100.jpg?dr=9640&refresh_token=aaea2ee2&x-expires=1778140800&x-signature=nCPTIALbXITJS2k8pzLX1zSkSTo%3D&t=4d5b0474&ps=13740610&shp=30310797&shcp=ff37627b&idc=useast5
Hi beautiful my name is Patty I’m looking for besties too. Let’s follow each other.,0,0,2026-04-28T23:41:18.000Z,pattycakesmila,https://www.tiktok.com/@nadyadangbidness/video/7631063937131220237,6844977406039180294,7633959299261563679,https://p19-common-sign.tiktokcdn-us.com/tos-useast8-avt-0068-tx2/ab5a0d01217982c902f49883d6c556a1~tplv-tiktokx-cropcenter:100:100.jpg?dr=9640&refresh_token=9d776ed8&x-expires=1778140800&x-signature=qhr5r3T9BqjzQJKJm2E3NKpd4n8%3D&t=4d5b0474&ps=13740610&shp=30310797&shcp=ff37627b&idc=useast8
This is really looking like great face mask and also the lip one is nice.,0,1,2026-04-22T21:19:38.000Z,mariposamakeup13,https://www.tiktok.com/@chetna.geraugc/video/7631442325759069458,6797497374048732165,7631696315604337426,https://p16-common-sign.tiktokcdn-us.com/tos-maliva-avt-0068/5b9ddb2e9958b5a70ae12d0d8a3890a9~tplv-tiktokx-cropcenter:100:100.jpg?dr=9640&refresh_token=21ff4321&x-expires=1778140800&x-signature=qd518aqy%2BCfAvPCulpnGgjuYnjY%3D&t=4d5b0474&ps=13740610&shp=30310797&shcp=ff37627b&idc=useast5
I want to try these now looks so hydrating,1,1,2026-05-05T15:45:13.000Z,_shay.studio_,https://www.tiktok.com/@chetna.geraugc/video/7631442325759069458,7331935672855872517,7636434246752764690,https://p19-common-sign.tiktokcdn-us.com/tos-alisg-avt-0068/6523215a63b5a21190b96fb8cd1f7e91~tplv-tiktokx-cropcenter:100:100.jpg?dr=9640&refresh_token=4d75c50c&x-expires=1778140800&x-signature=wIq29x0f5Iphf2y%2Bml3%2BMTlLsR0%3D&t=4d5b0474&ps=13740610&shp=30310797&shcp=ff37627b&idc=useast5
I love the glow up😍,0,0,2026-04-15T17:59:09.000Z,thequeenetudoh,https://www.tiktok.com/@beautyworld51/video/7628594161582673160,7121333185573487622,7629047064261296913,https://p19-common-sign.tiktokcdn-us.com/tos-maliva-avt-0068/fec471d1404a1dd525b99bbaa68c2a24~tplv-tiktokx-cropcenter:100:100.jpg?dr=9640&refresh_token=66923064&x-expires=1778140800&x-signature=Rw6zH5OIyW4C1oMP3PuIRgn%2BovQ%3D&t=4d5b0474&ps=13740610&shp=30310797&shcp=ff37627b&idc=useast8
Soo effective 🥰,0,0,2026-04-15T18:00:31.000Z,angiiespotlight,https://www.tiktok.com/@beautyworld51/video/7628594161582673160,7393440760919901216,7629047409326572310,https://p19-common-sign.tiktokcdn-us.com/tos-maliva-avt-0068/b07c68e2a9fc7f8aeb15cd38ec00859a~tplv-tiktokx-cropcenter:100:100.jpg?dr=9640&refresh_token=74a6bbc9&x-expires=1778140800&x-signature=YQr3ew7Y74%2BsttFZC9w7uVyCJlM%3D&t=4d5b0474&ps=13740610&shp=30310797&shcp=ff37627b&idc=useast8
Wanna try this out,0,0,2026-04-15T02:14:33.000Z,chinnybabe25,https://www.tiktok.com/@beautyworld51/video/7628594161582673160,6991478445013009413,7628803568934781704,https://p19-common-sign.tiktokcdn-us.com/tos-alisg-avt-0068/7e10d29ba0fd52d569fd865ea85af8b7~tplv-tiktokx-cropcenter:100:100.jpg?dr=9640&refresh_token=84b2989e&x-expires=1778140800&x-signature=oht8AuxYQOMAw4OWGweitYgDl%2Fs%3D&t=4d5b0474&ps=13740610&shp=30310797&shcp=ff37627b&idc=useast8
Damn,0,0,2026-04-26T09:08:01.000Z,darkhorse_ken,https://www.tiktok.com/@beautyworld51/video/7628594161582673160,7614287783510983696,7632992101849350920,https://p16-common-sign.tiktokcdn-us.com/musically-maliva-obj/1594805258216454~tplv-tiktokx-cropcenter:100:100.jpg?dr=9640&refresh_token=4d8bdd2e&x-expires=1778140800&x-signature=ZGD9Rfnc%2FOjlbalpM7OTXW%2FPHD4%3D&t=4d5b0474&ps=13740610&shp=30310797&shcp=ff37627b&idc=useast8
Love this mask,0,0,2026-04-15T11:36:22.000Z,mara_hunt88,https://www.tiktok.com/@beautyworld51/video/7628594161582673160,6867958722368783365,7628948385144210177,https://p19-common-sign.tiktokcdn-us.com/tos-maliva-avt-0068/b4571d860a919a43ecc1216d29fdfb6e~tplv-tiktokx-cropcenter:100:100.jpg?dr=9640&refresh_token=bc5a2df8&x-expires=1778140800&x-signature=yicvnkE%2Fd%2FCzWZH9Trfgq7Lp4MY%3D&t=4d5b0474&ps=13740610&shp=30310797&shcp=ff37627b&idc=useast8
Flourish glowing skin❤️,0,0,2026-04-15T06:07:02.000Z,general0000007,https://www.tiktok.com/@beautyworld51/video/7628594161582673160,6670226260704559109,7628863539582993173,https://p19-common-sign.tiktokcdn-us.com/tos-alisg-avt-0068/946273f4d323ba80630429c490f3099a~tplv-tiktokx-cropcenter:100:100.jpg?dr=9640&refresh_token=384860ed&x-expires=1778140800&x-signature=4OaRt8QLIBMtMxajFMPvQnfY5zs%3D&t=4d5b0474&ps=13740610&shp=30310797&shcp=ff37627b&idc=useast8
Super hydrating,0,0,2026-04-15T01:04:46.000Z,shonawignal26,https://www.tiktok.com/@beautyworld51/video/7628594161582673160,7000698692982883333,7628785615680668437,https://p19-common-sign.tiktokcdn-us.com/tos-maliva-avt-0068/746947f38c29a6e5b484cabc12f8eb05~tplv-tiktokx-cropcenter:100:100.jpg?dr=9640&refresh_token=0cc308c0&x-expires=1778140800&x-signature=W3pMlOuahncBVqYF3LTOKfbvNZE%3D&t=4d5b0474&ps=13740610&shp=30310797&shcp=ff37627b&idc=useast8
The mask is so good,0,0,2026-04-15T00:41:03.000Z,glowwith_ruth,https://www.tiktok.com/@beautyworld51/video/7628594161582673160,7066379812911121413,7628779530412770066,https://p19-common-sign.tiktokcdn-us.com/tos-alisg-avt-0068/388a11434a1bfe8f245eb42dc2604390~tplv-tiktokx-cropcenter:100:100.jpg?dr=9640&refresh_token=bd98e975&x-expires=1778140800&x-signature=OXCF%2FwGLZ3ZFN4P0SnxxA1UlXco%3D&t=4d5b0474&ps=13740610&shp=30310797&shcp=ff37627b&idc=useast8
This looks so hydrating!!,0,0,2026-04-15T00:30:34.000Z,unboxwith_ke,https://www.tiktok.com/@beautyworld51/video/7628594161582673160,7264612508429763616,7628776533621457686,https://p16-common-sign.tiktokcdn-us.com/tos-maliva-avt-0068/6431c7a21a608a6231c63c03d17fa43f~tplv-tiktokx-cropcenter:100:100.jpg?dr=9640&refresh_token=d05fac1e&x-expires=1778140800&x-signature=RXeEOVyEKlfohC9%2BYb46m03oT6Q%3D&t=4d5b0474&ps=13740610&shp=30310797&shcp=ff37627b&idc=useast8
Love the mask,1,0,2026-04-14T21:04:30.000Z,momos_s,https://www.tiktok.com/@beautyworld51/video/7628594161582673160,189858332105711618,7628723706454180616,https://p19-common-sign.tiktokcdn-us.com/tos-maliva-avt-0068/61a2ff8933296da0f20a5881a136152b~tplv-tiktokx-cropcenter:100:100.jpg?dr=9640&refresh_token=c785a9e6&x-expires=1778140800&x-signature=fF45oeA6slGPwz%2BZXYZnpWPEofg%3D&t=4d5b0474&ps=13740610&shp=30310797&shcp=ff37627b&idc=useast8
so glowy😍,0,0,2026-04-15T16:24:54.000Z,tohlu_xx,https://www.tiktok.com/@beautyworld51/video/7628594161582673160,6778887096826479622,7629022772429144852,https://p16-common-sign.tiktokcdn-us.com/tos-maliva-avt-0068/f06479a67da005457520870f2b448548~tplv-tiktokx-cropcenter:100:100.jpg?dr=9640&refresh_token=720ac6ce&x-expires=1778140800&x-signature=MtiN2cJRcEUppBLKRiCjWgnwKME%3D&t=4d5b0474&ps=13740610&shp=30310797&shcp=ff37627b&idc=useast8
I love the glow 🥰,0,0,2026-04-15T16:39:55.000Z,being_mrsm,https://www.tiktok.com/@beautyworld51/video/7628594161582673160,7532539540586955798,7629026623987974934,https://p16-common-sign.tiktokcdn-us.com/tos-maliva-avt-0068/49f9e5b9a169fffd79d035a759831485~tplv-tiktokx-cropcenter:100:100.jpg?dr=9640&refresh_token=436fbcba&x-expires=1778140800&x-signature=%2BKTDxZeqA3Vk4YRUfTZnzIJ%2Bp9o%3D&t=4d5b0474&ps=13740610&shp=30310797&shcp=ff37627b&idc=useast8
Your looks really good!!!! 🥰 Later them go say Korean skincare no Dey work 😂,1,2,2026-04-15T00:02:53.000Z,dunni_dee,https://www.tiktok.com/@beautyworld51/video/7628594161582673160,6823864044392186885,7628769657253364488,https://p16-common-sign.tiktokcdn-us.com/tos-alisg-avt-0068/70edde8ab7f885318b24a8c787db8f8d~tplv-tiktokx-cropcenter:100:100.jpg?dr=9640&refresh_token=6023dfce&x-expires=1778140800&x-signature=wb4xEAz9DJrnHOv8BLQfKu%2BjwTw%3D&t=4d5b0474&ps=13740610&shp=30310797&shcp=ff37627b&idc=useast8
skin looks so hydrating bbe😭,0,0,2026-04-11T14:51:36.000Z,ugc548,https://www.tiktok.com/@rokeya087/video/7627235116275797261,7264050640744514566,7627514400446350097,https://p19-common-sign.tiktokcdn-us.com/tos-alisg-avt-0068/8fb266783d22497ddc9bf2dfd1278d16~tplv-tiktokx-cropcenter:100:100.jpg?dr=9640&refresh_token=cb13577c&x-expires=1778140800&x-signature=wrzfjX3lUtHlKetteo0LGvc%2F%2BKQ%3D&t=4d5b0474&ps=13740610&shp=30310797&shcp=ff37627b&idc=useast8
Wow this looks amazing,0,0,2026-04-09T04:18:10.000Z,l_torres,https://www.tiktok.com/@funmiomookun/video/7626230634859482389,81199730248081408,7626608766649762591,https://p16-common-sign.tiktokcdn-us.com/tos-useast8-avt-0068-tx2/7e0438ab82c3b812b8612ea0823a7377~tplv-tiktokx-cropcenter:100:100.jpg?dr=9640&refresh_token=233a1e25&x-expires=1778140800&x-signature=6sEx%2F50gvnhuALi57Xi1optAZf4%3D&t=4d5b0474&ps=13740610&shp=30310797&shcp=ff37627b&idc=useast8
Wooww love the clear mask 🥰🥰,0,0,2026-04-09T00:14:16.000Z,sujala_roy,https://www.tiktok.com/@funmiomookun/video/7626230634859482389,7311114601885467690,7626546075201585951,https://p19-common-sign.tiktokcdn-us.com/tos-useast8-avt-0068-tx2/b5f9b27ec6654ed4a997ae13adc57f31~tplv-tiktokx-cropcenter:100:100.jpg?dr=9640&refresh_token=2dda602e&x-expires=1778140800&x-signature=WVKHx%2FJNnQCcotuW65iCQdCNEKI%3D&t=4d5b0474&ps=13740610&shp=30310797&shcp=ff37627b&idc=useast8
That🥰🥰,0,0,2026-04-08T22:40:20.000Z,pyang.ugc,https://www.tiktok.com/@funmiomookun/video/7626230634859482389,7547770122358866957,7626521861283218189,https://p19-common-sign.tiktokcdn-us.com/tos-useast5-avt-0068-tx/5540f1454102c9b3b1ca62d63eb2213d~tplv-tiktokx-cropcenter:100:100.jpg?dr=9640&refresh_token=c314c6fc&x-expires=1778140800&x-signature=JOH26KBpvWp%2FCHxmC7xqQDUlnIg%3D&t=4d5b0474&ps=13740610&shp=30310797&shcp=ff37627b&idc=useast8
So good hydrating 😍love it,0,0,2026-04-08T21:59:55.000Z,beautyalvi,https://www.tiktok.com/@funmiomookun/video/7626230634859482389,7122188705062175750,7626511451843756822,https://p16-common-sign.tiktokcdn-us.com/tos-maliva-avt-0068/20d6208003c85843e9d97626c1e3c1ad~tplv-tiktokx-cropcenter:100:100.jpg?dr=9640&refresh_token=5998b9f2&x-expires=1778140800&x-signature=I%2Fda6Z1CapwT4NB4Ln8OqKB1jUM%3D&t=4d5b0474&ps=13740610&shp=30310797&shcp=ff37627b&idc=useast8
Glass skin to perfection babe ❤️,0,0,2026-04-08T21:53:40.000Z,er_bilingualbeauty,https://www.tiktok.com/@funmiomookun/video/7626230634859482389,7063088535789143045,7626509862395101974,https://p16-common-sign.tiktokcdn-us.com/tos-useast2a-avt-0068-euttp/d4b69ba9bdedc230d4f0aa8d7ff922d1~tplv-tiktokx-cropcenter:100:100.jpg?dr=9640&refresh_token=1280e1fd&x-expires=1778140800&x-signature=R74blkUHOSGg9nO9V1Av2KuFxks%3D&t=4d5b0474&ps=13740610&shp=30310797&shcp=ff37627b&idc=useast8
Very nice skincare product❤️,0,0,2026-04-08T21:46:00.000Z,cindysolutions,https://www.tiktok.com/@funmiomookun/video/7626230634859482389,6865866336423543814,7626507891830473485,https://p19-common-sign.tiktokcdn-us.com/tos-useast5-avt-0068-tx/9e5cacad0328c80a2581da0faa68cffa~tplv-tiktokx-cropcenter:100:100.jpg?dr=9640&refresh_token=18494efc&x-expires=1778140800&x-signature=cPL4aAuIR6w9CDW%2BV9PJJqFQx9k%3D&t=4d5b0474&ps=13740610&shp=30310797&shcp=ff37627b&idc=useast8
How cool 😍😍I want to try. Love the glow,0,0,2026-04-08T21:35:36.000Z,bella_ugc_xx,https://www.tiktok.com/@funmiomookun/video/7626230634859482389,7355045588800554017,7626505258964976417,https://p16-common-sign.tiktokcdn-us.com/tos-useast2a-avt-0068-euttp/fa938016542a146261dc5f83c9355732~tplv-tiktokx-cropcenter:100:100.jpg?dr=9640&refresh_token=adbe6ba1&x-expires=1778140800&x-signature=G%2BBUmI8L3PxJxym9iBynZ9%2FdBI0%3D&t=4d5b0474&ps=13740610&shp=30310797&shcp=ff37627b&idc=useast8
So hydrating,0,0,2026-04-08T21:11:13.000Z,chukwuarapunam3,https://www.tiktok.com/@funmiomookun/video/7626230634859482389,7395680861994370081,7626498958579565334,https://p16-common-sign.tiktokcdn-us.com/tos-maliva-avt-0068/a641646e4a1fac46f934ef9812f8efb3~tplv-tiktokx-cropcenter:100:100.jpg?dr=9640&refresh_token=bc239dcf&x-expires=1778140800&x-signature=Hwj%2BTp5wcRbyA%2FvnkO2d2cM57CI%3D&t=4d5b0474&ps=13740610&shp=30310797&shcp=ff37627b&idc=useast8
I want this mask 💗,0,0,2026-04-08T20:56:22.000Z,aga.creates,https://www.tiktok.com/@funmiomookun/video/7626230634859482389,7547422916347921430,7626495117050888982,https://p19-common-sign.tiktokcdn-us.com/tos-useast2a-avt-0068-euttp/751a01d60736d99dd70968c1eeb3fae7~tplv-tiktokx-cropcenter:100:100.jpg?dr=9640&refresh_token=06eaa44f&x-expires=1778140800&x-signature=B%2BC0DwEYLEerCKW%2FwD0c4dfKI8s%3D&t=4d5b0474&ps=13740610&shp=30310797&shcp=ff37627b&idc=useast8
This looks lovely,0,0,2026-04-08T20:39:38.000Z,dblacdanni,https://www.tiktok.com/@funmiomookun/video/7626230634859482389,7273217545192571936,7626490806048883478,https://p16-common-sign.tiktokcdn-us.com/tos-maliva-avt-0068/24ceed9023e59027fb1465bce04b3744~tplv-tiktokx-cropcenter:100:100.jpg?dr=9640&refresh_token=51b9f6d7&x-expires=1778140800&x-signature=3eoobeBcDS9qrW7AHMeokcG04so%3D&t=4d5b0474&ps=13740610&shp=30310797&shcp=ff37627b&idc=useast8
This is a cute package,0,0,2026-04-08T19:34:39.000Z,precioso_12,https://www.tiktok.com/@funmiomookun/video/7626230634859482389,7230810164918961157,7626474057702556438,https://p19-common-sign.tiktokcdn-us.com/tos-maliva-avt-0068/0ca996e8a30793e267c661fc3094064b~tplv-tiktokx-cropcenter:100:100.jpg?dr=9640&refresh_token=df22ce4e&x-expires=1778140800&x-signature=CRHAx5GOu50MZefH%2FYBwy2DqKn8%3D&t=4d5b0474&ps=13740610&shp=30310797&shcp=ff37627b&idc=useast8
Ooh I love it 💖,0,0,2026-04-08T19:25:08.000Z,itssheyashvi,https://www.tiktok.com/@funmiomookun/video/7626230634859482389,6646833766683852805,7626471575349822216,https://p19-common-sign.tiktokcdn-us.com/tos-alisg-avt-0068/356c395ee05f05a65eecf0c76d2b900d~tplv-tiktokx-cropcenter:100:100.jpg?dr=9640&refresh_token=ba884f1c&x-expires=1778140800&x-signature=hMJERzp6YXQtfU%2FXFjWVah%2B8mpU%3D&t=4d5b0474&ps=13740610&shp=30310797&shcp=ff37627b&idc=useast8
Wow love the mask🥰,0,0,2026-04-08T19:21:44.000Z,glam_by_gurleen,https://www.tiktok.com/@funmiomookun/video/7626230634859482389,6843193103798141957,7626470702250836757,https://p16-common-sign.tiktokcdn-us.com/tos-alisg-avt-0068/bc4902f82ba4d6bbc94262153072a99b~tplv-tiktokx-cropcenter:100:100.jpg?dr=9640&refresh_token=0f88f6ae&x-expires=1778140800&x-signature=FI3qBuOzJhG4pRPUn3v%2By%2BWJE3o%3D&t=4d5b0474&ps=13740610&shp=30310797&shcp=ff37627b&idc=useast8
Love it,0,0,2026-04-08T19:17:23.000Z,call_meee_grace,https://www.tiktok.com/@funmiomookun/video/7626230634859482389,7048155184791782405,7626469635185066760,https://p19-common-sign.tiktokcdn-us.com/tos-alisg-avt-0068/8bc74b9f8f887ed274cda8af014ffd01~tplv-tiktokx-cropcenter:100:100.jpg?dr=9640&refresh_token=702ab01d&x-expires=1778140800&x-signature=ri6%2B9OXsROF33raZVHrHoGiOUl4%3D&t=4d5b0474&ps=13740610&shp=30310797&shcp=ff37627b&idc=useast8
I’m loving this,0,0,2026-04-08T19:02:14.000Z,mummyglow12,https://www.tiktok.com/@funmiomookun/video/7626230634859482389,6711416433924981766,7626465715164185366,https://p16-common-sign.tiktokcdn-us.com/tos-useast2a-avt-0068-euttp/fb6a3281cfb9c1de30fbe7945ea09256~tplv-tiktokx-cropcenter:100:100.jpg?dr=9640&refresh_token=af0b51b9&x-expires=1778140800&x-signature=6xqQ1gBENV2OsCAZwMtzJjoxzwg%3D&t=4d5b0474&ps=13740610&shp=30310797&shcp=ff37627b&idc=useast8
You are glowing maa ❤️,1,1,2026-04-21T23:22:48.000Z,mamazziel,https://www.tiktok.com/@yourpinaybestie/video/7631086053947870472,6914697331305776129,7631356921396855560,https://p16-common-sign.tiktokcdn-us.com/tos-maliva-avt-0068/e8e9f827aae4cb5ee83c311abe7f2926~tplv-tiktokx-cropcenter:100:100.jpg?dr=9640&refresh_token=e3a06f17&x-expires=1778140800&x-signature=NzmReQNF%2FLnkvjdL3y9%2F7Zjcr8A%3D&t=4d5b0474&ps=13740610&shp=30310797&shcp=ff37627b&idc=useast8
wow the results after you can see the glow!✨,1,0,2026-04-23T03:18:03.000Z,shertangs,https://www.tiktok.com/@yourpinaybestie/video/7631086053947870472,7255725781841282049,7631788668402860820,https://p19-common-sign.tiktokcdn-us.com/tos-maliva-avt-0068/63dfbc6941cdc51d223e7416f7f4a017~tplv-tiktokx-cropcenter:100:100.jpg?dr=9640&refresh_token=fcb5c2bf&x-expires=1778140800&x-signature=U7owf8BRZs7PfE5xff280vFQFXg%3D&t=4d5b0474&ps=13740610&shp=30310797&shcp=ff37627b&idc=useast8
I like that bestie❤️,1,1,2026-04-21T19:07:44.000Z,cjmkalaw,https://www.tiktok.com/@yourpinaybestie/video/7631086053947870472,19547394,7631291229326951175,https://p19-common-sign.tiktokcdn-us.com/tos-maliva-avt-0068/09fc5f0450ad0e2abba27266a9e3b625~tplv-tiktokx-cropcenter:100:100.jpg?dr=9640&refresh_token=87f0c298&x-expires=1778140800&x-signature=u0OsHETfjtH2wnxKv4CuINnOiuc%3D&t=4d5b0474&ps=13740610&shp=30310797&shcp=ff37627b&idc=useast8
Wanna try that 🥰🥰🥰,1,1,2026-04-21T07:06:55.000Z,jdiariesss,https://www.tiktok.com/@yourpinaybestie/video/7631086053947870472,6806227644800615426,7631105461735736084,https://p16-common-sign.tiktokcdn-us.com/tos-alisg-avt-0068/2e58eff82e5ecfadf36ad1ff1424542d~tplv-tiktokx-cropcenter:100:100.jpg?dr=9640&refresh_token=571977fe&x-expires=1778140800&x-signature=ZrZhuQRM%2BuzoHUV%2FtRp2ZHyTWTY%3D&t=4d5b0474&ps=13740610&shp=30310797&shcp=ff37627b&idc=useast8
🥰🥰,0,0,2026-04-21T14:30:30.000Z,pyang.ugc,https://www.tiktok.com/@shevycake/video/7630269783480618253,7547770122358866957,7631219646075618061,https://p19-common-sign.tiktokcdn-us.com/tos-useast5-avt-0068-tx/5540f1454102c9b3b1ca62d63eb2213d~tplv-tiktokx-cropcenter:100:100.jpg?dr=9640&refresh_token=c314c6fc&x-expires=1778140800&x-signature=JOH26KBpvWp%2FCHxmC7xqQDUlnIg%3D&t=4d5b0474&ps=13740610&shp=30310797&shcp=ff37627b&idc=useast8
Ya quiero probarla 😍,0,0,2026-04-17T15:58:07.000Z,loly0513,https://www.tiktok.com/@yamelahernandezz/video/7629747608512138510,7128106218279683118,7629757898030056222,https://p16-common-sign.tiktokcdn-us.com/tos-useast8-avt-0068-tx2/7f8fe0d42d6c82a248e112c70c523e80~tplv-tiktokx-cropcenter:100:100.jpg?dr=9640&refresh_token=8e6c1e03&x-expires=1778140800&x-signature=SyCaaCf1yuvG2ibXhbzNbqG3%2BC4%3D&t=4d5b0474&ps=13740610&shp=30310797&shcp=ff37627b&idc=useast5
So hydrating,0,0,2026-04-11T10:00:42.000Z,joyyseyy_,https://www.tiktok.com/@ingsxg/video/7626144875355917599,6545760650299719681,7627439420752888594,https://p16-sign-sg.tiktokcdn.com/tos-alisg-avt-0068/d886fc31be8c92cfb96b25b1a16a6d20~tplv-tiktokx-cropcenter:100:100.jpg?dr=14579&refresh_token=91bedae1&x-expires=1778140800&x-signature=t0iGl2FmypfseqNkburU5J5N6l0%3D&t=4d5b0474&ps=13740610&shp=30310797&shcp=ff37627b&idc=my
wow 😍😍😍,0,0,2026-04-11T22:46:50.000Z,luxuriousforever,https://www.tiktok.com/@ingsxg/video/7626144875355917599,6778920443866186758,7627636748655444766,https://p16-common-sign.tiktokcdn.com/tos-maliva-avt-0068/a943f4066beac55c8ef66d619e9d4e96~tplv-tiktokx-cropcenter:100:100.jpg?dr=14579&refresh_token=4acdc7bd&x-expires=1778140800&x-signature=9acDdyq1j1lvuaBmtvtOhItPtYY%3D&t=4d5b0474&ps=13740610&shp=30310797&shcp=ff37627b&idc=my
Need to try this,0,0,2026-04-11T07:24:13.000Z,pramilathapa574,https://www.tiktok.com/@ingsxg/video/7626144875355917599,7207783711684625410,7627399091093553937,https://p19-common-sign.tiktokcdn.com/tos-alisg-avt-0068/358259fa60a357058b1b6add0f6e00c8~tplv-tiktokx-cropcenter:100:100.jpg?dr=14579&refresh_token=2fba3852&x-expires=1778140800&x-signature=7RYO64If63XYO9qX7DjfnVOoQUY%3D&t=4d5b0474&ps=13740610&shp=30310797&shcp=ff37627b&idc=my
I love that it is clear ❤️,0,0,2026-04-11T07:40:15.000Z,jmballesta,https://www.tiktok.com/@ingsxg/video/7626144875355917599,6804375107391718402,7627403228980806407,https://p19-common-sign.tiktokcdn.com/tos-alisg-avt-0068/cec414dd7cf6ea7b6d453d498a03ee07~tplv-tiktokx-cropcenter:100:100.jpg?dr=14579&refresh_token=490c6bef&x-expires=1778140800&x-signature=1PLC86VZTE9gT%2FDVstVer5fWoxA%3D&t=4d5b0474&ps=13740610&shp=30310797&shcp=ff37627b&idc=my
Love!!,0,0,2026-04-11T17:37:40.000Z,sarah.weiwei,https://www.tiktok.com/@ingsxg/video/7626144875355917599,7544601064999126029,7627557145751372575,https://p16-common-sign.tiktokcdn.com/tos-maliva-avt-0068/b85016ebefd6cc05cc274983aeea59bd~tplv-tiktokx-cropcenter:100:100.jpg?dr=14579&refresh_token=9f92566b&x-expires=1778140800&x-signature=%2BgZGQ6%2BYfupUmkKjYwoI%2BCzKmNw%3D&t=4d5b0474&ps=13740610&shp=30310797&shcp=ff37627b&idc=my
Love these !!😍😍😍,0,0,2026-04-11T23:53:24.000Z,sophy__ngo,https://www.tiktok.com/@ingsxg/video/7626144875355917599,7492047663761785887,7627653939937706783,https://p19-common-sign.tiktokcdn.com/tos-maliva-avt-0068/302f380caa9c6e4a7f80d480b9e550a1~tplv-tiktokx-cropcenter:100:100.jpg?dr=14579&refresh_token=2a7f0d5f&x-expires=1778140800&x-signature=LnOgCcW%2FhuhMQzUr6o%2BCngd7UyA%3D&t=4d5b0474&ps=13740610&shp=30310797&shcp=ff37627b&idc=my
Lvoe ❤️,0,0,2026-04-11T04:47:30.000Z,jodiewors,https://www.tiktok.com/@ingsxg/video/7626144875355917599,6778535631925920773,7627358473425339158,https://p16-common-sign.tiktokcdn.com/tos-maliva-avt-0068/bfd84ab7d074c97b139ec7cc954d0d62~tplv-tiktokx-cropcenter:100:100.jpg?dr=14579&refresh_token=fcd706a8&x-expires=1778140800&x-signature=XmqL0M0l2uXoDYh6SJn9y28Q1qc%3D&t=4d5b0474&ps=13740610&shp=30310797&shcp=ff37627b&idc=my
Ouuuu 😍,0,0,2026-04-11T22:43:01.000Z,doseofserenaty,https://www.tiktok.com/@ingsxg/video/7626144875355917599,4325562,7627635852444943135,https://p16-common-sign.tiktokcdn.com/tos-maliva-avt-0068/4e3b0399f4b45e2fad3baa1722125e5f~tplv-tiktokx-cropcenter:100:100.jpg?dr=14579&refresh_token=9380f8db&x-expires=1778140800&x-signature=J80PgSXoiVJjbQmekcWag3E0gBM%3D&t=4d5b0474&ps=13740610&shp=30310797&shcp=ff37627b&idc=my
The glow wow,0,0,2026-04-11T13:49:09.000Z,nesloey,https://www.tiktok.com/@ingsxg/video/7626144875355917599,7370052020252165125,7627498302338073352,https://p16-common-sign.tiktokcdn.com/tos-alisg-avt-0068/5cc7e6938d364b7f0339d6eaa804d7ff~tplv-tiktokx-cropcenter:100:100.jpg?dr=14579&refresh_token=4e830481&x-expires=1778140800&x-signature=nwyLWdskL37MnUqg%2BR0FEXzZkgY%3D&t=4d5b0474&ps=13740610&shp=30310797&shcp=ff37627b&idc=my
Looks so good 😍,0,0,2026-04-11T11:52:13.000Z,ugc.with.tori,https://www.tiktok.com/@ingsxg/video/7626144875355917599,7410803529424389153,7627468127098929942,https://p16-common-sign.tiktokcdn.com/tos-useast2a-avt-0068-euttp/47f13b035d02056b443924493481a309~tplv-tiktokx-cropcenter:100:100.jpg?dr=14579&refresh_token=63180004&x-expires=1778140800&x-signature=5L9tC1u84k34mFJfH0HwgzLAtqI%3D&t=4d5b0474&ps=13740610&shp=30310797&shcp=ff37627b&idc=my
The maskss!! They look so great ❤️,0,0,2026-04-12T03:24:22.000Z,melissa_chew,https://www.tiktok.com/@ingsxg/video/7626144875355917599,7099388542744331266,7627708367583200008,https://p16-common-sign.tiktokcdn.com/tos-alisg-avt-0068/d0714a019d7dd9990db1480b1cc3e947~tplv-tiktokx-cropcenter:100:100.jpg?dr=14579&refresh_token=6cb77bb5&x-expires=1778140800&x-signature=Q%2BylSoq3PqjxQ0hxUYHYMRZQ%2BFo%3D&t=4d5b0474&ps=13740610&shp=30310797&shcp=ff37627b&idc=my
Wow I need to try the lip mask 😍🤩,0,0,2026-04-11T09:24:47.000Z,katyook,https://www.tiktok.com/@ingsxg/video/7626144875355917599,26953511,7627430155581227798,https://p16-common-sign.tiktokcdn.com/tos-maliva-avt-0068/b22c98dd0c75dd8e7e381ccf6e96736b~tplv-tiktokx-cropcenter:100:100.jpg?dr=14579&refresh_token=c0fe41b4&x-expires=1778140800&x-signature=%2FXTn1aBbS2jGaD79V%2FvoODwpdG8%3D&t=4d5b0474&ps=13740610&shp=30310797&shcp=ff37627b&idc=my
I need the lip mask 😍,0,0,2026-04-11T08:34:17.000Z,loviu.am,https://www.tiktok.com/@ingsxg/video/7626144875355917599,7345880447911560225,7627417134772372246,https://p16-common-sign.tiktokcdn.com/tos-maliva-avt-0068/5f642bf1b1ca810f73d38307a8c5af62~tplv-tiktokx-cropcenter:100:100.jpg?dr=14579&refresh_token=aa8d6662&x-expires=1778140800&x-signature=AXFP7raen171GiJsf94ExLXNjRA%3D&t=4d5b0474&ps=13740610&shp=30310797&shcp=ff37627b&idc=my
my holy grail 😩,0,0,2026-04-12T00:19:05.000Z,kais.favs,https://www.tiktok.com/@ingsxg/video/7626144875355917599,7529025935896806408,7627660542274913045,https://p16-common-sign.tiktokcdn.com/tos-alisg-avt-0068/9aae9f5d892c4f9ce7b59474877ec392~tplv-tiktokx-cropcenter:100:100.jpg?dr=14579&refresh_token=3708d0b9&x-expires=1778140800&x-signature=G5U90QZme8TFErWUBres5qxif2g%3D&t=4d5b0474&ps=13740610&shp=30310797&shcp=ff37627b&idc=my
need to try both 😍,0,0,2026-04-12T05:21:32.000Z,madeline_kennedy,https://www.tiktok.com/@ingsxg/video/7626144875355917599,7424588142923236394,7627738445983499038,https://p16-common-sign.tiktokcdn.com/tos-maliva-avt-0068/244c3d6f6122bec11f91248069ce55ca~tplv-tiktokx-cropcenter:100:100.jpg?dr=14579&refresh_token=5291e4d8&x-expires=1778140800&x-signature=Gw5%2BoFIeIE%2B96l2LDIw%2BOsuqXrY%3D&t=4d5b0474&ps=13740610&shp=30310797&shcp=ff37627b&idc=my
I wantttt🥰,0,0,2026-04-11T06:10:11.000Z,mommydithbella,https://www.tiktok.com/@ingsxg/video/7626144875355917599,7162511292665414683,7627380003952968468,https://p16-common-sign.tiktokcdn.com/tos-alisg-avt-0068/8ac52e96e05fb3a96ee15f8f10a134a6~tplv-tiktokx-cropcenter:100:100.jpg?dr=14579&refresh_token=da54509d&x-expires=1778140800&x-signature=cSB%2BpaGd8Y3BhSGeKbFWzCC7GL8%3D&t=4d5b0474&ps=13740610&shp=30310797&shcp=ff37627b&idc=my
This looks great,0,0,2026-04-11T14:59:07.000Z,peachy_patch3,https://www.tiktok.com/@ingsxg/video/7626144875355917599,7574167751041778721,7627516299950686998,https://p16-common-sign.tiktokcdn.com/tos-maliva-avt-0068/f81d1a101ef959075b001d112c2c557f~tplv-tiktokx-cropcenter:100:100.jpg?dr=14579&refresh_token=f1636bf3&x-expires=1778140800&x-signature=cMwzCwtMz6kwHarmESMRYsRaR%2BA%3D&t=4d5b0474&ps=13740610&shp=30310797&shcp=ff37627b&idc=my
Hydrating 😻,0,0,2026-04-11T12:52:55.000Z,kalpana.dc1,https://www.tiktok.com/@ingsxg/video/7626144875355917599,7410333994497639432,7627483806987780872,https://p16-common-sign.tiktokcdn.com/tos-alisg-avt-0068/f692a3aea80bc71457c4181dce4c9a01~tplv-tiktokx-cropcenter:100:100.jpg?dr=14579&refresh_token=191abcbf&x-expires=1778140800&x-signature=y3ZHT3uNXSoINh%2BeYaou1d3oxKg%3D&t=4d5b0474&ps=13740610&shp=30310797&shcp=ff37627b&idc=my
Love 😍 gorgeous skin !,0,0,2026-04-11T22:55:36.000Z,leah_adele,https://www.tiktok.com/@ingsxg/video/7626144875355917599,7595166795427906582,7627639066344571651,https://p16-common-sign.tiktokcdn.com/tos-maliva-avt-0068/496a0398b6dea8454e1869f3f558208d~tplv-tiktokx-cropcenter:100:100.jpg?dr=14579&refresh_token=9be2ce3a&x-expires=1778140800&x-signature=y8i0lHP7pAxEo6EoTMykHduk0GM%3D&t=4d5b0474&ps=13740610&shp=30310797&shcp=ff37627b&idc=my2
love ittt,0,0,2026-04-12T03:30:56.000Z,juuxxie_,https://www.tiktok.com/@ingsxg/video/7626144875355917599,7510266490806092808,7627710072437261064,https://p16-common-sign.tiktokcdn.com/tos-alisg-avt-0068/af4d8e67b7ab7a508a3262f976c1b124~tplv-tiktokx-cropcenter:100:100.jpg?dr=14579&refresh_token=42919d64&x-expires=1778140800&x-signature=vLn2oC0pbxnj6pzdKTAlyrsVtRI%3D&t=4d5b0474&ps=13740610&shp=30310797&shcp=ff37627b&idc=my2
wow the glowwww,0,0,2026-04-11T07:25:22.000Z,greysiugc,https://www.tiktok.com/@ingsxg/video/7626144875355917599,7196872916914258970,7627399372154012433,https://p16-common-sign.tiktokcdn.com/tos-alisg-avt-0068/8a92ba179ee6b465820d98868e2fb4e8~tplv-tiktokx-cropcenter:100:100.jpg?dr=14579&refresh_token=f33de5ec&x-expires=1778140800&x-signature=IOd9nCEVkRtfeHMeTQKciF8ThWQ%3D&t=4d5b0474&ps=13740610&shp=30310797&shcp=ff37627b&idc=my2
i want that mask!!,0,0,2026-04-11T20:46:11.000Z,cloyden_,https://www.tiktok.com/@ingsxg/video/7626144875355917599,7271267381691155457,7627605709199360789,https://p16-common-sign.tiktokcdn.com/tos-alisg-avt-0068/fbd529b7593040d26ea46bbf2a7cfb9b~tplv-tiktokx-cropcenter:100:100.jpg?dr=14579&refresh_token=60ba6e6e&x-expires=1778140800&x-signature=1mPvmwQfbyMf8TCeIvkoapoX28s%3D&t=4d5b0474&ps=13740610&shp=30310797&shcp=ff37627b&idc=my2
Skincare must!!!!,0,0,2026-04-11T16:00:20.000Z,gonz__adventures,https://www.tiktok.com/@ingsxg/video/7626144875355917599,7507831003659682846,7627532039739687711,https://p19-common-sign.tiktokcdn.com/tos-maliva-avt-0068/845c5dbcb8b0275584c3a8117463d24e~tplv-tiktokx-cropcenter:100:100.jpg?dr=14579&refresh_token=db689a95&x-expires=1778140800&x-signature=hKXnuoXumKXQEGL4mnB6CHbajaI%3D&t=4d5b0474&ps=13740610&shp=30310797&shcp=ff37627b&idc=my2
Sooo hydrating ✨💕,0,0,2026-04-11T06:28:39.000Z,suzy.xo_,https://www.tiktok.com/@ingsxg/video/7626144875355917599,6906259008602358790,7627384607050760991,https://p19-common-sign.tiktokcdn.com/tos-maliva-avt-0068/4ea053b64ec87c786089e09aefdc7b98~tplv-tiktokx-cropcenter:100:100.jpg?dr=14579&refresh_token=aee6339f&x-expires=1778140800&x-signature=lyl8H7Ku5UoBgX0KUKg2LTN2Fqk%3D&t=4d5b0474&ps=13740610&shp=30310797&shcp=ff37627b&idc=my2
OMGG SO COOL,0,0,2026-04-11T22:57:13.000Z,aliikiws,https://www.tiktok.com/@ingsxg/video/7626144875355917599,7499339733576991799,7627639482473005831,https://p16-common-sign.tiktokcdn-us.com/tos-alisg-avt-0068/83d0a170387ff3c0934743d6174c4c1e~tplv-tiktokx-cropcenter:100:100.jpg?dr=9640&refresh_token=912cd37b&x-expires=1778140800&x-signature=TrsA6wLSkPYQvJHMnJ5tnVn%2BQK0%3D&t=4d5b0474&ps=13740610&shp=30310797&shcp=ff37627b&idc=useast5
want to try this,0,0,2026-04-11T22:51:25.000Z,wndywhy,https://www.tiktok.com/@ingsxg/video/7626144875355917599,6595266284723781633,7627637896288666385,https://p16-common-sign.tiktokcdn-us.com/tos-alisg-avt-0068/57df4abf1cd2704d73b1c954ca71936b~tplv-tiktokx-cropcenter:100:100.jpg?dr=9640&refresh_token=39b6dded&x-expires=1778140800&x-signature=ukMNaLfpJ8vIRwx6scis5CWAh1Q%3D&t=4d5b0474&ps=13740610&shp=30310797&shcp=ff37627b&idc=useast5
Love the lip mask 😍😍😍,0,0,2026-04-11T22:21:06.000Z,autessism,https://www.tiktok.com/@ingsxg/video/7626144875355917599,6633292648679964678,7627630181446566659,https://p19-common-sign.tiktokcdn-us.com/tos-maliva-avt-0068/f9a8e11561c60a3cffb84da51ae80c4a~tplv-tiktokx-cropcenter:100:100.jpg?dr=9640&refresh_token=2f8b740f&x-expires=1778140800&x-signature=FOj5ujK%2F0jatrm6nzbAnWSTu2Zc%3D&t=4d5b0474&ps=13740610&shp=30310797&shcp=ff37627b&idc=useast5
Wow love to try this 🥰,0,0,2026-04-11T20:58:16.000Z,therealnanton,https://www.tiktok.com/@ingsxg/video/7626144875355917599,7413836453263016992,7627608888027677462,https://p16-common-sign.tiktokcdn-us.com/tos-maliva-avt-0068/f0cbe4512f5abfd4d584e42343069fd7~tplv-tiktokx-cropcenter:100:100.jpg?dr=9640&refresh_token=7502bba1&x-expires=1778140800&x-signature=%2BEis%2FDfbQA1xrjp5YfN2fHYR3GM%3D&t=4d5b0474&ps=13740610&shp=30310797&shcp=ff37627b&idc=useast5
Wow I need to try 😍,0,0,2026-04-11T19:40:53.000Z,bella_ugc_xx,https://www.tiktok.com/@ingsxg/video/7626144875355917599,7355045588800554017,7627588946436064033,https://p16-common-sign.tiktokcdn-us.com/tos-useast2a-avt-0068-euttp/fa938016542a146261dc5f83c9355732~tplv-tiktokx-cropcenter:100:100.jpg?dr=9640&refresh_token=adbe6ba1&x-expires=1778140800&x-signature=G%2BBUmI8L3PxJxym9iBynZ9%2FdBI0%3D&t=4d5b0474&ps=13740610&shp=30310797&shcp=ff37627b&idc=useast5
Amazing,1,1,2026-04-14T00:04:54.000Z,shadi.smi,https://www.tiktok.com/@diya_pic/video/7627174082462682398,7433993849950864426,7628399110370427661,https://p16-common-sign.tiktokcdn.com/tos-maliva-avt-0068/eb7ea7e3cf6ee7ecae42d9bc4f5eff73~tplv-tiktokx-cropcenter:100:100.jpg?dr=14579&refresh_token=7d5a282f&x-expires=1778140800&x-signature=C3FN2ZKXf77LAnAF6a78gGTsjOs%3D&t=4d5b0474&ps=13740610&shp=30310797&shcp=ff37627b&idc=my2
😍😍😍,1,0,2026-04-10T19:33:59.000Z,missmiakan,https://www.tiktok.com/@diya_pic/video/7627174082462682398,7501211098843546646,7627216080134161174,https://p16-common-sign.tiktokcdn.com/tos-maliva-avt-0068/3b4f717bef0568a64fd68edc4e9e5232~tplv-tiktokx-cropcenter:100:100.jpg?dr=14579&refresh_token=f6e1fddb&x-expires=1778140800&x-signature=s%2FOCAiE3Rnyntt%2BwI3cGWDF9ch0%3D&t=4d5b0474&ps=13740610&shp=30310797&shcp=ff37627b&idc=my2
❤️,1,0,2026-04-10T17:08:27.000Z,sweetlifewithro,https://www.tiktok.com/@diya_pic/video/7627174082462682398,7410135596238259205,7627178575737045778,https://p16-sign-va.tiktokcdn.com/tos-maliva-avt-0068/ccc2d1c5f538988858c42c5c718ee432~tplv-tiktokx-cropcenter:100:100.jpg?dr=14579&refresh_token=950f72c9&x-expires=1778140800&x-signature=gUJCb5RqaCM2uX4KByqR3xBZNtI%3D&t=4d5b0474&ps=13740610&shp=30310797&shcp=ff37627b&idc=my2
this looks great 😍✨,0,0,2026-04-11T18:43:10.000Z,yasbeautyguide,https://www.tiktok.com/@ingsxg/video/7626144875355917599,7508745598343414840,7627574028475761425,https://p16-common-sign.tiktokcdn-eu.com/tos-maliva-avt-0068/4f34037e54ed031f5840304f9d4c5183~tplv-tiktokx-cropcenter:100:100.jpg?dr=10399&refresh_token=8bc003ed&x-expires=1778140800&x-signature=kyvCuumUAXDEWpIoSD6asjsF85A%3D&t=4d5b0474&ps=13740610&shp=30310797&shcp=ff37627b&idc=no1a
wannnaaa buy thiss,0,0,2026-04-11T15:56:39.000Z,pigletisbusyrn,https://www.tiktok.com/@ingsxg/video/7626144875355917599,6695914758300976130,7627531132977136400,https://p16-common-sign.tiktokcdn-eu.com/tos-alisg-avt-0068/d98743e649a832fead674f87a078a623~tplv-tiktokx-cropcenter:100:100.jpg?dr=10399&refresh_token=3ce6b184&x-expires=1778140800&x-signature=n8kZZi5So5NXHilWHx2XrziM9uY%3D&t=4d5b0474&ps=13740610&shp=30310797&shcp=ff37627b&idc=no1a
Omgg wanna try it 😍😍,0,0,2026-04-11T06:05:14.000Z,swijayaaa,https://www.tiktok.com/@ingsxg/video/7626144875355917599,6871900990724260866,7627378702913979153,https://p16-common-sign.tiktokcdn-eu.com/tos-useast2a-avt-0068-giso/0b2803fca4e16a5a74c84ed7a59cf233~tplv-tiktokx-cropcenter:100:100.jpg?dr=10399&refresh_token=12ed272a&x-expires=1778140800&x-signature=QVXSLQbx2CvLfE9jRHEdZ3DGriw%3D&t=4d5b0474&ps=13740610&shp=30310797&shcp=ff37627b&idc=no1a
Omgggg i love the mask! 🥰,0,0,2026-04-11T17:00:15.000Z,kendicefinds,https://www.tiktok.com/@ingsxg/video/7626144875355917599,6837839345861297157,7627547411167396621,https://p16-common-sign.tiktokcdn-eu.com/tos-maliva-avt-0068/15b6424ee0340a857ee7c950137a4907~tplv-tiktokx-cropcenter:100:100.jpg?dr=10399&refresh_token=ed7892a4&x-expires=1778140800&x-signature=RewitTQphBT0vmPYdcRqNyDIoew%3D&t=4d5b0474&ps=13740610&shp=30310797&shcp=ff37627b&idc=no1a
These look so cool😎😎 I can’t wait to try this set too,0,0,2026-04-11T05:04:44.000Z,dgirlcarrot,https://www.tiktok.com/@ingsxg/video/7626144875355917599,6806666056330904577,7627363125437088530,https://p19-common-sign.tiktokcdn-eu.com/tos-alisg-avt-0068/74ce9ac3f6ef6395020a63e26d375e72~tplv-tiktokx-cropcenter:100:100.jpg?dr=10399&refresh_token=cb628af5&x-expires=1778140800&x-signature=riDqyXt9uRq9exoj%2FevXlpa5rO4%3D&t=4d5b0474&ps=13740610&shp=30310797&shcp=ff37627b&idc=no1a
Love the glow 😍,0,0,2026-04-11T04:20:06.000Z,_bituiin,https://www.tiktok.com/@ingsxg/video/7626144875355917599,7081462871671276570,7627351654283051783,https://p16-common-sign.tiktokcdn-eu.com/tos-maliva-avt-0068/c012ced3be6e93be0019ac61a2623b28~tplv-tiktokx-cropcenter:100:100.jpg?dr=10399&refresh_token=0254031d&x-expires=1778140800&x-signature=ikr8pxYQ%2BFp6B8Wqzg1pM3ho440%3D&t=4d5b0474&ps=13740610&shp=30310797&shcp=ff37627b&idc=no1a
The glow!🔥💞,0,0,2026-04-11T08:49:14.000Z,iamansam,https://www.tiktok.com/@ingsxg/video/7626144875355917599,244985001610477568,7627420984312234772,https://p16-common-sign.tiktokcdn-eu.com/tos-alisg-avt-0068/49cad1540fdc0116c38682de4db4e088~tplv-tiktokx-cropcenter:100:100.jpg?dr=10399&refresh_token=2df43f1a&x-expires=1778140800&x-signature=ZUpGHHwJOAE2b3t1YXN8owEInd4%3D&t=4d5b0474&ps=13740610&shp=30310797&shcp=ff37627b&idc=no1a
I need kokostar 💕 looks so gud,0,0,2026-04-17T05:13:39.000Z,rauhaayemu,https://www.tiktok.com/@ashabieats_/video/7628839868449410311,7485645480111358984,7629591961485787912,https://p19-common-sign.tiktokcdn-us.com/tos-alisg-avt-0068/7715dc1dbe90461241c21435f48709ae~tplv-tiktokx-cropcenter:100:100.jpg?dr=9640&refresh_token=326f95d2&x-expires=1778140800&x-signature=g%2BQP1gnWnJEXVFxCwEYuXb%2Fx4ec%3D&t=4d5b0474&ps=13740610&shp=30310797&shcp=ff37627b&idc=useast5
Love this mask,0,0,2026-04-16T23:24:18.000Z,justtiffanys,https://www.tiktok.com/@ashabieats_/video/7628839868449410311,6800255269194236934,7629501828934599454,https://p16-common-sign.tiktokcdn-us.com/tos-useast8-avt-0068-tx2/ec7bc5fc84fe9e014cdc2ecb9b1d086b~tplv-tiktokx-cropcenter:100:100.jpg?dr=9640&refresh_token=245d4650&x-expires=1778140800&x-signature=DVxs%2BJ5jdiDapz77Pt8g7NX6dAA%3D&t=4d5b0474&ps=13740610&shp=30310797&shcp=ff37627b&idc=useast5
i need to try this mask 😍,0,0,2026-04-16T20:06:23.000Z,ela.dolsi,https://www.tiktok.com/@ashabieats_/video/7628839868449410311,7591626477700137996,7629450883176907540,https://p19-common-sign.tiktokcdn-us.com/tos-alisg-avt-0068/04098c45535f4b5029fa6127fdcb288e~tplv-tiktokx-cropcenter:100:100.jpg?dr=9640&refresh_token=c72f5051&x-expires=1778140800&x-signature=de9CEg1Nm6gbt%2Bbi%2FuXxARVvHxg%3D&t=4d5b0474&ps=13740610&shp=30310797&shcp=ff37627b&idc=useast5
Need to try the lip mask,0,0,2026-04-16T19:25:01.000Z,glowingwithjune,https://www.tiktok.com/@ashabieats_/video/7628839868449410311,7420854285430162464,7629440283989951254,https://p16-common-sign.tiktokcdn-us.com/tos-maliva-avt-0068/f6afb431e87e78690cc54d417a753d86~tplv-tiktokx-cropcenter:100:100.jpg?dr=9640&refresh_token=bbf5796d&x-expires=1778140800&x-signature=m%2Fcs9rdzY9XG1KBXRfY%2FwrYIwSA%3D&t=4d5b0474&ps=13740610&shp=30310797&shcp=ff37627b&idc=useast5
It looks so good on you,0,0,2026-04-16T18:48:42.000Z,couchboundrealitytv,https://www.tiktok.com/@ashabieats_/video/7628839868449410311,7328470404870898694,7629430911876907794,https://p19-common-sign.tiktokcdn-us.com/tos-maliva-avt-0068/68dc9eea45c4b34d2a0bc40132e946e3~tplv-tiktokx-cropcenter:100:100.jpg?dr=9640&refresh_token=3a47ef9b&x-expires=1778140800&x-signature=OC6vl7DfMZwE0O1t1zWSRTahOfM%3D&t=4d5b0474&ps=13740610&shp=30310797&shcp=ff37627b&idc=useast5
Your skin is glowing babe ❤️,0,0,2026-04-16T17:24:05.000Z,er_bilingualbeauty,https://www.tiktok.com/@ashabieats_/video/7628839868449410311,7063088535789143045,7629409092562043670,https://p16-common-sign.tiktokcdn-us.com/tos-useast2a-avt-0068-euttp/d4b69ba9bdedc230d4f0aa8d7ff922d1~tplv-tiktokx-cropcenter:100:100.jpg?dr=9640&refresh_token=1280e1fd&x-expires=1778140800&x-signature=R74blkUHOSGg9nO9V1Av2KuFxks%3D&t=4d5b0474&ps=13740610&shp=30310797&shcp=ff37627b&idc=useast5
The glow after🥰❤️,0,0,2026-04-16T17:21:38.000Z,oyindamola_oa,https://www.tiktok.com/@ashabieats_/video/7628839868449410311,7171829067339105286,7629408482722398998,https://p16-common-sign.tiktokcdn-us.com/tos-maliva-avt-0068/9b7431046910361b818da75a62f40de1~tplv-tiktokx-cropcenter:100:100.jpg?dr=9640&refresh_token=993758b3&x-expires=1778140800&x-signature=yRyjzKP3gNNoNiaX17na4nlYcvY%3D&t=4d5b0474&ps=13740610&shp=30310797&shcp=ff37627b&idc=useast5
Thanks for sharing.,0,0,2026-04-16T15:43:35.000Z,rebelkushie,https://www.tiktok.com/@ashabieats_/video/7628839868449410311,7254256541384442886,7629383198925554434,https://p16-common-sign.tiktokcdn-us.com/tos-maliva-avt-0068/1e5c817a6b919d19647505ce15614f32~tplv-tiktokx-cropcenter:100:100.jpg?dr=9640&refresh_token=eb64dc1f&x-expires=1778140800&x-signature=%2B9Bfjf0XOcVTSgLf3%2BJqfi6NY4s%3D&t=4d5b0474&ps=13740610&shp=30310797&shcp=ff37627b&idc=useast5
I need to try this,0,0,2026-04-16T14:19:00.000Z,mummyglow12,https://www.tiktok.com/@ashabieats_/video/7628839868449410311,6711416433924981766,7629361370574422807,https://p16-common-sign.tiktokcdn-us.com/tos-useast2a-avt-0068-euttp/fb6a3281cfb9c1de30fbe7945ea09256~tplv-tiktokx-cropcenter:100:100.jpg?dr=9640&refresh_token=af0b51b9&x-expires=1778140800&x-signature=6xqQ1gBENV2OsCAZwMtzJjoxzwg%3D&t=4d5b0474&ps=13740610&shp=30310797&shcp=ff37627b&idc=useast5
😍😍I love sheet masks,0,0,2026-04-16T09:23:56.000Z,waithera_25,https://www.tiktok.com/@ashabieats_/video/7628839868449410311,6666785640010629126,7629285373415736071,https://p19-common-sign.tiktokcdn-us.com/tos-alisg-avt-0068/9c151beffd0114def8facdc960696bb1~tplv-tiktokx-cropcenter:100:100.jpg?dr=9640&refresh_token=40348a7f&x-expires=1778140800&x-signature=Unn6%2BDYvn4bBhhP2KGV4%2FM%2FYNDI%3D&t=4d5b0474&ps=13740610&shp=30310797&shcp=ff37627b&idc=useast5
I’m obsessed with you tooo 💖💖,0,0,2026-04-16T09:09:15.000Z,sarahskincarediary,https://www.tiktok.com/@ashabieats_/video/7628839868449410311,7601932124173681671,7629281561527960327,https://p19-common-sign.tiktokcdn-us.com/tos-alisg-avt-0068/bfa687c2f10534efa8c46ea5dabe136b~tplv-tiktokx-cropcenter:100:100.jpg?dr=9640&refresh_token=44b05455&x-expires=1778140800&x-signature=F8vgvBPrtq96lZHdhhF9ziWy%2Bys%3D&t=4d5b0474&ps=13740610&shp=30310797&shcp=ff37627b&idc=useast5
wanna try these😍,0,0,2026-04-16T06:31:00.000Z,ireneemejaresbesi,https://www.tiktok.com/@ashabieats_/video/7628839868449410311,95898328965472256,7629240796902736647,https://p19-common-sign.tiktokcdn-us.com/tos-alisg-avt-0068/78016d894f3e8cc686e377e74d0336e7~tplv-tiktokx-cropcenter:100:100.jpg?dr=9640&refresh_token=40b4d516&x-expires=1778140800&x-signature=n4RniqGDHMvUDv4wK8fdmMmXaiE%3D&t=4d5b0474&ps=13740610&shp=30310797&shcp=ff37627b&idc=useast5
This mask looks so good ❤️,0,0,2026-04-16T04:26:24.000Z,slylivingstone,https://www.tiktok.com/@ashabieats_/video/7628839868449410311,7577384716631720992,7629208478352098070,https://p16-common-sign.tiktokcdn-eu.com/tos-no1a-avt-0068c001-no/695b6912b2d26160050c66a6a0fbc772~tplv-tiktokx-cropcenter:100:100.jpg?dr=10399&refresh_token=5a663f47&x-expires=1778140800&x-signature=gd%2BDnBcIKom4SYeBqNigeyOmHTY%3D&t=4d5b0474&ps=13740610&shp=30310797&shcp=ff37627b&idc=no1a
The mask is amazing,0,0,2026-04-16T04:06:43.000Z,omaosita,https://www.tiktok.com/@ashabieats_/video/7628839868449410311,7349091751821771782,7629203582424941333,https://p16-common-sign.tiktokcdn-eu.com/tos-maliva-avt-0068/a35883cdbec87033a2ffc8c2a9cdaf81~tplv-tiktokx-cropcenter:100:100.jpg?dr=10399&refresh_token=f74a5b3e&x-expires=1778140800&x-signature=m5ZWhoVQwwFfty6gxxnUYIwvYXc%3D&t=4d5b0474&ps=13740610&shp=30310797&shcp=ff37627b&idc=no1a
hi erikaaaa do u remember meee imysm when r u going live again?,0,1,2026-04-20T21:04:49.000Z,lr.laraaaa,https://www.tiktok.com/@the.erika.edit/video/7630945484655430920,7470859351483417617,7630950325494907656,https://p16-common-sign.tiktokcdn-us.com/tos-alisg-avt-0068/e4b8d3f8d396053086e25d0fb386b6b3~tplv-tiktokx-cropcenter:100:100.jpg?dr=9640&refresh_token=73b1f84d&x-expires=1778140800&x-signature=%2F%2B99nM6M71goS8YdZPtedRzcgrs%3D&t=4d5b0474&ps=13740610&shp=30310797&shcp=ff37627b&idc=useast5
Love it,0,0,2026-04-21T16:33:42.000Z,livingwithstacyy,https://www.tiktok.com/@gypsy_beth/video/7630941463827746062,7045614190527497222,7631251558211076871,https://p19-common-sign.tiktokcdn-us.com/tos-alisg-avt-0068/1eba47daf39642f778354075f068eb61~tplv-tiktokx-cropcenter:100:100.jpg?dr=9640&refresh_token=e4635d8a&x-expires=1778140800&x-signature=DO9enUvOlnUjyF8SIRl%2BtIBlQFI%3D&t=4d5b0474&ps=13740610&shp=30310797&shcp=ff37627b&idc=useast8
Love this mask,0,0,2026-04-21T16:54:40.000Z,couchboundrealitytv,https://www.tiktok.com/@gypsy_beth/video/7630941463827746062,7328470404870898694,7631256965033247506,https://p19-common-sign.tiktokcdn-us.com/tos-maliva-avt-0068/68dc9eea45c4b34d2a0bc40132e946e3~tplv-tiktokx-cropcenter:100:100.jpg?dr=9640&refresh_token=3a47ef9b&x-expires=1778140800&x-signature=OC6vl7DfMZwE0O1t1zWSRTahOfM%3D&t=4d5b0474&ps=13740610&shp=30310797&shcp=ff37627b&idc=useast8
Amazing combo,0,0,2026-04-12T12:15:29.000Z,teddievic,https://www.tiktok.com/@omaosita/video/7627561263744208148,6809371755653743622,7627845253685347079,https://p19-common-sign.tiktokcdn-us.com/tos-alisg-avt-0068/c82a445fcd3189850ed0081bcbc90b4f~tplv-tiktokx-cropcenter:100:100.jpg?dr=9640&refresh_token=5db7ab3c&x-expires=1778140800&x-signature=zlcHqzJKChPgbg3ZF8B4mScbM%2BE%3D&t=4d5b0474&ps=13740610&shp=30310797&shcp=ff37627b&idc=useast5
Looks so good 🥰,0,0,2026-04-12T07:11:57.000Z,imsyneathita2,https://www.tiktok.com/@omaosita/video/7627561263744208148,7422623835130889223,7627767022398636820,https://p16-common-sign.tiktokcdn-us.com/tos-alisg-avt-0068/1b98c0eff9e3df54a3d6944578fcec4d~tplv-tiktokx-cropcenter:100:100.jpg?dr=9640&refresh_token=1b9ee2c0&x-expires=1778140800&x-signature=KxWfAwJ93Nh%2FQasjLejQJmCgchg%3D&t=4d5b0474&ps=13740610&shp=30310797&shcp=ff37627b&idc=useast5
I love to try this,0,0,2026-04-12T06:49:23.000Z,beautyworld51,https://www.tiktok.com/@omaosita/video/7627561263744208148,7236743361963623429,7627761211199619848,https://p16-common-sign.tiktokcdn-us.com/tos-alisg-avt-0068/cfa72eeedd8040c304d949a1fd782146~tplv-tiktokx-cropcenter:100:100.jpg?dr=9640&refresh_token=b3a0f210&x-expires=1778140800&x-signature=PUVr4Z1%2B1Q1fu7EzjLIM70ieN34%3D&t=4d5b0474&ps=13740610&shp=30310797&shcp=ff37627b&idc=useast5
♥️♥️♥️,0,0,2026-04-12T07:51:10.000Z,rema20114,https://www.tiktok.com/@omaosita/video/7627561263744208148,7379172503287890950,7627777087932728085,https://p16-common-sign.tiktokcdn-us.com/tos-alisg-avt-0068/e312068582e0d8f24d8a9a08aa2aa1e9~tplv-tiktokx-cropcenter:100:100.jpg?dr=9640&refresh_token=4ee42e69&x-expires=1778140800&x-signature=yDsb%2BZo8yCkRgTk%2F6xK4o4Cujyc%3D&t=4d5b0474&ps=13740610&shp=30310797&shcp=ff37627b&idc=useast5
I really want to try this,0,0,2026-04-19T19:24:15.000Z,shilpa0sapkota,https://www.tiktok.com/@dgirlcarrot/video/7629639341559549204,6576235978992746502,7630553313800504065,https://p19-common-sign.tiktokcdn-us.com/tos-alisg-avt-0068/111b9c50b349624eaf1a328b4ad2fdf2~tplv-tiktokx-cropcenter:100:100.jpg?dr=9640&refresh_token=1b70d8ab&x-expires=1778140800&x-signature=i4zqvccbS2XtttEKPNdgf6JOJs0%3D&t=4d5b0474&ps=13740610&shp=30310797&shcp=ff37627b&idc=useast5
I can’t wait to try it 😍😍😍,0,0,2026-04-19T18:43:06.000Z,julzinnovations,https://www.tiktok.com/@dgirlcarrot/video/7629639341559549204,7478764324619011078,7630542691466674965,https://p19-common-sign.tiktokcdn-us.com/tos-alisg-avt-0068/4682584cf50863e5379920bab6d8bde3~tplv-tiktokx-cropcenter:100:100.jpg?dr=9640&refresh_token=22848e60&x-expires=1778140800&x-signature=zWyUG2kPbzs6WV9VV0aIt9nSVZU%3D&t=4d5b0474&ps=13740610&shp=30310797&shcp=ff37627b&idc=useast5
Isn’t is so obsessing?,0,0,2026-04-19T11:24:25.000Z,selinophile23,https://www.tiktok.com/@dgirlcarrot/video/7629639341559549204,285144564892647424,7630429685423473429,https://p19-common-sign.tiktokcdn-us.com/tos-alisg-avt-0068/b963dcd5dccabf7e0ad0f45ee249c414~tplv-tiktokx-cropcenter:100:100.jpg?dr=9640&refresh_token=1163005a&x-expires=1778140800&x-signature=Nb9Wt59kQb3%2B4sthmyJC5W4i%2F4E%3D&t=4d5b0474&ps=13740610&shp=30310797&shcp=ff37627b&idc=useast5
This mask looks so hydrating 😁,0,0,2026-04-19T11:21:35.000Z,beautyndvlogs,https://www.tiktok.com/@dgirlcarrot/video/7629639341559549204,7356920139415094277,7630428954624852737,https://p19-common-sign.tiktokcdn-us.com/tos-alisg-avt-0068/c20de9c7fcea3954378ae394f8af8bd0~tplv-tiktokx-cropcenter:100:100.jpg?dr=9640&refresh_token=1c9a88c7&x-expires=1778140800&x-signature=5vNWbY29Hy3gZ%2BKcQi98Z2t5Jb0%3D&t=4d5b0474&ps=13740610&shp=30310797&shcp=ff37627b&idc=useast5
Omg that lip mask is so hot 🔥🔥 and the result after is insane 😍😍😍😍,0,0,2026-04-19T10:14:59.000Z,sahana_budhathoki,https://www.tiktok.com/@dgirlcarrot/video/7629639341559549204,6607582815678660613,7630411753206219540,https://p16-common-sign.tiktokcdn-us.com/tos-alisg-avt-0068/374fcb4a605ff909e142329b7b7553b2~tplv-tiktokx-cropcenter:100:100.jpg?dr=9640&refresh_token=a5138063&x-expires=1778140800&x-signature=GkrFCCZ9nyU63S5PBZ8BhvEM3PQ%3D&t=4d5b0474&ps=13740610&shp=30310797&shcp=ff37627b&idc=useast5
I love this bae💗,0,0,2026-04-19T10:11:13.000Z,hanny.glowy,https://www.tiktok.com/@dgirlcarrot/video/7629639341559549204,7563186054854362133,7630410827979653895,https://p16-common-sign.tiktokcdn-us.com/tos-alisg-avt-0068/e81093d7e82d0c199ac2ca67a4b94f2f~tplv-tiktokx-cropcenter:100:100.jpg?dr=9640&refresh_token=0cce6d97&x-expires=1778140800&x-signature=3iIZq%2Ba90395gC9PL7Yyp%2F6%2F7FM%3D&t=4d5b0474&ps=13740610&shp=30310797&shcp=ff37627b&idc=useast5
Amazing 🤩♥️,0,0,2026-04-19T08:55:23.000Z,nerminragab0,https://www.tiktok.com/@dgirlcarrot/video/7629639341559549204,6925706711693952005,7630391264554468118,https://p19-common-sign.tiktokcdn-us.com/tos-maliva-avt-0068/de9f95021ed21336462349d47b1adfa6~tplv-tiktokx-cropcenter:100:100.jpg?dr=9640&refresh_token=9adcca05&x-expires=1778140800&x-signature=7s%2F58IieTyvNNXL0HfW0NbxU2qk%3D&t=4d5b0474&ps=13740610&shp=30310797&shcp=ff37627b&idc=useast5
Looks amazing one,0,0,2026-04-19T07:39:25.000Z,pramilathapa574,https://www.tiktok.com/@dgirlcarrot/video/7629639341559549204,7207783711684625410,7630371659116200720,https://p19-common-sign.tiktokcdn-us.com/tos-alisg-avt-0068/358259fa60a357058b1b6add0f6e00c8~tplv-tiktokx-cropcenter:100:100.jpg?dr=9640&refresh_token=d9f0a75b&x-expires=1778140800&x-signature=iOTBUw1F4I1j19c4rO8SHgaReZc%3D&t=4d5b0474&ps=13740610&shp=30310797&shcp=ff37627b&idc=useast5
Wow such a good mask🥰,0,0,2026-04-19T04:28:34.000Z,whengreviews5,https://www.tiktok.com/@dgirlcarrot/video/7629639341559549204,7543661020130182152,7630322502254002964,https://p16-common-sign.tiktokcdn-us.com/tos-alisg-avt-0068/02eae70adec97df02c550ba082e930a4~tplv-tiktokx-cropcenter:100:100.jpg?dr=9640&refresh_token=2c6dddce&x-expires=1778140800&x-signature=381tvnaBl8xZSTCAB7bGoTNmSWs%3D&t=4d5b0474&ps=13740610&shp=30310797&shcp=ff37627b&idc=useast5
Omg I need 🥰🥰,0,0,2026-04-18T23:04:57.000Z,dlanatruong,https://www.tiktok.com/@dgirlcarrot/video/7629639341559549204,6763110219821171718,7630239051732566791,https://p16-common-sign.tiktokcdn-us.com/tos-maliva-avt-0068/1191b39f69f40fc0185b53f808a86133~tplv-tiktokx-cropcenter:100:100.jpg?dr=9640&refresh_token=9cb464f9&x-expires=1778140800&x-signature=sqJImzUQmt6cKfdKgJ9KCRbJETY%3D&t=4d5b0474&ps=13740610&shp=30310797&shcp=ff37627b&idc=useast5
so pretty❤️,0,0,2026-04-18T15:39:56.000Z,1madziula,https://www.tiktok.com/@dgirlcarrot/video/7629639341559549204,7124429127050314758,7630124396091392790,https://p16-common-sign.tiktokcdn-us.com/tos-useast2a-avt-0068-euttp/9d0409e2efbd12cd5db8fdfe2b4fa0df~tplv-tiktokx-cropcenter:100:100.jpg?dr=9640&refresh_token=96843054&x-expires=1778140800&x-signature=61a3uoGX8BMLaGaBDmSyua1SgXE%3D&t=4d5b0474&ps=13740610&shp=30310797&shcp=ff37627b&idc=useast5
This is such a great mask 🤩,0,0,2026-04-18T15:05:19.000Z,pandanamonium,https://www.tiktok.com/@dgirlcarrot/video/7629639341559549204,6744129039197357061,7630115456552551181,https://p16-common-sign.tiktokcdn-eu.com/tos-maliva-avt-0068/25f715f44bbf51fe5a87bfc376474799~tplv-tiktokx-cropcenter:100:100.jpg?dr=10399&refresh_token=f98bedb0&x-expires=1778140800&x-signature=HavFPzC6Np7Pzz8OGMWuUlntW%2F4%3D&t=4d5b0474&ps=13740610&shp=30310797&shcp=ff37627b&idc=no1a
Wanna try this combo ❤️the lip mask looks really cool,0,0,2026-04-18T14:04:13.000Z,melissa_chew,https://www.tiktok.com/@dgirlcarrot/video/7629639341559549204,7099388542744331266,7630099781637833490,https://p19-common-sign.tiktokcdn-eu.com/tos-alisg-avt-0068/d0714a019d7dd9990db1480b1cc3e947~tplv-tiktokx-cropcenter:100:100.jpg?dr=10399&refresh_token=643a067d&x-expires=1778140800&x-signature=%2BrTEwoladKgguuE9Py5X0pqeRSQ%3D&t=4d5b0474&ps=13740610&shp=30310797&shcp=ff37627b&idc=no1a
Wow need to try asap 😍😍,0,0,2026-04-18T14:02:09.000Z,xo_missanna,https://www.tiktok.com/@dgirlcarrot/video/7629639341559549204,6842650304946963462,7630099182402437910,https://p16-common-sign.tiktokcdn-eu.com/tos-no1a-avt-0068c001-no/be74f7c81154d851f377b97999970d45~tplv-tiktokx-cropcenter:100:100.jpg?dr=10399&refresh_token=39a64b23&x-expires=1778140800&x-signature=QgNbso4ISS0JJ10CQywx0kzRdjg%3D&t=4d5b0474&ps=13740610&shp=30310797&shcp=ff37627b&idc=no1a
I need woow,0,0,2026-04-18T14:16:13.000Z,beautiesland,https://www.tiktok.com/@dgirlcarrot/video/7629639341559549204,7144228750099694597,7630102826157359905,https://p16-common-sign.tiktokcdn-eu.com/tos-useast2a-avt-0068-euttp/35f651ba1c31734e83fee2df547ab2f2~tplv-tiktokx-cropcenter:100:100.jpg?dr=10399&refresh_token=7fd2c788&x-expires=1778140800&x-signature=GBm7uGeCvBWXo20pNU%2BiMH9aPcY%3D&t=4d5b0474&ps=13740610&shp=30310797&shcp=ff37627b&idc=no1a
Omggg loved it🌸🌸🌸,0,0,2026-04-17T11:19:48.000Z,kbeauty.eraa,https://www.tiktok.com/@dgirlcarrot/video/7629639341559549204,6889639316633764869,7629686310182535954,https://p16-common-sign.tiktokcdn-eu.com/tos-alisg-avt-0068/665a50281533eadca6deca0e8a1d1436~tplv-tiktokx-cropcenter:100:100.jpg?dr=10399&refresh_token=910c3821&x-expires=1778140800&x-signature=Xoci2vOpiwYY14iO%2F0ROnYSPisU%3D&t=4d5b0474&ps=13740610&shp=30310797&shcp=ff37627b&idc=no1a
Ooo such a cool concept,0,0,2026-04-17T08:56:40.000Z,carlabehindbeauty,https://www.tiktok.com/@dgirlcarrot/video/7629639341559549204,7014740984433542146,7629649428957315860,https://p16-common-sign.tiktokcdn-eu.com/tos-alisg-avt-0068/af19a161be7c9c3d4a8b44c412708d3a~tplv-tiktokx-cropcenter:100:100.jpg?dr=10399&refresh_token=cbf2af58&x-expires=1778140800&x-signature=mcKWc2Uzuvfi%2BqbZjtHMjo5R1Q8%3D&t=4d5b0474&ps=13740610&shp=30310797&shcp=ff37627b&idc=no1a
the glow omgg,0,0,2026-04-18T15:04:55.000Z,sleeping_beauty47,https://www.tiktok.com/@dgirlcarrot/video/7629639341559549204,6926448871452525574,7630115414214755094,https://p16-common-sign.tiktokcdn-eu.com/tos-no1a-avt-0068c001-no/14f65751dec1bca943b1b96769ad8387~tplv-tiktokx-cropcenter:100:100.jpg?dr=10399&refresh_token=92dc4220&x-expires=1778140800&x-signature=tO2YH%2FlrRDDK42rvjLJoaDPYIlI%3D&t=4d5b0474&ps=13740610&shp=30310797&shcp=ff37627b&idc=no1a
ooh i need these!!,0,0,2026-04-22T02:58:10.000Z,addyghaynes,https://www.tiktok.com/@mitipuu/video/7631049399778544926,6625693930657923077,7631412427993514783,https://p16-common-sign.tiktokcdn-us.com/tos-useast8-avt-0068-tx2/a803f0d536c1b78d322486993f0a015b~tplv-tiktokx-cropcenter:100:100.jpg?dr=9640&refresh_token=9aee9968&x-expires=1778140800&x-signature=xP2IUKpbBLVCVYwcBDwpYuyKokI%3D&t=4d5b0474&ps=13740610&shp=30310797&shcp=ff37627b&idc=useast5
Love this mask,0,0,2026-04-22T02:19:25.000Z,milky.time1,https://www.tiktok.com/@mitipuu/video/7631049399778544926,7353124464241345582,7631402473626518286,https://p16-common-sign.tiktokcdn-us.com/tos-useast5-avt-0068-tx/49f88bda1cf91610e55bee8bb06d375b~tplv-tiktokx-cropcenter:100:100.jpg?dr=9640&refresh_token=64baac77&x-expires=1778140800&x-signature=DAjEuv7klSgPuHGxuVwz2Ijh9Ls%3D&t=4d5b0474&ps=13740610&shp=30310797&shcp=ff37627b&idc=useast5
I love this mask,0,0,2026-04-22T01:07:41.000Z,milky.time1,https://www.tiktok.com/@mitipuu/video/7631049399778544926,7353124464241345582,7631383971650618126,https://p16-common-sign.tiktokcdn-us.com/tos-useast5-avt-0068-tx/49f88bda1cf91610e55bee8bb06d375b~tplv-tiktokx-cropcenter:100:100.jpg?dr=9640&refresh_token=64baac77&x-expires=1778140800&x-signature=DAjEuv7klSgPuHGxuVwz2Ijh9Ls%3D&t=4d5b0474&ps=13740610&shp=30310797&shcp=ff37627b&idc=useast5
Omg need 💕💕,0,0,2026-04-22T00:17:58.000Z,life_onloop,https://www.tiktok.com/@mitipuu/video/7631049399778544926,7174265310206854190,7631371140753818399,https://p16-common-sign.tiktokcdn-us.com/tos-useast8-avt-0068-tx2/75c3c91509d4aa51c3a74ed30c389375~tplv-tiktokx-cropcenter:100:100.jpg?dr=9640&refresh_token=d31033a2&x-expires=1778140800&x-signature=SCQW%2F2wjOAFQ%2B%2BihrUkDZDC0N3s%3D&t=4d5b0474&ps=13740610&shp=30310797&shcp=ff37627b&idc=useast5
So good💚,0,0,2026-04-21T19:52:55.000Z,ryeena.vibes,https://www.tiktok.com/@mitipuu/video/7631049399778544926,7595701195572806679,7631302863441412886,https://p19-common-sign.tiktokcdn-us.com/tos-maliva-avt-0068/16d707ec2144660546a7787dc3b63872~tplv-tiktokx-cropcenter:100:100.jpg?dr=9640&refresh_token=efc685c4&x-expires=1778140800&x-signature=vADeaB6zsajU%2FlXDYMkVGcLqf%2Fg%3D&t=4d5b0474&ps=13740610&shp=30310797&shcp=ff37627b&idc=useast5
it looks so cool!!,0,0,2026-04-21T19:27:36.000Z,dianasframos,https://www.tiktok.com/@mitipuu/video/7631049399778544926,205249137246969856,7631296355437413153,https://p16-common-sign.tiktokcdn-us.com/tos-useast2a-avt-0068-euttp/b7d97667e269b9a028cd0f6e9aa8023b~tplv-tiktokx-cropcenter:100:100.jpg?dr=9640&refresh_token=f7bcc348&x-expires=1778140800&x-signature=iUewmZEuHVJ%2BFsmeus9HruxB%2FbU%3D&t=4d5b0474&ps=13740610&shp=30310797&shcp=ff37627b&idc=useast5
Love thesee 💕💕,0,0,2026-04-21T19:04:20.000Z,melmelody97,https://www.tiktok.com/@mitipuu/video/7631049399778544926,6873857859408495617,7631290320294069022,https://p16-common-sign.tiktokcdn-us.com/tos-useast8-avt-0068-tx2/7de19f0e769e8c895b3363bd73dd5775~tplv-tiktokx-cropcenter:100:100.jpg?dr=9640&refresh_token=9cbaf2b5&x-expires=1778140800&x-signature=R0R%2Fj7Q2QGd03mKGZEJDuz8WiG4%3D&t=4d5b0474&ps=13740610&shp=30310797&shcp=ff37627b&idc=useast5
clear mask! Wow,0,0,2026-04-21T18:55:23.000Z,ugcbydebbie,https://www.tiktok.com/@mitipuu/video/7631049399778544926,7576874422763914248,7631288053495874322,https://p16-common-sign.tiktokcdn-us.com/tos-alisg-avt-0068/4945daa5801c657a47c6f48fc1994bf5~tplv-tiktokx-cropcenter:100:100.jpg?dr=9640&refresh_token=4a342dc4&x-expires=1778140800&x-signature=GCxEewmDat7lWcnI1du8%2B%2Fs1b%2BM%3D&t=4d5b0474&ps=13740610&shp=30310797&shcp=ff37627b&idc=useast5
Wanna try the lip mask😍,0,0,2026-04-21T18:53:57.000Z,catierhine,https://www.tiktok.com/@mitipuu/video/7631049399778544926,6552450794770219009,7631287426816738078,https://p16-common-sign.tiktokcdn-us.com/tos-useast8-avt-0068-tx2/5678f9e27f9dbc632fdf7a52036c737d~tplv-tiktokx-cropcenter:100:100.jpg?dr=9640&refresh_token=e193d902&x-expires=1778140800&x-signature=8UNxH2U%2FsTouo8Lcj5P0aFI4fD4%3D&t=4d5b0474&ps=13740610&shp=30310797&shcp=ff37627b&idc=useast5
Nice skincare duo,0,0,2026-04-22T02:21:08.000Z,cindysolutions,https://www.tiktok.com/@mitipuu/video/7631049399778544926,6865866336423543814,7631402898089739021,https://p16-common-sign.tiktokcdn-us.com/tos-useast5-avt-0068-tx/9e5cacad0328c80a2581da0faa68cffa~tplv-tiktokx-cropcenter:100:100.jpg?dr=9640&refresh_token=23ab6836&x-expires=1778140800&x-signature=YzRph3BOpohXUvGw4gbwAdSjEQ4%3D&t=4d5b0474&ps=13740610&shp=30310797&shcp=ff37627b&idc=useast5
Love this mask 🥰,0,0,2026-04-21T05:08:18.000Z,fhaydskincarecreator,https://www.tiktok.com/@mitipuu/video/7631049399778544926,7434278357315224622,7631074706419352351,https://p19-common-sign.tiktokcdn-us.com/tos-useast8-avt-0068-tx2/0206fecc0d7268744098d8f49db68e12~tplv-tiktokx-cropcenter:100:100.jpg?dr=9640&refresh_token=6697883c&x-expires=1778140800&x-signature=zDP6zTH9rHDC30JLF8NUy%2F6JOWo%3D&t=4d5b0474&ps=13740610&shp=30310797&shcp=ff37627b&idc=useast5
❤️,0,0,2026-04-28T14:12:45.000Z,makeupandmoments7,https://www.tiktok.com/@mitipuu/video/7631049399778544926,7339594778445448225,7633812790251979543,https://p19-common-sign.tiktokcdn-us.com/tos-maliva-avt-0068/4fb21503a1c8064bca3e61bb300b1250~tplv-tiktokx-cropcenter:100:100.jpg?dr=9640&refresh_token=18e66e19&x-expires=1778140800&x-signature=pnAC9pIHUmN9kvmDqTBAsExmBuM%3D&t=4d5b0474&ps=13740610&shp=30310797&shcp=ff37627b&idc=useast5
❤️❤️❤️,0,0,2026-04-21T18:30:15.000Z,cristinelb,https://www.tiktok.com/@mitipuu/video/7631049399778544926,6852546752731399173,7631281453159006990,https://p16-common-sign.tiktokcdn-us.com/tos-useast5-avt-0068-tx/c08c66940ed9187aa8ff67f98f6ca19d~tplv-tiktokx-cropcenter:100:100.jpg?dr=9640&refresh_token=713793f9&x-expires=1778140800&x-signature=eY1h6tbarbM5C%2FD%2FSauVIkOKXoo%3D&t=4d5b0474&ps=13740610&shp=30310797&shcp=ff37627b&idc=useast5
♥️♥️♥️,1,1,2026-04-20T00:13:37.000Z,leesapanthi,https://www.tiktok.com/@missshilife/video/7630626577318939922,7138627494999622662,7630627785603466005,https://p19-common-sign.tiktokcdn-us.com/tos-alisg-avt-0068/8c1058b55b56b01243ce01e63d222428~tplv-tiktokx-cropcenter:100:100.jpg?dr=9640&refresh_token=027b12cb&x-expires=1778140800&x-signature=XU06UYxjyuuCiSt64GHh2z5ecHE%3D&t=4d5b0474&ps=13740610&shp=30310797&shcp=ff37627b&idc=useast5
🥰🥰🥰,0,0,2026-04-20T05:25:12.000Z,thebeautyvibex1,https://www.tiktok.com/@missshilife/video/7630626577318939922,7194843063956521989,7630708124323889952,https://p16-common-sign.tiktokcdn-us.com/tos-useast2a-avt-0068-euttp/3dc4ce805befeff1efc86aad50eaf31b~tplv-tiktokx-cropcenter:100:100.jpg?dr=9640&refresh_token=8c11bf63&x-expires=1778140800&x-signature=q0cuXVj9hAPLgvhSPUaVuBYv%2BB8%3D&t=4d5b0474&ps=13740610&shp=30310797&shcp=ff37627b&idc=useast5
😻😻,0,0,2026-04-20T00:30:58.000Z,_littlemissjiaa,https://www.tiktok.com/@missshilife/video/7630626577318939922,6621365708613206021,7630632355598254855,https://p19-common-sign.tiktokcdn-us.com/tos-alisg-avt-0068/eb33f079c9290beca59e39f9df0be7a1~tplv-tiktokx-cropcenter:100:100.jpg?dr=9640&refresh_token=ffb11712&x-expires=1778140800&x-signature=7UsQLp8qQjncLm4VGWCS2seUNSg%3D&t=4d5b0474&ps=13740610&shp=30310797&shcp=ff37627b&idc=useast5
🥰🥰🥰🥰,0,0,2026-04-20T16:27:56.000Z,barron_kendra1,https://www.tiktok.com/@missshilife/video/7630626577318939922,6757599352597791749,7630878971896693524,https://p19-common-sign.tiktokcdn-us.com/tos-alisg-avt-0068/6e802bbd3ee7dd9a7cae336033e1a883~tplv-tiktokx-cropcenter:100:100.jpg?dr=9640&refresh_token=3c585bae&x-expires=1778140800&x-signature=jXK%2Fk0EhxzO5HEo0KB0qsJ3lAV4%3D&t=4d5b0474&ps=13740610&shp=30310797&shcp=ff37627b&idc=useast5
❤️❤️,0,0,2026-04-20T00:55:02.000Z,kaurnav288,https://www.tiktok.com/@missshilife/video/7630626577318939922,7599483474969854992,7630638512191292161,https://p16-common-sign.tiktokcdn-us.com/tos-alisg-avt-0068/9b90559394582d7fcf657d4e68e7f738~tplv-tiktokx-cropcenter:100:100.jpg?dr=9640&refresh_token=c35e052b&x-expires=1778140800&x-signature=NbtDItW7koHF5Xz9%2B9KgwZqxFfA%3D&t=4d5b0474&ps=13740610&shp=30310797&shcp=ff37627b&idc=useast5
😱😱😱,0,0,2026-04-23T04:02:22.000Z,kailies_life,https://www.tiktok.com/@missshilife/video/7630626577318939922,7080028631919641646,7631800058408616717,https://p16-common-sign.tiktokcdn-us.com/tos-useast5-avt-0068-tx/66fa8afaad45ac112e0d27ae0244ac69~tplv-tiktokx-cropcenter:100:100.jpg?dr=9640&refresh_token=a9c73862&x-expires=1778140800&x-signature=AmoST0b42s5vNtV2QpheUvW6SGA%3D&t=4d5b0474&ps=13740610&shp=30310797&shcp=ff37627b&idc=useast5
😍😍,0,0,2026-05-04T16:00:01.000Z,trishaa_saha,https://www.tiktok.com/@missshilife/video/7630626577318939922,7087620201000666118,7636066971347895060,https://p16-common-sign.tiktokcdn-us.com/tos-maliva-avt-0068/7402576140adb6c552e6e6fecfc02820~tplv-tiktokx-cropcenter:100:100.jpg?dr=9640&refresh_token=d1806e26&x-expires=1778140800&x-signature=EyesL7zo2sxO4GbQoi%2FjIUgFVhA%3D&t=4d5b0474&ps=13740610&shp=30310797&shcp=ff37627b&idc=useast5
Omg those lips hahahaha,1,1,2026-04-20T09:24:30.000Z,glassskinjournal,https://www.tiktok.com/@askmims/video/7630716021250346270,7534909442586264577,7630769806967866113,https://p19-common-sign.tiktokcdn-us.com/tos-alisg-avt-0068/b3241cb1e0dc2b33c614677c035a339b~tplv-tiktokx-cropcenter:100:100.jpg?dr=9640&refresh_token=5fb82971&x-expires=1778140800&x-signature=5Ld3yvKqgKzexc7WnX4UAsmSXT8%3D&t=4d5b0474&ps=13740610&shp=30310797&shcp=ff37627b&idc=useast8
🥰🥰🥰🥰,0,0,2026-04-20T09:22:43.000Z,happy.momturkey,https://www.tiktok.com/@askmims/video/7630716021250346270,7522142182531253255,7630769392330867463,https://p16-common-sign.tiktokcdn-us.com/tos-alisg-avt-0068/3848b871cd2a0d45e70687497caf4ef5~tplv-tiktokx-cropcenter:100:100.jpg?dr=9640&refresh_token=f0e8854f&x-expires=1778140800&x-signature=PeBE7oVl2WgLDmiuNFETc7SNMag%3D&t=4d5b0474&ps=13740610&shp=30310797&shcp=ff37627b&idc=useast8
😍😍😍,0,0,2026-04-20T19:59:17.000Z,roros_reviwess2,https://www.tiktok.com/@askmims/video/7630716021250346270,7485866480114893832,7630933421209273095,https://p19-common-sign.tiktokcdn-us.com/tos-alisg-avt-0068/91fc15e9bb6f4626c26dac20033ae184~tplv-tiktokx-cropcenter:100:100.jpg?dr=9640&refresh_token=53d7de93&x-expires=1778140800&x-signature=OoQfdkpENC%2BmLZ%2ByUf2IX10Xgao%3D&t=4d5b0474&ps=13740610&shp=30310797&shcp=ff37627b&idc=useast8
Love it 😍I’m adding to cart,0,0,2026-04-08T18:36:46.000Z,momos_s,https://www.tiktok.com/@funmiomookun/video/7626230634859482389,189858332105711618,7626459165791421191,https://p19-common-sign.tiktokcdn-us.com/tos-maliva-avt-0068/61a2ff8933296da0f20a5881a136152b~tplv-tiktokx-cropcenter:100:100.jpg?dr=9640&refresh_token=c785a9e6&x-expires=1778140800&x-signature=fF45oeA6slGPwz%2BZXYZnpWPEofg%3D&t=4d5b0474&ps=13740610&shp=30310797&shcp=ff37627b&idc=useast8
would love to try this🥰,0,0,2026-04-08T18:02:37.000Z,fabricguru_accessories,https://www.tiktok.com/@funmiomookun/video/7626230634859482389,6915524152888050694,7626450356800586516,https://p19-common-sign.tiktokcdn-us.com/tos-alisg-avt-0068/c8e9f08b0a91d8e150ac15f6eb5158f6~tplv-tiktokx-cropcenter:100:100.jpg?dr=9640&refresh_token=c4004bad&x-expires=1778140800&x-signature=p1YZM1mY6SeAFAq8IPUeZrMpY3M%3D&t=4d5b0474&ps=13740610&shp=30310797&shcp=ff37627b&idc=useast8
Haven't tried yet this,0,0,2026-04-08T17:56:30.000Z,shilpa0sapkota,https://www.tiktok.com/@funmiomookun/video/7626230634859482389,6576235978992746502,7626448731555316481,https://p16-common-sign.tiktokcdn-us.com/tos-alisg-avt-0068/111b9c50b349624eaf1a328b4ad2fdf2~tplv-tiktokx-cropcenter:100:100.jpg?dr=9640&refresh_token=d363d913&x-expires=1778140800&x-signature=PbIa989mm%2BqFP4vrtRPA3wVPi80%3D&t=4d5b0474&ps=13740610&shp=30310797&shcp=ff37627b&idc=useast8
"Wow,I want too🥰",0,0,2026-04-08T17:51:04.000Z,dziosefina,https://www.tiktok.com/@funmiomookun/video/7626230634859482389,7078800126109697029,7626447367948894998,https://p16-common-sign.tiktokcdn-us.com/tos-maliva-avt-0068/265d8aca891aaa53f9350d4b8866fda6~tplv-tiktokx-cropcenter:100:100.jpg?dr=9640&refresh_token=18783935&x-expires=1778140800&x-signature=iyGvwtQo%2FxHnJ8jsqoJRT8fHPqc%3D&t=4d5b0474&ps=13740610&shp=30310797&shcp=ff37627b&idc=useast8
Yes I love this. Hydrating,0,0,2026-04-08T16:34:23.000Z,lifewith_anna5,https://www.tiktok.com/@funmiomookun/video/7626230634859482389,7371590707667502122,7626427493268390686,https://p19-common-sign.tiktokcdn-us.com/tos-useast8-avt-0068-tx2/336407da1e078b1ac091b6154ef74c69~tplv-tiktokx-cropcenter:100:100.jpg?dr=9640&refresh_token=7f401877&x-expires=1778140800&x-signature=a6G3biyp5QOX6NLWVhXbCEXj2LM%3D&t=4d5b0474&ps=13740610&shp=30310797&shcp=ff37627b&idc=useast8
Ok add me in 🤩,0,0,2026-04-08T16:29:29.000Z,rosie.rosa86,https://www.tiktok.com/@funmiomookun/video/7626230634859482389,7412216832990659600,7626426371597992720,https://p19-common-sign.tiktokcdn-us.com/tos-alisg-avt-0068/53100d94149e778cdf6eed5edec1c47c~tplv-tiktokx-cropcenter:100:100.jpg?dr=9640&refresh_token=f04de8f2&x-expires=1778140800&x-signature=7jQVcLPMP29DFwv30yfZxxFBL70%3D&t=4d5b0474&ps=13740610&shp=30310797&shcp=ff37627b&idc=useast8
These are beautiful! 🌸,0,0,2026-04-08T16:29:21.000Z,rosie.rosa86,https://www.tiktok.com/@funmiomookun/video/7626230634859482389,7412216832990659600,7626426324157154064,https://p19-common-sign.tiktokcdn-us.com/tos-alisg-avt-0068/53100d94149e778cdf6eed5edec1c47c~tplv-tiktokx-cropcenter:100:100.jpg?dr=9640&refresh_token=f04de8f2&x-expires=1778140800&x-signature=7jQVcLPMP29DFwv30yfZxxFBL70%3D&t=4d5b0474&ps=13740610&shp=30310797&shcp=ff37627b&idc=useast8
Really beautiful mask 😍,0,0,2026-04-08T16:22:17.000Z,ugc_celestial_skinc,https://www.tiktok.com/@funmiomookun/video/7626230634859482389,7501685431034053687,7626424519859225362,https://p19-common-sign.tiktokcdn-us.com/tos-maliva-avt-0068/2b04c17c3ecb318506722eb0f6fe59ee~tplv-tiktokx-cropcenter:100:100.jpg?dr=9640&refresh_token=f840a6ba&x-expires=1778140800&x-signature=DEMeGHN0FNSwSbW3ZGmSxkZzyno%3D&t=4d5b0474&ps=13740610&shp=30310797&shcp=ff37627b&idc=useast8
The lip mask! I’m sold,0,0,2026-04-08T16:09:04.000Z,catherine_loves_beauty,https://www.tiktok.com/@funmiomookun/video/7626230634859482389,7479171729611260974,7626421021071246110,https://p16-common-sign.tiktokcdn-us.com/tos-useast8-avt-0068-tx2/614f54f0572691be0b9b2121bf30122c~tplv-tiktokx-cropcenter:100:100.jpg?dr=9640&refresh_token=bce4c538&x-expires=1778140800&x-signature=iyRfhR4y44U4ydNSTbkY48CJOPI%3D&t=4d5b0474&ps=13740610&shp=30310797&shcp=ff37627b&idc=useast8
I love how the make looks,0,0,2026-04-08T15:20:46.000Z,thereveriechronicles,https://www.tiktok.com/@funmiomookun/video/7626230634859482389,7491845632718537733,7626408657139925777,https://p16-common-sign.tiktokcdn-us.com/tos-alisg-avt-0068/95496ff26bc74aab76f8f04850029a58~tplv-tiktokx-cropcenter:100:100.jpg?dr=9640&refresh_token=bcf644ab&x-expires=1778140800&x-signature=8ZDkGFszfkNUn%2Fa1MA%2FqVBOB6zo%3D&t=4d5b0474&ps=13740610&shp=30310797&shcp=ff37627b&idc=useast8
This looks so good and hydrating. Going to buy mine now,0,0,2026-04-08T15:17:20.000Z,teddievic,https://www.tiktok.com/@funmiomookun/video/7626230634859482389,6809371755653743622,7626407784778629906,https://p19-common-sign.tiktokcdn-us.com/tos-alisg-avt-0068/c82a445fcd3189850ed0081bcbc90b4f~tplv-tiktokx-cropcenter:100:100.jpg?dr=9640&refresh_token=5db7ab3c&x-expires=1778140800&x-signature=zlcHqzJKChPgbg3ZF8B4mScbM%2BE%3D&t=4d5b0474&ps=13740610&shp=30310797&shcp=ff37627b&idc=useast8
looks good girl I gotta try it,0,0,2026-04-08T15:11:06.000Z,shevycake,https://www.tiktok.com/@funmiomookun/video/7626230634859482389,6724029162561356805,7626405928704049933,https://p19-common-sign.tiktokcdn-us.com/tos-useast5-avt-0068-tx/d6004a5fea29c08230236464d774d440~tplv-tiktokx-cropcenter:100:100.jpg?dr=9640&refresh_token=03ebcd37&x-expires=1778140800&x-signature=jU6v2MFuB7%2Bajs%2FY6%2BpDo6gHSFE%3D&t=4d5b0474&ps=13740610&shp=30310797&shcp=ff37627b&idc=useast8
It looks hydrating,0,0,2026-04-08T14:50:35.000Z,girl_like.nina,https://www.tiktok.com/@funmiomookun/video/7626230634859482389,6995897478315131909,7626400881155703573,https://p19-common-sign.tiktokcdn-us.com/tos-alisg-avt-0068/e63bc81de4c57ab4dbd5bf86c11ed269~tplv-tiktokx-cropcenter:100:100.jpg?dr=9640&refresh_token=a42b306d&x-expires=1778140800&x-signature=bO1qkOPtLnrBO00nEL0ssIuTokQ%3D&t=4d5b0474&ps=13740610&shp=30310797&shcp=ff37627b&idc=useast8
"Look beautiful, your skin is wonderful",0,0,2026-04-08T14:30:00.000Z,melgaryparker,https://www.tiktok.com/@funmiomookun/video/7626230634859482389,6928864120692409349,7626395311566013197,https://p16-common-sign.tiktokcdn-us.com/tos-useast5-avt-0068-tx/676f366404cdf1867da3ba204192d70d~tplv-tiktokx-cropcenter:100:100.jpg?dr=9640&refresh_token=2c1b85d2&x-expires=1778140800&x-signature=YYaVJb4ks9yjqxq7xhbRybcGKvE%3D&t=4d5b0474&ps=13740610&shp=30310797&shcp=ff37627b&idc=useast8
So interesting 😍,0,0,2026-04-08T14:27:33.000Z,_devi_ad,https://www.tiktok.com/@funmiomookun/video/7626230634859482389,6557611518236966918,7626394950877823751,https://p16-common-sign.tiktokcdn-us.com/tos-maliva-avt-0068/a9c74a1966f341980b5020144c5bb78e~tplv-tiktokx-cropcenter:100:100.jpg?dr=9640&refresh_token=868e7f66&x-expires=1778140800&x-signature=AskZLxYZ6bsy8fJypAGugF3hyeI%3D&t=4d5b0474&ps=13740610&shp=30310797&shcp=ff37627b&idc=useast8
so pretty,0,0,2026-04-08T14:24:49.000Z,skincare_haircaree,https://www.tiktok.com/@funmiomookun/video/7626230634859482389,7066731212883510298,7626394240298042130,https://p19-common-sign.tiktokcdn-us.com/tos-maliva-avt-0068/7331883608389894149~tplv-tiktokx-cropcenter:100:100.jpg?dr=9640&refresh_token=d5f32a00&x-expires=1778140800&x-signature=K%2BlDGMsPowBkBhrCowLp2CNgdj8%3D&t=4d5b0474&ps=13740610&shp=30310797&shcp=ff37627b&idc=useast8
Look so good❤️,0,0,2026-04-08T13:33:32.000Z,watomie08,https://www.tiktok.com/@funmiomookun/video/7626230634859482389,7123058740568687642,7626381001812050709,https://p16-common-sign.tiktokcdn-us.com/tos-alisg-avt-0068/14a8eb6f3606a63c948748719542adf4~tplv-tiktokx-cropcenter:100:100.jpg?dr=9640&refresh_token=a701e7bf&x-expires=1778140800&x-signature=8nbwTZwLGyNxFw%2FT3s%2F6U27BJ2w%3D&t=4d5b0474&ps=13740610&shp=30310797&shcp=ff37627b&idc=useast8
This looks good 🥰,0,0,2026-04-08T13:28:57.000Z,being_mrsm,https://www.tiktok.com/@funmiomookun/video/7626230634859482389,7532539540586955798,7626379831555031830,https://p19-common-sign.tiktokcdn-us.com/tos-maliva-avt-0068/49f9e5b9a169fffd79d035a759831485~tplv-tiktokx-cropcenter:100:100.jpg?dr=9640&refresh_token=5c6eb076&x-expires=1778140800&x-signature=a0M7uy%2BL5GVH416XBbsIQSLnK8Q%3D&t=4d5b0474&ps=13740610&shp=30310797&shcp=ff37627b&idc=useast8
So hydrating 🥰,0,0,2026-04-08T13:26:19.000Z,shonawignal26,https://www.tiktok.com/@funmiomookun/video/7626230634859482389,7000698692982883333,7626379167403262741,https://p19-common-sign.tiktokcdn-us.com/tos-maliva-avt-0068/746947f38c29a6e5b484cabc12f8eb05~tplv-tiktokx-cropcenter:100:100.jpg?dr=9640&refresh_token=0cc308c0&x-expires=1778140800&x-signature=W3pMlOuahncBVqYF3LTOKfbvNZE%3D&t=4d5b0474&ps=13740610&shp=30310797&shcp=ff37627b&idc=useast8
Looks so hydrating and soothing,0,0,2026-04-08T13:09:48.000Z,justtiffanys,https://www.tiktok.com/@funmiomookun/video/7626230634859482389,6800255269194236934,7626374697194980127,https://p19-common-sign.tiktokcdn-us.com/tos-useast8-avt-0068-tx2/ec7bc5fc84fe9e014cdc2ecb9b1d086b~tplv-tiktokx-cropcenter:100:100.jpg?dr=9640&refresh_token=81fc315d&x-expires=1778140800&x-signature=hMFHqt3dHHILogWyH%2FpC9VuC3iY%3D&t=4d5b0474&ps=13740610&shp=30310797&shcp=ff37627b&idc=useast8
Ooo this looks so nice 😍,0,0,2026-04-08T11:50:20.000Z,unboxwith_ke,https://www.tiktok.com/@funmiomookun/video/7626230634859482389,7264612508429763616,7626354400969835286,https://p16-common-sign.tiktokcdn-eu.com/tos-no1a-avt-0068c001-no/6431c7a21a608a6231c63c03d17fa43f~tplv-tiktokx-cropcenter:100:100.jpg?dr=10399&refresh_token=ea43fe59&x-expires=1778140800&x-signature=Cajnb26pW5JIxyLeLm954s%2BtdmU%3D&t=4d5b0474&ps=13740610&shp=30310797&shcp=ff37627b&idc=no1a
Amazing looks so good ♥️♥️😊,0,0,2026-04-08T11:58:03.000Z,nerminragab0,https://www.tiktok.com/@funmiomookun/video/7626230634859482389,6925706711693952005,7626356370003378966,https://p16-common-sign.tiktokcdn-eu.com/tos-no1a-avt-0068c001-no/de9f95021ed21336462349d47b1adfa6~tplv-tiktokx-cropcenter:100:100.jpg?dr=10399&refresh_token=94289732&x-expires=1778140800&x-signature=L94%2B0XeyNwnvjI8s53WWfmNoes8%3D&t=4d5b0474&ps=13740610&shp=30310797&shcp=ff37627b&idc=no1a
Looks good,0,0,2026-04-08T12:55:22.000Z,elianamanuli,https://www.tiktok.com/@funmiomookun/video/7626230634859482389,262974992676515840,7626371180768789270,https://p19-common-sign.tiktokcdn-eu.com/tos-no1a-avt-0068c001-no/ab6ca7b6cde48e7d3a0831edbaaf0890~tplv-tiktokx-cropcenter:100:100.jpg?dr=10399&refresh_token=0d1ef27c&x-expires=1778140800&x-signature=ZHTrf0AYVeisHZynOiRRDP4ATMU%3D&t=4d5b0474&ps=13740610&shp=30310797&shcp=ff37627b&idc=no1a
Omg looks so good 😍,0,0,2026-04-08T11:47:18.000Z,glowwithaya1,https://www.tiktok.com/@funmiomookun/video/7626230634859482389,7453505375737545760,7626353620015530774,https://p19-common-sign.tiktokcdn-eu.com/tos-no1a-avt-0068c001-no/5b8ffc138845102ab745c192354f851f~tplv-tiktokx-cropcenter:100:100.jpg?dr=10399&refresh_token=038eaea6&x-expires=1778140800&x-signature=dXM8%2FYX%2BfTfvk04LydpRttL7fwg%3D&t=4d5b0474&ps=13740610&shp=30310797&shcp=ff37627b&idc=no1a
looks great!💗,0,0,2026-04-11T19:02:55.000Z,n1kolalala,https://www.tiktok.com/@ingsxg/video/7626144875355917599,7456025748308493345,7627579163406615318,https://p19-common-sign.tiktokcdn-us.com/tos-maliva-avt-0068/7e4fcf4631ba0a9d1b476e9b1664d6a5~tplv-tiktokx-cropcenter:100:100.jpg?dr=9640&refresh_token=2daac4b5&x-expires=1778140800&x-signature=TRxq0zVuhkb1n17Sg5iIlK8CAcM%3D&t=4d5b0474&ps=13740610&shp=30310797&shcp=ff37627b&idc=useast5
oh love that lip mask packaging!! 🤩,0,0,2026-04-11T17:42:41.000Z,lonelyinfp,https://www.tiktok.com/@ingsxg/video/7626144875355917599,6736596623718253573,7627558396896232222,https://p19-common-sign.tiktokcdn-us.com/tos-useast5-avt-0068-tx/9a563c74c794255ce4f0c2ca992a0ffd~tplv-tiktokx-cropcenter:100:100.jpg?dr=9640&refresh_token=7104b423&x-expires=1778140800&x-signature=Hzp2LVuYnQ4eayrGEsVRHKhA6BU%3D&t=4d5b0474&ps=13740610&shp=30310797&shcp=ff37627b&idc=useast5
I wanna try it😍,0,0,2026-04-11T16:18:56.000Z,girl_like.nina,https://www.tiktok.com/@ingsxg/video/7626144875355917599,6995897478315131909,7627536881325146901,https://p16-common-sign.tiktokcdn-us.com/tos-alisg-avt-0068/e63bc81de4c57ab4dbd5bf86c11ed269~tplv-tiktokx-cropcenter:100:100.jpg?dr=9640&refresh_token=87bb4acd&x-expires=1778140800&x-signature=W5SdX8hnAet9%2BP5ajqrh63dSTYQ%3D&t=4d5b0474&ps=13740610&shp=30310797&shcp=ff37627b&idc=useast5
"oh my, I love the lip mask",0,0,2026-04-11T15:15:26.000Z,cobesaigon,https://www.tiktok.com/@ingsxg/video/7626144875355917599,6667281919631720453,7627520470401303327,https://p19-common-sign.tiktokcdn-us.com/tos-useast5-avt-0068-tx/04dae97a73cf02cc5580dbc56061044d~tplv-tiktokx-cropcenter:100:100.jpg?dr=9640&refresh_token=151bf13e&x-expires=1778140800&x-signature=AMew4La2xQ%2BAe1SXOvAQ0QDWnxo%3D&t=4d5b0474&ps=13740610&shp=30310797&shcp=ff37627b&idc=useast5
the glass skin effect ✨😍,0,0,2026-04-11T14:47:12.000Z,wonluvme,https://www.tiktok.com/@ingsxg/video/7626144875355917599,7016715411250463771,7627513248606700308,https://p16-common-sign.tiktokcdn-us.com/tos-alisg-avt-0068/b35ad1a3b169e58eeff6b43712e2cb92~tplv-tiktokx-cropcenter:100:100.jpg?dr=9640&refresh_token=c63d50e6&x-expires=1778140800&x-signature=5VVtWSE6WsTJI8KA7KJ6XBvkGyY%3D&t=4d5b0474&ps=13740610&shp=30310797&shcp=ff37627b&idc=useast5
omg wanna try this,0,0,2026-04-11T10:18:46.000Z,itsmepurple1026,https://www.tiktok.com/@ingsxg/video/7626144875355917599,7237732507410777089,7627444082977194772,https://p19-common-sign.tiktokcdn-us.com/tos-alisg-avt-0068/e0116b4cad01ec1b0f9b2177232e9421~tplv-tiktokx-cropcenter:100:100.jpg?dr=9640&refresh_token=602b0b1d&x-expires=1778140800&x-signature=NCUStFRQm3lJf5dLI1wlIO9xlO8%3D&t=4d5b0474&ps=13740610&shp=30310797&shcp=ff37627b&idc=useast5
Love it 💗,0,0,2026-04-11T09:59:10.000Z,charlemakeup,https://www.tiktok.com/@ingsxg/video/7626144875355917599,6804469365972124678,7627439021366706966,https://p19-common-sign.tiktokcdn-us.com/tos-maliva-avt-0068/a96aab56b012441b08c983b3afadb275~tplv-tiktokx-cropcenter:100:100.jpg?dr=9640&refresh_token=d46a66c8&x-expires=1778140800&x-signature=PaKqNHxn4dij97VrlFdaXKmCmUc%3D&t=4d5b0474&ps=13740610&shp=30310797&shcp=ff37627b&idc=useast5
Love it,0,0,2026-04-16T03:48:01.000Z,baruscape,https://www.tiktok.com/@ashabieats_/video/7628839868449410311,7543303603450463287,7629198755409691423,https://p16-common-sign.tiktokcdn-us.com/tos-useast5-avt-0068-tx/df2c59c6e07905a5ee7af18ffd6fbed5~tplv-tiktokx-cropcenter:100:100.jpg?dr=9640&refresh_token=811b2256&x-expires=1778140800&x-signature=ezIZcFEj4lNvWtiTR%2BBbMqwp5kI%3D&t=4d5b0474&ps=13740610&shp=30310797&shcp=ff37627b&idc=useast5
This mask is so good,1,0,2026-04-16T02:18:50.000Z,beautyworld51,https://www.tiktok.com/@ashabieats_/video/7628839868449410311,7236743361963623429,7629175774063837960,https://p19-common-sign.tiktokcdn-us.com/tos-alisg-avt-0068/cfa72eeedd8040c304d949a1fd782146~tplv-tiktokx-cropcenter:100:100.jpg?dr=9640&refresh_token=8742c5fa&x-expires=1778140800&x-signature=qANrhmgPbFNzopOz%2F1j2v1Exfk0%3D&t=4d5b0474&ps=13740610&shp=30310797&shcp=ff37627b&idc=useast5
Love this for u ❤️,0,0,2026-04-16T01:25:57.000Z,fhaydskincarecreator,https://www.tiktok.com/@ashabieats_/video/7628839868449410311,7434278357315224622,7629162119577715486,https://p16-common-sign.tiktokcdn-us.com/tos-useast8-avt-0068-tx2/0206fecc0d7268744098d8f49db68e12~tplv-tiktokx-cropcenter:100:100.jpg?dr=9640&refresh_token=5e658815&x-expires=1778140800&x-signature=nVYExf7661fq159YPeSMqykxvBE%3D&t=4d5b0474&ps=13740610&shp=30310797&shcp=ff37627b&idc=useast5
🥰🥰🥰,0,0,2026-04-15T13:21:32.000Z,sanniaminat81,https://www.tiktok.com/@ashabieats_/video/7628839868449410311,7200349102025933829,7628975518243635984,https://p16-common-sign.tiktokcdn-us.com/tos-maliva-avt-0068/cc1342da93a768471cf37f1b3a14fa2d~tplv-tiktokx-cropcenter:100:100.jpg?dr=9640&refresh_token=096975a9&x-expires=1778140800&x-signature=I8%2BQvZrr0DAiicg1jEzjnB95Q4s%3D&t=4d5b0474&ps=13740610&shp=30310797&shcp=ff37627b&idc=useast5
wowww😍,0,0,2026-04-11T03:58:02.000Z,_bren123_,https://www.tiktok.com/@ingsxg/video/7626144875355917599,6800019196761342981,7627345735949255438,https://p16-common-sign.tiktokcdn-eu.com/tos-maliva-avt-0068/999b159bfda50c09dda8241e70c3cf70~tplv-tiktokx-cropcenter:100:100.jpg?dr=10399&refresh_token=06ab2057&x-expires=1778140800&x-signature=3TBybSf3UyjYe3tN6g0rjxLEgx0%3D&t=4d5b0474&ps=13740610&shp=30310797&shcp=ff37627b&idc=no1a
must tryyy! 💯,0,0,2026-04-11T04:13:13.000Z,xoxo.virg0,https://www.tiktok.com/@ingsxg/video/7626144875355917599,7247530430051468294,7627349855338431240,https://p16-common-sign.tiktokcdn-eu.com/tos-alisg-avt-0068/1a164574c9f48a9d55957c2375a22052~tplv-tiktokx-cropcenter:100:100.jpg?dr=10399&refresh_token=48af3fe9&x-expires=1778140800&x-signature=Vq%2FmHy5ndx9ZdcETW31lA%2Fbr4M8%3D&t=4d5b0474&ps=13740610&shp=30310797&shcp=ff37627b&idc=no1a
so glowyy,0,0,2026-04-11T22:49:38.000Z,miso._tofu,https://www.tiktok.com/@ingsxg/video/7626144875355917599,7399190843301839888,7627637530464371477,https://p16-common-sign.tiktokcdn-eu.com/tos-alisg-avt-0068/9adcda8deb649b6e37429ab39a81123d~tplv-tiktokx-cropcenter:100:100.jpg?dr=10399&refresh_token=d329caad&x-expires=1778140800&x-signature=fg5FVGOQ43RqBNe7FvOqHjzASS8%3D&t=4d5b0474&ps=13740610&shp=30310797&shcp=ff37627b&idc=no1a
Omgosshhhh🥰💖 your bag is cute 💖loveee,0,0,2026-04-15T03:50:19.000Z,meloautomne,https://www.tiktok.com/@honeymoonnay/video/7624710578736581909,7127350026217309190,7628828304959177473,https://p16-common-sign.tiktokcdn-us.com/tos-alisg-avt-0068/efff42b99247e169f85d077eab0a9279~tplv-tiktokx-cropcenter:100:100.jpg?dr=9640&refresh_token=c5ae23e5&x-expires=1778140800&x-signature=kkk3pk1hpuwZXuHgWx725LhuKHI%3D&t=4d5b0474&ps=13740610&shp=30310797&shcp=ff37627b&idc=useast8
Oohhh it's pink♡,0,0,2026-04-06T17:34:30.000Z,limeelectro,https://www.tiktok.com/@honeymoonnay/video/7624710578736581909,7016131300902585350,7625700829006414605,https://p16-common-sign.tiktokcdn-us.com/tos-useast5-avt-0068-tx/3d0a35b8c21a9a381326a99358dbbe2d~tplv-tiktokx-cropcenter:100:100.jpg?dr=9640&refresh_token=dd34137e&x-expires=1778140800&x-signature=irL3uod79arNf0lCeAu4u8ZEsNo%3D&t=4d5b0474&ps=13740610&shp=30310797&shcp=ff37627b&idc=useast8
My show is on!!,0,0,2026-04-04T11:43:02.000Z,cjohnson838,https://www.tiktok.com/@honeymoonnay/video/7624710578736581909,6964782103037166597,7624867700335444766,https://p16-common-sign.tiktokcdn-us.com/tos-useast8-avt-0068-tx2/c804a95d2cf7072352f6d4b7a8721772~tplv-tiktokx-cropcenter:100:100.jpg?dr=9640&refresh_token=fb38b7c6&x-expires=1778140800&x-signature=Pp79CYu1oQGTH5eig6DYT3I2nZo%3D&t=4d5b0474&ps=13740610&shp=30310797&shcp=ff37627b&idc=useast8
been waiting on this!!,0,0,2026-04-04T01:34:40.000Z,v.vanesssaaaa,https://www.tiktok.com/@honeymoonnay/video/7624710578736581909,6956011952359801862,7624711312279175966,https://p16-common-sign.tiktokcdn-us.com/tos-useast8-avt-0068-tx2/192a31ef3160ee053e344e7c6176ceef~tplv-tiktokx-cropcenter:100:100.jpg?dr=9640&refresh_token=6af8e8fe&x-expires=1778140800&x-signature=eTu5VfAP%2Flc%2FNJIemgHRpqYzg6I%3D&t=4d5b0474&ps=13740610&shp=30310797&shcp=ff37627b&idc=useast8
omg loveeee!!!,0,0,2026-04-04T01:53:27.000Z,cristanicolee,https://www.tiktok.com/@honeymoonnay/video/7624710578736581909,6767245448472347654,7624716178813223711,https://p16-common-sign.tiktokcdn-us.com/tos-useast8-avt-0068-tx2/434f7d1230098838265690f887fce205~tplv-tiktokx-cropcenter:100:100.jpg?dr=9640&refresh_token=737581ca&x-expires=1778140800&x-signature=%2FTXsegKQFh%2B5WPiczKKx11hDz3Y%3D&t=4d5b0474&ps=13740610&shp=30310797&shcp=ff37627b&idc=useast8
wow so pretty lip mask i want to try this,0,0,2026-04-18T13:44:35.000Z,skincare_haircaree,https://www.tiktok.com/@dgirlcarrot/video/7629639341559549204,7066731212883510298,7630094729157542663,https://p16-common-sign.tiktokcdn-us.com/tos-maliva-avt-0068/7331883608389894149~tplv-tiktokx-cropcenter:100:100.jpg?dr=9640&refresh_token=6de153fc&x-expires=1778140800&x-signature=M097bF5I92GhPwV4zZ7kBohbibM%3D&t=4d5b0474&ps=13740610&shp=30310797&shcp=ff37627b&idc=useast5
I need to try this lip mask 😍😍,0,0,2026-04-18T13:01:50.000Z,swijayaaa,https://www.tiktok.com/@dgirlcarrot/video/7629639341559549204,6871900990724260866,7630083677247013633,https://p19-common-sign.tiktokcdn-us.com/tos-useast2a-avt-0068-giso/0b2803fca4e16a5a74c84ed7a59cf233~tplv-tiktokx-cropcenter:100:100.jpg?dr=9640&refresh_token=0344f02e&x-expires=1778140800&x-signature=bcY4riXRcoieNWFoG7abOm8LH2M%3D&t=4d5b0474&ps=13740610&shp=30310797&shcp=ff37627b&idc=useast5
glass skin 🥰,0,0,2026-04-18T10:42:59.000Z,stylefixbyjenny,https://www.tiktok.com/@dgirlcarrot/video/7629639341559549204,7285354566349145121,7630047880280032022,https://p19-common-sign.tiktokcdn-us.com/tos-maliva-avt-0068/2f1e18d3496c43bdb241d9f7ae7d7f38~tplv-tiktokx-cropcenter:100:100.jpg?dr=9640&refresh_token=9c766a61&x-expires=1778140800&x-signature=egColpc8sXubUrRyqi3yxw%2BG%2BE8%3D&t=4d5b0474&ps=13740610&shp=30310797&shcp=ff37627b&idc=useast5
Absolutely love to try this 😍😍,0,0,2026-04-18T09:48:38.000Z,glowwithaya1,https://www.tiktok.com/@dgirlcarrot/video/7629639341559549204,7453505375737545760,7630033862836830998,https://p19-common-sign.tiktokcdn-us.com/tos-maliva-avt-0068/5b8ffc138845102ab745c192354f851f~tplv-tiktokx-cropcenter:100:100.jpg?dr=9640&refresh_token=bef908e9&x-expires=1778140800&x-signature=iBC0rMDajYYbmrjVjV6wUSJkqt0%3D&t=4d5b0474&ps=13740610&shp=30310797&shcp=ff37627b&idc=useast5
lip mask ? ohh now im curious 😳😳,0,0,2026-04-18T09:37:44.000Z,wave2m00n_,https://www.tiktok.com/@dgirlcarrot/video/7629639341559549204,7030436574949082114,7630031079462585089,https://p16-common-sign.tiktokcdn-us.com/tos-alisg-avt-0068/9220d715e52a8601bc4cfc7aae06afea~tplv-tiktokx-cropcenter:100:100.jpg?dr=9640&refresh_token=4e306cda&x-expires=1778140800&x-signature=mpcxX8IXHYnOK1CQZ%2BAZLyYSaUY%3D&t=4d5b0474&ps=13740610&shp=30310797&shcp=ff37627b&idc=useast5
Oh wow very interesting ❤️😍,0,0,2026-04-18T08:55:47.000Z,ana_.costea._,https://www.tiktok.com/@dgirlcarrot/video/7629639341559549204,7012232418673312773,7630020254462903062,https://p19-common-sign.tiktokcdn-us.com/tos-maliva-avt-0068/c3b2d044fa85d294a488b297e3ccde9e~tplv-tiktokx-cropcenter:100:100.jpg?dr=9640&refresh_token=aa70d42e&x-expires=1778140800&x-signature=MY4rFF99sgjggjTnZIgkaISHUcA%3D&t=4d5b0474&ps=13740610&shp=30310797&shcp=ff37627b&idc=useast5
What a lovely mask😍,0,0,2026-04-18T06:23:49.000Z,girl_like.nina,https://www.tiktok.com/@dgirlcarrot/video/7629639341559549204,6995897478315131909,7629981088304497429,https://p19-common-sign.tiktokcdn-us.com/tos-alisg-avt-0068/e63bc81de4c57ab4dbd5bf86c11ed269~tplv-tiktokx-cropcenter:100:100.jpg?dr=9640&refresh_token=a42b306d&x-expires=1778140800&x-signature=bO1qkOPtLnrBO00nEL0ssIuTokQ%3D&t=4d5b0474&ps=13740610&shp=30310797&shcp=ff37627b&idc=useast5
These look great,0,0,2026-04-18T05:04:41.000Z,dainaxox,https://www.tiktok.com/@dgirlcarrot/video/7629639341559549204,7320819255971791914,7629960612932862751,https://p16-common-sign.tiktokcdn-us.com/tos-useast5-avt-0068-tx/d703c3561216538895e0b025b13a3899~tplv-tiktokx-cropcenter:100:100.jpg?dr=9640&refresh_token=09f246e4&x-expires=1778140800&x-signature=XD5a7FiVtmYfWQLJucfW%2BIRBH5g%3D&t=4d5b0474&ps=13740610&shp=30310797&shcp=ff37627b&idc=useast5
Wow I need to try this one,0,0,2026-04-18T01:08:13.000Z,positivevibesheart,https://www.tiktok.com/@dgirlcarrot/video/7629639341559549204,6620925072679583750,7629899769146131231,https://p16-common-sign.tiktokcdn-us.com/tos-maliva-avt-0068/6d385fc492b3a006e9d7777670997d72~tplv-tiktokx-cropcenter:100:100.jpg?dr=9640&refresh_token=67c34ac9&x-expires=1778140800&x-signature=t8v0bN6hregOMOEB6jf9MwTlKaw%3D&t=4d5b0474&ps=13740610&shp=30310797&shcp=ff37627b&idc=useast5
Always putting us on💗💗,0,0,2026-04-18T00:23:25.000Z,slim.koko,https://www.tiktok.com/@dgirlcarrot/video/7629639341559549204,7153402414094500869,7629888188941386517,https://p19-common-sign.tiktokcdn-us.com/tos-alisg-avt-0068/bf8a0629f1b5f5dc5f617ee7b909598f~tplv-tiktokx-cropcenter:100:100.jpg?dr=9640&refresh_token=f798607c&x-expires=1778140800&x-signature=zs1st1k6xPBDyTprInJTJTd3Oek%3D&t=4d5b0474&ps=13740610&shp=30310797&shcp=ff37627b&idc=useast5
Love this mask 😍😍,0,0,2026-04-17T19:31:44.000Z,ingsxg,https://www.tiktok.com/@dgirlcarrot/video/7629639341559549204,7410755862933177387,7629813040891937566,https://p16-common-sign.tiktokcdn-us.com/tos-useast8-avt-0068-tx2/854abc0800ff2c627418da3f909c42d5~tplv-tiktokx-cropcenter:100:100.jpg?dr=9640&refresh_token=5fa5c86d&x-expires=1778140800&x-signature=i5fHSyeSjOoizFD5aoS7CUilPDU%3D&t=4d5b0474&ps=13740610&shp=30310797&shcp=ff37627b&idc=useast5
amazing ❤️❤️❤️,0,0,2026-04-17T18:57:43.000Z,kiranfatimah_62,https://www.tiktok.com/@dgirlcarrot/video/7629639341559549204,7525013521941414928,7629804314408076049,https://p19-common-sign.tiktokcdn-us.com/tos-alisg-avt-0068/65ab1dc4b50ec105c66d8c04640a7173~tplv-tiktokx-cropcenter:100:100.jpg?dr=9640&refresh_token=63f605df&x-expires=1778140800&x-signature=G6Cf1VZqMj6AOwUQc8Io5Decxz8%3D&t=4d5b0474&ps=13740610&shp=30310797&shcp=ff37627b&idc=useast5
Love this!💕💞,0,0,2026-04-17T16:42:01.000Z,diya_pic,https://www.tiktok.com/@dgirlcarrot/video/7629639341559549204,7124046309645091886,7629769171953517343,https://p19-common-sign.tiktokcdn-us.com/tos-useast8-avt-0068-tx2/376285e0db2765f35c062cc0172989d3~tplv-tiktokx-cropcenter:100:100.jpg?dr=9640&refresh_token=b1ebefc3&x-expires=1778140800&x-signature=u5omJGo%2BwsmJbGWE8rGmRaXIbFY%3D&t=4d5b0474&ps=13740610&shp=30310797&shcp=ff37627b&idc=useast5
so amazing,0,0,2026-04-17T13:09:05.000Z,dstybluee,https://www.tiktok.com/@dgirlcarrot/video/7629639341559549204,7357996662118532101,7629714478414938897,https://p19-common-sign.tiktokcdn-us.com/tos-alisg-avt-0068/848ae62c985c7190e49a1e62402cd678~tplv-tiktokx-cropcenter:100:100.jpg?dr=9640&refresh_token=e466c3bf&x-expires=1778140800&x-signature=IuW0WEDF0NaK03hUaQfZxGE9g0M%3D&t=4d5b0474&ps=13740610&shp=30310797&shcp=ff37627b&idc=useast5
love it🥰,0,0,2026-04-17T11:26:51.000Z,missyd383,https://www.tiktok.com/@dgirlcarrot/video/7629639341559549204,7387930121468658720,7629688061631628054,https://p16-common-sign.tiktokcdn-us.com/tos-maliva-avt-0068/aea05ce4831684ff1a711a5cec1edace~tplv-tiktokx-cropcenter:100:100.jpg?dr=9640&refresh_token=c34b0598&x-expires=1778140800&x-signature=EpxV%2FqYcVQ%2Fv8MVWsg25vN0APuQ%3D&t=4d5b0474&ps=13740610&shp=30310797&shcp=ff37627b&idc=useast5
Interesting 🥰🤔,0,0,2026-04-17T11:19:50.000Z,_p2nny,https://www.tiktok.com/@dgirlcarrot/video/7629639341559549204,6547058714333954049,7629686336706593554,https://p16-common-sign.tiktokcdn-eu.com/tos-alisg-avt-0068/d49f563b1034b559cb15a84c7fe63f35~tplv-tiktokx-cropcenter:100:100.jpg?dr=10399&refresh_token=3e27fd41&x-expires=1778140800&x-signature=Lvsg8tMZTPt5SC8QZWdTerj4DPQ%3D&t=4d5b0474&ps=13740610&shp=30310797&shcp=ff37627b&idc=no1a
Oooo this looks amazing 🥰,0,0,2026-04-17T10:08:58.000Z,shirlswithlove,https://www.tiktok.com/@dgirlcarrot/video/7629639341559549204,282085441615564800,7629668082763776786,https://p16-common-sign.tiktokcdn-eu.com/tos-maliva-avt-0068/d341973b43abe66f1499d7e1cbfc1230~tplv-tiktokx-cropcenter:100:100.jpg?dr=10399&refresh_token=a5718082&x-expires=1778140800&x-signature=kgreMt2NTxDubpYAAXdm8xznBIQ%3D&t=4d5b0474&ps=13740610&shp=30310797&shcp=ff37627b&idc=no1a
i need to try this,0,0,2026-04-11T09:24:18.000Z,skincare_haircaree,https://www.tiktok.com/@ingsxg/video/7626144875355917599,7066731212883510298,7627430046911218439,https://p16-common-sign.tiktokcdn-us.com/tos-maliva-avt-0068/7331883608389894149~tplv-tiktokx-cropcenter:100:100.jpg?dr=9640&refresh_token=6de153fc&x-expires=1778140800&x-signature=M097bF5I92GhPwV4zZ7kBohbibM%3D&t=4d5b0474&ps=13740610&shp=30310797&shcp=ff37627b&idc=useast8
Collagen and glutathione in a mask??? 💖,0,0,2026-04-11T08:25:08.000Z,ai.ashlei,https://www.tiktok.com/@ingsxg/video/7626144875355917599,21529970,7627414782250091282,https://p16-common-sign.tiktokcdn-us.com/tos-alisg-avt-0068/76c8be9a64560eb552a1d4f77f1cfe41~tplv-tiktokx-cropcenter:100:100.jpg?dr=9640&refresh_token=eb5dd843&x-expires=1778140800&x-signature=nrIUBSUPgHVnNRFNT9936bg5q0Y%3D&t=4d5b0474&ps=13740610&shp=30310797&shcp=ff37627b&idc=useast8
How hydrating 😍💘🥰,0,0,2026-04-11T08:14:07.000Z,livslifeandhome,https://www.tiktok.com/@ingsxg/video/7626144875355917599,7066800550495552518,7627411887678620418,https://p19-common-sign.tiktokcdn-us.com/tos-maliva-avt-0068/df0b943139025740707d05add4bf6b84~tplv-tiktokx-cropcenter:100:100.jpg?dr=9640&refresh_token=373c98b2&x-expires=1778140800&x-signature=ayi92VUqa4zLo1i7UDtQii147GQ%3D&t=4d5b0474&ps=13740610&shp=30310797&shcp=ff37627b&idc=useast8
Have to try✨,0,0,2026-04-11T06:30:39.000Z,evemuffin,https://www.tiktok.com/@ingsxg/video/7626144875355917599,6549299763395756033,7627385282912830215,https://p16-common-sign.tiktokcdn-us.com/tos-alisg-avt-0068/0d4a2f7a666701a411c71db0e82fca2c~tplv-tiktokx-cropcenter:100:100.jpg?dr=9640&refresh_token=517867f2&x-expires=1778140800&x-signature=7SvX5uNq43ogpSrI9HiUoYsI0d4%3D&t=4d5b0474&ps=13740610&shp=30310797&shcp=ff37627b&idc=useast8
Beautiful,0,0,2026-04-11T06:29:58.000Z,lingua3444,https://www.tiktok.com/@ingsxg/video/7626144875355917599,7108795070090085381,7627385083365212948,https://p19-common-sign.tiktokcdn-us.com/tos-maliva-avt-0068/cc96d8b06a03466430bce119655fdfab~tplv-tiktokx-cropcenter:100:100.jpg?dr=9640&refresh_token=fc4a1515&x-expires=1778140800&x-signature=XFAqiaT2uy1YA%2FrqjC7hh1M1STE%3D&t=4d5b0474&ps=13740610&shp=30310797&shcp=ff37627b&idc=useast8
Wow Lakas maka glass skin,0,0,2026-04-11T05:02:53.000Z,joycediaz04,https://www.tiktok.com/@ingsxg/video/7626144875355917599,6803234794815341569,7627362660283794197,https://p19-common-sign.tiktokcdn-us.com/tos-alisg-avt-0068/3804df5176bb828654d82d6f8578de53~tplv-tiktokx-cropcenter:100:100.jpg?dr=9640&refresh_token=fb2f69e1&x-expires=1778140800&x-signature=FmjchOOGGLphKJlAyBtEoQdQWR8%3D&t=4d5b0474&ps=13740610&shp=30310797&shcp=ff37627b&idc=useast8
try ko nga rin,0,0,2026-04-11T03:53:30.000Z,nmcnics,https://www.tiktok.com/@ingsxg/video/7626144875355917599,7009522268117500954,7627344783681749767,https://p16-common-sign.tiktokcdn-us.com/tos-alisg-avt-0068/bbc67edda30aafd349a2936ea1ff95a1~tplv-tiktokx-cropcenter:100:100.jpg?dr=9640&refresh_token=60858260&x-expires=1778140800&x-signature=QYXgCAYM6m44qa72fIcodhiiEQU%3D&t=4d5b0474&ps=13740610&shp=30310797&shcp=ff37627b&idc=useast8
Love it🥰,0,0,2026-04-11T03:52:08.000Z,honeypiejj,https://www.tiktok.com/@ingsxg/video/7626144875355917599,6813678205162210305,7627343901939221280,https://p16-common-sign.tiktokcdn-us.com/tos-maliva-avt-0068/9f3b5d55532b13abfaf6bfff41820340~tplv-tiktokx-cropcenter:100:100.jpg?dr=9640&refresh_token=52f691c4&x-expires=1778140800&x-signature=e8C%2BxIJiWD9TJ8mpwbIpn8wQeb4%3D&t=4d5b0474&ps=13740610&shp=30310797&shcp=ff37627b&idc=useast8
I really want this too,0,0,2026-04-11T03:47:41.000Z,teddievic,https://www.tiktok.com/@ingsxg/video/7626144875355917599,6809371755653743622,7627343292422685448,https://p19-common-sign.tiktokcdn-us.com/tos-alisg-avt-0068/c82a445fcd3189850ed0081bcbc90b4f~tplv-tiktokx-cropcenter:100:100.jpg?dr=9640&refresh_token=5db7ab3c&x-expires=1778140800&x-signature=zlcHqzJKChPgbg3ZF8B4mScbM%2BE%3D&t=4d5b0474&ps=13740610&shp=30310797&shcp=ff37627b&idc=useast8
Need this,0,0,2026-04-11T03:33:22.000Z,itsjalen_03,https://www.tiktok.com/@ingsxg/video/7626144875355917599,6513015313734762498,7627339606837183249,https://p16-common-sign.tiktokcdn-us.com/tos-alisg-avt-0068/a6581e5ffed12dd34b6955f7b71c7e41~tplv-tiktokx-cropcenter:100:100.jpg?dr=9640&refresh_token=0018919e&x-expires=1778140800&x-signature=mauBODHmKH6bcywV0R8JVNFj34s%3D&t=4d5b0474&ps=13740610&shp=30310797&shcp=ff37627b&idc=useast8
"omg,need this 😳",0,0,2026-04-11T03:29:41.000Z,mitchh028,https://www.tiktok.com/@ingsxg/video/7626144875355917599,6798279743382078465,7627338621138748178,https://p16-common-sign.tiktokcdn-us.com/tos-alisg-avt-0068/45098f2493f683e9f61b90f4d4e9cd76~tplv-tiktokx-cropcenter:100:100.jpg?dr=9640&refresh_token=fedeed12&x-expires=1778140800&x-signature=ICJ%2BDW9Mqog8%2FseZ%2BmgozeTKzw0%3D&t=4d5b0474&ps=13740610&shp=30310797&shcp=ff37627b&idc=useast8
waah i feel like its magic 🤩,0,0,2026-04-11T03:12:20.000Z,ohbriee,https://www.tiktok.com/@ingsxg/video/7626144875355917599,6903886404637328385,7627334136215585552,https://p16-common-sign.tiktokcdn-us.com/tos-alisg-avt-0068/d3f79593e89d5e0cc004b96088315c6c~tplv-tiktokx-cropcenter:100:100.jpg?dr=9640&refresh_token=4aaacf8f&x-expires=1778140800&x-signature=1KECwAnPtQ5DMKnfl%2BthuTo1gU0%3D&t=4d5b0474&ps=13740610&shp=30310797&shcp=ff37627b&idc=useast8
Want to try it😍,0,0,2026-04-11T03:10:51.000Z,tiffanyy0709,https://www.tiktok.com/@ingsxg/video/7626144875355917599,6888678682534904833,7627333777719460629,https://p16-common-sign.tiktokcdn-us.com/tos-alisg-avt-0068/5aec301302cbb84279d048eaa9efaab9~tplv-tiktokx-cropcenter:100:100.jpg?dr=9640&refresh_token=9fa0edef&x-expires=1778140800&x-signature=LmEvVAOyyif8HKnu0QrPIvllNng%3D&t=4d5b0474&ps=13740610&shp=30310797&shcp=ff37627b&idc=useast8
omgg soo nice🥰,0,0,2026-04-11T02:57:35.000Z,mochichocs,https://www.tiktok.com/@ingsxg/video/7626144875355917599,7282608478937220102,7627330342190793490,https://p16-common-sign.tiktokcdn-us.com/tos-alisg-avt-0068/7ac74399d7522e603dceea23d0b0f775~tplv-tiktokx-cropcenter:100:100.jpg?dr=9640&refresh_token=0df34633&x-expires=1778140800&x-signature=5NFb2Qqs%2F0ulKFUqN0OF4jsoQPQ%3D&t=4d5b0474&ps=13740610&shp=30310797&shcp=ff37627b&idc=useast8
nice product want this too🥰,0,0,2026-04-11T02:56:31.000Z,camzshop8,https://www.tiktok.com/@ingsxg/video/7626144875355917599,6675594552239358977,7627330108831367943,https://p16-common-sign.tiktokcdn-us.com/tos-alisg-avt-0068/82c6c0040c4db10af8a7b9cac343fb48~tplv-tiktokx-cropcenter:100:100.jpg?dr=9640&refresh_token=b8d691cc&x-expires=1778140800&x-signature=CHNHKGRJjhPTgcqRVZB9gcr%2FkQI%3D&t=4d5b0474&ps=13740610&shp=30310797&shcp=ff37627b&idc=useast8
Wow cool,0,0,2026-04-11T02:51:34.000Z,champrecos,https://www.tiktok.com/@ingsxg/video/7626144875355917599,7563867929248252945,7627328802566390529,https://p19-common-sign.tiktokcdn-us.com/tos-alisg-avt-0068/d9de766885e9129e6f7a3a072da7f05a~tplv-tiktokx-cropcenter:100:100.jpg?dr=9640&refresh_token=ecb66448&x-expires=1778140800&x-signature=zdTFEQqrqORZBLZY5QALk0nYPf0%3D&t=4d5b0474&ps=13740610&shp=30310797&shcp=ff37627b&idc=useast8
Want and i need this,0,0,2026-04-11T02:35:13.000Z,emileimagramo,https://www.tiktok.com/@ingsxg/video/7626144875355917599,7171069346735014913,7627324602902037266,https://p16-common-sign.tiktokcdn-us.com/tos-alisg-avt-0068/d6aac87807c489707dad6163970a6386~tplv-tiktokx-cropcenter:100:100.jpg?dr=9640&refresh_token=2a69d257&x-expires=1778140800&x-signature=UVC%2BGbaHzA%2BZKKNpayTN16IdMyY%3D&t=4d5b0474&ps=13740610&shp=30310797&shcp=ff37627b&idc=useast8
Wow,0,0,2026-04-08T12:58:36.000Z,k_mary_official,https://www.tiktok.com/@funmiomookun/video/7626230634859482389,7124412029674505222,7626372018480448276,https://p16-common-sign.tiktokcdn-us.com/tos-alisg-avt-0068/7a25ddac125f5b2982fe143f554bc52c~tplv-tiktokx-cropcenter:100:100.jpg?dr=9640&refresh_token=d089f707&x-expires=1778140800&x-signature=hADgP8gATqakSMai%2BhP2V9O0S8c%3D&t=4d5b0474&ps=13740610&shp=30310797&shcp=ff37627b&idc=useast5
Ooo u love this ! I want it,0,0,2026-04-08T12:48:30.000Z,jackieoncracki,https://www.tiktok.com/@funmiomookun/video/7626230634859482389,8.38185E+16,7626369178925449997,https://p16-common-sign.tiktokcdn-us.com/tos-useast5-avt-0068-tx/5804685e0ef2006a397d31c1178e2394~tplv-tiktokx-cropcenter:100:100.jpg?dr=9640&refresh_token=7243ffa3&x-expires=1778140800&x-signature=BBUrwq05il4FBbk8yz0zAKFIQW0%3D&t=4d5b0474&ps=13740610&shp=30310797&shcp=ff37627b&idc=useast5
Ooh wow this looks so hydrating 💜,0,0,2026-04-08T12:11:53.000Z,beautyndvlogs,https://www.tiktok.com/@funmiomookun/video/7626230634859482389,7356920139415094277,7626359974855951121,https://p16-common-sign.tiktokcdn-us.com/tos-alisg-avt-0068/c20de9c7fcea3954378ae394f8af8bd0~tplv-tiktokx-cropcenter:100:100.jpg?dr=9640&refresh_token=1339821b&x-expires=1778140800&x-signature=qvsXyEV5ML%2FGJcawYYGjQO0q9%2Bo%3D&t=4d5b0474&ps=13740610&shp=30310797&shcp=ff37627b&idc=useast5
That glass looks so nice,0,0,2026-04-08T12:06:23.000Z,luvlyn_colors,https://www.tiktok.com/@funmiomookun/video/7626230634859482389,7359623883659936801,7626358526139745046,https://p19-common-sign.tiktokcdn-us.com/tos-maliva-avt-0068/9515204d59f8d3df72bebc2b4d3e34c3~tplv-tiktokx-cropcenter:100:100.jpg?dr=9640&refresh_token=440026ab&x-expires=1778140800&x-signature=d%2BL0GCmqksYNglrkGLYKxrN5wpg%3D&t=4d5b0474&ps=13740610&shp=30310797&shcp=ff37627b&idc=useast5
lip mask😍 love the glow🥰,0,0,2026-04-08T11:58:46.000Z,ireneemejaresbesi,https://www.tiktok.com/@funmiomookun/video/7626230634859482389,95898328965472256,7626356605277750024,https://p19-common-sign.tiktokcdn-us.com/tos-alisg-avt-0068/78016d894f3e8cc686e377e74d0336e7~tplv-tiktokx-cropcenter:100:100.jpg?dr=9640&refresh_token=40b4d516&x-expires=1778140800&x-signature=n4RniqGDHMvUDv4wK8fdmMmXaiE%3D&t=4d5b0474&ps=13740610&shp=30310797&shcp=ff37627b&idc=useast5
It feels so good on my skin .,0,0,2026-04-08T11:15:59.000Z,mara_hunt88,https://www.tiktok.com/@funmiomookun/video/7626230634859482389,6867958722368783365,7626345542087475984,https://p19-common-sign.tiktokcdn-us.com/tos-maliva-avt-0068/b4571d860a919a43ecc1216d29fdfb6e~tplv-tiktokx-cropcenter:100:100.jpg?dr=9640&refresh_token=bc5a2df8&x-expires=1778140800&x-signature=yicvnkE%2Fd%2FCzWZH9Trfgq7Lp4MY%3D&t=4d5b0474&ps=13740610&shp=30310797&shcp=ff37627b&idc=useast5
Skin is glowing 😍 wow,0,0,2026-04-08T10:50:26.000Z,nataliaguzik_,https://www.tiktok.com/@funmiomookun/video/7626230634859482389,7335779697374037024,7626338930264703746,https://p16-common-sign.tiktokcdn-us.com/tos-maliva-avt-0068/56ac7f398cc11f19c0d00690fbb22fb2~tplv-tiktokx-cropcenter:100:100.jpg?dr=9640&refresh_token=9a354f37&x-expires=1778140800&x-signature=qExVRLVrSB5b65ANwOqVUgASLa0%3D&t=4d5b0474&ps=13740610&shp=30310797&shcp=ff37627b&idc=useast5
okey✨I take like 10 of these sheet mask 🌸,0,0,2026-04-08T10:42:49.000Z,dreamyyyv,https://www.tiktok.com/@funmiomookun/video/7626230634859482389,7518867924229358614,7626336973075038998,https://p16-common-sign.tiktokcdn-us.com/tos-maliva-avt-0068/0bfa104531760c55621634893cb42564~tplv-tiktokx-cropcenter:100:100.jpg?dr=9640&refresh_token=d57a43d5&x-expires=1778140800&x-signature=xH3UTr6tL%2FOc%2BXH%2BkAG2iDZvjJs%3D&t=4d5b0474&ps=13740610&shp=30310797&shcp=ff37627b&idc=useast5
This is so good,0,0,2026-04-08T10:37:09.000Z,shilehzkhan,https://www.tiktok.com/@funmiomookun/video/7626230634859482389,7480174414501168161,7626335520155648790,https://p19-common-sign.tiktokcdn-us.com/tos-maliva-avt-0068/f31bbeea9ae42ff66fdde03ec6f4d8c2~tplv-tiktokx-cropcenter:100:100.jpg?dr=9640&refresh_token=bacec6a3&x-expires=1778140800&x-signature=ceG%2BAge5GCTGVMoRgZ%2BX%2FHVaVTQ%3D&t=4d5b0474&ps=13740610&shp=30310797&shcp=ff37627b&idc=useast5
Amazing results😍,0,0,2026-04-08T10:34:16.000Z,sanasthetics_,https://www.tiktok.com/@funmiomookun/video/7626230634859482389,242377995209089024,7626334780535997206,https://p16-common-sign.tiktokcdn-us.com/tos-maliva-avt-0068/d47a8ab0e40f06c752d6a5c48a18f616~tplv-tiktokx-cropcenter:100:100.jpg?dr=9640&refresh_token=07dbbc51&x-expires=1778140800&x-signature=uQ3iFYz%2Bql1uvHGw8hdq6BlC6o8%3D&t=4d5b0474&ps=13740610&shp=30310797&shcp=ff37627b&idc=useast5
Running to add to cart,0,0,2026-04-08T10:26:59.000Z,vibewithdydy,https://www.tiktok.com/@funmiomookun/video/7626230634859482389,7243089627963081734,7626332953538822919,https://p19-common-sign.tiktokcdn-us.com/tos-maliva-avt-0068/e6f80a3827146f20e91528626633e10d~tplv-tiktokx-cropcenter:100:100.jpg?dr=9640&refresh_token=28181c03&x-expires=1778140800&x-signature=AMFpZER2xh%2BUzMbWur8dpy%2FRY4c%3D&t=4d5b0474&ps=13740610&shp=30310797&shcp=ff37627b&idc=useast5
the results are amazing ✨ love the glow,0,0,2026-04-08T10:14:53.000Z,beautyandtricks,https://www.tiktok.com/@funmiomookun/video/7626230634859482389,7189270245734515718,7626329810540806915,https://p16-common-sign.tiktokcdn-us.com/tos-maliva-avt-0068/30b405d230e155d795d30699447ec62d~tplv-tiktokx-cropcenter:100:100.jpg?dr=9640&refresh_token=3dbebc2d&x-expires=1778140800&x-signature=%2FKR3pnjJj3LlNvhBctA8fRFuf6s%3D&t=4d5b0474&ps=13740610&shp=30310797&shcp=ff37627b&idc=useast5
Love it,0,0,2026-04-08T09:56:24.000Z,pramilathapa574,https://www.tiktok.com/@funmiomookun/video/7626230634859482389,7207783711684625410,7626325054066885392,https://p19-common-sign.tiktokcdn-us.com/tos-alisg-avt-0068/358259fa60a357058b1b6add0f6e00c8~tplv-tiktokx-cropcenter:100:100.jpg?dr=9640&refresh_token=d9f0a75b&x-expires=1778140800&x-signature=iOTBUw1F4I1j19c4rO8SHgaReZc%3D&t=4d5b0474&ps=13740610&shp=30310797&shcp=ff37627b&idc=useast5
Wow this is the first time I am seeing a clear mask,0,0,2026-04-08T09:34:44.000Z,ms.bolu,https://www.tiktok.com/@funmiomookun/video/7626230634859482389,7320431351672456234,7626318947773432606,https://p16-common-sign.tiktokcdn-us.com/tos-useast8-avt-0068-tx2/c2f43ef61cd4fe167855b13f81b12737~tplv-tiktokx-cropcenter:100:100.jpg?dr=9640&refresh_token=fbf7f54d&x-expires=1778140800&x-signature=qaqwTj0%2BL5APzg7xV5OmbY6BaAc%3D&t=4d5b0474&ps=13740610&shp=30310797&shcp=ff37627b&idc=useast5
Such great mask. Leaves your skin glowing,0,0,2026-04-08T09:32:48.000Z,barespice,https://www.tiktok.com/@funmiomookun/video/7626230634859482389,7467966464915932193,7626318955053073174,https://p16-common-sign.tiktokcdn-us.com/tos-maliva-avt-0068/a5d956146d6dd0860d1284abe6f802a7~tplv-tiktokx-cropcenter:100:100.jpg?dr=9640&refresh_token=b9c0232b&x-expires=1778140800&x-signature=AcS36I5AGPeV40%2Bi%2FRnV7fR%2BCJo%3D&t=4d5b0474&ps=13740610&shp=30310797&shcp=ff37627b&idc=useast5
This is so hydrating,0,0,2026-04-08T08:52:52.000Z,glow_with_onyx,https://www.tiktok.com/@funmiomookun/video/7626230634859482389,7589263157371192341,7626308682065691412,https://p19-common-sign.tiktokcdn-us.com/tos-alisg-avt-0068/559003a706c903aa02856b3b775b2777~tplv-tiktokx-cropcenter:100:100.jpg?dr=9640&refresh_token=54c7bf6d&x-expires=1778140800&x-signature=0%2F%2BEoNsepF2CFUQ7S7gylapLDRI%3D&t=4d5b0474&ps=13740610&shp=30310797&shcp=ff37627b&idc=useast5
Love the lip mask.. so hydrating,0,0,2026-04-08T08:40:13.000Z,e.fosaa,https://www.tiktok.com/@funmiomookun/video/7626230634859482389,6841130893358302214,7626305391077638932,https://p19-common-sign.tiktokcdn-us.com/tos-alisg-avt-0068/b727eb13c58c940b0e6339a5784fff1f~tplv-tiktokx-cropcenter:100:100.jpg?dr=9640&refresh_token=77f29771&x-expires=1778140800&x-signature=U7h0yYJdE0x7gwQcgZ0BtDuHZ9k%3D&t=4d5b0474&ps=13740610&shp=30310797&shcp=ff37627b&idc=useast5
look amazing ♥️,0,0,2026-04-08T08:28:12.000Z,mehwishah.82,https://www.tiktok.com/@funmiomookun/video/7626230634859482389,6826037849974424578,7626302325451866887,https://p16-common-sign.tiktokcdn-us.com/tos-alisg-avt-0068/880a3e8cecf338636bbdab7341e6d545~tplv-tiktokx-cropcenter:100:100.jpg?dr=9640&refresh_token=6a9a8a58&x-expires=1778140800&x-signature=RX92PfyAHcZdhEofU10IK6hWP04%3D&t=4d5b0474&ps=13740610&shp=30310797&shcp=ff37627b&idc=useast5
wow! that's quite unique for a mask. love the results 😍😍,0,0,2026-04-08T08:11:45.000Z,skintellect2,https://www.tiktok.com/@funmiomookun/video/7626230634859482389,7376701093515904005,7626298100579304210,https://p16-common-sign.tiktokcdn-us.com/tos-alisg-avt-0068/c8a89be38e27ffec228cfd41fedb95be~tplv-tiktokx-cropcenter:100:100.jpg?dr=9640&refresh_token=1dec9d3b&x-expires=1778140800&x-signature=KFceTJzxcqth0GUZeN%2Fjj9nWaaE%3D&t=4d5b0474&ps=13740610&shp=30310797&shcp=ff37627b&idc=useast5
omghh loveed it gurl looks so amazing ❤️❤️,0,0,2026-04-08T08:09:15.000Z,kiranfatimah_62,https://www.tiktok.com/@funmiomookun/video/7626230634859482389,7525013521941414928,7626297462386508561,https://p16-common-sign.tiktokcdn-us.com/tos-alisg-avt-0068/65ab1dc4b50ec105c66d8c04640a7173~tplv-tiktokx-cropcenter:100:100.jpg?dr=9640&refresh_token=01451f62&x-expires=1778140800&x-signature=MFnQp80S2%2Bc6RDk2y%2BAtjy5vmxw%3D&t=4d5b0474&ps=13740610&shp=30310797&shcp=ff37627b&idc=useast5
I love it,0,0,2026-04-08T08:03:06.000Z,waithera_25,https://www.tiktok.com/@funmiomookun/video/7626230634859482389,6666785640010629126,7626295860386218759,https://p16-common-sign.tiktokcdn.com/tos-alisg-avt-0068/9c151beffd0114def8facdc960696bb1~tplv-tiktokx-cropcenter:100:100.jpg?dr=14579&refresh_token=53d0bbd1&x-expires=1778140800&x-signature=9MlXwLRPfOjNkILRzkI1aoslO0E%3D&t=4d5b0474&ps=13740610&shp=30310797&shcp=ff37627b&idc=my
need this mask😍,0,0,2026-04-08T07:58:59.000Z,nhamaekristle,https://www.tiktok.com/@funmiomookun/video/7626230634859482389,6532282070109011970,7626294206026679053,https://p16-sign-va.tiktokcdn.com/tos-maliva-avt-0068/c651113bf3ab02e7d7b59375a770203a~tplv-tiktokx-cropcenter:100:100.jpg?dr=14579&refresh_token=b138b76a&x-expires=1778140800&x-signature=TG2KyekQ1InWJhkeo6xYgtyoXlI%3D&t=4d5b0474&ps=13740610&shp=30310797&shcp=ff37627b&idc=my
"Skin looks hydrated, love a good mask 😍",0,0,2026-04-08T07:58:47.000Z,alexandrailie8,https://www.tiktok.com/@funmiomookun/video/7626230634859482389,6558069219005906949,7626294719081087766,https://p19-common-sign.tiktokcdn.com/tos-maliva-avt-0068/24d7ce38d2b6943515c0eca38a249dbc~tplv-tiktokx-cropcenter:100:100.jpg?dr=14579&refresh_token=786cc2fd&x-expires=1778140800&x-signature=9CkI2Zxe82rX1%2B1RSqaCJPxvr%2FM%3D&t=4d5b0474&ps=13740610&shp=30310797&shcp=ff37627b&idc=my
I love everything mask,0,0,2026-04-08T07:21:13.000Z,daisy_diaries1,https://www.tiktok.com/@funmiomookun/video/7626230634859482389,6680928358362727429,7626285065148859143,https://p16-common-sign.tiktokcdn.com/tos-alisg-avt-0068/6ff1352ae9c427106c311a2d01c3b5c0~tplv-tiktokx-cropcenter:100:100.jpg?dr=14579&refresh_token=558d05ed&x-expires=1778140800&x-signature=ZgaT2Opyn8Qhy3RQ%2F2sXleufv3w%3D&t=4d5b0474&ps=13740610&shp=30310797&shcp=ff37627b&idc=my
I love it,0,0,2026-04-08T07:00:46.000Z,livingwithstacyy,https://www.tiktok.com/@funmiomookun/video/7626230634859482389,7045614190527497222,7626279790870627080,https://p16-sign-sg.tiktokcdn.com/tos-alisg-avt-0068/1eba47daf39642f778354075f068eb61~tplv-tiktokx-cropcenter:100:100.jpg?dr=14579&refresh_token=b6285ce7&x-expires=1778140800&x-signature=Fa6eXk0yRK4hea3jWPeXUKl6wK0%3D&t=4d5b0474&ps=13740610&shp=30310797&shcp=ff37627b&idc=my
Love this mask✨,0,0,2026-04-17T09:52:01.000Z,_msbeautycare_,https://www.tiktok.com/@dgirlcarrot/video/7629639341559549204,7342272902597461024,7629663653654512406,https://p16-common-sign.tiktokcdn-us.com/tos-maliva-avt-0068/7e28af84de7b8763c102fe9bba7008a2~tplv-tiktokx-cropcenter:100:100.jpg?dr=9640&refresh_token=66260a27&x-expires=1778140800&x-signature=9hSA0tDup5a1SCetJX8JGPypNT4%3D&t=4d5b0474&ps=13740610&shp=30310797&shcp=ff37627b&idc=useast8
💯💯💯,0,0,2026-04-17T08:47:37.000Z,sneakyufo2517,https://www.tiktok.com/@dgirlcarrot/video/7629639341559549204,7042229565821551617,7629647096904139538,https://p16-common-sign.tiktokcdn-us.com/tos-alisg-avt-0068/8e209a52593ffa998e423526ee538416~tplv-tiktokx-cropcenter:100:100.jpg?dr=9640&refresh_token=84a6c48d&x-expires=1778140800&x-signature=kEpEnnlyLs9C64tcJNomXipBDFw%3D&t=4d5b0474&ps=13740610&shp=30310797&shcp=ff37627b&idc=useast8
I need to try those for my lips @KOCOSTAR,0,0,2026-04-17T15:22:32.000Z,iamkendralicious,https://www.tiktok.com/@dgirlcarrot/video/7629639341559549204,6671469807945367557,7629748833157530401,https://p16-common-sign.tiktokcdn-us.com/tos-useast2a-avt-0068-euttp/8bcec51dd7240775806aa9c2320da7d0~tplv-tiktokx-cropcenter:100:100.jpg?dr=9640&refresh_token=d8b63562&x-expires=1778140800&x-signature=e73c1GCQCxM2DDp8gVsgJhdVdOc%3D&t=4d5b0474&ps=13740610&shp=30310797&shcp=ff37627b&idc=useast8
👌👌👌,0,0,2026-04-20T17:53:50.000Z,kashifgaddi52,https://www.tiktok.com/@dgirlcarrot/video/7629639341559549204,7455807839258166304,7630901117953835798,https://p16-common-sign.tiktokcdn-us.com/tos-maliva-avt-0068/218b15c31bb25aecaa842e5d8f7cb772~tplv-tiktokx-cropcenter:100:100.jpg?dr=9640&refresh_token=33b620c0&x-expires=1778140800&x-signature=PkSE8esKxtOFXNDCfxJZclVNg4Q%3D&t=4d5b0474&ps=13740610&shp=30310797&shcp=ff37627b&idc=useast8
That’s an amazing mask,0,0,2026-04-08T06:55:14.000Z,funmiskin,https://www.tiktok.com/@funmiomookun/video/7626230634859482389,7121813997053297670,7626278295500178198,https://p16-common-sign.tiktokcdn-us.com/tos-maliva-avt-0068/fcf339f53c3f8c935ee13a32a3ed84fb~tplv-tiktokx-cropcenter:100:100.jpg?dr=9640&refresh_token=8579b632&x-expires=1778140800&x-signature=OhJdLQRCvmAK%2FunmMbN7o9bOVjE%3D&t=4d5b0474&ps=13740610&shp=30310797&shcp=ff37627b&idc=useast8
New obsession 😳😳😳I love the lip 👄 mask 🥺,0,0,2026-04-08T06:23:03.000Z,sarahskincarediary,https://www.tiktok.com/@funmiomookun/video/7626230634859482389,7601932124173681671,7626270071882777362,https://p19-common-sign.tiktokcdn-us.com/tos-alisg-avt-0068/bfa687c2f10534efa8c46ea5dabe136b~tplv-tiktokx-cropcenter:100:100.jpg?dr=9640&refresh_token=44b05455&x-expires=1778140800&x-signature=F8vgvBPrtq96lZHdhhF9ziWy%2Bys%3D&t=4d5b0474&ps=13740610&shp=30310797&shcp=ff37627b&idc=useast8
Amazing glass skin 😍,0,0,2026-04-08T06:10:48.000Z,beautymes_,https://www.tiktok.com/@funmiomookun/video/7626230634859482389,6800030268003910662,7626266829447414550,https://p19-common-sign.tiktokcdn-us.com/tos-maliva-avt-0068/26a08d603c492cc2247b2b838fd02cad~tplv-tiktokx-cropcenter:100:100.jpg?dr=9640&refresh_token=1e19df74&x-expires=1778140800&x-signature=poShdAn6aiCwyFahipHrOD3qrIw%3D&t=4d5b0474&ps=13740610&shp=30310797&shcp=ff37627b&idc=useast8
Glass skin!! You are not wrong,0,0,2026-04-08T06:09:32.000Z,daberespace,https://www.tiktok.com/@funmiomookun/video/7626230634859482389,7575486986694788097,7626266596499407624,https://p16-common-sign.tiktokcdn-us.com/tos-alisg-avt-0068/1cfca08c702bbf8653a454482792bfe2~tplv-tiktokx-cropcenter:100:100.jpg?dr=9640&refresh_token=48415be7&x-expires=1778140800&x-signature=9NpmWJYJaVLVjj0IQHEnJLtvgc8%3D&t=4d5b0474&ps=13740610&shp=30310797&shcp=ff37627b&idc=useast8
Love the lip mask ❤️,0,0,2026-04-08T06:09:11.000Z,_onlyfiyo,https://www.tiktok.com/@funmiomookun/video/7626230634859482389,7208435957355283462,7626266497564164884,https://p16-common-sign.tiktokcdn-us.com/tos-maliva-avt-0068/2d2305ae2f14c2464e9bffe59700ac8f~tplv-tiktokx-cropcenter:100:100.jpg?dr=9640&refresh_token=85d88351&x-expires=1778140800&x-signature=jILeHMjnT65ufzufweK0C6MJut0%3D&t=4d5b0474&ps=13740610&shp=30310797&shcp=ff37627b&idc=useast8
I love the lip mask🥰,0,0,2026-04-08T05:58:29.000Z,chiomalily06,https://www.tiktok.com/@funmiomookun/video/7626230634859482389,7323674136549999621,7626263738233144082,https://p16-common-sign.tiktokcdn-us.com/tos-alisg-avt-0068/51abb4aa724f7f1baa8d64f7ca30a1c1~tplv-tiktokx-cropcenter:100:100.jpg?dr=9640&refresh_token=6b062151&x-expires=1778140800&x-signature=FQvpO59Orn7gnpXAtKml6%2FKl34Q%3D&t=4d5b0474&ps=13740610&shp=30310797&shcp=ff37627b&idc=useast8
Lips mask looks interesting 😍,0,0,2026-04-08T05:48:26.000Z,lopchen_beautyglo,https://www.tiktok.com/@funmiomookun/video/7626230634859482389,7498876510817141790,7626261048009868062,https://p19-common-sign.tiktokcdn-us.com/tos-useast5-avt-0068-tx/20d46c94af80944aa87a741060efdafd~tplv-tiktokx-cropcenter:100:100.jpg?dr=9640&refresh_token=8221eadd&x-expires=1778140800&x-signature=FiHbAZzc0Xo1w%2BeaKKpOCLQ05Bc%3D&t=4d5b0474&ps=13740610&shp=30310797&shcp=ff37627b&idc=useast8
Omg I need this mask ❤️,0,0,2026-04-08T05:47:22.000Z,itsjusttee00,https://www.tiktok.com/@funmiomookun/video/7626230634859482389,115964504659705856,7626260688021816094,https://p16-common-sign.tiktokcdn-us.com/tos-useast8-avt-0068-tx2/155157db741a542b6b3523138ba0b396~tplv-tiktokx-cropcenter:100:100.jpg?dr=9640&refresh_token=528d2045&x-expires=1778140800&x-signature=ZISyGOt1SNwlE3hPX3PzU5y1Iks%3D&t=4d5b0474&ps=13740610&shp=30310797&shcp=ff37627b&idc=useast8
Love it 💕,0,0,2026-04-08T05:46:41.000Z,lushtrendz.ugccreator,https://www.tiktok.com/@funmiomookun/video/7626230634859482389,7364000149112439809,7626260671047926535,https://p16-common-sign.tiktokcdn-us.com/tos-alisg-avt-0068/883d62fcaa1a95358c066761ef2d7534~tplv-tiktokx-cropcenter:100:100.jpg?dr=9640&refresh_token=f9a099ab&x-expires=1778140800&x-signature=%2FbebcVwc9gQadNYTRFSDu9ZH8nE%3D&t=4d5b0474&ps=13740610&shp=30310797&shcp=ff37627b&idc=useast8
nooo but it's wonderful❤️🤩,0,0,2026-04-08T05:33:22.000Z,lindseybuckingham7,https://www.tiktok.com/@funmiomookun/video/7626230634859482389,7049676331765220357,7626257186566095638,https://p19-common-sign.tiktokcdn-us.com/tos-maliva-avt-0068/b381c86bfffad76731049041cb55e488~tplv-tiktokx-cropcenter:100:100.jpg?dr=9640&refresh_token=778c2c87&x-expires=1778140800&x-signature=UbEGJCye1Tm9YWXIFjU6C%2FMvqns%3D&t=4d5b0474&ps=13740610&shp=30310797&shcp=ff37627b&idc=useast8
I leave your skin very nice,0,0,2026-04-08T05:30:11.000Z,baeinati,https://www.tiktok.com/@funmiomookun/video/7626230634859482389,7515714471538672662,7626256368915874582,https://p19-common-sign.tiktokcdn-us.com/tos-maliva-avt-0068/36f106f2d91e6a2c16aa35eedf16ccab~tplv-tiktokx-cropcenter:100:100.jpg?dr=9640&refresh_token=a9db8b66&x-expires=1778140800&x-signature=quhdVehPUem395ptI9nxlQw5Jk8%3D&t=4d5b0474&ps=13740610&shp=30310797&shcp=ff37627b&idc=useast8
That look amaizing,0,0,2026-04-08T05:23:20.000Z,cass6s_ml,https://www.tiktok.com/@funmiomookun/video/7626230634859482389,7108806081221116934,7626254637112509217,https://p19-common-sign.tiktokcdn-us.com/tos-maliva-avt-0068/ab78fc5f3224ea2848cdc955377b57b2~tplv-tiktokx-cropcenter:100:100.jpg?dr=9640&refresh_token=6aea266b&x-expires=1778140800&x-signature=ZuuPwTcY45y%2BRLEi1xp6TRhOUno%3D&t=4d5b0474&ps=13740610&shp=30310797&shcp=ff37627b&idc=useast8
"Oh wow, I need these 😍",0,0,2026-04-08T04:51:12.000Z,sabigirlsteph,https://www.tiktok.com/@funmiomookun/video/7626230634859482389,6802056269328761862,7626246287503491871,https://p16-common-sign.tiktokcdn-us.com/tos-useast8-avt-0068-tx2/8e1dd97e96e1ea3db745e9a9f64f0238~tplv-tiktokx-cropcenter:100:100.jpg?dr=9640&refresh_token=320bcad6&x-expires=1778140800&x-signature=6M1TVAhPkbzxu3W94McmxwIUisU%3D&t=4d5b0474&ps=13740610&shp=30310797&shcp=ff37627b&idc=useast8
Obsessed with it,0,0,2026-04-08T04:50:40.000Z,itsnajy,https://www.tiktok.com/@funmiomookun/video/7626230634859482389,6790411073574634502,7626246248794669831,https://p16-common-sign.tiktokcdn-us.com/tos-alisg-avt-0068/224b32f4aa5001db99abbdf5e233e230~tplv-tiktokx-cropcenter:100:100.jpg?dr=9640&refresh_token=27e5dcf5&x-expires=1778140800&x-signature=6T10tihBCypnnt79ss4m2lUxluY%3D&t=4d5b0474&ps=13740610&shp=30310797&shcp=ff37627b&idc=useast8
Love the lip mask 😁,0,0,2026-04-08T04:46:27.000Z,chinnybabe25,https://www.tiktok.com/@funmiomookun/video/7626230634859482389,6991478445013009413,7626245197764051720,https://p16-common-sign.tiktokcdn-us.com/tos-alisg-avt-0068/7e10d29ba0fd52d569fd865ea85af8b7~tplv-tiktokx-cropcenter:100:100.jpg?dr=9640&refresh_token=8f034fb9&x-expires=1778140800&x-signature=9bETZKqOyuNyMJTMit682qJ2sDI%3D&t=4d5b0474&ps=13740610&shp=30310797&shcp=ff37627b&idc=useast8
"that lip mask, gurl",0,0,2026-04-08T04:40:28.000Z,probinsyanasalayongdapit,https://www.tiktok.com/@funmiomookun/video/7626230634859482389,7190982621963076654,7626243527291486989,https://p16-common-sign.tiktokcdn-us.com/tos-useast5-avt-0068-tx/185c5dc69882b0b8b527591c956733cf~tplv-tiktokx-cropcenter:100:100.jpg?dr=9640&refresh_token=7a5c22e6&x-expires=1778140800&x-signature=3np%2FUODHd%2FMYKEG4TxEr1%2FUqHQQ%3D&t=4d5b0474&ps=13740610&shp=30310797&shcp=ff37627b&idc=useast8
I need to try this,0,0,2026-04-08T04:30:12.000Z,wendy_mariel22,https://www.tiktok.com/@funmiomookun/video/7626230634859482389,6822569630058824710,7626240995377562389,https://p19-common-sign.tiktokcdn-us.com/tos-alisg-avt-0068/ffc1a3f60be158dad6cfa6e8011851d4~tplv-tiktokx-cropcenter:100:100.jpg?dr=9640&refresh_token=4beb4763&x-expires=1778140800&x-signature=9oX6nIzsvnw%2FmEFmzlnohnxUGiY%3D&t=4d5b0474&ps=13740610&shp=30310797&shcp=ff37627b&idc=useast8
💗💗💗,0,0,2026-04-08T14:40:51.000Z,roros_reviwess2,https://www.tiktok.com/@funmiomookun/video/7626230634859482389,7485866480114893832,7626398370485814024,https://p19-common-sign.tiktokcdn-us.com/tos-alisg-avt-0068/91fc15e9bb6f4626c26dac20033ae184~tplv-tiktokx-cropcenter:100:100.jpg?dr=9640&refresh_token=53d7de93&x-expires=1778140800&x-signature=OoQfdkpENC%2BmLZ%2ByUf2IX10Xgao%3D&t=4d5b0474&ps=13740610&shp=30310797&shcp=ff37627b&idc=useast8
❤️❤️❤️,0,0,2026-04-23T11:34:12.000Z,kaur.ramneet,https://www.tiktok.com/@funmiomookun/video/7626230634859482389,6797416792689689605,7631916513268318994,https://p19-common-sign.tiktokcdn-us.com/tos-alisg-avt-0068/788aefd2f4b45ad0a8c9e2ea0fdf120d~tplv-tiktokx-cropcenter:100:100.jpg?dr=9640&refresh_token=581fa7f7&x-expires=1778140800&x-signature=r4Exi9qcSO5klBsqCvM%2ByW4OsQA%3D&t=4d5b0474&ps=13740610&shp=30310797&shcp=ff37627b&idc=useast8
😍😍,0,0,2026-04-08T13:24:17.000Z,anike121,https://www.tiktok.com/@funmiomookun/video/7626230634859482389,6808596194915927046,7626378638153433876,https://p16-common-sign.tiktokcdn-us.com/tos-maliva-avt-0068/544f438ba626fc73035ae8540e76a7ca~tplv-tiktokx-cropcenter:100:100.jpg?dr=9640&refresh_token=6a210aba&x-expires=1778140800&x-signature=4l7UE169AZF7QAR2gkWTVXbIk2U%3D&t=4d5b0474&ps=13740610&shp=30310797&shcp=ff37627b&idc=useast8
Wow amazing,0,0,2026-04-09T09:53:59.000Z,hambilbeauty,https://www.tiktok.com/@funmiomookun/video/7626230634859482389,7549273166260405270,7626695470631043872,https://p19-common-sign.tiktokcdn-us.com/tos-maliva-avt-0068/908a50859998fcc259c6dddc61d9f451~tplv-tiktokx-cropcenter:100:100.jpg?dr=9640&refresh_token=c0b2b559&x-expires=1778140800&x-signature=KVX5BZJgALixTMMvaSl6z93a2Kc%3D&t=4d5b0474&ps=13740610&shp=30310797&shcp=ff37627b&idc=useast8
Love a clear mask!,0,0,2026-04-08T04:15:45.000Z,crystalgz0,https://www.tiktok.com/@funmiomookun/video/7626230634859482389,7326442373852300331,7626237166650573581,https://p16-common-sign.tiktokcdn-eu.com/tos-maliva-avt-0068/2323721abfeac26b5775d4f00552cf99~tplv-tiktokx-cropcenter:100:100.jpg?dr=10399&refresh_token=460f53ad&x-expires=1778140800&x-signature=bZETWWiHpbci28d5TajY1ttrdEE%3D&t=4d5b0474&ps=13740610&shp=30310797&shcp=ff37627b&idc=useast2b
I need to get this love it,0,0,2026-04-08T04:10:56.000Z,beautyworld51,https://www.tiktok.com/@funmiomookun/video/7626230634859482389,7236743361963623429,7626236012684264200,https://p16-common-sign.tiktokcdn-eu.com/tos-alisg-avt-0068/cfa72eeedd8040c304d949a1fd782146~tplv-tiktokx-cropcenter:100:100.jpg?dr=10399&refresh_token=a572709d&x-expires=1778140800&x-signature=VTxEIEh7tXVMhS6r8F8umLRDU90%3D&t=4d5b0474&ps=13740610&shp=30310797&shcp=ff37627b&idc=useast2b
omg looks so cool,0,0,2026-04-11T02:47:14.000Z,lovefromkarp,https://www.tiktok.com/@ingsxg/video/7626144875355917599,7115732663902307330,7627327677976265473,https://p16-common-sign.tiktokcdn-eu.com/tos-alisg-avt-0068/c5da19bd7e6d68555f40358c3d2f9ec4~tplv-tiktokx-cropcenter:100:100.jpg?dr=10399&refresh_token=4a852bb9&x-expires=1778140800&x-signature=F2uGBfm1a28xYPLKyv368QmVEP8%3D&t=4d5b0474&ps=13740610&shp=30310797&shcp=ff37627b&idc=no1a
Wannnnttt,0,0,2026-04-11T02:37:00.000Z,reginemae1625,https://www.tiktok.com/@ingsxg/video/7626144875355917599,6566280154434863106,7627325075272663826,https://p16-common-sign.tiktokcdn-eu.com/tos-alisg-avt-0068/6dbdceece6b966c2c259713126bf23b1~tplv-tiktokx-cropcenter:100:100.jpg?dr=10399&refresh_token=b45a221a&x-expires=1778140800&x-signature=CzpfNqW6ge4csNMOIFPjaJSoZgo%3D&t=4d5b0474&ps=13740610&shp=30310797&shcp=ff37627b&idc=no1a
highly recommended,0,0,2026-04-11T02:23:47.000Z,glimmerscart,https://www.tiktok.com/@ingsxg/video/7626144875355917599,6674421116478178306,7627321676040176391,https://p19-common-sign.tiktokcdn-eu.com/tos-alisg-avt-0068/1504617f93acdd42da5b0e562b469ced~tplv-tiktokx-cropcenter:100:100.jpg?dr=10399&refresh_token=30a58d79&x-expires=1778140800&x-signature=rYEBOmn4sXg2T24C9y5u0nqw3QU%3D&t=4d5b0474&ps=13740610&shp=30310797&shcp=ff37627b&idc=no1a
love the glow,0,0,2026-04-11T02:16:14.000Z,trizia.preza,https://www.tiktok.com/@ingsxg/video/7626144875355917599,6652847744506052610,7627319672183407361,https://p16-common-sign.tiktokcdn-eu.com/tos-alisg-avt-0068/d2069372d4ac565dc1d3ba08d0f8d77e~tplv-tiktokx-cropcenter:100:100.jpg?dr=10399&refresh_token=e762d0cc&x-expires=1778140800&x-signature=H295Kj2%2FeG6TOlGRL7%2FYsLQ%2B0Nc%3D&t=4d5b0474&ps=13740610&shp=30310797&shcp=ff37627b&idc=no1a
Omg how satisfying mask it is 😍😍😍,0,0,2026-04-11T02:08:30.000Z,sahana_budhathoki,https://www.tiktok.com/@ingsxg/video/7626144875355917599,6607582815678660613,7627317686142534420,https://p16-common-sign.tiktokcdn-eu.com/tos-alisg-avt-0068/374fcb4a605ff909e142329b7b7553b2~tplv-tiktokx-cropcenter:100:100.jpg?dr=10399&refresh_token=4f684145&x-expires=1778140800&x-signature=7uKsbHiafgEAx61IO%2FM6S4J2AOs%3D&t=4d5b0474&ps=13740610&shp=30310797&shcp=ff37627b&idc=no1a
need,0,0,2026-04-11T02:03:35.000Z,alieiu,https://www.tiktok.com/@ingsxg/video/7626144875355917599,7208745184698369030,7627316420649796373,https://p16-common-sign.tiktokcdn-eu.com/tos-alisg-avt-0068/6e4571cd7c937f87d3a336e35b923a70~tplv-tiktokx-cropcenter:100:100.jpg?dr=10399&refresh_token=55d7df47&x-expires=1778140800&x-signature=rK7geUKymU7404E0qm5hzXvVaM0%3D&t=4d5b0474&ps=13740610&shp=30310797&shcp=ff37627b&idc=no1a
Must try to,0,0,2026-04-11T01:55:14.000Z,iamjill.rmt,https://www.tiktok.com/@ingsxg/video/7626144875355917599,7586843960124539922,7627314270871798536,https://p16-common-sign.tiktokcdn-eu.com/tos-alisg-avt-0068/f000801b4f1c90780faa0a81e19ccce9~tplv-tiktokx-cropcenter:100:100.jpg?dr=10399&refresh_token=2dc5f464&x-expires=1778140800&x-signature=zTvW7S0CM%2B%2BW67nJVgKQp2lFQSM%3D&t=4d5b0474&ps=13740610&shp=30310797&shcp=ff37627b&idc=no1a
Ang ganda neto,0,0,2026-04-11T01:52:33.000Z,lucy.blair5,https://www.tiktok.com/@ingsxg/video/7626144875355917599,6760832646928204802,7627313609428845332,https://p16-common-sign.tiktokcdn-eu.com/tos-alisg-avt-0068/e0b1cee2cf5404e614916dc646d28501~tplv-tiktokx-cropcenter:100:100.jpg?dr=10399&refresh_token=9c398e42&x-expires=1778140800&x-signature=s9GKw8MM9TuTS3c%2F2wbkV%2F0ufck%3D&t=4d5b0474&ps=13740610&shp=30310797&shcp=ff37627b&idc=no1a
Ooh need,0,0,2026-04-11T01:46:15.000Z,strawberriezsnz,https://www.tiktok.com/@ingsxg/video/7626144875355917599,6989401052173468677,7627311942844203807,https://p16-common-sign.tiktokcdn-eu.com/tos-maliva-avt-0068/baf32e5482754047a5d9af026392465a~tplv-tiktokx-cropcenter:100:100.jpg?dr=10399&refresh_token=9e964a6f&x-expires=1778140800&x-signature=pzzjwsks4QayFxqdn7YyYcVn%2BaE%3D&t=4d5b0474&ps=13740610&shp=30310797&shcp=ff37627b&idc=no1a
Omg the glow after is insane,0,0,2026-04-11T01:42:53.000Z,yennabuoooh,https://www.tiktok.com/@ingsxg/video/7626144875355917599,7216667689418458118,7627311111312179985,https://p16-common-sign.tiktokcdn-us.com/tos-alisg-avt-0068/ce3d0a1da05dd4b8ef01ec84740914e9~tplv-tiktokx-cropcenter:100:100.jpg?dr=9640&refresh_token=095fa3da&x-expires=1778140800&x-signature=nPdkl4Ybn5gQpwaAl92qUkCDT1k%3D&t=4d5b0474&ps=13740610&shp=30310797&shcp=ff37627b&idc=useast8
Love the lip mask😍,0,0,2026-04-11T01:34:56.000Z,aurora_luvskincare,https://www.tiktok.com/@ingsxg/video/7626144875355917599,7014709200157950981,7627309091177726727,https://p19-common-sign.tiktokcdn-us.com/tos-alisg-avt-0068/22ef71ef2a5c32d59d0bd91df2894671~tplv-tiktokx-cropcenter:100:100.jpg?dr=9640&refresh_token=18892f46&x-expires=1778140800&x-signature=TTkTwCC2zDK437Wxmp6RowlgoMA%3D&t=4d5b0474&ps=13740610&shp=30310797&shcp=ff37627b&idc=useast8
Love this mask 🥰,0,0,2026-04-11T01:19:28.000Z,fhaydskincarecreator,https://www.tiktok.com/@ingsxg/video/7626144875355917599,7434278357315224622,7627305031763821343,https://p16-common-sign.tiktokcdn-us.com/tos-useast8-avt-0068-tx2/0206fecc0d7268744098d8f49db68e12~tplv-tiktokx-cropcenter:100:100.jpg?dr=9640&refresh_token=5e658815&x-expires=1778140800&x-signature=nVYExf7661fq159YPeSMqykxvBE%3D&t=4d5b0474&ps=13740610&shp=30310797&shcp=ff37627b&idc=useast8
✨✨ need,0,0,2026-04-11T01:17:51.000Z,sweetlifewithro,https://www.tiktok.com/@ingsxg/video/7626144875355917599,7410135596238259205,7627304670046143239,https://p19-common-sign.tiktokcdn-us.com/tos-maliva-avt-0068/ccc2d1c5f538988858c42c5c718ee432~tplv-tiktokx-cropcenter:100:100.jpg?dr=9640&refresh_token=c1aa05c6&x-expires=1778140800&x-signature=gJEmXpL3LDJdKs1lSAgkimanDvU%3D&t=4d5b0474&ps=13740610&shp=30310797&shcp=ff37627b&idc=useast8
need this 😳,0,0,2026-04-11T01:15:03.000Z,_pricksiee,https://www.tiktok.com/@ingsxg/video/7626144875355917599,7477410301384000518,7627303955609092865,https://p19-common-sign.tiktokcdn-us.com/tos-alisg-avt-0068/34a0fdd1d2724a97d52d9489b5e56185~tplv-tiktokx-cropcenter:100:100.jpg?dr=9640&refresh_token=c4adfe7e&x-expires=1778140800&x-signature=pHuzy1P9TsbGoh4jL1JKTc8%2BxyY%3D&t=4d5b0474&ps=13740610&shp=30310797&shcp=ff37627b&idc=useast8
❤️❤️,0,0,2026-04-11T15:15:56.000Z,kemi.xvg,https://www.tiktok.com/@ingsxg/video/7626144875355917599,289469640542654464,7627520627901793056,https://p19-common-sign.tiktokcdn-us.com/tos-useast2a-avt-0068-euttp/cefd9999f7a97b9466fe4d5238cee140~tplv-tiktokx-cropcenter:100:100.jpg?dr=9640&refresh_token=815c044f&x-expires=1778140800&x-signature=JIouCZk5rj5yQOsoRJ%2FKfWUpy2w%3D&t=4d5b0474&ps=13740610&shp=30310797&shcp=ff37627b&idc=useast8
🥰🥰,0,0,2026-04-11T15:15:56.000Z,kemi.xvg,https://www.tiktok.com/@ingsxg/video/7626144875355917599,289469640542654464,7627520618922312480,https://p19-common-sign.tiktokcdn-us.com/tos-useast2a-avt-0068-euttp/cefd9999f7a97b9466fe4d5238cee140~tplv-tiktokx-cropcenter:100:100.jpg?dr=9640&refresh_token=815c044f&x-expires=1778140800&x-signature=JIouCZk5rj5yQOsoRJ%2FKfWUpy2w%3D&t=4d5b0474&ps=13740610&shp=30310797&shcp=ff37627b&idc=useast8
🥰🥰,0,0,2026-04-11T15:19:51.000Z,kemi.xvg,https://www.tiktok.com/@ingsxg/video/7626144875355917599,289469640542654464,7627521646391919393,https://p19-common-sign.tiktokcdn-us.com/tos-useast2a-avt-0068-euttp/cefd9999f7a97b9466fe4d5238cee140~tplv-tiktokx-cropcenter:100:100.jpg?dr=9640&refresh_token=815c044f&x-expires=1778140800&x-signature=JIouCZk5rj5yQOsoRJ%2FKfWUpy2w%3D&t=4d5b0474&ps=13740610&shp=30310797&shcp=ff37627b&idc=useast8
❤️❤️,0,0,2026-04-11T15:19:52.000Z,kemi.xvg,https://www.tiktok.com/@ingsxg/video/7626144875355917599,289469640542654464,7627521636531716896,https://p19-common-sign.tiktokcdn-us.com/tos-useast2a-avt-0068-euttp/cefd9999f7a97b9466fe4d5238cee140~tplv-tiktokx-cropcenter:100:100.jpg?dr=9640&refresh_token=815c044f&x-expires=1778140800&x-signature=JIouCZk5rj5yQOsoRJ%2FKfWUpy2w%3D&t=4d5b0474&ps=13740610&shp=30310797&shcp=ff37627b&idc=useast8
I LOVEE @Kocostar US ❤️,0,0,2026-04-12T02:53:04.000Z,lissyandthetoks,https://www.tiktok.com/@ingsxg/video/7626144875355917599,6612818317592248325,7627700263382172430,https://p19-common-sign.tiktokcdn-us.com/tos-useast5-avt-0068-tx/7f2ef516ee3aee6a2225fbe7fd299c35~tplv-tiktokx-cropcenter:100:100.jpg?dr=9640&refresh_token=efb38829&x-expires=1778140800&x-signature=fH8%2Be0Cg8EN6mB7QxdlLQ77gBv4%3D&t=4d5b0474&ps=13740610&shp=30310797&shcp=ff37627b&idc=useast8
So amazing 💗💗,0,0,2026-04-11T13:54:42.000Z,hanny.glowy,https://www.tiktok.com/@ingsxg/video/7626144875355917599,7563186054854362133,7627499727828206343,https://p16-common-sign.tiktokcdn-us.com/tos-alisg-avt-0068/e81093d7e82d0c199ac2ca67a4b94f2f~tplv-tiktokx-cropcenter:100:100.jpg?dr=9640&refresh_token=0cce6d97&x-expires=1778140800&x-signature=3iIZq%2Ba90395gC9PL7Yyp%2F6%2F7FM%3D&t=4d5b0474&ps=13740610&shp=30310797&shcp=ff37627b&idc=useast8
looks amazing 💕😍,0,0,2026-04-11T19:35:14.000Z,vallio444,https://www.tiktok.com/@ingsxg/video/7626144875355917599,7498025781436744726,7627587467785323296,https://p16-common-sign.tiktokcdn-us.com/tos-maliva-avt-0068/0abd6f7bdd7ca046d45d1f8a57cc8f30~tplv-tiktokx-cropcenter:100:100.jpg?dr=9640&refresh_token=839db0eb&x-expires=1778140800&x-signature=9VTX%2BdvYLzjYljXGLThDhWFK3H4%3D&t=4d5b0474&ps=13740610&shp=30310797&shcp=ff37627b&idc=useast8
omg where to buy,0,0,2026-04-12T23:45:50.000Z,magsmeiji,https://www.tiktok.com/@ingsxg/video/7626144875355917599,6553211979313037313,7628023090072552193,https://p19-common-sign.tiktokcdn-us.com/tos-alisg-avt-0068/c9dce2dc26145b89ee44705f875bcc25~tplv-tiktokx-cropcenter:100:100.jpg?dr=9640&refresh_token=f0100207&x-expires=1778140800&x-signature=NtA6P3CkmI5H390iM0s30kCw10s%3D&t=4d5b0474&ps=13740610&shp=30310797&shcp=ff37627b&idc=useast8
wow need this,0,0,2026-04-11T00:54:52.000Z,jerhose_,https://www.tiktok.com/@ingsxg/video/7626144875355917599,6797498953246131201,7627298701825065729,https://p16-common-sign.tiktokcdn.com/tos-alisg-avt-0068/4fdce04a4d63ba72beb02528d9d0f8ef~tplv-tiktokx-cropcenter:100:100.jpg?dr=14579&refresh_token=4b812e6d&x-expires=1778140800&x-signature=WwzA0jYSI2PCjWst39AKT%2FPQ%2FUg%3D&t=4d5b0474&ps=13740610&shp=30310797&shcp=ff37627b&idc=my
i need this !!!,0,0,2026-04-11T00:33:49.000Z,chlowverleaf,https://www.tiktok.com/@ingsxg/video/7626144875355917599,105239224831918080,7627293235174277905,https://p16-common-sign.tiktokcdn.com/tos-alisg-avt-0068/47ec576aa30b697b46a6c39101a8e9ee~tplv-tiktokx-cropcenter:100:100.jpg?dr=14579&refresh_token=6bfc91b2&x-expires=1778140800&x-signature=qmWleyINzUel%2F6XXoSCDRw16kic%3D&t=4d5b0474&ps=13740610&shp=30310797&shcp=ff37627b&idc=my
Highly recommended,0,0,2026-04-11T00:32:43.000Z,budolsbyberna,https://www.tiktok.com/@ingsxg/video/7626144875355917599,6930242168499520513,7627292969264071431,https://p19-common-sign.tiktokcdn.com/tos-alisg-avt-0068/f2194d6d3702df3ff13dd7f28b26790e~tplv-tiktokx-cropcenter:100:100.jpg?dr=14579&refresh_token=2f16cb95&x-expires=1778140800&x-signature=X4Hbe4fFbA1Ksn2v9It9mIgK96k%3D&t=4d5b0474&ps=13740610&shp=30310797&shcp=ff37627b&idc=my
added to cart so fast 🤭,0,0,2026-04-11T00:23:22.000Z,woaahalicee,https://www.tiktok.com/@ingsxg/video/7626144875355917599,7101933676390499374,7627290528916980510,https://p16-common-sign.tiktokcdn.com/tos-maliva-avt-0068/dc107c09471e4ae454311e55c66849bd~tplv-tiktokx-cropcenter:100:100.jpg?dr=14579&refresh_token=20fd0b5a&x-expires=1778140800&x-signature=IKskSA4KDrdUxzKgd%2FTcd2LNM3Q%3D&t=4d5b0474&ps=13740610&shp=30310797&shcp=ff37627b&idc=my
Oooo this is so cool 😍😍,0,0,2026-04-11T00:16:06.000Z,maddiestallings_22,https://www.tiktok.com/@ingsxg/video/7626144875355917599,6795638607454864390,7627288680945058591,https://p19-common-sign.tiktokcdn.com/tos-maliva-avt-0068/9d87766443a54c1a8b3b3f78e9bfad7f~tplv-tiktokx-cropcenter:100:100.jpg?dr=14579&refresh_token=8dd1e77c&x-expires=1778140800&x-signature=WMvs4US6iVijJ7u94URMAMJNhrg%3D&t=4d5b0474&ps=13740610&shp=30310797&shcp=ff37627b&idc=my