text,diggCount,replyCommentTotal,createTimeISO,uniqueId,videoWebUrl,uid,cid,avatarThumbnail,,,,user.bio,,user.region,user.language,user.hasEmail,user.hasPhone
I like this !,0,0,2026-03-23T03:06:06.000Z,ugcinthe6ix,https://www.tiktok.com/@samreenxms2/video/7618719907215199508,7495402569640985605,7620281954885993217,https://p16-common-sign.tiktokcdn-us.com/tos-alisg-avt-0068/5ee4383596b2626f57d324ded6cfde5e~tplv-tiktokx-cropcenter:100:100.jpg?dr=9640&refresh_token=2c89fd5f&x-expires=1775102400&x-signature=HMAlOrIs8CfMkxLqyBBdEDG7SJ8%3D&t=4d5b0474&ps=13740610&shp=30310797&shcp=ff37627b&idc=useast8,,,,,,,,,
Drop that shopping bag to me asap!!!,1,1,2026-03-18T23:37:28.000Z,4kgtfo,https://www.tiktok.com/@samreenxms2/video/7618719907215199508,7081664293934973957,7618743806398251797,https://p16-common-sign.tiktokcdn-us.com/tos-alisg-avt-0068/42d1b21fd9f26e863d5664c1f4d199cf~tplv-tiktokx-cropcenter:100:100.jpg?dr=9640&refresh_token=9d38baa3&x-expires=1775102400&x-signature=MdNcMj%2FGV6XXXkpIBQYWCVQ1LJA%3D&t=4d5b0474&ps=13740610&shp=30310797&shcp=ff37627b&idc=useast8,,,,,,,,,
"🏃🏽‍♀️I'm coming, open the door",1,,2026-03-19T00:28:35.000Z,samreenxms2,https://www.tiktok.com/@samreenxms2/video/7618719907215199508,6796328840953611270,7618757014453469973,https://p16-common-sign.tiktokcdn-us.com/tos-alisg-avt-0068/5422701a010ef1d5efae2ff23d88f04a~tplv-tiktokx-cropcenter:100:100.jpg?dr=9640&refresh_token=da7b94a1&x-expires=1775102400&x-signature=3o40S9TXbNYcTWThRpq2WonniBY%3D&t=4d5b0474&ps=13740610&shp=30310797&shcp=ff37627b&idc=useast8,,,,,,,,,
Pretty 🩷,1,1,2026-03-18T23:18:45.000Z,sicilianashley1985,https://www.tiktok.com/@samreenxms2/video/7618719907215199508,7001898395905737733,7618738984701657876,https://p16-common-sign.tiktokcdn-us.com/tos-maliva-avt-0068/5e82d2aed5e94742e9ef89158ef31d3b~tplv-tiktokx-cropcenter:100:100.jpg?dr=9640&refresh_token=62d56669&x-expires=1775102400&x-signature=0qd6fsY%2FrGFQjIK9G4usmjyNcFE%3D&t=4d5b0474&ps=13740610&shp=30310797&shcp=ff37627b&idc=useast8,,,,,,,,,
🥰🥰🥰,0,,2026-03-19T00:28:16.000Z,samreenxms2,https://www.tiktok.com/@samreenxms2/video/7618719907215199508,6796328840953611270,7618756892668838677,https://p16-common-sign.tiktokcdn-us.com/tos-alisg-avt-0068/5422701a010ef1d5efae2ff23d88f04a~tplv-tiktokx-cropcenter:100:100.jpg?dr=9640&refresh_token=da7b94a1&x-expires=1775102400&x-signature=3o40S9TXbNYcTWThRpq2WonniBY%3D&t=4d5b0474&ps=13740610&shp=30310797&shcp=ff37627b&idc=useast8,,,,,,,,,
💕🥰glowing face ✨️MA SHA ALLAH ❤️🧿🧿🧿💕,1,0,2026-03-19T03:06:49.000Z,farzana.hameed,https://www.tiktok.com/@samreenxms2/video/7618719907215199508,7122113589892350981,7618797807373517586,https://p16-common-sign.tiktokcdn-us.com/tos-maliva-avt-0068/5ddf0c91ad09c0555adfb59aeb79d826~tplv-tiktokx-cropcenter:100:100.jpg?dr=9640&refresh_token=70fb1067&x-expires=1775102400&x-signature=rBoZIUPNwbnwMcSYBu8X2qydnms%3D&t=4d5b0474&ps=13740610&shp=30310797&shcp=ff37627b&idc=useast8,,,,,,,,,
👍💯,0,0,2026-03-19T13:09:23.000Z,usmanrajpot9491,https://www.tiktok.com/@samreenxms2/video/7618719907215199508,7020846350192116741,7618953078503719698,https://p16-common-sign.tiktokcdn-us.com/tos-alisg-avt-0068/eae1dfb291e692393e016ae7022572d3~tplv-tiktokx-cropcenter:100:100.jpg?dr=9640&refresh_token=5da5ba51&x-expires=1775102400&x-signature=iHezZQBoByRA7URRtQtLksZDdBg%3D&t=4d5b0474&ps=13740610&shp=30310797&shcp=ff37627b&idc=useast8,,,,,,,,,
"Amo eso parches de los labios , los deja súper hidratados",0,0,2026-03-17T14:59:50.000Z,laugja13,https://www.tiktok.com/@elizabethberiguet2/video/7616026642313415954,7209752119816127534,7618239177189049102,https://p16-common-sign.tiktokcdn-us.com/tos-useast5-avt-0068-tx/7a51d7a50b1f5c4412f76105f27212f1~tplv-tiktokx-cropcenter:100:100.jpg?dr=9640&refresh_token=27da1a4a&x-expires=1775102400&x-signature=dQCcUWb8znZsaII5PMtM4gAT7Uc%3D&t=4d5b0474&ps=13740610&shp=30310797&shcp=ff37627b&idc=useast8,,,,,,,,,
Necesito probarla se ven el brillo y la hidratación,1,0,2026-03-12T14:57:35.000Z,nelly_ugc2,https://www.tiktok.com/@elizabethberiguet2/video/7616026642313415954,7201934292728824837,7616383396054385429,https://p16-common-sign.tiktokcdn-us.com/tos-alisg-avt-0068/65f8b61827ebacf25c66ea3a58331759~tplv-tiktokx-cropcenter:100:100.jpg?dr=9640&refresh_token=1dac93cd&x-expires=1775102400&x-signature=UqKjdCUvM5YOcR8LWNBlI9UP%2FbM%3D&t=4d5b0474&ps=13740610&shp=30310797&shcp=ff37627b&idc=useast8,,,,,,,,,
Me encantó este dúo y te dejó la piel y los labios súper hidratados,1,0,2026-03-11T20:18:28.000Z,solennycarrasco08,https://www.tiktok.com/@elizabethberiguet2/video/7616026642313415954,7270377885382132741,7616094936249959189,https://p16-common-sign.tiktokcdn-us.com/tos-alisg-avt-0068/2ec74e97588c956a17a2e950404784f4~tplv-tiktokx-cropcenter:100:100.jpg?dr=9640&refresh_token=ff0f6da2&x-expires=1775102400&x-signature=jNnOsD0JoqtSGcyK5hip9CVbAvA%3D&t=4d5b0474&ps=13740610&shp=30310797&shcp=ff37627b&idc=useast8,,,,,,,,,
Que flow te dejo en la piel😍,0,0,2026-03-12T18:24:06.000Z,marielena5678,https://www.tiktok.com/@elizabethberiguet2/video/7616026642313415954,7050075718000509958,7616436580132438791,https://p16-common-sign.tiktokcdn-us.com/tos-maliva-avt-0068/c7ca183521a1f77035374adf44ff0b21~tplv-tiktokx-cropcenter:100:100.jpg?dr=9640&refresh_token=a33787f1&x-expires=1775102400&x-signature=xdr3kefn58eLLhlV2tFyVdlIIqg%3D&t=4d5b0474&ps=13740610&shp=30310797&shcp=ff37627b&idc=useast8,,,,,,,,,
"No viera visto esta mascarilla, pero se ve que aporta mucha hidratación, tendré que probarla",1,1,2026-03-11T18:23:18.000Z,danielaespinal813,https://www.tiktok.com/@elizabethberiguet2/video/7616026642313415954,7148978781317874693,7616065298001216273,https://p16-common-sign.tiktokcdn-us.com/tos-maliva-avt-0068/e1e7280b9691820bbde3a10c0a1287de~tplv-tiktokx-cropcenter:100:100.jpg?dr=9640&refresh_token=77d36a45&x-expires=1775102400&x-signature=cKnlK30r6yAnPTIrmNKni8NEq9o%3D&t=4d5b0474&ps=13740610&shp=30310797&shcp=ff37627b&idc=useast8,,,,,,,,,
"Fan de las mascarillas, y es que ese resultado Demasiado me encanta",0,0,2026-03-13T20:57:25.000Z,andreina.requena0,https://www.tiktok.com/@elizabethberiguet2/video/7616026642313415954,7286581469753410565,7616847192594236167,https://p16-common-sign.tiktokcdn-us.com/tos-alisg-avt-0068/396dbcce4c00b09800acb9af73d3f3d6~tplv-tiktokx-cropcenter:100:100.jpg?dr=9640&refresh_token=d258330a&x-expires=1775102400&x-signature=Aep6oOdkVQKRQelj5IJ65SJC9X0%3D&t=4d5b0474&ps=13740610&shp=30310797&shcp=ff37627b&idc=useast8,,,,,,,,,
Te dio una hidratación esas mascarilla,0,0,2026-03-12T02:46:40.000Z,keyhernandez_r20,https://www.tiktok.com/@elizabethberiguet2/video/7616026642313415954,7000740106727015429,7616194989039584018,https://p19-common-sign.tiktokcdn-us.com/tos-maliva-avt-0068/50078a093bd7499377919a0510f789b1~tplv-tiktokx-cropcenter:100:100.jpg?dr=9640&refresh_token=683a0c69&x-expires=1775102400&x-signature=HMM0KslXJiqYQvbtI3erzDHj1UE%3D&t=4d5b0474&ps=13740610&shp=30310797&shcp=ff37627b&idc=useast8,,,,,,,,,
Dejo tu rostro muy bonito me encantó el empaque de la de labios,0,0,2026-03-11T22:43:02.000Z,anabellugc,https://www.tiktok.com/@elizabethberiguet2/video/7616026642313415954,6784212539087324165,7616132222487528200,https://p16-common-sign.tiktokcdn-us.com/tos-alisg-avt-0068/a076dd9ee94d2e7a3441bed896264c39~tplv-tiktokx-cropcenter:100:100.jpg?dr=9640&refresh_token=b2f0620d&x-expires=1775102400&x-signature=Rn%2Fsdvz9lsCfqfoKt1vjo3PzSIU%3D&t=4d5b0474&ps=13740610&shp=30310797&shcp=ff37627b&idc=useast8,,,,,,,,,
al principio o le tenia fe😂 pero me dejo sin palabras,0,0,2026-03-16T14:17:28.000Z,arii180496,https://www.tiktok.com/@elizabethberiguet2/video/7616026642313415954,7082186485536949253,7617857369893094165,https://p16-common-sign.tiktokcdn-us.com/tos-maliva-avt-0068/b4dc03555b2a7f2dd63c7422e8cb04de~tplv-tiktokx-cropcenter:100:100.jpg?dr=9640&refresh_token=b1427c17&x-expires=1775102400&x-signature=uDEU4Lp6RRBZa5ywoBhdIX%2Fm2DQ%3D&t=4d5b0474&ps=13740610&shp=30310797&shcp=ff37627b&idc=useast8,,,,,,,,,
Todo lo que tiene colágeno deja la piel con mucho brillo en hidratada 🥰,0,0,2026-03-12T19:53:54.000Z,kmila_ladelocabello,https://www.tiktok.com/@elizabethberiguet2/video/7616026642313415954,6977173144554750982,7616459731498156818,https://p16-common-sign.tiktokcdn-us.com/tos-alisg-avt-0068/be970691880435955f223aa6e234680b~tplv-tiktokx-cropcenter:100:100.jpg?dr=9640&refresh_token=ce3eaa62&x-expires=1775102400&x-signature=%2B9hpwJ4FVaY9BOP5yB6BiGWCV%2BM%3D&t=4d5b0474&ps=13740610&shp=30310797&shcp=ff37627b&idc=useast8,,,,,,,,,
Esas mascarillas son espectacular,0,0,2026-03-12T21:05:12.000Z,jolainyacosta,https://www.tiktok.com/@elizabethberiguet2/video/7616026642313415954,6662958132833517574,7616478082443297537,https://p16-common-sign.tiktokcdn-us.com/tos-alisg-avt-0068/136177a65ba05170d1e6a448c1a78ae6~tplv-tiktokx-cropcenter:100:100.jpg?dr=9640&refresh_token=a0dcf842&x-expires=1775102400&x-signature=A9d77FXJDLa7OGmYVqvZnVRVsnw%3D&t=4d5b0474&ps=13740610&shp=30310797&shcp=ff37627b&idc=useast8,,,,,,,,,
Que bello queda el rostro y la de los labios interesante 🥰🥰,0,0,2026-03-13T02:13:21.000Z,franchescagomez1,https://www.tiktok.com/@elizabethberiguet2/video/7616026642313415954,6822838557515793414,7616557494895149842,https://p16-common-sign.tiktokcdn-us.com/tos-alisg-avt-0068/afaf34c5cb453f66d02701bdbdeee791~tplv-tiktokx-cropcenter:100:100.jpg?dr=9640&refresh_token=887b7d28&x-expires=1775102400&x-signature=5rl%2BJm7nEqASgwWX79VE7QGiC1I%3D&t=4d5b0474&ps=13740610&shp=30310797&shcp=ff37627b&idc=useast8,,,,,,,,,
Esa piel quedo muy bella 🤭,0,0,2026-03-11T17:09:35.000Z,migdalys.style,https://www.tiktok.com/@elizabethberiguet2/video/7616026642313415954,6906201177827525638,7616046310454100754,https://p16-common-sign.tiktokcdn-us.com/tos-alisg-avt-0068/7938769bdddd214bdbcaa16c8d2f23f6~tplv-tiktokx-cropcenter:100:100.jpg?dr=9640&refresh_token=7691a952&x-expires=1775102400&x-signature=P9MN0%2FsFXzMAwBjf2fB%2FoIvw1tk%3D&t=4d5b0474&ps=13740610&shp=30310797&shcp=ff37627b&idc=useast8,,,,,,,,,
Esa piel te quedó muy hermosa!😍,0,0,2026-03-14T22:28:40.000Z,iam.zapata07,https://www.tiktok.com/@elizabethberiguet2/video/7616026642313415954,315767092388216832,7617241757931307797,https://p16-common-sign.tiktokcdn-us.com/tos-alisg-avt-0068/411bd2de3bef4150ef95e761e924ffb3~tplv-tiktokx-cropcenter:100:100.jpg?dr=9640&refresh_token=e02c794e&x-expires=1775102400&x-signature=Ivn5bcqQr%2B1is0HA0PaAZ%2FFDJ%2BM%3D&t=4d5b0474&ps=13740610&shp=30310797&shcp=ff37627b&idc=useast8,,,,,,,,,
"Pero un súper dúo, muy buena hidratación que te dejo",1,1,2026-03-11T19:14:48.000Z,bxapa,https://www.tiktok.com/@elizabethberiguet2/video/7616026642313415954,6834930107149943813,7616078586230883079,https://p16-common-sign.tiktokcdn-us.com/tos-alisg-avt-0068/e241ddd49797e8ce353f208b246e7012~tplv-tiktokx-cropcenter:100:100.jpg?dr=9640&refresh_token=13a5173f&x-expires=1775102400&x-signature=NcQ9tvdgvBuMG9VFBmuTdbvMxtw%3D&t=4d5b0474&ps=13740610&shp=30310797&shcp=ff37627b&idc=useast8,,,,,,,,,
Me gusto mucho lo bien hidratada que te dejo la cara 😌,1,0,2026-03-11T16:10:53.000Z,oneidy2425,https://www.tiktok.com/@elizabethberiguet2/video/7616026642313415954,7049159658343154693,7616031166559339285,https://p16-common-sign.tiktokcdn-us.com/tos-alisg-avt-0068/e087aa1adadc485a0b86c7df63048a76~tplv-tiktokx-cropcenter:100:100.jpg?dr=9640&refresh_token=32a184a0&x-expires=1775102400&x-signature=WT1kWFtAK%2FvKTdDDV7Sac5B%2B4lY%3D&t=4d5b0474&ps=13740610&shp=30310797&shcp=ff37627b&idc=useast8,,,,,,,,,
omggg pero que productos tan útiles y aparte de que hidraten y te den un glow a la piel me encanta,0,0,2026-03-11T16:02:44.000Z,yazzy_.ugc,https://www.tiktok.com/@elizabethberiguet2/video/7616026642313415954,7164938884332127238,7616029072542286599,https://p16-common-sign.tiktokcdn-us.com/tos-alisg-avt-0068/f2c6c5a7a05ecee842bc26c9e92ac688~tplv-tiktokx-cropcenter:100:100.jpg?dr=9640&refresh_token=6930903d&x-expires=1775102400&x-signature=IY0hUdumdOUQUi4oWfZInJjhlbw%3D&t=4d5b0474&ps=13740610&shp=30310797&shcp=ff37627b&idc=useast8,,,,,,,,,
"Se nota la diferencia, es acabado impecable",0,0,2026-03-11T23:57:36.000Z,lorenley.lp,https://www.tiktok.com/@elizabethberiguet2/video/7616026642313415954,7574484876323013645,7616151351840457485,https://p16-common-sign.tiktokcdn-us.com/tos-useast5-avt-0068-tx/0124b87b9952c3e0be68468ee91687cf~tplv-tiktokx-cropcenter:100:100.jpg?dr=9640&refresh_token=71aaf8c1&x-expires=1775102400&x-signature=WYfrMPNamR7Zq8b3HZDtmUlOzHU%3D&t=4d5b0474&ps=13740610&shp=30310797&shcp=ff37627b&idc=useast8,,,,,,,,,
Deja un glow increíble al final 😍 el colageno es muy bueno para la piel,0,0,2026-03-13T01:29:59.000Z,iconic_jazmin,https://www.tiktok.com/@elizabethberiguet2/video/7616026642313415954,6790865806354039814,7616546313720087314,https://p16-common-sign.tiktokcdn-us.com/tos-alisg-avt-0068/ebaa14249753f70dcfee687dab2824e8~tplv-tiktokx-cropcenter:100:100.jpg?dr=9640&refresh_token=0fc0cdc4&x-expires=1775102400&x-signature=PvvueJsgcXNmBw1V4RGCpB%2Fvutk%3D&t=4d5b0474&ps=13740610&shp=30310797&shcp=ff37627b&idc=useast8,,,,,,,,,
"Me encantó esa labiosssss😍😍😍 la quierooooo, te dejo los labios muy hidratados y con color. Y las mascarillas 10/10",0,0,2026-03-15T19:14:53.000Z,bydanayris,https://www.tiktok.com/@elizabethberiguet2/video/7616026642313415954,7522265325006947335,7617562920755872530,https://p16-common-sign.tiktokcdn-us.com/tos-alisg-avt-0068/95de62b9c228a331cba8934b8c3d7011~tplv-tiktokx-cropcenter:100:100.jpg?dr=9640&refresh_token=c062821a&x-expires=1775102400&x-signature=wTyu3XKfwTHAxYk7Odr9V7AIn%2BA%3D&t=4d5b0474&ps=13740610&shp=30310797&shcp=ff37627b&idc=useast8,,,,,,,,,
Estas mascarillas son muy buenas! Muy hidrantes,0,0,2026-03-12T03:54:13.000Z,ygomez132,https://www.tiktok.com/@elizabethberiguet2/video/7616026642313415954,6890663093161182214,7616212328753808141,https://p16-common-sign.tiktokcdn-us.com/tos-useast5-avt-0068-tx/833551fb78d7a52469ee35df20f3ef9a~tplv-tiktokx-cropcenter:100:100.jpg?dr=9640&refresh_token=73b7e8af&x-expires=1775102400&x-signature=wZr9J9dbIBDdtY1JQ%2BmABf2RUFE%3D&t=4d5b0474&ps=13740610&shp=30310797&shcp=ff37627b&idc=useast8,,,,,,,,,
ya vaaaa! primera vez que veo el primer producto y la marca 😻 y se ve excelente,0,0,2026-03-13T17:13:34.000Z,m1a_sanchz,https://www.tiktok.com/@elizabethberiguet2/video/7616026642313415954,7544757516474024965,7616789513951855367,https://p16-common-sign.tiktokcdn-us.com/tos-maliva-avt-0068/3af7dd49d3b32b0d4d0f4b79998e76e0~tplv-tiktokx-cropcenter:100:100.jpg?dr=9640&refresh_token=7f65aa40&x-expires=1775102400&x-signature=yjTeTRpwF8SK7CUGNX90XWXIit8%3D&t=4d5b0474&ps=13740610&shp=30310797&shcp=ff37627b&idc=useast8,,,,,,,,,
aahh ya la quiero probar me encanto tu resultado,0,0,2026-03-12T02:24:29.000Z,ashlyrp12,https://www.tiktok.com/@elizabethberiguet2/video/7616026642313415954,6564365185753759749,7616189298903188245,https://p19-common-sign.tiktokcdn-us.com/tos-alisg-avt-0068/1a10a3b91ba8b846751569945de53e12~tplv-tiktokx-cropcenter:100:100.jpg?dr=9640&refresh_token=c6bb9dd8&x-expires=1775102400&x-signature=Ceh7DUuFeRDRw4jWlf3ySa4i710%3D&t=4d5b0474&ps=13740610&shp=30310797&shcp=ff37627b&idc=useast8,,,,,,,,,
🥰🥰🥰,0,0,2026-03-11T19:05:27.000Z,redouanesba5,https://www.tiktok.com/@elizabethberiguet2/video/7616026642313415954,6621127518890246150,7616076149554512657,https://p16-common-sign.tiktokcdn-us.com/tos-alisg-avt-0068/6645bdaea39fa21e3ae3298e52dd8f8f~tplv-tiktokx-cropcenter:100:100.jpg?dr=9640&refresh_token=b0e26698&x-expires=1775102400&x-signature=9hM5awqfoYBwIw5Ivy9P0KPOGa8%3D&t=4d5b0474&ps=13740610&shp=30310797&shcp=ff37627b&idc=useast8,,,,,,,,,
Skin got so hydrated and plumped,0,0,2026-03-30T03:54:56.000Z,fashionflipside,https://www.tiktok.com/@s_makania/video/7622718061828672786,7342547647925928966,7622892098950513428,https://p16-sign-va.tiktokcdn.com/tos-maliva-avt-0068/7ed1df6ee7ab3116f8784bf2341810f0~tplv-tiktokx-cropcenter:100:100.jpg?dr=14579&refresh_token=3e31aeb9&x-expires=1775102400&x-signature=uw%2Bf6Q4%2B91p0pYXjTzTP9qaSsnU%3D&t=4d5b0474&ps=13740610&shp=30310797&shcp=ff37627b&idc=my,,,,,,,,,
"A.M. Sunday Collagen Glutathione Mask, a premium addition to @Kocostar US a.m. Sunday line. This mask is super hydrating and lightweight. Key ingredients like Collagen Water (95,000 ppm), Hydrolyzed Collagen, Glutathione, Niacinamide, & Caffeine. Made with plant based hydrogel and micro hole design allow the mask to fit flawlessly. Also is hypoallergenic 💗
The Rose Lip Mask is a nice addition to use to hydrate and nourish.
#KOCOSTAR #AMSUNDAYMASK #GLASSSKIN #CRYSTALSKIN #GLOWROUTINE #COLLAGENMASK #GLUTATHIONEMASK #LIPMASK #GLOWROUTINE #kbeauty",0,0,2026-03-07T21:07:32.000Z,velveteenhippoadvocate,https://www.tiktok.com/@velveteenhippoadvocate/video/7614623129792564498,6928403220855948293,7614623304225161992,https://p16-common-sign.tiktokcdn-us.com/tos-alisg-avt-0068/ff8c966fbe9a66e228798524dec5d622~tplv-tiktokx-cropcenter:100:100.jpg?dr=9640&refresh_token=b435235c&x-expires=1775102400&x-signature=xzHIKFjtVemcpeVsjAMifOH5NTk%3D&t=4d5b0474&ps=13740610&shp=30310797&shcp=ff37627b&idc=useast8,,,,,,,,,
Si súper hidratada,0,,2026-03-11T22:18:36.000Z,elizabethberiguet2,https://www.tiktok.com/@elizabethberiguet2/video/7616026642313415954,7121821590954279941,7616125947040908050,https://p77-sign-va.tiktokcdn.com/tos-maliva-avt-0068/2fae29d2e064b8521dc88553f800c482~tplv-tiktokx-cropcenter:100:100.jpg?dr=14579&refresh_token=991f18c5&x-expires=1775102400&x-signature=0UqoJmoYCY%2BsPJ4UVctFbexrqcE%3D&t=4d5b0474&ps=13740610&shp=30310797&shcp=ff37627b&idc=my2,,,,,,,,,
Son súper buenas te las recomiendo,0,,2026-03-11T22:17:31.000Z,elizabethberiguet2,https://www.tiktok.com/@elizabethberiguet2/video/7616026642313415954,7121821590954279941,7616125622625370887,https://p77-sign-va.tiktokcdn.com/tos-maliva-avt-0068/2fae29d2e064b8521dc88553f800c482~tplv-tiktokx-cropcenter:100:100.jpg?dr=14579&refresh_token=991f18c5&x-expires=1775102400&x-signature=0UqoJmoYCY%2BsPJ4UVctFbexrqcE%3D&t=4d5b0474&ps=13740610&shp=30310797&shcp=ff37627b&idc=my2,,,,,,,,,
🔥🔥🔥,1,1,2026-03-10T04:49:45.000Z,ryma_ugc,https://www.tiktok.com/@yanka_ugc/video/7615474378574171405,6776449699321218054,7615484407445996319,https://p16-common-sign.tiktokcdn-us.com/tos-useast8-avt-0068-tx2/c0d67578d035e5cff48fb477418e3a84~tplv-tiktokx-cropcenter:100:100.jpg?dr=9640&refresh_token=abbc0a26&x-expires=1775102400&x-signature=npFIXVEgSnYXzNat%2F3jyH5aQXw8%3D&t=4d5b0474&ps=13740610&shp=30310797&shcp=ff37627b&idc=useast8,,,,,,,,,
🥰🥰🥰,0,,2026-03-10T06:03:56.000Z,yanka_ugc,https://www.tiktok.com/@yanka_ugc/video/7615474378574171405,7450712666283656238,7615503445391164173,https://p16-common-sign.tiktokcdn-us.com/tos-useast5-avt-0068-tx/3435288270934cc51af81ae0f82ecb8c~tplv-tiktokx-cropcenter:100:100.jpg?dr=9640&refresh_token=775e1f9b&x-expires=1775102400&x-signature=sj7PV4C0PyX3BB3W%2BXy25f4SeGA%3D&t=4d5b0474&ps=13740610&shp=30310797&shcp=ff37627b&idc=useast8,,,,,,,,,
🥰🥰🥰,0,0,2026-03-10T22:01:12.000Z,cristinelb,https://www.tiktok.com/@yanka_ugc/video/7615474378574171405,6852546752731399173,7615750265803899662,https://p19-common-sign.tiktokcdn-us.com/tos-useast8-avt-0068-tx2/bb478fddc126f0576841cf4f3aa5c8e8~tplv-tiktokx-cropcenter:100:100.jpg?dr=9640&refresh_token=09ebfacd&x-expires=1775102400&x-signature=3WugKaOREDGhK6hiPRr0AbGXSMI%3D&t=4d5b0474&ps=13740610&shp=30310797&shcp=ff37627b&idc=useast8,,,,,,,,,
Uyyy que interesante se ve ven esas mascarillas😍 especialmente la de los labios,0,0,2026-03-23T04:10:59.000Z,bydanayris,https://www.tiktok.com/@duaramp/video/7617594856248069384,7522265325006947335,7620298690372731666,https://p16-common-sign.tiktokcdn-us.com/tos-alisg-avt-0068/95de62b9c228a331cba8934b8c3d7011~tplv-tiktokx-cropcenter:100:100.jpg?dr=9640&refresh_token=c062821a&x-expires=1775102400&x-signature=wTyu3XKfwTHAxYk7Odr9V7AIn%2BA%3D&t=4d5b0474&ps=13740610&shp=30310797&shcp=ff37627b&idc=useast5,,,,,,,,,
Quiero La mia 🥰🥰🥰,0,0,2026-03-17T00:40:14.000Z,arleinisalcantara,https://www.tiktok.com/@duaramp/video/7617594856248069384,7166291614209852422,7618017834619405064,https://p16-common-sign.tiktokcdn-us.com/tos-alisg-avt-0068/b5e677e65355dc25400612109f5d84e5~tplv-tiktokx-cropcenter:100:100.jpg?dr=9640&refresh_token=1ebb810c&x-expires=1775102400&x-signature=cs6aYNpI%2BhlHcGGkuHvx%2FxAYPrI%3D&t=4d5b0474&ps=13740610&shp=30310797&shcp=ff37627b&idc=useast5,,,,,,,,,
ur skin get glowing ✨️,0,0,2026-03-13T14:26:44.000Z,lotus.beauty.guid,https://www.tiktok.com/@tizfrizbiz90/video/7616025472094276884,7608302050941617174,7616746477272744726,https://p19-common-sign.tiktokcdn-us.com/tos-maliva-avt-0068/3143e1724e1aeddc29a5f3d702f43cf1~tplv-tiktokx-cropcenter:100:100.jpg?dr=9640&refresh_token=bf1e7d8c&x-expires=1775102400&x-signature=nyD8FKfIB%2BWT82ZrB6CRTMNdyK4%3D&t=4d5b0474&ps=13740610&shp=30310797&shcp=ff37627b&idc=useast8,,,,,,,,,
Omg! I wanna try it looks great,0,0,2026-03-27T20:31:17.000Z,glowwith_gel,https://www.tiktok.com/@tizfrizbiz90/video/7616025472094276884,7558842177829700616,7622035624162394896,https://p16-common-sign.tiktokcdn-us.com/tos-alisg-avt-0068/84699830973dbfaca009e0bc5e61a038~tplv-tiktokx-cropcenter:100:100.jpg?dr=9640&refresh_token=f76d733b&x-expires=1775102400&x-signature=B9E7WbJrqkLl3H017KDAKX9YxUs%3D&t=4d5b0474&ps=13740610&shp=30310797&shcp=ff37627b&idc=useast8,,,,,,,,,
Love these masks and the glow☺️,0,0,2026-04-01T02:17:04.000Z,_rariii13_,https://www.tiktok.com/@tizfrizbiz90/video/7616025472094276884,6917272320734741506,7623609089771373333,https://p16-common-sign.tiktokcdn-us.com/tos-alisg-avt-0068/cbcd0e164b0878e5e51b2b624c35ffb9~tplv-tiktokx-cropcenter:100:100.jpg?dr=9640&refresh_token=aa15034c&x-expires=1775102400&x-signature=VQk2f61vRmAtuOEHdGo1KMJM2Jg%3D&t=4d5b0474&ps=13740610&shp=30310797&shcp=ff37627b&idc=useast8,,,,,,,,,
Love it 😍,1,0,2026-03-13T00:31:46.000Z,liliao_o0,https://www.tiktok.com/@tizfrizbiz90/video/7616025472094276884,7089164906553836550,7616531274538779409,https://p16-common-sign.tiktokcdn-us.com/tos-alisg-avt-0068/561edb3d4c1a6f5f970dd109fa8b9b84~tplv-tiktokx-cropcenter:100:100.jpg?dr=9640&refresh_token=5293fe4a&x-expires=1775102400&x-signature=wMHdCdpvmu9e4XXzNutIOrs12tQ%3D&t=4d5b0474&ps=13740610&shp=30310797&shcp=ff37627b&idc=useast8,,,,,,,,,
Oh my I need that lip mask ❤️,1,0,2026-03-12T14:39:21.000Z,melissa_chew,https://www.tiktok.com/@tizfrizbiz90/video/7616025472094276884,7099388542744331266,7616378697691546375,https://p16-common-sign.tiktokcdn-us.com/tos-alisg-avt-0068/d0714a019d7dd9990db1480b1cc3e947~tplv-tiktokx-cropcenter:100:100.jpg?dr=9640&refresh_token=50c33794&x-expires=1775102400&x-signature=anKyMEvgacgKnWN5ooOU%2BdtnRMY%3D&t=4d5b0474&ps=13740610&shp=30310797&shcp=ff37627b&idc=useast8,,,,,,,,,
thats new to me ..but perfect 👌,0,0,2026-03-17T02:25:36.000Z,the_fifth_blossom,https://www.tiktok.com/@tizfrizbiz90/video/7616025472094276884,7441840545137804344,7618045004137661191,https://p16-common-sign.tiktokcdn-us.com/tos-alisg-avt-0068/d67d88011035fbb347530582252faeae~tplv-tiktokx-cropcenter:100:100.jpg?dr=9640&refresh_token=f510ee04&x-expires=1775102400&x-signature=CrvIwxs%2BW7tJoTfHqrnjvYFtCQE%3D&t=4d5b0474&ps=13740610&shp=30310797&shcp=ff37627b&idc=useast8,,,,,,,,,
Congrats,0,0,2026-03-18T03:20:52.000Z,anabellugc,https://www.tiktok.com/@tizfrizbiz90/video/7616025472094276884,6784212539087324165,7618430342827721480,https://p16-common-sign.tiktokcdn-us.com/tos-alisg-avt-0068/a076dd9ee94d2e7a3441bed896264c39~tplv-tiktokx-cropcenter:100:100.jpg?dr=9640&refresh_token=b2f0620d&x-expires=1775102400&x-signature=Rn%2Fsdvz9lsCfqfoKt1vjo3PzSIU%3D&t=4d5b0474&ps=13740610&shp=30310797&shcp=ff37627b&idc=useast8,,,,,,,,,
Oh wow this sounds good. Need to try it 😍,1,0,2026-03-14T19:01:09.000Z,glow_with_graci,https://www.tiktok.com/@tizfrizbiz90/video/7616025472094276884,7466291937344390160,7617188275774767893,https://p16-common-sign.tiktokcdn-us.com/tos-alisg-avt-0068/3415fba769635b0c9e265989935fcf4d~tplv-tiktokx-cropcenter:100:100.jpg?dr=9640&refresh_token=01e32ae6&x-expires=1775102400&x-signature=CSwjIOaxmNqbo%2BgNXFoHszcebKI%3D&t=4d5b0474&ps=13740610&shp=30310797&shcp=ff37627b&idc=useast8,,,,,,,,,
wow looks great 😍,1,0,2026-03-12T18:37:13.000Z,yourugcgirl,https://www.tiktok.com/@tizfrizbiz90/video/7616025472094276884,7532598940861514759,7616439966625104660,https://p16-common-sign.tiktokcdn-us.com/tos-alisg-avt-0068/198e767add6d1c58a1cd587fa52e828e~tplv-tiktokx-cropcenter:100:100.jpg?dr=9640&refresh_token=deacf279&x-expires=1775102400&x-signature=sAgfygrHuc1w4Ef2YOCYuwsl5GQ%3D&t=4d5b0474&ps=13740610&shp=30310797&shcp=ff37627b&idc=useast8,,,,,,,,,
the texture tho🥰🥰🥰,0,0,2026-03-21T13:19:02.000Z,ugc_ghofrane,https://www.tiktok.com/@tizfrizbiz90/video/7616025472094276884,7489581927008175110,7619697764217766663,https://p16-common-sign.tiktokcdn-us.com/tos-alisg-avt-0068/b921887d027fa9271f06e27dd338ce68~tplv-tiktokx-cropcenter:100:100.jpg?dr=9640&refresh_token=17675425&x-expires=1775102400&x-signature=8Vk3KTmzsWVQKpCRkdQGs0uHG6g%3D&t=4d5b0474&ps=13740610&shp=30310797&shcp=ff37627b&idc=useast8,,,,,,,,,
This brand is new to me but looks so good ❤️,1,1,2026-03-12T10:37:38.000Z,jmballesta,https://www.tiktok.com/@tizfrizbiz90/video/7616025472094276884,6804375107391718402,7616316390106546962,https://p16-common-sign.tiktokcdn-us.com/tos-alisg-avt-0068/cec414dd7cf6ea7b6d453d498a03ee07~tplv-tiktokx-cropcenter:100:100.jpg?dr=9640&refresh_token=756ca310&x-expires=1775102400&x-signature=SMXk5z%2FFfwtTsS%2Bm5UR1NF%2F6IkE%3D&t=4d5b0474&ps=13740610&shp=30310797&shcp=ff37627b&idc=useast8,,,,,,,,,
It’s soo good no lie 😍,0,,2026-03-13T13:43:12.000Z,tizfrizbiz90,https://www.tiktok.com/@tizfrizbiz90/video/7616025472094276884,6828094698067002373,7616735287619912465,https://p16-common-sign.tiktokcdn-us.com/tos-maliva-avt-0068/5770c4c8b07e1aff342e11a8f39bc7a2~tplv-tiktokx-cropcenter:100:100.jpg?dr=9640&refresh_token=5c5ad4f5&x-expires=1775102400&x-signature=2CYjayk8J8FOUprm1bP3ghS384U%3D&t=4d5b0474&ps=13740610&shp=30310797&shcp=ff37627b&idc=useast8,,,,,,,,,
That mask seems amazing bc your skin looks fabulous! ❤️,1,2,2026-03-11T18:52:38.000Z,dii._.aguii,https://www.tiktok.com/@tizfrizbiz90/video/7616025472094276884,7232338202379142150,7616072852899562247,https://p16-common-sign.tiktokcdn-us.com/tos-alisg-avt-0068/e6a64cefb975d41443ba72af1405c148~tplv-tiktokx-cropcenter:100:100.jpg?dr=9640&refresh_token=c935790b&x-expires=1775102400&x-signature=tvMroWCPA9r5fye3NTOn6BIU2zk%3D&t=4d5b0474&ps=13740610&shp=30310797&shcp=ff37627b&idc=useast8,,,,,,,,,
Worth it!! 🥰,0,,2026-03-11T20:10:58.000Z,tizfrizbiz90,https://www.tiktok.com/@tizfrizbiz90/video/7616025472094276884,6828094698067002373,7616093001286353665,https://p16-common-sign.tiktokcdn-us.com/tos-maliva-avt-0068/5770c4c8b07e1aff342e11a8f39bc7a2~tplv-tiktokx-cropcenter:100:100.jpg?dr=9640&refresh_token=5c5ad4f5&x-expires=1775102400&x-signature=2CYjayk8J8FOUprm1bP3ghS384U%3D&t=4d5b0474&ps=13740610&shp=30310797&shcp=ff37627b&idc=useast8,,,,,,,,,
The texture is amazing for sensitive skin!!!,1,1,2026-03-12T22:47:33.000Z,ouiouichloe,https://www.tiktok.com/@tizfrizbiz90/video/7616025472094276884,7592003651292873750,7616504419241263894,https://p16-common-sign.tiktokcdn-us.com/tos-maliva-avt-0068/436f3bb685c955ebebd07a6cb996e91f~tplv-tiktokx-cropcenter:100:100.jpg?dr=9640&refresh_token=063f0e20&x-expires=1775102400&x-signature=SsDJ%2BWfj0MScOtPJVJ2wfExlTzg%3D&t=4d5b0474&ps=13740610&shp=30310797&shcp=ff37627b&idc=useast8,,,,,,,,,
It works well 😻,0,,2026-03-13T13:44:06.000Z,tizfrizbiz90,https://www.tiktok.com/@tizfrizbiz90/video/7616025472094276884,6828094698067002373,7616735518524441361,https://p16-common-sign.tiktokcdn-us.com/tos-maliva-avt-0068/5770c4c8b07e1aff342e11a8f39bc7a2~tplv-tiktokx-cropcenter:100:100.jpg?dr=9640&refresh_token=5c5ad4f5&x-expires=1775102400&x-signature=2CYjayk8J8FOUprm1bP3ghS384U%3D&t=4d5b0474&ps=13740610&shp=30310797&shcp=ff37627b&idc=useast8,,,,,,,,,
Love these! 🤩,0,0,2026-03-11T16:38:39.000Z,glowsmart6,https://www.tiktok.com/@tizfrizbiz90/video/7616025472094276884,7524646413599589398,7616038305336165142,https://p16-common-sign.tiktokcdn-us.com/tos-maliva-avt-0068/4cdb3bffde4b71bc0547429d8919acd0~tplv-tiktokx-cropcenter:100:100.jpg?dr=9640&refresh_token=6034c106&x-expires=1775102400&x-signature=Gj8XYJiVuSZn4rAtxbznWStAFuw%3D&t=4d5b0474&ps=13740610&shp=30310797&shcp=ff37627b&idc=useast8,,,,,,,,,
love these! especially the lip mask 🥰,0,0,2026-03-15T20:22:28.000Z,hola.its.mj,https://www.tiktok.com/@tizfrizbiz90/video/7616025472094276884,7348509380297737222,7617580349903667989,https://p16-common-sign.tiktokcdn-us.com/tos-maliva-avt-0068/42612eb32715c18388b58fe5bc4dbf73~tplv-tiktokx-cropcenter:100:100.jpg?dr=9640&refresh_token=b98290b8&x-expires=1775102400&x-signature=rOBOYOPsN658u9olskDKJHtAd9E%3D&t=4d5b0474&ps=13740610&shp=30310797&shcp=ff37627b&idc=useast8,,,,,,,,,
So hydrating,0,0,2026-03-17T01:15:52.000Z,_devi_ad,https://www.tiktok.com/@tizfrizbiz90/video/7616025472094276884,6557611518236966918,7618027023621751559,https://p16-common-sign.tiktokcdn-us.com/tos-maliva-avt-0068/a9c74a1966f341980b5020144c5bb78e~tplv-tiktokx-cropcenter:100:100.jpg?dr=9640&refresh_token=00ec5aed&x-expires=1775102400&x-signature=9405sO5NPWEPDfJp2U%2FHkYMN1lE%3D&t=4d5b0474&ps=13740610&shp=30310797&shcp=ff37627b&idc=useast8,,,,,,,,,
Love these masks 😍,0,0,2026-03-16T17:13:20.000Z,aeslifestylee,https://www.tiktok.com/@tizfrizbiz90/video/7616025472094276884,6964075337492628485,7617902716761129735,https://p16-common-sign.tiktokcdn-us.com/tos-alisg-avt-0068/c8e2f121ebd53795ecf3fc55b3b8dd51~tplv-tiktokx-cropcenter:100:100.jpg?dr=9640&refresh_token=3a38bdd7&x-expires=1775102400&x-signature=ItPnVqRzTfhpTiHjzaqoJpXegz0%3D&t=4d5b0474&ps=13740610&shp=30310797&shcp=ff37627b&idc=useast8,,,,,,,,,
That lip mask is so cute!! What a gorgeous duo!! 😍,1,1,2026-03-12T13:50:26.000Z,sweet_puffers,https://www.tiktok.com/@tizfrizbiz90/video/7616025472094276884,6812651929878021125,7616366089395897096,https://p16-common-sign.tiktokcdn-us.com/tos-alisg-avt-0068/de1cd26e9587f889aa600b3a22c9a408~tplv-tiktokx-cropcenter:100:100.jpg?dr=9640&refresh_token=95eec5f7&x-expires=1775102400&x-signature=40xwGxvFZMUNsQISjQCMEd2y9KY%3D&t=4d5b0474&ps=13740610&shp=30310797&shcp=ff37627b&idc=useast8,,,,,,,,,
your skin is so flawless 😍,1,0,2026-03-11T23:03:19.000Z,ugc_kisha,https://www.tiktok.com/@tizfrizbiz90/video/7616025472094276884,7169936430260454442,7616137414784434957,https://p16-common-sign.tiktokcdn-us.com/tos-useast5-avt-0068-tx/92598a24874f91ce87a71c7ddfae1940~tplv-tiktokx-cropcenter:100:100.jpg?dr=9640&refresh_token=50aa58c0&x-expires=1775102400&x-signature=CyNlVnpVtfn3ii%2BDsb51Fq2JNxM%3D&t=4d5b0474&ps=13740610&shp=30310797&shcp=ff37627b&idc=useast8,,,,,,,,,
The glo is insane 💕,1,0,2026-03-11T17:09:00.000Z,mishugc_,https://www.tiktok.com/@tizfrizbiz90/video/7616025472094276884,7223117507345941510,7616046139963867926,https://p16-common-sign.tiktokcdn-us.com/tos-maliva-avt-0068/b9dce9c0224b34149c1ba202f36cebf2~tplv-tiktokx-cropcenter:100:100.jpg?dr=9640&refresh_token=6cda0613&x-expires=1775102400&x-signature=lplC8p5RZm%2Fx4trDuKEbgU39mYo%3D&t=4d5b0474&ps=13740610&shp=30310797&shcp=ff37627b&idc=useast8,,,,,,,,,
Looks amazing 😍😍😍,1,0,2026-03-12T22:30:15.000Z,gabyyoshikawaa,https://www.tiktok.com/@tizfrizbiz90/video/7616025472094276884,7355355981491012651,7616499891921961758,https://p16-common-sign.tiktokcdn-us.com/tos-useast5-avt-0068-tx/4c578b18fde3eee6c6930e37741102b1~tplv-tiktokx-cropcenter:100:100.jpg?dr=9640&refresh_token=730c1ead&x-expires=1775102400&x-signature=qI23If8BlpMnw33DsH%2FUUF2%2F3X0%3D&t=4d5b0474&ps=13740610&shp=30310797&shcp=ff37627b&idc=useast8,,,,,,,,,
wanna try the mask so badly 😍😍,1,1,2026-03-12T21:38:16.000Z,yasbeautyguide,https://www.tiktok.com/@tizfrizbiz90/video/7616025472094276884,7508745598343414840,7616486609600545553,https://p19-common-sign.tiktokcdn-us.com/tos-maliva-avt-0068/4f34037e54ed031f5840304f9d4c5183~tplv-tiktokx-cropcenter:100:100.jpg?dr=9640&refresh_token=1b613acf&x-expires=1775102400&x-signature=o0UuNTzk0NFR4IgW8fOE%2Fu%2Bcv74%3D&t=4d5b0474&ps=13740610&shp=30310797&shcp=ff37627b&idc=useast8,,,,,,,,,
Looks really good,0,0,2026-03-12T02:40:15.000Z,fashionflipside,https://www.tiktok.com/@tizfrizbiz90/video/7616025472094276884,7342547647925928966,7616193362458215189,https://p19-common-sign.tiktokcdn-us.com/tos-maliva-avt-0068/7ed1df6ee7ab3116f8784bf2341810f0~tplv-tiktokx-cropcenter:100:100.jpg?dr=9640&refresh_token=1c3d06ad&x-expires=1775102400&x-signature=ck8hcG5R0vm%2BilqFmnF8QfPTWyo%3D&t=4d5b0474&ps=13740610&shp=30310797&shcp=ff37627b&idc=useast8,,,,,,,,,
So Glowing! Damn! Lip mask must be good 🥰,1,1,2026-03-11T16:49:28.000Z,annaxing94,https://www.tiktok.com/@tizfrizbiz90/video/7616025472094276884,7416721300531725344,7616041109101970198,https://p16-common-sign.tiktokcdn-us.com/tos-maliva-avt-0068/341d49afb8c586d9a43be333f5fa55d4~tplv-tiktokx-cropcenter:100:100.jpg?dr=9640&refresh_token=d5932d94&x-expires=1775102400&x-signature=8zXZ4nUZKkeiHq%2FAoVM75LbZPq4%3D&t=4d5b0474&ps=13740610&shp=30310797&shcp=ff37627b&idc=useast8,,,,,,,,,
It was frigging amazing 🥰,1,,2026-03-11T16:57:50.000Z,tizfrizbiz90,https://www.tiktok.com/@tizfrizbiz90/video/7616025472094276884,6828094698067002373,7616043294425891600,https://p16-common-sign.tiktokcdn-us.com/tos-maliva-avt-0068/5770c4c8b07e1aff342e11a8f39bc7a2~tplv-tiktokx-cropcenter:100:100.jpg?dr=9640&refresh_token=5c5ad4f5&x-expires=1775102400&x-signature=2CYjayk8J8FOUprm1bP3ghS384U%3D&t=4d5b0474&ps=13740610&shp=30310797&shcp=ff37627b&idc=useast8,,,,,,,,,
it looks so amazing,1,0,2026-03-11T17:10:02.000Z,beautystylemama,https://www.tiktok.com/@tizfrizbiz90/video/7616025472094276884,6915501315049128965,7616046419544539922,https://p16-common-sign.tiktokcdn-us.com/tos-maliva-avt-0068/06bf2cd4b212689ee0572190c1b81733~tplv-tiktokx-cropcenter:100:100.jpg?dr=9640&refresh_token=50294ab9&x-expires=1775102400&x-signature=wWeQTHm1l02RQNQCh1pX6BrRZqU%3D&t=4d5b0474&ps=13740610&shp=30310797&shcp=ff37627b&idc=useast8,,,,,,,,,
look at this cutey !! 😍 love these products ❤️,1,0,2026-03-11T21:03:32.000Z,accordinglei,https://www.tiktok.com/@tizfrizbiz90/video/7616025472094276884,6816746713287410693,7616106537158230805,https://p16-common-sign.tiktokcdn-us.com/tos-alisg-avt-0068/41b9bc0a3ee3ef852ed81381e2231058~tplv-tiktokx-cropcenter:100:100.jpg?dr=9640&refresh_token=722bb0b3&x-expires=1775102400&x-signature=8%2BQdqBaUW9YYByKkA3AgMSz9g5M%3D&t=4d5b0474&ps=13740610&shp=30310797&shcp=ff37627b&idc=useast8,,,,,,,,,
The lip mask looks so good😍,0,1,2026-03-12T20:09:26.000Z,lilyful29,https://www.tiktok.com/@tizfrizbiz90/video/7616025472094276884,7453500455566885893,7616463732395098887,https://p16-common-sign.tiktokcdn-us.com/tos-alisg-avt-0068/0dc8f5792a190587571cb7cc9996d752~tplv-tiktokx-cropcenter:100:100.jpg?dr=9640&refresh_token=691a3000&x-expires=1775102400&x-signature=QPSh%2BWF6%2FYqHY0JSGahJFpkjxQ4%3D&t=4d5b0474&ps=13740610&shp=30310797&shcp=ff37627b&idc=useast8,,,,,,,,,
How lovely 😍😍,1,0,2026-03-11T16:25:40.000Z,xo_missanna,https://www.tiktok.com/@tizfrizbiz90/video/7616025472094276884,6842650304946963462,7616034991486796566,https://p16-common-sign.tiktokcdn-us.com/tos-maliva-avt-0068/be74f7c81154d851f377b97999970d45~tplv-tiktokx-cropcenter:100:100.jpg?dr=9640&refresh_token=4e0ab8af&x-expires=1775102400&x-signature=922JVGOvImZmRLaB8B7lI%2F1C3Zc%3D&t=4d5b0474&ps=13740610&shp=30310797&shcp=ff37627b&idc=useast8,,,,,,,,,
You are glowing,1,0,2026-03-11T17:27:08.000Z,shilpa0sapkota,https://www.tiktok.com/@tizfrizbiz90/video/7616025472094276884,6576235978992746502,7616050787189867265,https://p16-common-sign.tiktokcdn-us.com/tos-alisg-avt-0068/111b9c50b349624eaf1a328b4ad2fdf2~tplv-tiktokx-cropcenter:100:100.jpg?dr=9640&refresh_token=3f5adec6&x-expires=1775102400&x-signature=H%2F4oTL%2BbIJcKntc0VPOk0rNuHg4%3D&t=4d5b0474&ps=13740610&shp=30310797&shcp=ff37627b&idc=useast8,,,,,,,,,
So Glowing ✨✨✨,1,0,2026-03-11T17:47:48.000Z,curatedbyflavia,https://www.tiktok.com/@tizfrizbiz90/video/7616025472094276884,7445618738830771233,7616056149591016224,https://p16-common-sign.tiktokcdn-us.com/tos-useast2a-avt-0068-euttp/5e3fceaf5112e68b6c651f4bec5a8908~tplv-tiktokx-cropcenter:100:100.jpg?dr=9640&refresh_token=a87f6d5d&x-expires=1775102400&x-signature=%2FyUr29p0G47%2BHaOwJo31rnC4ReQ%3D&t=4d5b0474&ps=13740610&shp=30310797&shcp=ff37627b&idc=useast8,,,,,,,,,
I so need to try these,1,1,2026-03-11T19:43:09.000Z,missxbubbletea,https://www.tiktok.com/@tizfrizbiz90/video/7616025472094276884,6777883297382777862,7616085886824497921,https://p16-common-sign.tiktokcdn-us.com/tos-alisg-avt-0068/cbcaacdc692bfd85a1fad719cfb7f5cd~tplv-tiktokx-cropcenter:100:100.jpg?dr=9640&refresh_token=6b95eb93&x-expires=1775102400&x-signature=ZOPPHScaW51QZELfYCpMioLUtHs%3D&t=4d5b0474&ps=13740610&shp=30310797&shcp=ff37627b&idc=useast5,,,,,,,,,
It’s soo good 🥰,0,,2026-03-11T20:10:42.000Z,tizfrizbiz90,https://www.tiktok.com/@tizfrizbiz90/video/7616025472094276884,6828094698067002373,7616092911817802513,https://p16-common-sign.tiktokcdn-us.com/tos-maliva-avt-0068/5770c4c8b07e1aff342e11a8f39bc7a2~tplv-tiktokx-cropcenter:100:100.jpg?dr=9640&refresh_token=5c5ad4f5&x-expires=1775102400&x-signature=2CYjayk8J8FOUprm1bP3ghS384U%3D&t=4d5b0474&ps=13740610&shp=30310797&shcp=ff37627b&idc=useast5,,,,,,,,,
Wow congratulations 🎊 these masks looks so cool and interesting 😍,1,1,2026-03-12T18:48:45.000Z,osk.bema,https://www.tiktok.com/@tizfrizbiz90/video/7616025472094276884,6955711775984862213,7616442964386300679,https://p16-common-sign.tiktokcdn-us.com/tos-alisg-avt-0068/6f12a12053d01bdc669271c859b91183~tplv-tiktokx-cropcenter:100:100.jpg?dr=9640&refresh_token=6026615c&x-expires=1775102400&x-signature=LxCNgiAhOKUjqt%2FhcXQf2cZp5Cc%3D&t=4d5b0474&ps=13740610&shp=30310797&shcp=ff37627b&idc=useast5,,,,,,,,,
It’s waaayy tooo goood 🥰,0,,2026-03-12T19:11:53.000Z,tizfrizbiz90,https://www.tiktok.com/@tizfrizbiz90/video/7616025472094276884,6828094698067002373,7616448899557229313,https://p16-common-sign.tiktokcdn-us.com/tos-maliva-avt-0068/5770c4c8b07e1aff342e11a8f39bc7a2~tplv-tiktokx-cropcenter:100:100.jpg?dr=9640&refresh_token=5c5ad4f5&x-expires=1775102400&x-signature=2CYjayk8J8FOUprm1bP3ghS384U%3D&t=4d5b0474&ps=13740610&shp=30310797&shcp=ff37627b&idc=useast5,,,,,,,,,
Need to try 😍😍,1,1,2026-03-11T22:25:02.000Z,swijayaaa,https://www.tiktok.com/@tizfrizbiz90/video/7616025472094276884,6871900990724260866,7616127552507806480,https://p16-common-sign.tiktokcdn-us.com/tos-useast2a-avt-0068-giso/0b2803fca4e16a5a74c84ed7a59cf233~tplv-tiktokx-cropcenter:100:100.jpg?dr=9640&refresh_token=cbd4811c&x-expires=1775102400&x-signature=QYIenl5ztecTZNim0Xm3TcYJWfQ%3D&t=4d5b0474&ps=13740610&shp=30310797&shcp=ff37627b&idc=useast5,,,,,,,,,
Must !!,0,,2026-03-12T00:18:01.000Z,tizfrizbiz90,https://www.tiktok.com/@tizfrizbiz90/video/7616025472094276884,6828094698067002373,7616156640103383809,https://p16-common-sign.tiktokcdn-us.com/tos-maliva-avt-0068/5770c4c8b07e1aff342e11a8f39bc7a2~tplv-tiktokx-cropcenter:100:100.jpg?dr=9640&refresh_token=5c5ad4f5&x-expires=1775102400&x-signature=2CYjayk8J8FOUprm1bP3ghS384U%3D&t=4d5b0474&ps=13740610&shp=30310797&shcp=ff37627b&idc=useast5,,,,,,,,,
Wanna try that rose lip mask ❤️,1,1,2026-03-11T19:11:36.000Z,virtuallywith_mary,https://www.tiktok.com/@tizfrizbiz90/video/7616025472094276884,6548050489422282754,7616077741679461128,https://p19-common-sign.tiktokcdn-us.com/tos-alisg-avt-0068/ee02ef3eb1994e9914efe19f635aa1b8~tplv-tiktokx-cropcenter:100:100.jpg?dr=9640&refresh_token=f107deb2&x-expires=1775102400&x-signature=vfhWRY8ElGA24kAWwL1K5Fc1fjc%3D&t=4d5b0474&ps=13740610&shp=30310797&shcp=ff37627b&idc=useast5,,,,,,,,,
I’m obsessed 🥰,0,,2026-03-11T20:10:49.000Z,tizfrizbiz90,https://www.tiktok.com/@tizfrizbiz90/video/7616025472094276884,6828094698067002373,7616092937634317072,https://p16-common-sign.tiktokcdn-us.com/tos-maliva-avt-0068/5770c4c8b07e1aff342e11a8f39bc7a2~tplv-tiktokx-cropcenter:100:100.jpg?dr=9640&refresh_token=5c5ad4f5&x-expires=1775102400&x-signature=2CYjayk8J8FOUprm1bP3ghS384U%3D&t=4d5b0474&ps=13740610&shp=30310797&shcp=ff37627b&idc=useast5,,,,,,,,,
girl ur skin looks flawless 🤩🤩,1,1,2026-03-11T21:06:44.000Z,bare.review,https://www.tiktok.com/@tizfrizbiz90/video/7616025472094276884,7521848241035772934,7616107401661760276,https://p16-common-sign.tiktokcdn-us.com/tos-maliva-avt-0068/ba250c73df6dab8fdced2b6b176c74f9~tplv-tiktokx-cropcenter:100:100.jpg?dr=9640&refresh_token=8d651f32&x-expires=1775102400&x-signature=113%2B48feoj7smBFNoVn91fY%2BC3g%3D&t=4d5b0474&ps=13740610&shp=30310797&shcp=ff37627b&idc=useast5,,,,,,,,,
😍😍😍,0,,2026-03-12T00:18:08.000Z,tizfrizbiz90,https://www.tiktok.com/@tizfrizbiz90/video/7616025472094276884,6828094698067002373,7616156694133179152,https://p16-common-sign.tiktokcdn-us.com/tos-maliva-avt-0068/5770c4c8b07e1aff342e11a8f39bc7a2~tplv-tiktokx-cropcenter:100:100.jpg?dr=9640&refresh_token=5c5ad4f5&x-expires=1775102400&x-signature=2CYjayk8J8FOUprm1bP3ghS384U%3D&t=4d5b0474&ps=13740610&shp=30310797&shcp=ff37627b&idc=useast5,,,,,,,,,
Super hydrating! Want to try the lip mask💋,1,1,2026-03-12T02:05:25.000Z,alpharadiantroamer,https://www.tiktok.com/@tizfrizbiz90/video/7616025472094276884,6986643471445574662,7616184382122607367,https://p16-common-sign.tiktokcdn-us.com/tos-alisg-avt-0068/9a78122f4887c6fdef2f773072e71f16~tplv-tiktokx-cropcenter:100:100.jpg?dr=9640&refresh_token=cfba2277&x-expires=1775102400&x-signature=QzrJZ1J5SxAubgvoTSYQqiaWM3g%3D&t=4d5b0474&ps=13740610&shp=30310797&shcp=ff37627b&idc=useast5,,,,,,,,,
Your skin! So radiant! *swoon*!,1,1,2026-03-12T02:56:15.000Z,ananael93,https://www.tiktok.com/@tizfrizbiz90/video/7616025472094276884,7339621370127074346,7616197471533794061,https://p16-common-sign.tiktokcdn-us.com/tos-useast8-avt-0068-tx2/701e810630509c0a9723c123e5ac88ce~tplv-tiktokx-cropcenter:100:100.jpg?dr=9640&refresh_token=fbab2dd3&x-expires=1775102400&x-signature=x4I%2Fiz4WfUDp9fgoFg1NguOZwqo%3D&t=4d5b0474&ps=13740610&shp=30310797&shcp=ff37627b&idc=useast5,,,,,,,,,
I’m so obsessed with it 😻,1,,2026-03-13T13:43:58.000Z,tizfrizbiz90,https://www.tiktok.com/@tizfrizbiz90/video/7616025472094276884,6828094698067002373,7616735480604164881,https://p16-common-sign.tiktokcdn-us.com/tos-maliva-avt-0068/5770c4c8b07e1aff342e11a8f39bc7a2~tplv-tiktokx-cropcenter:100:100.jpg?dr=9640&refresh_token=5c5ad4f5&x-expires=1775102400&x-signature=2CYjayk8J8FOUprm1bP3ghS384U%3D&t=4d5b0474&ps=13740610&shp=30310797&shcp=ff37627b&idc=useast5,,,,,,,,,
these masks looks fabulous 😍😍wow,1,1,2026-03-11T17:09:21.000Z,marbeautytips,https://www.tiktok.com/@tizfrizbiz90/video/7616025472094276884,7414618963390432289,7616046257986978592,https://p16-common-sign.tiktokcdn-us.com/tos-maliva-avt-0068/734e47a075947d8014da11dedaa0fe11~tplv-tiktokx-cropcenter:100:100.jpg?dr=9640&refresh_token=7385856b&x-expires=1775102400&x-signature=DYJBwlhFpm3lPYqs82j0b5NnJ5Y%3D&t=4d5b0474&ps=13740610&shp=30310797&shcp=ff37627b&idc=useast5,,,,,,,,,
Oh my I love it and worth it 🥰,0,,2026-03-11T17:52:10.000Z,tizfrizbiz90,https://www.tiktok.com/@tizfrizbiz90/video/7616025472094276884,6828094698067002373,7616057226713318160,https://p16-common-sign.tiktokcdn-us.com/tos-maliva-avt-0068/5770c4c8b07e1aff342e11a8f39bc7a2~tplv-tiktokx-cropcenter:100:100.jpg?dr=9640&refresh_token=5c5ad4f5&x-expires=1775102400&x-signature=2CYjayk8J8FOUprm1bP3ghS384U%3D&t=4d5b0474&ps=13740610&shp=30310797&shcp=ff37627b&idc=useast5,,,,,,,,,
Wow your skin ☺️,1,1,2026-03-13T04:17:25.000Z,its.melodyz,https://www.tiktok.com/@tizfrizbiz90/video/7616025472094276884,7418346821359617025,7616589280731693855,https://p16-common-sign.tiktokcdn-us.com/tos-alisg-avt-0068/13444cad98a3e08fc31471eb0f7ff9d3~tplv-tiktokx-cropcenter:100:100.jpg?dr=9640&refresh_token=3d17689a&x-expires=1775102400&x-signature=hvEQIREyTl7yO404hcmancwHuFM%3D&t=4d5b0474&ps=13740610&shp=30310797&shcp=ff37627b&idc=useast5,,,,,,,,,
It’s soo good!!!!,0,,2026-03-13T13:43:24.000Z,tizfrizbiz90,https://www.tiktok.com/@tizfrizbiz90/video/7616025472094276884,6828094698067002373,7616735315390776081,https://p16-common-sign.tiktokcdn-us.com/tos-maliva-avt-0068/5770c4c8b07e1aff342e11a8f39bc7a2~tplv-tiktokx-cropcenter:100:100.jpg?dr=9640&refresh_token=5c5ad4f5&x-expires=1775102400&x-signature=2CYjayk8J8FOUprm1bP3ghS384U%3D&t=4d5b0474&ps=13740610&shp=30310797&shcp=ff37627b&idc=useast5,,,,,,,,,
Love this! Want to try the lip mask especially 😳 You glowing girl 🥰,1,1,2026-03-12T02:42:40.000Z,catherine_loves_beauty,https://www.tiktok.com/@tizfrizbiz90/video/7616025472094276884,7479171729611260974,7616193823340823327,https://p16-common-sign.tiktokcdn-us.com/tos-useast8-avt-0068-tx2/614f54f0572691be0b9b2121bf30122c~tplv-tiktokx-cropcenter:100:100.jpg?dr=9640&refresh_token=2c5f35be&x-expires=1775102400&x-signature=YR6bZTcoJXJQjLvSon10Yf46KkU%3D&t=4d5b0474&ps=13740610&shp=30310797&shcp=ff37627b&idc=useast5,,,,,,,,,
I’m obsessed with this 😻,0,,2026-03-12T15:20:25.000Z,tizfrizbiz90,https://www.tiktok.com/@tizfrizbiz90/video/7616025472094276884,6828094698067002373,7616389223285867265,https://p16-common-sign.tiktokcdn-us.com/tos-maliva-avt-0068/5770c4c8b07e1aff342e11a8f39bc7a2~tplv-tiktokx-cropcenter:100:100.jpg?dr=9640&refresh_token=5c5ad4f5&x-expires=1775102400&x-signature=2CYjayk8J8FOUprm1bP3ghS384U%3D&t=4d5b0474&ps=13740610&shp=30310797&shcp=ff37627b&idc=useast5,,,,,,,,,
Ahh you know I love a peel off mask!!💕,1,1,2026-03-12T04:52:15.000Z,nadyadangbidness,https://www.tiktok.com/@tizfrizbiz90/video/7616025472094276884,6816028529907221510,7616227330851177230,https://p16-common-sign.tiktokcdn-us.com/tos-useast5-avt-0068-tx/7d303da334a9964cf712ff9f7d332085~tplv-tiktokx-cropcenter:100:100.jpg?dr=9640&refresh_token=793d7d7b&x-expires=1775102400&x-signature=rwJLpEwDN5hCuqWi%2B7Le3hmBXn8%3D&t=4d5b0474&ps=13740610&shp=30310797&shcp=ff37627b&idc=useast5,,,,,,,,,
Love using it 😻,0,,2026-03-12T15:20:15.000Z,tizfrizbiz90,https://www.tiktok.com/@tizfrizbiz90/video/7616025472094276884,6828094698067002373,7616389196068324097,https://p16-common-sign.tiktokcdn-us.com/tos-maliva-avt-0068/5770c4c8b07e1aff342e11a8f39bc7a2~tplv-tiktokx-cropcenter:100:100.jpg?dr=9640&refresh_token=5c5ad4f5&x-expires=1775102400&x-signature=2CYjayk8J8FOUprm1bP3ghS384U%3D&t=4d5b0474&ps=13740610&shp=30310797&shcp=ff37627b&idc=useast5,,,,,,,,,
Love this 😍,0,1,2026-03-12T15:22:34.000Z,lifewithjaianna,https://www.tiktok.com/@tizfrizbiz90/video/7616025472094276884,7133410769576985643,7616389568930284319,https://p16-common-sign.tiktokcdn-us.com/tos-useast8-avt-0068-tx2/4f160d456ce075565757deeade41812c~tplv-tiktokx-cropcenter:100:100.jpg?dr=9640&refresh_token=3c90d98b&x-expires=1775102400&x-signature=5CdTdbjWG6H5770%2FOqcvA6FPQ0Q%3D&t=4d5b0474&ps=13740610&shp=30310797&shcp=ff37627b&idc=useast5,,,,,,,,,
I’m loving this 🥰🥰,0,,2026-03-12T16:03:04.000Z,tizfrizbiz90,https://www.tiktok.com/@tizfrizbiz90/video/7616025472094276884,6828094698067002373,7616400223519130385,https://p16-common-sign.tiktokcdn-us.com/tos-maliva-avt-0068/5770c4c8b07e1aff342e11a8f39bc7a2~tplv-tiktokx-cropcenter:100:100.jpg?dr=9640&refresh_token=5c5ad4f5&x-expires=1775102400&x-signature=2CYjayk8J8FOUprm1bP3ghS384U%3D&t=4d5b0474&ps=13740610&shp=30310797&shcp=ff37627b&idc=useast5,,,,,,,,,
Looks amazing 😍💖,1,1,2026-03-11T16:48:55.000Z,manicmariahhh,https://www.tiktok.com/@tizfrizbiz90/video/7616025472094276884,6884051538357765126,7616040767123702559,https://p16-common-sign.tiktokcdn-us.com/tos-useast8-avt-0068-tx2/3e805c4ddcd3299ce683a147b9e6f067~tplv-tiktokx-cropcenter:100:100.jpg?dr=9640&refresh_token=dbcb93e8&x-expires=1775102400&x-signature=QlA0l3G2F13hVBAACcFz6bf9KLM%3D&t=4d5b0474&ps=13740610&shp=30310797&shcp=ff37627b&idc=useast5,,,,,,,,,
New brand to me but their products look so nice 😍🤍,1,1,2026-03-11T16:05:00.000Z,roxieverse,https://www.tiktok.com/@tizfrizbiz90/video/7616025472094276884,7478541048508613653,7616029650968478485,https://p16-common-sign.tiktokcdn-us.com/tos-alisg-avt-0068/6d3121f7b5979b081e5f8d1b74fa47a3~tplv-tiktokx-cropcenter:100:100.jpg?dr=9640&refresh_token=ddd586bf&x-expires=1775102400&x-signature=e04Pg6L%2Bb%2FeMwlECmB0W9F9FeEg%3D&t=4d5b0474&ps=13740610&shp=30310797&shcp=ff37627b&idc=useast5,,,,,,,,,
"These look fab face masks,skin is glowing! 🥰🥰",1,1,2026-03-11T16:57:27.000Z,lisaharvey401,https://www.tiktok.com/@tizfrizbiz90/video/7616025472094276884,7528405020980659232,7616043146372367126,https://p16-common-sign.tiktokcdn-us.com/tos-maliva-avt-0068/f32dc35dd8177216477816456334bf39~tplv-tiktokx-cropcenter:100:100.jpg?dr=9640&refresh_token=9a8aced6&x-expires=1775102400&x-signature=%2BgKxk91ta0KQsPM%2BGrouetVE67g%3D&t=4d5b0474&ps=13740610&shp=30310797&shcp=ff37627b&idc=useast5,,,,,,,,,
It’s so good 🥰,1,,2026-03-11T17:51:00.000Z,tizfrizbiz90,https://www.tiktok.com/@tizfrizbiz90/video/7616025472094276884,6828094698067002373,7616056965710152465,https://p16-common-sign.tiktokcdn-us.com/tos-maliva-avt-0068/5770c4c8b07e1aff342e11a8f39bc7a2~tplv-tiktokx-cropcenter:100:100.jpg?dr=9640&refresh_token=5c5ad4f5&x-expires=1775102400&x-signature=2CYjayk8J8FOUprm1bP3ghS384U%3D&t=4d5b0474&ps=13740610&shp=30310797&shcp=ff37627b&idc=useast5,,,,,,,,,
"Wow, amazing work! ✨",1,0,2026-03-12T03:42:24.000Z,gurpreet.glow.ugc,https://www.tiktok.com/@tizfrizbiz90/video/7616025472094276884,7538600916947584005,7616209345500414728,https://p16-common-sign.tiktokcdn-us.com/tos-alisg-avt-0068/5fae242f20c4c9ae8f51aaea0cfdad0a~tplv-tiktokx-cropcenter:100:100.jpg?dr=9640&refresh_token=2154d962&x-expires=1775102400&x-signature=mdfhLqMJZZSSukulbh3XaRpDaX4%3D&t=4d5b0474&ps=13740610&shp=30310797&shcp=ff37627b&idc=useast5,,,,,,,,,
need to try !💕,1,0,2026-03-12T16:39:40.000Z,sleeping_beauty47,https://www.tiktok.com/@tizfrizbiz90/video/7616025472094276884,6926448871452525574,7616409677093749526,https://p16-common-sign.tiktokcdn-us.com/tos-maliva-avt-0068/14f65751dec1bca943b1b96769ad8387~tplv-tiktokx-cropcenter:100:100.jpg?dr=9640&refresh_token=33a24de9&x-expires=1775102400&x-signature=OQTvv4m0ostqi8lwlEQlQj1U7Cs%3D&t=4d5b0474&ps=13740610&shp=30310797&shcp=ff37627b&idc=useast5,,,,,,,,,
need to try ohh😻😻,1,0,2026-03-12T08:58:19.000Z,1madziula,https://www.tiktok.com/@tizfrizbiz90/video/7616025472094276884,7124429127050314758,7616290643851739906,https://p16-common-sign.tiktokcdn-us.com/tos-useast2a-avt-0068-euttp/9d0409e2efbd12cd5db8fdfe2b4fa0df~tplv-tiktokx-cropcenter:100:100.jpg?dr=9640&refresh_token=a4d944e5&x-expires=1775102400&x-signature=dK4pCbDi0ntJtsMIrpjq3mnk1u4%3D&t=4d5b0474&ps=13740610&shp=30310797&shcp=ff37627b&idc=useast5,,,,,,,,,
Lip mask blessss😻,0,,2026-03-12T15:20:35.000Z,tizfrizbiz90,https://www.tiktok.com/@tizfrizbiz90/video/7616025472094276884,6828094698067002373,7616389307909079824,https://p16-common-sign.tiktokcdn-eu.com/tos-maliva-avt-0068/5770c4c8b07e1aff342e11a8f39bc7a2~tplv-tiktokx-cropcenter:100:100.jpg?dr=10399&refresh_token=6e86fb05&x-expires=1775102400&x-signature=2Qib6UlJQHVt5UwlAIbgA7L%2FNdw%3D&t=4d5b0474&ps=13740610&shp=30310797&shcp=ff37627b&idc=no1a,,,,,,,,,
"looking so fresh, gurl",1,0,2026-03-12T05:44:14.000Z,probinsyanasalayongdapit,https://www.tiktok.com/@tizfrizbiz90/video/7616025472094276884,7190982621963076654,7616240546752168717,https://p16-common-sign.tiktokcdn-eu.com/tos-maliva-avt-0068/185c5dc69882b0b8b527591c956733cf~tplv-tiktokx-cropcenter:100:100.jpg?dr=10399&refresh_token=af8e012a&x-expires=1775102400&x-signature=HDI3siv3HkrJSXsko7dvEcZOcEw%3D&t=4d5b0474&ps=13740610&shp=30310797&shcp=ff37627b&idc=no1a,,,,,,,,,
These look so good,0,0,2026-03-22T10:29:01.000Z,_tan.kitty_,https://www.tiktok.com/@tizfrizbiz90/video/7616025472094276884,7195145196878742534,7620025021201810197,https://p16-common-sign.tiktokcdn-eu.com/tos-alisg-avt-0068/5c28454fe026251b5ecec383f2a0a52e~tplv-tiktokx-cropcenter:100:100.jpg?dr=10399&refresh_token=306b5f9b&x-expires=1775102400&x-signature=T0XZpiemS%2BIALDDOhhq7TjviQQw%3D&t=4d5b0474&ps=13740610&shp=30310797&shcp=ff37627b&idc=no1a,,,,,,,,,
Oh my gosh it’s so good 😍,0,,2026-03-11T16:20:21.000Z,tizfrizbiz90,https://www.tiktok.com/@tizfrizbiz90/video/7616025472094276884,6828094698067002373,7616033611762762497,https://p16-common-sign.tiktokcdn-eu.com/tos-maliva-avt-0068/5770c4c8b07e1aff342e11a8f39bc7a2~tplv-tiktokx-cropcenter:100:100.jpg?dr=10399&refresh_token=6e86fb05&x-expires=1775102400&x-signature=2Qib6UlJQHVt5UwlAIbgA7L%2FNdw%3D&t=4d5b0474&ps=13740610&shp=30310797&shcp=ff37627b&idc=no1a,,,,,,,,,
Love a good hydrating mask ❤️,1,0,2026-03-11T22:21:40.000Z,beautyndvlogs,https://www.tiktok.com/@tizfrizbiz90/video/7616025472094276884,7356920139415094277,7616126712859181840,https://p16-common-sign.tiktokcdn-eu.com/tos-alisg-avt-0068/c20de9c7fcea3954378ae394f8af8bd0~tplv-tiktokx-cropcenter:100:100.jpg?dr=10399&refresh_token=0fd89a34&x-expires=1775102400&x-signature=S7ytX%2Bo4GPZpSs%2FIvvtYvh6%2BkUY%3D&t=4d5b0474&ps=13740610&shp=30310797&shcp=ff37627b&idc=no1a,,,,,,,,,
Girl I’m obsessed with the lip mask 😻😻,0,,2026-03-13T13:43:37.000Z,tizfrizbiz90,https://www.tiktok.com/@tizfrizbiz90/video/7616025472094276884,6828094698067002373,7616735379253510928,https://p16-common-sign.tiktokcdn-eu.com/tos-maliva-avt-0068/5770c4c8b07e1aff342e11a8f39bc7a2~tplv-tiktokx-cropcenter:100:100.jpg?dr=10399&refresh_token=6e86fb05&x-expires=1775102400&x-signature=2Qib6UlJQHVt5UwlAIbgA7L%2FNdw%3D&t=4d5b0474&ps=13740610&shp=30310797&shcp=ff37627b&idc=no1a,,,,,,,,,
Amo esas mascarillas a si,0,0,2026-03-31T03:17:22.000Z,genesispaloma22,https://www.tiktok.com/@lisneyly_ugc/video/7622888496734178581,6924032351870387205,7623253514022257415,https://p16-common-sign.tiktokcdn-us.com/tos-alisg-avt-0068/c67e530fe4712ba609245b150d16e4fa~tplv-tiktokx-cropcenter:100:100.jpg?dr=9640&refresh_token=0886bb47&x-expires=1775102400&x-signature=kNBvMqbaZ3%2FEstPmzQkyVUCSBrw%3D&t=4d5b0474&ps=13740610&shp=30310797&shcp=ff37627b&idc=useast8,,,,,,,,,
"que chuloooo, nunca había visto una así 🤯💗",0,0,2026-03-31T00:34:39.000Z,albafeliz_,https://www.tiktok.com/@lisneyly_ugc/video/7622888496734178581,6548201084614087680,7623211540745700116,https://p16-common-sign.tiktokcdn-us.com/tos-alisg-avt-0068/f286c86372b2b017cfc30be41fc73103~tplv-tiktokx-cropcenter:100:100.jpg?dr=9640&refresh_token=a63338b1&x-expires=1775102400&x-signature=yZ%2BPDJfkJt2jX2p9UEZhH%2FtysXQ%3D&t=4d5b0474&ps=13740610&shp=30310797&shcp=ff37627b&idc=useast8,,,,,,,,,
I’m obsessed 😻,0,,2026-03-13T13:42:23.000Z,tizfrizbiz90,https://www.tiktok.com/@tizfrizbiz90/video/7616025472094276884,6828094698067002373,7616735081792766721,https://p16-common-sign.tiktokcdn.com/tos-maliva-avt-0068/5770c4c8b07e1aff342e11a8f39bc7a2~tplv-tiktokx-cropcenter:100:100.jpg?dr=14579&refresh_token=136b8479&x-expires=1775102400&x-signature=aPqD3vhQnBXnIl3lhFouklKB7bU%3D&t=4d5b0474&ps=13740610&shp=30310797&shcp=ff37627b&idc=my,,,,,,,,,
It’s soo good 😻,0,,2026-03-13T13:42:41.000Z,tizfrizbiz90,https://www.tiktok.com/@tizfrizbiz90/video/7616025472094276884,6828094698067002373,7616735161220088593,https://p16-common-sign.tiktokcdn.com/tos-maliva-avt-0068/5770c4c8b07e1aff342e11a8f39bc7a2~tplv-tiktokx-cropcenter:100:100.jpg?dr=14579&refresh_token=136b8479&x-expires=1775102400&x-signature=aPqD3vhQnBXnIl3lhFouklKB7bU%3D&t=4d5b0474&ps=13740610&shp=30310797&shcp=ff37627b&idc=my,,,,,,,,,
Love this 💗,1,0,2026-03-12T11:00:54.000Z,cute_.seori,https://www.tiktok.com/@tizfrizbiz90/video/7616025472094276884,7216677599941559297,7616322389882323719,https://p16-sign-sg.tiktokcdn.com/tos-alisg-avt-0068/b93b0667234ee7de2e8a080a1b322667~tplv-tiktokx-cropcenter:100:100.jpg?dr=14579&refresh_token=ca722d60&x-expires=1775102400&x-signature=lLhBU6xbxOPTJvSCbZz8kx1Rsms%3D&t=4d5b0474&ps=13740610&shp=30310797&shcp=ff37627b&idc=my,,,,,,,,,
Wow 😍,1,0,2026-03-13T14:05:28.000Z,skincare4387,https://www.tiktok.com/@tizfrizbiz90/video/7616025472094276884,7258669815144694810,7616741020541698849,https://p16-sign-va.tiktokcdn.com/tos-maliva-avt-0068/a2cdbdd3e66bd7aa17fdac3921c12d44~tplv-tiktokx-cropcenter:100:100.jpg?dr=14579&refresh_token=d196d7c9&x-expires=1775102400&x-signature=xMz0Fmhvnes5Dq7DnGlci4hjMzk%3D&t=4d5b0474&ps=13740610&shp=30310797&shcp=ff37627b&idc=my,,,,,,,,,
Your skin & lips look so hydrated 🩷🩷🩷,0,0,2026-03-20T02:17:10.000Z,jj_enn1fer,https://www.tiktok.com/@pamlati/video/7619097085152939277,7578768080391144461,7619156017834328845,https://p16-common-sign.tiktokcdn-us.com/tos-useast5-avt-0068-tx/2f698c96daa10688d095ebd7fdc30784~tplv-tiktokx-cropcenter:100:100.jpg?dr=9640&refresh_token=1ea5c349&x-expires=1775102400&x-signature=aXTm0mouUcLo6hPdPXr%2BEBMT5Io%3D&t=4d5b0474&ps=13740610&shp=30310797&shcp=ff37627b&idc=useast8,,,,,,,,,
😍😍,1,0,2026-03-20T02:18:00.000Z,brenbaepsalm91,https://www.tiktok.com/@pamlati/video/7619097085152939277,7158902821311579179,7619156204883903245,https://p16-common-sign.tiktokcdn-us.com/tos-useast5-avt-0068-tx/8cf7afb211bbea3bc38b11c9c80ccf09~tplv-tiktokx-cropcenter:100:100.jpg?dr=9640&refresh_token=a6710253&x-expires=1775102400&x-signature=1ALrLaoOdP9D0Z7yPDJ1EU7K2zg%3D&t=4d5b0474&ps=13740610&shp=30310797&shcp=ff37627b&idc=useast8,,,,,,,,,
Hola hola 🙏🏼🙏🏼❤️,1,0,2026-03-29T18:20:13.000Z,dianaarroyo1214,https://www.tiktok.com/@veraesencia1/video/7622429600911543582,6879019613754328070,7622744001262797581,https://p16-sign-va.tiktokcdn.com/tos-maliva-avt-0068/5c4203b34694e093fd552344c3d188a8~tplv-tiktokx-cropcenter:100:100.jpg?dr=14579&refresh_token=2ecdebaa&x-expires=1775102400&x-signature=SLSMyoBcNjACcMQmDMGfm1VVVE8%3D&t=4d5b0474&ps=13740610&shp=30310797&shcp=ff37627b&idc=my3,,,,,,,,,
👏,1,0,2026-03-29T20:00:11.000Z,yusmari.leyva,https://www.tiktok.com/@veraesencia1/video/7622429600911543582,7584080843808998408,7622769808442032914,https://p16-sign-va.tiktokcdn.com/tos-maliva-avt-0068/7c78a1cfe2334fc1a9a32f538c8814e1~tplv-tiktokx-cropcenter:100:100.jpg?dr=14579&refresh_token=af3a0731&x-expires=1775102400&x-signature=x7Csuj0Q9bVRL3ikkJEsPNtbKrw%3D&t=4d5b0474&ps=13740610&shp=30310797&shcp=ff37627b&idc=my3,,,,,,,,,
The lip mask looks fab.,1,0,2026-03-27T23:29:01.000Z,carrieup6,https://www.tiktok.com/@skincareshay/video/7621953696083102990,7155626985175516203,7622081352208892686,https://p19-common-sign.tiktokcdn-us.com/tos-useast5-avt-0068-tx/6b34fd3cf2bdc3f8e0679204baf82da9~tplv-tiktokx-cropcenter:100:100.jpg?dr=9640&refresh_token=92415295&x-expires=1775102400&x-signature=Np%2FgluUFALZg0wTGBwCSt%2FPVOjc%3D&t=4d5b0474&ps=13740610&shp=30310797&shcp=ff37627b&idc=useast5,,,,,,,,,
Ohh! That looks neat!,1,1,2026-03-28T15:57:25.000Z,__karen__g,https://www.tiktok.com/@skincareshay/video/7621953696083102990,7010588237219628037,7622336057497027358,https://p16-common-sign.tiktokcdn-us.com/tos-useast8-avt-0068-tx2/d6e5d016530c8ee9f1992eca2bf36ae7~tplv-tiktokx-cropcenter:100:100.jpg?dr=9640&refresh_token=0ce54dd1&x-expires=1775102400&x-signature=5S9zRPGq%2BvHyaP8t1yzAhOCXy1o%3D&t=4d5b0474&ps=13740610&shp=30310797&shcp=ff37627b&idc=useast5,,,,,,,,,
riiiight,1,,2026-03-28T17:51:43.000Z,skincareshay,https://www.tiktok.com/@skincareshay/video/7621953696083102990,7561280432856138766,7622365478384239374,https://p16-common-sign.tiktokcdn-us.com/tos-useast5-avt-0068-tx/2f8c027f50bf6a228a1f161f75ee4cc3~tplv-tiktokx-cropcenter:100:100.jpg?dr=9640&refresh_token=1ab0f652&x-expires=1775102400&x-signature=oKsryo9P%2FSM0rmHK1r8vtzrdX18%3D&t=4d5b0474&ps=13740610&shp=30310797&shcp=ff37627b&idc=useast5,,,,,,,,,
Okay these are fun,1,0,2026-03-30T21:48:17.000Z,haul.yeah.idaho,https://www.tiktok.com/@skincareshay/video/7621953696083102990,7489903781226218526,7623168622412874510,https://p16-common-sign.tiktokcdn-us.com/tos-useast5-avt-0068-tx/71974f1fc9d794de6cc6662d93decd0b~tplv-tiktokx-cropcenter:100:100.jpg?dr=9640&refresh_token=208febc0&x-expires=1775102400&x-signature=uRtefu8qp7WFBueCq55uG7L%2BJjE%3D&t=4d5b0474&ps=13740610&shp=30310797&shcp=ff37627b&idc=useast5,,,,,,,,,
The clear mask is just so freaking lux to me!! Like is there a more chic face mask?? I don’t think so!,0,1,2026-03-27T20:11:43.000Z,taylorbaldwin24,https://www.tiktok.com/@skincareshay/video/7621953696083102990,6660534989287292934,7622030490321273630,https://p16-common-sign.tiktokcdn-us.com/tos-useast8-avt-0068-tx2/b9229c743c1f2bc9bf2691c717b64d81~tplv-tiktokx-cropcenter:100:100.jpg?dr=9640&refresh_token=e8c49993&x-expires=1775102400&x-signature=oK8F5YLtwKia6yTvV%2FAIDyjM1Tk%3D&t=4d5b0474&ps=13740610&shp=30310797&shcp=ff37627b&idc=useast5,,,,,,,,,
"No literally, it’s so good",1,,2026-03-27T22:11:52.000Z,skincareshay,https://www.tiktok.com/@skincareshay/video/7621953696083102990,7561280432856138766,7622061546743087885,https://p16-common-sign.tiktokcdn-us.com/tos-useast5-avt-0068-tx/2f8c027f50bf6a228a1f161f75ee4cc3~tplv-tiktokx-cropcenter:100:100.jpg?dr=9640&refresh_token=1ab0f652&x-expires=1775102400&x-signature=oKsryo9P%2FSM0rmHK1r8vtzrdX18%3D&t=4d5b0474&ps=13740610&shp=30310797&shcp=ff37627b&idc=useast5,,,,,,,,,
Okay I want to try all of the above these look soooooo good!!!!,1,1,2026-03-27T23:25:49.000Z,itskellymax,https://www.tiktok.com/@skincareshay/video/7621953696083102990,6974093108805043206,7622080472986665741,https://p16-common-sign.tiktokcdn-us.com/tos-useast5-avt-0068-tx/d6003db276e2487eb547aa7e3c3958e6~tplv-tiktokx-cropcenter:100:100.jpg?dr=9640&refresh_token=098154ea&x-expires=1775102400&x-signature=l1DhrFi9eYI7bF9ZKO3aB0i1GCo%3D&t=4d5b0474&ps=13740610&shp=30310797&shcp=ff37627b&idc=useast5,,,,,,,,,
I love how it covers the lips!,0,1,2026-03-27T16:12:32.000Z,ibarra.chelsea,https://www.tiktok.com/@skincareshay/video/7621953696083102990,7021957816241079302,7621968805838013214,https://p19-common-sign.tiktokcdn-us.com/tos-useast8-avt-0068-tx2/8ce777a2785f8001c554191ffcd5fca1~tplv-tiktokx-cropcenter:100:100.jpg?dr=9640&refresh_token=2a95745d&x-expires=1775102400&x-signature=415bixVfYzm1f5YB7NivzpVXxr4%3D&t=4d5b0474&ps=13740610&shp=30310797&shcp=ff37627b&idc=useast5,,,,,,,,,
Me too! It’s so soothing too,1,,2026-03-27T22:12:01.000Z,skincareshay,https://www.tiktok.com/@skincareshay/video/7621953696083102990,7561280432856138766,7622061567965872909,https://p16-common-sign.tiktokcdn-us.com/tos-useast5-avt-0068-tx/2f8c027f50bf6a228a1f161f75ee4cc3~tplv-tiktokx-cropcenter:100:100.jpg?dr=9640&refresh_token=1ab0f652&x-expires=1775102400&x-signature=oKsryo9P%2FSM0rmHK1r8vtzrdX18%3D&t=4d5b0474&ps=13740610&shp=30310797&shcp=ff37627b&idc=useast5,,,,,,,,,
I like the way the mask looks 🧐,0,1,2026-03-27T17:33:43.000Z,alexgrezaffi,https://www.tiktok.com/@skincareshay/video/7621953696083102990,6718134126530315270,7621989787256668959,https://p16-common-sign.tiktokcdn-us.com/tos-useast8-avt-0068-tx2/47962577751040c7a117823f3d9aeec4~tplv-tiktokx-cropcenter:100:100.jpg?dr=9640&refresh_token=96f0c96c&x-expires=1775102400&x-signature=zzTnvTmZuPuvhLC0YsQ%2BXpgAFFc%3D&t=4d5b0474&ps=13740610&shp=30310797&shcp=ff37627b&idc=useast5,,,,,,,,,
Stop I think I just bought this today cause it looked so cool!,0,1,2026-03-27T22:15:09.000Z,itselliebunny,https://www.tiktok.com/@skincareshay/video/7621953696083102990,5757667,7622062360874238751,https://p16-common-sign.tiktokcdn-us.com/tos-useast8-avt-0068-tx2/44218f85168febf4f92eddaf4d4e932f~tplv-tiktokx-cropcenter:100:100.jpg?dr=9640&refresh_token=993c2fad&x-expires=1775102400&x-signature=tErx%2BKFSdLc7lfBhBsxaTJj5wuw%3D&t=4d5b0474&ps=13740610&shp=30310797&shcp=ff37627b&idc=useast5,,,,,,,,,
Those look so good!,0,1,2026-03-27T18:16:24.000Z,lindsey..lewis,https://www.tiktok.com/@skincareshay/video/7621953696083102990,6631912335907045381,7622000716224283406,https://p16-common-sign.tiktokcdn-us.com/tos-useast5-avt-0068-tx/7352140463714861098~tplv-tiktokx-cropcenter:100:100.jpg?dr=9640&refresh_token=7dc00dbf&x-expires=1775102400&x-signature=1wEdPiKTGlsepsUAgddEnxgDkE4%3D&t=4d5b0474&ps=13740610&shp=30310797&shcp=ff37627b&idc=useast5,,,,,,,,,
How cool is this? 😍,1,1,2026-03-28T15:49:23.000Z,abaughn,https://www.tiktok.com/@skincareshay/video/7621953696083102990,7151897142952821803,7622334051797713695,https://p19-common-sign.tiktokcdn-us.com/tos-useast8-avt-0068-tx2/bfb11303cd2765a081c1409cec85ca04~tplv-tiktokx-cropcenter:100:100.jpg?dr=9640&refresh_token=ce166030&x-expires=1775102400&x-signature=W3rjcEnPxyeOqzf4utuvRhx4Dm8%3D&t=4d5b0474&ps=13740610&shp=30310797&shcp=ff37627b&idc=useast5,,,,,,,,,
wow! your skin looks amazing,0,1,2026-03-27T15:35:39.000Z,skincare.with.carolina,https://www.tiktok.com/@skincareshay/video/7621953696083102990,7567644681645065230,7621959286475211550,https://p16-common-sign.tiktokcdn-us.com/tos-useast8-avt-0068-tx2/b2492cb62f28b8e5fbda4fec6f81730b~tplv-tiktokx-cropcenter:100:100.jpg?dr=9640&refresh_token=925cc0ca&x-expires=1775102400&x-signature=Clo2zRkE11VByEzEMJvFbrtSErI%3D&t=4d5b0474&ps=13740610&shp=30310797&shcp=ff37627b&idc=useast5,,,,,,,,,
Yesssss love this,1,1,2026-03-28T13:45:45.000Z,lexplainingskincare,https://www.tiktok.com/@skincareshay/video/7621953696083102990,6813530264787174405,7622302085095359262,https://p16-common-sign.tiktokcdn-us.com/tos-maliva-avt-0068/7325576836766711814~tplv-tiktokx-cropcenter:100:100.jpg?dr=9640&refresh_token=91e35edf&x-expires=1775102400&x-signature=cvzal4bsmxvGCvNRiYfq6wA6%2BYo%3D&t=4d5b0474&ps=13740610&shp=30310797&shcp=ff37627b&idc=useast5,,,,,,,,,
🥰🥰🥰,1,,2026-03-28T13:50:05.000Z,skincareshay,https://www.tiktok.com/@skincareshay/video/7621953696083102990,7561280432856138766,7622303272745386766,https://p16-common-sign.tiktokcdn-us.com/tos-useast5-avt-0068-tx/2f8c027f50bf6a228a1f161f75ee4cc3~tplv-tiktokx-cropcenter:100:100.jpg?dr=9640&refresh_token=1ab0f652&x-expires=1775102400&x-signature=oKsryo9P%2FSM0rmHK1r8vtzrdX18%3D&t=4d5b0474&ps=13740610&shp=30310797&shcp=ff37627b&idc=useast5,,,,,,,,,
u in the mirror at the end im dying,0,1,2026-03-28T03:06:10.000Z,gabbieslifee67,https://www.tiktok.com/@skincareshay/video/7621953696083102990,7464814765538296863,7622137254933594910,https://p16-common-sign.tiktokcdn-us.com/tos-useast8-avt-0068-tx2/b2df4bd85db75cef825a4363066e15c3~tplv-tiktokx-cropcenter:100:100.jpg?dr=9640&refresh_token=b24f4a08&x-expires=1775102400&x-signature=FRwDeXmBZJTQPR4BKivQpDm6IsE%3D&t=4d5b0474&ps=13740610&shp=30310797&shcp=ff37627b&idc=useast5,,,,,,,,,
broooo lolol,1,,2026-03-28T03:39:33.000Z,skincareshay,https://www.tiktok.com/@skincareshay/video/7621953696083102990,7561280432856138766,7622145963037917965,https://p16-common-sign.tiktokcdn-us.com/tos-useast5-avt-0068-tx/2f8c027f50bf6a228a1f161f75ee4cc3~tplv-tiktokx-cropcenter:100:100.jpg?dr=9640&refresh_token=1ab0f652&x-expires=1775102400&x-signature=oKsryo9P%2FSM0rmHK1r8vtzrdX18%3D&t=4d5b0474&ps=13740610&shp=30310797&shcp=ff37627b&idc=useast5,,,,,,,,,
those lip masks look so cool!,0,1,2026-03-27T16:23:40.000Z,awmill,https://www.tiktok.com/@skincareshay/video/7621953696083102990,6795032860089844742,7621971697772446494,https://p16-common-sign.tiktokcdn-us.com/tos-maliva-avt-0068/7331453158029918214~tplv-tiktokx-cropcenter:100:100.jpg?dr=9640&refresh_token=d8a58f07&x-expires=1775102400&x-signature=oGaPlatAzYO0%2FHRB5VnMOaYv%2FKM%3D&t=4d5b0474&ps=13740610&shp=30310797&shcp=ff37627b&idc=useast5,,,,,,,,,
The lip masks are so cool!!,0,1,2026-03-27T15:19:58.000Z,kalondrac,https://www.tiktok.com/@skincareshay/video/7621953696083102990,6806824213148943366,7621955375390278431,https://p16-common-sign.tiktokcdn-us.com/tos-useast8-avt-0068-tx2/0f8bfc1c716e507f18294833b34a3281~tplv-tiktokx-cropcenter:100:100.jpg?dr=9640&refresh_token=3f37e97f&x-expires=1775102400&x-signature=bbWwGwG%2FccRy7Qto9m17dzJsk%2FQ%3D&t=4d5b0474&ps=13740610&shp=30310797&shcp=ff37627b&idc=useast5,,,,,,,,,
they are! the packaging is so fun too,1,,2026-03-27T22:12:48.000Z,skincareshay,https://www.tiktok.com/@skincareshay/video/7621953696083102990,7561280432856138766,7622061766986285838,https://p16-common-sign.tiktokcdn-us.com/tos-useast5-avt-0068-tx/2f8c027f50bf6a228a1f161f75ee4cc3~tplv-tiktokx-cropcenter:100:100.jpg?dr=9640&refresh_token=1ab0f652&x-expires=1775102400&x-signature=oKsryo9P%2FSM0rmHK1r8vtzrdX18%3D&t=4d5b0474&ps=13740610&shp=30310797&shcp=ff37627b&idc=useast5,,,,,,,,,
That glow!!!!,0,1,2026-03-27T15:34:48.000Z,simplyciciskin,https://www.tiktok.com/@skincareshay/video/7621953696083102990,6564905456656973830,7621959172988896030,https://p16-common-sign.tiktokcdn-us.com/tos-useast8-avt-0068-tx2/1d189dc5c8c0aec089cae4a837a796ab~tplv-tiktokx-cropcenter:100:100.jpg?dr=9640&refresh_token=655752ac&x-expires=1775102400&x-signature=cBNNCwWYIQzlsFdU1sYxbDwOjFY%3D&t=4d5b0474&ps=13740610&shp=30310797&shcp=ff37627b&idc=useast5,,,,,,,,,
❤️❤️❤️❤️,0,1,2026-03-27T15:27:48.000Z,rogerroosmama12,https://www.tiktok.com/@skincareshay/video/7621953696083102990,6947072116681131013,7621957362567758623,https://p16-common-sign.tiktokcdn-us.com/tos-useast8-avt-0068-tx2/770a8ebad09e063166433bf6040338c6~tplv-tiktokx-cropcenter:100:100.jpg?dr=9640&refresh_token=88ca7ef2&x-expires=1775102400&x-signature=N2u0rz1A7TYxP3W7qVSp2FBUX3I%3D&t=4d5b0474&ps=13740610&shp=30310797&shcp=ff37627b&idc=useast5,,,,,,,,,
❤️,1,,2026-03-27T22:12:50.000Z,skincareshay,https://www.tiktok.com/@skincareshay/video/7621953696083102990,7561280432856138766,7622061763693675278,https://p16-common-sign.tiktokcdn-us.com/tos-useast5-avt-0068-tx/2f8c027f50bf6a228a1f161f75ee4cc3~tplv-tiktokx-cropcenter:100:100.jpg?dr=9640&refresh_token=1ab0f652&x-expires=1775102400&x-signature=oKsryo9P%2FSM0rmHK1r8vtzrdX18%3D&t=4d5b0474&ps=13740610&shp=30310797&shcp=ff37627b&idc=useast5,,,,,,,,,
Amoooo😍,1,0,2026-03-17T14:45:57.000Z,anaa.mtsss,https://www.tiktok.com/@revexxamuse/video/7617521126020877599,6923803195479262214,7618235804222407440,https://p16-common-sign.tiktokcdn-us.com/tos-alisg-avt-0068/a4efe005db5c3a37b52c70d05c5bd536~tplv-tiktokx-cropcenter:100:100.jpg?dr=9640&refresh_token=ea46661f&x-expires=1775102400&x-signature=mgtxmhgQpZHndM0vyNcsOzdFavU%3D&t=4d5b0474&ps=13740610&shp=30310797&shcp=ff37627b&idc=useast8,,,,,,,,,
Amo esas mascarillas😍,1,0,2026-03-19T12:50:59.000Z,marielvissb_21,https://www.tiktok.com/@revexxamuse/video/7617521126020877599,6681042717294724101,7618948345361482504,https://p16-common-sign.tiktokcdn-us.com/tos-alisg-avt-0068/ceca5928ba38e52532326c18e5de656b~tplv-tiktokx-cropcenter:100:100.jpg?dr=9640&refresh_token=743a1522&x-expires=1775102400&x-signature=qROZZgIrac2zjOWOrT8UxUrPpag%3D&t=4d5b0474&ps=13740610&shp=30310797&shcp=ff37627b&idc=useast8,,,,,,,,,
Me encantan esas mascarillas para los labios😍😍😍,0,0,2026-03-15T17:37:29.000Z,shailynpadilla,https://www.tiktok.com/@revexxamuse/video/7617521126020877599,6854031077812962309,7617537830235276033,https://p16-common-sign.tiktokcdn-us.com/tos-maliva-avt-0068/8947a125f161744dfeb0d8e79d55c826~tplv-tiktokx-cropcenter:100:100.jpg?dr=9640&refresh_token=819bc424&x-expires=1775102400&x-signature=4OXL8ak9pyMxtOC6t00MdR4W4w0%3D&t=4d5b0474&ps=13740610&shp=30310797&shcp=ff37627b&idc=useast8,,,,,,,,,
ergaa las mascarillas para los labios están TOP 🥰❤️😎,1,1,2026-03-15T21:41:30.000Z,tudopaminadigital,https://www.tiktok.com/@revexxamuse/video/7617521126020877599,7305248203271898118,7617600706912207634,https://p16-common-sign.tiktokcdn-us.com/tos-maliva-avt-0068/07512b559bc81de857a4a27c89cd4d34~tplv-tiktokx-cropcenter:100:100.jpg?dr=9640&refresh_token=ba8bdfc1&x-expires=1775102400&x-signature=VerJR2B9fXUyt%2FTcWxMEbJE89VE%3D&t=4d5b0474&ps=13740610&shp=30310797&shcp=ff37627b&idc=useast8,,,,,,,,,
El finalsh me encantó también 🥰🥰🔥,1,,2026-03-19T14:15:21.000Z,revexxamuse,https://www.tiktok.com/@revexxamuse/video/7617521126020877599,7222987800110056491,7618969993745400607,https://p16-common-sign.tiktokcdn-us.com/tos-useast5-avt-0068-tx/cf548def4eaf510f3de4724998a15741~tplv-tiktokx-cropcenter:100:100.jpg?dr=9640&refresh_token=0fb32da7&x-expires=1775102400&x-signature=kpK1JkyS2UaMQg46jgQ6TzCp2QI%3D&t=4d5b0474&ps=13740610&shp=30310797&shcp=ff37627b&idc=useast8,,,,,,,,,
This is super good i love it,1,2,2026-03-16T02:01:10.000Z,sumeraslifestyle,https://www.tiktok.com/@maham4peace/video/7616979808441978133,7509463814205015070,7617667489602061087,https://p16-common-sign.tiktokcdn-us.com/tos-useast8-avt-0068-tx2/489b6b5369044cc8a637af1bcab574b7~tplv-tiktokx-cropcenter:100:100.jpg?dr=9640&refresh_token=d37b3150&x-expires=1775102400&x-signature=IQnHlD%2BVSwB9eRX9PPyufroahfc%3D&t=4d5b0474&ps=13740610&shp=30310797&shcp=ff37627b&idc=useast8,,,,,,,,,
The mask is so hydrating 😍,2,,2026-03-16T03:06:10.000Z,maham4peace,https://www.tiktok.com/@maham4peace/video/7616979808441978133,7231744940810961925,7617684342752297749,https://p16-common-sign.tiktokcdn-us.com/tos-maliva-avt-0068/76ccea41b61a451bee2e43cf0eb1dffb~tplv-tiktokx-cropcenter:100:100.jpg?dr=9640&refresh_token=3c4310fc&x-expires=1775102400&x-signature=0gfLX4%2Bk2ovvpKzKpQ1zvZ6U3xw%3D&t=4d5b0474&ps=13740610&shp=30310797&shcp=ff37627b&idc=useast8,,,,,,,,,
These mask look great!,1,1,2026-03-17T02:02:55.000Z,reviewsby_mj,https://www.tiktok.com/@maham4peace/video/7616979808441978133,7278614195183715334,7618039166215193352,https://p16-common-sign.tiktokcdn-us.com/tos-maliva-avt-0068/040e63ddbe2fc8c64d823302f501c41f~tplv-tiktokx-cropcenter:100:100.jpg?dr=9640&refresh_token=5fe44a82&x-expires=1775102400&x-signature=fE4vcUf%2ByOh79SOs%2FYD8my6pqXI%3D&t=4d5b0474&ps=13740610&shp=30310797&shcp=ff37627b&idc=useast8,,,,,,,,,
Yes i love it so hydrating 😍,1,,2026-03-17T21:28:12.000Z,maham4peace,https://www.tiktok.com/@maham4peace/video/7616979808441978133,7231744940810961925,7618339383059235605,https://p16-common-sign.tiktokcdn-us.com/tos-maliva-avt-0068/76ccea41b61a451bee2e43cf0eb1dffb~tplv-tiktokx-cropcenter:100:100.jpg?dr=9640&refresh_token=3c4310fc&x-expires=1775102400&x-signature=0gfLX4%2Bk2ovvpKzKpQ1zvZ6U3xw%3D&t=4d5b0474&ps=13740610&shp=30310797&shcp=ff37627b&idc=useast8,,,,,,,,,
Red to try the mask looks,0,0,2026-03-20T15:31:10.000Z,tatioramas,https://www.tiktok.com/@maham4peace/video/7616979808441978133,6783815840259228678,7619360713723675410,https://p19-common-sign.tiktokcdn-us.com/tos-maliva-avt-0068/9a025f907b327429ba2887cecef58c2e~tplv-tiktokx-cropcenter:100:100.jpg?dr=9640&refresh_token=de8a842d&x-expires=1775102400&x-signature=o8Usvhs92axuRfmo0LHn8nhUdkc%3D&t=4d5b0474&ps=13740610&shp=30310797&shcp=ff37627b&idc=useast8,,,,,,,,,
These looks so amazing specially lip masks,1,1,2026-03-17T19:27:55.000Z,beautystylemama,https://www.tiktok.com/@maham4peace/video/7616979808441978133,6915501315049128965,7618308479765349127,https://p19-common-sign.tiktokcdn-us.com/tos-maliva-avt-0068/06bf2cd4b212689ee0572190c1b81733~tplv-tiktokx-cropcenter:100:100.jpg?dr=9640&refresh_token=5e68cf2e&x-expires=1775102400&x-signature=VUxBhbcZQJYQBKuJ81wV4%2FoMWeQ%3D&t=4d5b0474&ps=13740610&shp=30310797&shcp=ff37627b&idc=useast8,,,,,,,,,
Yea its a new product 😍,0,,2026-03-17T21:28:23.000Z,maham4peace,https://www.tiktok.com/@maham4peace/video/7616979808441978133,7231744940810961925,7618339439186838292,https://p16-common-sign.tiktokcdn-us.com/tos-maliva-avt-0068/76ccea41b61a451bee2e43cf0eb1dffb~tplv-tiktokx-cropcenter:100:100.jpg?dr=9640&refresh_token=3c4310fc&x-expires=1775102400&x-signature=0gfLX4%2Bk2ovvpKzKpQ1zvZ6U3xw%3D&t=4d5b0474&ps=13740610&shp=30310797&shcp=ff37627b&idc=useast8,,,,,,,,,
lovel this,0,0,2026-03-20T14:55:27.000Z,remedy.for.beauty,https://www.tiktok.com/@maham4peace/video/7616979808441978133,6931220938051814406,7619351516885091092,https://p16-common-sign.tiktokcdn-us.com/tos-maliva-avt-0068/4da396fc3c09d4249abbe24d507f3d64~tplv-tiktokx-cropcenter:100:100.jpg?dr=9640&refresh_token=0efde880&x-expires=1775102400&x-signature=4OVGHhStihLKUg7eSpwAWW4tjXg%3D&t=4d5b0474&ps=13740610&shp=30310797&shcp=ff37627b&idc=useast8,,,,,,,,,
🥰🥰🥰,1,1,2026-03-14T06:29:07.000Z,maiko_bangush,https://www.tiktok.com/@maham4peace/video/7616979808441978133,6959159785402270721,7616994494479270677,https://p16-common-sign.tiktokcdn-us.com/tos-alisg-avt-0068/25ba4c9a218f9124455e360d71b2a034~tplv-tiktokx-cropcenter:100:100.jpg?dr=9640&refresh_token=01662f72&x-expires=1775102400&x-signature=YI4Df5d2BaHWpQvW0yuAL218VUE%3D&t=4d5b0474&ps=13740610&shp=30310797&shcp=ff37627b&idc=useast8,,,,,,,,,
❤️❤️❤️,1,,2026-03-14T07:40:28.000Z,maham4peace,https://www.tiktok.com/@maham4peace/video/7616979808441978133,7231744940810961925,7617012894425088788,https://p16-common-sign.tiktokcdn-us.com/tos-maliva-avt-0068/76ccea41b61a451bee2e43cf0eb1dffb~tplv-tiktokx-cropcenter:100:100.jpg?dr=9640&refresh_token=3c4310fc&x-expires=1775102400&x-signature=0gfLX4%2Bk2ovvpKzKpQ1zvZ6U3xw%3D&t=4d5b0474&ps=13740610&shp=30310797&shcp=ff37627b&idc=useast8,,,,,,,,,
Ese glow amiga muy lindo amo las mascarillas,1,0,2026-03-16T16:55:34.000Z,jenniferugc01,https://www.tiktok.com/@maridaniam04/video/7617875631077920021,7322633037165364230,7617898143488787207,https://p16-common-sign.tiktokcdn-us.com/tos-alisg-avt-0068/bf42bedd969dfd3048739368083ffde3~tplv-tiktokx-cropcenter:100:100.jpg?dr=9640&refresh_token=8e36ad53&x-expires=1775102400&x-signature=yTnedzpfqHvgMwPFRCFJ9rccSJk%3D&t=4d5b0474&ps=13740610&shp=30310797&shcp=ff37627b&idc=useast8,,,,,,,,,
Te quedo la piel muy hidratada,1,0,2026-03-16T18:50:42.000Z,yorladys.diaz,https://www.tiktok.com/@maridaniam04/video/7617875631077920021,6808211244379505670,7617927790070891284,https://p16-common-sign.tiktokcdn-us.com/tos-alisg-avt-0068/4599919aa504de6be17071a07bd08a4a~tplv-tiktokx-cropcenter:100:100.jpg?dr=9640&refresh_token=1176b48f&x-expires=1775102400&x-signature=8FjXSsgWDTTcp30VkrJvKxk8aGc%3D&t=4d5b0474&ps=13740610&shp=30310797&shcp=ff37627b&idc=useast8,,,,,,,,,
😍😍😍 I need to try this,0,0,2026-03-24T01:13:56.000Z,mamashelbsxo,https://www.tiktok.com/@ugcinthe6ix/video/7620082158291684628,7500004640604734469,7620624088680203026,https://p16-common-sign.tiktokcdn-us.com/tos-alisg-avt-0068/cc965a4032ef3b505f9eebea4d7d16b5~tplv-tiktokx-cropcenter:100:100.jpg?dr=9640&refresh_token=1b95064c&x-expires=1775102400&x-signature=rVdnWSZHgoQwEGSqe1rySybKB0w%3D&t=4d5b0474&ps=13740610&shp=30310797&shcp=ff37627b&idc=useast8,,,,,,,,,
Love how big the lip mask is. 😍,0,0,2026-03-14T05:53:10.000Z,aurora_luvskincare,https://www.tiktok.com/@ugcfabfinds/video/7616745165859949831,7014709200157950981,7616985234165367560,https://p16-common-sign.tiktokcdn-us.com/tos-alisg-avt-0068/22ef71ef2a5c32d59d0bd91df2894671~tplv-tiktokx-cropcenter:100:100.jpg?dr=9640&refresh_token=6341f942&x-expires=1775102400&x-signature=3ZrwNCZVYECrwzVMtsnF%2BdFa%2BhA%3D&t=4d5b0474&ps=13740610&shp=30310797&shcp=ff37627b&idc=useast5,,,,,,,,,
Love this one ❤️,0,0,2026-03-15T22:47:14.000Z,beautyfitugc,https://www.tiktok.com/@ugcfabfinds/video/7616745165859949831,6549997632583172098,7617617613405700872,https://p16-common-sign.tiktokcdn-us.com/tos-alisg-avt-0068/6e488966bb664681b823905a65f11357~tplv-tiktokx-cropcenter:100:100.jpg?dr=9640&refresh_token=6a0c0931&x-expires=1775102400&x-signature=sq4LhV%2FKefOZ0kyXxfKd8zI0TuU%3D&t=4d5b0474&ps=13740610&shp=30310797&shcp=ff37627b&idc=useast5,,,,,,,,,
Wow this mask looks so cool ♥️♥️♥️,1,1,2026-03-16T20:41:44.000Z,sepibeauty,https://www.tiktok.com/@littlelifestylebeauty/video/7617701282328874247,7279624510104765486,7617956218947126047,https://p16-common-sign.tiktokcdn-us.com/tos-useast8-avt-0068-tx2/e6f84ba7fb96dcb7bc74d4d47de25895~tplv-tiktokx-cropcenter:100:100.jpg?dr=9640&refresh_token=e0dab9c4&x-expires=1775102400&x-signature=hPHvQ%2Bq2w%2BDw%2FmyWD1g2Bu01az8%3D&t=4d5b0474&ps=13740610&shp=30310797&shcp=ff37627b&idc=useast8,,,,,,,,,
so refreshing 😍,1,,2026-03-19T16:44:33.000Z,littlelifestylebeauty,https://www.tiktok.com/@littlelifestylebeauty/video/7617701282328874247,7168695648962085893,7619008524313576200,https://p16-common-sign.tiktokcdn-us.com/tos-maliva-avt-0068/05d206299f792ae5a47f44f67c2eb85a~tplv-tiktokx-cropcenter:100:100.jpg?dr=9640&refresh_token=cd6b1edd&x-expires=1775102400&x-signature=87bXR4nj1UP3jzmEvRwif2qbygM%3D&t=4d5b0474&ps=13740610&shp=30310797&shcp=ff37627b&idc=useast8,,,,,,,,,
That mask looks so good💕,1,1,2026-03-17T01:48:57.000Z,pixiesnewlife,https://www.tiktok.com/@littlelifestylebeauty/video/7617701282328874247,6953670208355763206,7618035492693230349,https://p16-common-sign.tiktokcdn-us.com/tos-useast5-avt-0068-tx/e581954f93126b6041a74362dd9fcd0f~tplv-tiktokx-cropcenter:100:100.jpg?dr=9640&refresh_token=bbb4ee9b&x-expires=1775102400&x-signature=iWBwZh1hOlka0cbq7xA0iDgRFVE%3D&t=4d5b0474&ps=13740610&shp=30310797&shcp=ff37627b&idc=useast8,,,,,,,,,
perfect for selfcare night,1,,2026-03-19T16:45:38.000Z,littlelifestylebeauty,https://www.tiktok.com/@littlelifestylebeauty/video/7617701282328874247,7168695648962085893,7619008822867313426,https://p16-common-sign.tiktokcdn-us.com/tos-maliva-avt-0068/05d206299f792ae5a47f44f67c2eb85a~tplv-tiktokx-cropcenter:100:100.jpg?dr=9640&refresh_token=cd6b1edd&x-expires=1775102400&x-signature=87bXR4nj1UP3jzmEvRwif2qbygM%3D&t=4d5b0474&ps=13740610&shp=30310797&shcp=ff37627b&idc=useast8,,,,,,,,,
That lip mask looks so fun!,1,1,2026-03-16T04:19:05.000Z,coffeeladymelissa,https://www.tiktok.com/@littlelifestylebeauty/video/7617701282328874247,6882191795263112197,7617703124477199122,https://p16-common-sign.tiktokcdn-us.com/tos-maliva-avt-0068/a63de6deca7403f7308200f7ce124d0a~tplv-tiktokx-cropcenter:100:100.jpg?dr=9640&refresh_token=3ed49d74&x-expires=1775102400&x-signature=KUCaBWnnfYeZ0AGOhQKO60Y%2BpOo%3D&t=4d5b0474&ps=13740610&shp=30310797&shcp=ff37627b&idc=useast8,,,,,,,,,
we need more lip masks 😍,1,,2026-03-19T16:44:48.000Z,littlelifestylebeauty,https://www.tiktok.com/@littlelifestylebeauty/video/7617701282328874247,7168695648962085893,7619008627181060871,https://p16-common-sign.tiktokcdn-us.com/tos-maliva-avt-0068/05d206299f792ae5a47f44f67c2eb85a~tplv-tiktokx-cropcenter:100:100.jpg?dr=9640&refresh_token=cd6b1edd&x-expires=1775102400&x-signature=87bXR4nj1UP3jzmEvRwif2qbygM%3D&t=4d5b0474&ps=13740610&shp=30310797&shcp=ff37627b&idc=useast8,,,,,,,,,
Love it😻,0,0,2026-03-24T20:11:54.000Z,vehherman.ugc,https://www.tiktok.com/@littlelifestylebeauty/video/7617701282328874247,7379447493105353774,7620917311491654430,https://p16-common-sign.tiktokcdn-us.com/tos-useast5-avt-0068-tx/8333f9dfa0f3b8496a22610aaddd9163~tplv-tiktokx-cropcenter:100:100.jpg?dr=9640&refresh_token=d1641cf5&x-expires=1775102400&x-signature=5G3zLZmTfQjL8dizAUqKXKAbitI%3D&t=4d5b0474&ps=13740610&shp=30310797&shcp=ff37627b&idc=useast8,,,,,,,,,
Wow amazing 🥰,1,1,2026-03-16T09:03:26.000Z,imsyneathita2,https://www.tiktok.com/@littlelifestylebeauty/video/7617701282328874247,7422623835130889223,7617776441500910357,https://p16-common-sign.tiktokcdn-us.com/tos-alisg-avt-0068/1b98c0eff9e3df54a3d6944578fcec4d~tplv-tiktokx-cropcenter:100:100.jpg?dr=9640&refresh_token=bd84d080&x-expires=1775102400&x-signature=AzXOCuEK%2Fszlf2ZpsnBlqWwBL50%3D&t=4d5b0474&ps=13740610&shp=30310797&shcp=ff37627b&idc=useast8,,,,,,,,,
💕💕,0,,2026-03-19T16:45:42.000Z,littlelifestylebeauty,https://www.tiktok.com/@littlelifestylebeauty/video/7617701282328874247,7168695648962085893,7619008840109425416,https://p16-common-sign.tiktokcdn-us.com/tos-maliva-avt-0068/05d206299f792ae5a47f44f67c2eb85a~tplv-tiktokx-cropcenter:100:100.jpg?dr=9640&refresh_token=cd6b1edd&x-expires=1775102400&x-signature=87bXR4nj1UP3jzmEvRwif2qbygM%3D&t=4d5b0474&ps=13740610&shp=30310797&shcp=ff37627b&idc=useast8,,,,,,,,,
amazing haul 💕,0,1,2026-03-16T04:36:17.000Z,glamwith.zee,https://www.tiktok.com/@littlelifestylebeauty/video/7617701282328874247,7338613583088256006,7617707570291852052,https://p16-common-sign.tiktokcdn-us.com/tos-alisg-avt-0068/27705cde0b92bc7ab92ca743755fc038~tplv-tiktokx-cropcenter:100:100.jpg?dr=9640&refresh_token=9fa85084&x-expires=1775102400&x-signature=RRjPvBbj7KL0CaEZVwpeBSV4xDg%3D&t=4d5b0474&ps=13740610&shp=30310797&shcp=ff37627b&idc=useast8,,,,,,,,,
Very nice ♥️😍🔥,1,1,2026-03-06T21:06:56.000Z,deltablake79,https://www.tiktok.com/@chameli_73/video/7614021768096779534,7287294961741317162,7614251904541704991,https://p16-common-sign.tiktokcdn-us.com/tos-useast8-avt-0068-tx2/023c4ab1902b53ee5440bf0ac97614f1~tplv-tiktokx-cropcenter:100:100.jpg?dr=9640&refresh_token=16971955&x-expires=1775102400&x-signature=pwmLasxHvpRG2wNdD54XZKzm4ZA%3D&t=4d5b0474&ps=13740610&shp=30310797&shcp=ff37627b&idc=useast5,,,,,,,,,
This is the cutest package girl,1,1,2026-03-06T23:16:31.000Z,strawberry_shalyn,https://www.tiktok.com/@chameli_73/video/7614021768096779534,6800599300802085894,7614285235249644318,https://p16-common-sign.tiktokcdn-us.com/tos-maliva-avt-0068/7335175404847726598~tplv-tiktokx-cropcenter:100:100.jpg?dr=9640&refresh_token=dde55b85&x-expires=1775102400&x-signature=gW%2F79oiNr8m9pSFgINIyxvkLxfU%3D&t=4d5b0474&ps=13740610&shp=30310797&shcp=ff37627b&idc=useast5,,,,,,,,,
Yes I was very surprise lived it 🥰 thanks,0,,2026-03-07T02:35:49.000Z,chameli_73,https://www.tiktok.com/@chameli_73/video/7614021768096779534,6826188896469074949,7614336787896484621,https://p16-common-sign.tiktokcdn-us.com/tos-useast5-avt-0068-tx/f7224f3bc56ab6922e05393f5d8f77e4~tplv-tiktokx-cropcenter:100:100.jpg?dr=9640&refresh_token=d78768fe&x-expires=1775102400&x-signature=Z%2B8FjzhboL4jCav6xL5vG2RJWus%3D&t=4d5b0474&ps=13740610&shp=30310797&shcp=ff37627b&idc=useast5,,,,,,,,,
🥰🥰🥰🥰🥰🥰,1,1,2026-03-06T10:26:08.000Z,lovedaladies21,https://www.tiktok.com/@chameli_73/video/7614021768096779534,6896699187540788229,7614085190877905694,https://p16-common-sign.tiktokcdn-us.com/tos-useast8-avt-0068-tx2/c626183901693381d28a329ee03dce0c~tplv-tiktokx-cropcenter:100:100.jpg?dr=9640&refresh_token=ec6c64cf&x-expires=1775102400&x-signature=YtYnStSg6p%2FPEygFfFbrxxRnq9c%3D&t=4d5b0474&ps=13740610&shp=30310797&shcp=ff37627b&idc=useast5,,,,,,,,,
Super glowy🥰,0,0,2026-03-17T19:12:46.000Z,glossyglowylilly,https://www.tiktok.com/@olya_ria.ugc/video/7617889827567979784,7423136736412959750,7618304558783529736,https://p16-common-sign.tiktokcdn-us.com/tos-alisg-avt-0068/90ff7fa3fb6724bb42850f8f3f1fdf41~tplv-tiktokx-cropcenter:100:100.jpg?dr=9640&refresh_token=93a38da0&x-expires=1775102400&x-signature=qEXZfM8rxGXJKjtvVDO0XXDxjPU%3D&t=4d5b0474&ps=13740610&shp=30310797&shcp=ff37627b&idc=useast8,,,,,,,,,
Wow the gloww,0,0,2026-03-16T17:54:44.000Z,.avasevilla,https://www.tiktok.com/@olya_ria.ugc/video/7617889827567979784,7430532457898443781,7617913347312878344,https://p16-common-sign.tiktokcdn-us.com/tos-alisg-avt-0068/5dc7c87a58e0abba7cf0ebe2040edd80~tplv-tiktokx-cropcenter:100:100.jpg?dr=9640&refresh_token=eceaff18&x-expires=1775102400&x-signature=Jhcj13Ey964r15L42SqlvcaX2pY%3D&t=4d5b0474&ps=13740610&shp=30310797&shcp=ff37627b&idc=useast8,,,,,,,,,
Amooo,0,0,2026-03-16T17:15:03.000Z,frannciscacatalinaa,https://www.tiktok.com/@olya_ria.ugc/video/7617889827567979784,7147344001757152262,7617903117573915399,https://p16-common-sign.tiktokcdn-us.com/tos-alisg-avt-0068/78556b94cd2b189682444976ed4d9110~tplv-tiktokx-cropcenter:100:100.jpg?dr=9640&refresh_token=a25b73c2&x-expires=1775102400&x-signature=o9oTB66%2FyUypzTNNx79olObZN7Y%3D&t=4d5b0474&ps=13740610&shp=30310797&shcp=ff37627b&idc=useast8,,,,,,,,,
génial 🥰🥰🥰,0,0,2026-03-16T17:10:47.000Z,ingrid5246,https://www.tiktok.com/@olya_ria.ugc/video/7617889827567979784,7342922411589256224,7617902021237310230,https://p16-common-sign.tiktokcdn-us.com/tos-useast2a-avt-0068-euttp/7342922791257604128~tplv-tiktokx-cropcenter:100:100.jpg?dr=9640&refresh_token=d13a35d6&x-expires=1775102400&x-signature=TOxRjS12%2FsMrpmWq2nfFepKo8LM%3D&t=4d5b0474&ps=13740610&shp=30310797&shcp=ff37627b&idc=useast8,,,,,,,,,
😍😍😍,0,0,2026-03-16T18:04:05.000Z,hellokatyaa,https://www.tiktok.com/@olya_ria.ugc/video/7617889827567979784,6804782101633713157,7617915629048496927,https://p19-common-sign.tiktokcdn-us.com/tos-useast8-avt-0068-tx2/95bcaf94c1e159ea73a20f1faf9a8fbc~tplv-tiktokx-cropcenter:100:100.jpg?dr=9640&refresh_token=cba0b864&x-expires=1775102400&x-signature=CZy9VDUcCwAQWxs2xO%2B3xaZ6sK0%3D&t=4d5b0474&ps=13740610&shp=30310797&shcp=ff37627b&idc=useast8,,,,,,,,,
Skin looks amazing 😍😍😍,1,1,2026-03-06T03:41:56.000Z,yayas.realm,https://www.tiktok.com/@alltooglowyvee/video/7612665769708555533,6625249527349657605,7613982703964439310,https://p16-common-sign.tiktokcdn-us.com/tos-useast5-avt-0068-tx/ee50402e0259df7e12e8c64d16e150ab~tplv-tiktokx-cropcenter:100:100.jpg?dr=9640&refresh_token=2003c4f6&x-expires=1775102400&x-signature=BG%2Fz6T3ET8Ibkx5Qrz3%2FNGNY%2BYE%3D&t=4d5b0474&ps=13740610&shp=30310797&shcp=ff37627b&idc=useast5,,,,,,,,,
oooo that mask looks so good!!!,1,1,2026-03-02T14:39:04.000Z,mollymmcqueen,https://www.tiktok.com/@alltooglowyvee/video/7612665769708555533,7272595591304447019,7612667695900967710,https://p16-common-sign.tiktokcdn-us.com/tos-useast8-avt-0068-tx2/4dbbe3b999d2953737a831d5d079c5d4~tplv-tiktokx-cropcenter:100:100.jpg?dr=9640&refresh_token=5978659f&x-expires=1775102400&x-signature=GVEa8nWaPWM4VPWxrb2ynUYL66U%3D&t=4d5b0474&ps=13740610&shp=30310797&shcp=ff37627b&idc=useast5,,,,,,,,,
They’re both sooo good,0,,2026-03-06T04:53:00.000Z,alltooglowyvee,https://www.tiktok.com/@alltooglowyvee/video/7612665769708555533,7261498686626382890,7614001019911127822,https://p16-common-sign.tiktokcdn-us.com/tos-useast5-avt-0068-tx/79525ac8ab3a0c3604cdc1aa0fac2849~tplv-tiktokx-cropcenter:100:100.jpg?dr=9640&refresh_token=91e1a952&x-expires=1775102400&x-signature=ovjmXnybp%2BS%2FvJs6EHGaGW2O9nk%3D&t=4d5b0474&ps=13740610&shp=30310797&shcp=ff37627b&idc=useast5,,,,,,,,,
Ohhhh that mask! Hope you have a great week,1,1,2026-03-02T15:47:19.000Z,kc201083,https://www.tiktok.com/@alltooglowyvee/video/7612665769708555533,6752514133599814661,7612685223156024077,https://p16-common-sign.tiktokcdn-us.com/tos-useast8-avt-0068-tx2/767a6d1947adba8b0a7164faf2546b09~tplv-tiktokx-cropcenter:100:100.jpg?dr=9640&refresh_token=13dfd409&x-expires=1775102400&x-signature=vtA%2FIIElArcqgr9l%2BfMlZABjE7Q%3D&t=4d5b0474&ps=13740610&shp=30310797&shcp=ff37627b&idc=useast5,,,,,,,,,
A clear mask? I’m intrigued 🥰,1,1,2026-03-02T15:08:28.000Z,olivia_skincare_us,https://www.tiktok.com/@alltooglowyvee/video/7612665769708555533,7489941857028310046,7612675158391161630,https://p16-common-sign.tiktokcdn-us.com/tos-useast8-avt-0068-tx2/e092cd3c5610b6fa401331bc7649d210~tplv-tiktokx-cropcenter:100:100.jpg?dr=9640&refresh_token=45efe557&x-expires=1775102400&x-signature=56IUdsPxH0N3tnJcQzm7dgXTXSQ%3D&t=4d5b0474&ps=13740610&shp=30310797&shcp=ff37627b&idc=useast5,,,,,,,,,
Yessss it’s so good!,0,,2026-03-06T04:51:52.000Z,alltooglowyvee,https://www.tiktok.com/@alltooglowyvee/video/7612665769708555533,7261498686626382890,7614000611139715854,https://p16-common-sign.tiktokcdn-us.com/tos-useast5-avt-0068-tx/79525ac8ab3a0c3604cdc1aa0fac2849~tplv-tiktokx-cropcenter:100:100.jpg?dr=9640&refresh_token=91e1a952&x-expires=1775102400&x-signature=ovjmXnybp%2BS%2FvJs6EHGaGW2O9nk%3D&t=4d5b0474&ps=13740610&shp=30310797&shcp=ff37627b&idc=useast5,,,,,,,,,
I love a mask!!!,1,1,2026-03-04T03:04:44.000Z,shawntesss____,https://www.tiktok.com/@alltooglowyvee/video/7612665769708555533,2119590,7613230938121683742,https://p16-common-sign.tiktokcdn-us.com/tos-useast5-avt-0068-tx/ac5bbc385a951f90655d7cb5c93a8459~tplv-tiktokx-cropcenter:100:100.jpg?dr=9640&refresh_token=2d5497a4&x-expires=1775102400&x-signature=%2BeU%2BAtWkXdltas34n3dK42g%2Bv8U%3D&t=4d5b0474&ps=13740610&shp=30310797&shcp=ff37627b&idc=useast5,,,,,,,,,
Saaame,0,,2026-03-06T04:51:56.000Z,alltooglowyvee,https://www.tiktok.com/@alltooglowyvee/video/7612665769708555533,7261498686626382890,7614000701652353806,https://p16-common-sign.tiktokcdn-us.com/tos-useast5-avt-0068-tx/79525ac8ab3a0c3604cdc1aa0fac2849~tplv-tiktokx-cropcenter:100:100.jpg?dr=9640&refresh_token=91e1a952&x-expires=1775102400&x-signature=ovjmXnybp%2BS%2FvJs6EHGaGW2O9nk%3D&t=4d5b0474&ps=13740610&shp=30310797&shcp=ff37627b&idc=useast5,,,,,,,,,
Gorgeous!! The clear masks are such a vibe and look so freaking lux!!,1,1,2026-03-04T02:29:34.000Z,taylorbaldwin24,https://www.tiktok.com/@alltooglowyvee/video/7612665769708555533,6660534989287292934,7613221838072955678,https://p16-common-sign.tiktokcdn-us.com/tos-useast8-avt-0068-tx2/b9229c743c1f2bc9bf2691c717b64d81~tplv-tiktokx-cropcenter:100:100.jpg?dr=9640&refresh_token=e8c49993&x-expires=1775102400&x-signature=oK8F5YLtwKia6yTvV%2FAIDyjM1Tk%3D&t=4d5b0474&ps=13740610&shp=30310797&shcp=ff37627b&idc=useast5,,,,,,,,,
They really are I’m loving this one,1,,2026-03-06T04:52:05.000Z,alltooglowyvee,https://www.tiktok.com/@alltooglowyvee/video/7612665769708555533,7261498686626382890,7614000600456446733,https://p16-common-sign.tiktokcdn-us.com/tos-useast5-avt-0068-tx/79525ac8ab3a0c3604cdc1aa0fac2849~tplv-tiktokx-cropcenter:100:100.jpg?dr=9640&refresh_token=91e1a952&x-expires=1775102400&x-signature=ovjmXnybp%2BS%2FvJs6EHGaGW2O9nk%3D&t=4d5b0474&ps=13740610&shp=30310797&shcp=ff37627b&idc=useast5,,,,,,,,,
Those look divine,1,1,2026-03-03T00:21:37.000Z,carefree_cass,https://www.tiktok.com/@alltooglowyvee/video/7612665769708555533,7507685525077460014,7612817855520162591,https://p16-common-sign.tiktokcdn-us.com/tos-useast8-avt-0068-tx2/17ffb3c34a352f680b15d18330a570c4~tplv-tiktokx-cropcenter:100:100.jpg?dr=9640&refresh_token=32accca7&x-expires=1775102400&x-signature=o%2BwtV19UV7ctcCQ5ETWJ3V%2FfuXs%3D&t=4d5b0474&ps=13740610&shp=30310797&shcp=ff37627b&idc=useast5,,,,,,,,,
So cute😍😍😍,1,1,2026-03-02T20:16:52.000Z,kate.drd,https://www.tiktok.com/@alltooglowyvee/video/7612665769708555533,7372381058136835118,7612754723762750238,https://p16-common-sign.tiktokcdn-us.com/tos-useast8-avt-0068-tx2/8661ce006e3b7a70a4f7d7c0bc6a5eff~tplv-tiktokx-cropcenter:100:100.jpg?dr=9640&refresh_token=23a91c9b&x-expires=1775102400&x-signature=pPu55gfY1U5ijP76DnECaV2aYfw%3D&t=4d5b0474&ps=13740610&shp=30310797&shcp=ff37627b&idc=useast5,,,,,,,,,
Love this queen 🤩🤩🤩,1,0,2026-03-02T14:34:07.000Z,paula_estefani1,https://www.tiktok.com/@alltooglowyvee/video/7612665769708555533,7526562510733100062,7612666226117198605,https://p16-common-sign.tiktokcdn-us.com/tos-useast5-avt-0068-tx/2693c53779f6be6c41582b0b2612c91e~tplv-tiktokx-cropcenter:100:100.jpg?dr=9640&refresh_token=f931926f&x-expires=1775102400&x-signature=hVnqvHTVwE4OSddl2T3wIhHB%2B6g%3D&t=4d5b0474&ps=13740610&shp=30310797&shcp=ff37627b&idc=useast5,,,,,,,,,
Oh I am seeing @Kocostar US all over my fyp,1,1,2026-03-02T18:26:20.000Z,lovedaladies21,https://www.tiktok.com/@alltooglowyvee/video/7612665769708555533,6896699187540788229,7612726237106242334,https://p19-common-sign.tiktokcdn-us.com/tos-useast8-avt-0068-tx2/c626183901693381d28a329ee03dce0c~tplv-tiktokx-cropcenter:100:100.jpg?dr=9640&refresh_token=cab294b1&x-expires=1775102400&x-signature=cmMEb1CyqPnHV0pfqY6wQF0r50k%3D&t=4d5b0474&ps=13740610&shp=30310797&shcp=ff37627b&idc=useast5,,,,,,,,,
it’s so good 😍,1,,2026-03-06T04:52:38.000Z,alltooglowyvee,https://www.tiktok.com/@alltooglowyvee/video/7612665769708555533,7261498686626382890,7614000860402303757,https://p16-common-sign.tiktokcdn-us.com/tos-useast5-avt-0068-tx/79525ac8ab3a0c3604cdc1aa0fac2849~tplv-tiktokx-cropcenter:100:100.jpg?dr=9640&refresh_token=91e1a952&x-expires=1775102400&x-signature=ovjmXnybp%2BS%2FvJs6EHGaGW2O9nk%3D&t=4d5b0474&ps=13740610&shp=30310797&shcp=ff37627b&idc=useast5,,,,,,,,,
Your skin is flawless 🥰 The stuff we do to make our skin glow 😁,1,1,2026-03-02T22:20:21.000Z,thattwinmomrn,https://www.tiktok.com/@alltooglowyvee/video/7612665769708555533,6948533568646382597,7612786484279034638,https://p16-common-sign.tiktokcdn-us.com/tos-useast5-avt-0068-tx/42e574a0b7729af4834c97d07cc6bf21~tplv-tiktokx-cropcenter:100:100.jpg?dr=9640&refresh_token=a8cf83de&x-expires=1775102400&x-signature=T%2BIyD9D72xn4N0rQJYU%2BwPgGPXY%3D&t=4d5b0474&ps=13740610&shp=30310797&shcp=ff37627b&idc=useast5,,,,,,,,,
it’s a whole process 😁,1,,2026-03-06T04:52:23.000Z,alltooglowyvee,https://www.tiktok.com/@alltooglowyvee/video/7612665769708555533,7261498686626382890,7614000845960725261,https://p16-common-sign.tiktokcdn-us.com/tos-useast5-avt-0068-tx/79525ac8ab3a0c3604cdc1aa0fac2849~tplv-tiktokx-cropcenter:100:100.jpg?dr=9640&refresh_token=91e1a952&x-expires=1775102400&x-signature=ovjmXnybp%2BS%2FvJs6EHGaGW2O9nk%3D&t=4d5b0474&ps=13740610&shp=30310797&shcp=ff37627b&idc=useast5,,,,,,,,,
Yo necesito esa mascarilla 😍😍 amo ese tipo de mask,0,0,2026-03-12T00:42:34.000Z,afrolaciard,https://www.tiktok.com/@jhoahernadez01/video/7615808462739524871,7022863652869719045,7616162917608391455,https://p16-common-sign.tiktokcdn-us.com/tos-useast8-avt-0068-tx2/99354a4595438ff203f8d2d59ebe0de9~tplv-tiktokx-cropcenter:100:100.jpg?dr=9640&refresh_token=bba84882&x-expires=1775102400&x-signature=dgr5pmSkDVG3E3FPh0MNJCQb9V0%3D&t=4d5b0474&ps=13740610&shp=30310797&shcp=ff37627b&idc=useast5,,,,,,,,,
Me encantó la mascarilla para los labios,1,1,2026-03-23T17:29:51.000Z,yairasoriano,https://www.tiktok.com/@jhoahernadez01/video/7615808462739524871,6739282422799696901,7620504474826212110,https://p16-common-sign.tiktokcdn-us.com/tos-useast5-avt-0068-tx/d44330e4e938ecf2dc205a6c9f591b0d~tplv-tiktokx-cropcenter:100:100.jpg?dr=9640&refresh_token=2f7775dd&x-expires=1775102400&x-signature=IoSaNJfXIS6kDXCWhaIygilhdt0%3D&t=4d5b0474&ps=13740610&shp=30310797&shcp=ff37627b&idc=useast5,,,,,,,,,
10/10 🥰,0,,2026-03-23T20:02:59.000Z,jhoahernadez01,https://www.tiktok.com/@jhoahernadez01/video/7615808462739524871,6642359264014123013,7620543977872605970,https://p16-common-sign.tiktokcdn-us.com/tos-maliva-avt-0068/afabe7646f17b2f4b9bdc7d03e1609ef~tplv-tiktokx-cropcenter:100:100.jpg?dr=9640&refresh_token=e2102541&x-expires=1775102400&x-signature=APRYQKTgR6ynS9oZTaVu5H2LONI%3D&t=4d5b0474&ps=13740610&shp=30310797&shcp=ff37627b&idc=useast5,,,,,,,,,
Mana necesito ❤️🥰,1,1,2026-03-17T19:29:31.000Z,yessyugc,https://www.tiktok.com/@jhoahernadez01/video/7615808462739524871,7024816875096900614,7618308850349589256,https://p16-common-sign.tiktokcdn-us.com/tos-alisg-avt-0068/d429b3bb1e754a85b34310efe7c8c00e~tplv-tiktokx-cropcenter:100:100.jpg?dr=9640&refresh_token=393f5522&x-expires=1775102400&x-signature=U4MI8RPQ9j7YoRVqzwWQxJBoZkw%3D&t=4d5b0474&ps=13740610&shp=30310797&shcp=ff37627b&idc=useast5,,,,,,,,,
Que chulo y te dejo la piel hidratada 🥰,0,0,2026-03-13T02:16:02.000Z,mercedeschavez56,https://www.tiktok.com/@jhoahernadez01/video/7615808462739524871,6808567961436816390,7616558196782220040,https://p16-common-sign.tiktokcdn-us.com/tos-alisg-avt-0068/ae1f5cb0e65161d7bf2c307ea1bc8fce~tplv-tiktokx-cropcenter:100:100.jpg?dr=9640&refresh_token=ec699609&x-expires=1775102400&x-signature=%2F7rrwC8oocIXNITWDMuTM5o3JQs%3D&t=4d5b0474&ps=13740610&shp=30310797&shcp=ff37627b&idc=useast5,,,,,,,,,
hidratación completa,0,0,2026-03-12T18:17:47.000Z,ruizi25,https://www.tiktok.com/@jhoahernadez01/video/7615808462739524871,7119878895469544453,7616434976363823873,https://p16-common-sign.tiktokcdn-us.com/tos-alisg-avt-0068/f0a60472f7cc1cab99e408ebb8adf00c~tplv-tiktokx-cropcenter:100:100.jpg?dr=9640&refresh_token=288617dc&x-expires=1775102400&x-signature=vpFBBZWgzjbMfPVLcxefuZ0lLDw%3D&t=4d5b0474&ps=13740610&shp=30310797&shcp=ff37627b&idc=useast5,,,,,,,,,
Wow 😍,1,0,2026-03-15T02:27:37.000Z,odryaybar0,https://www.tiktok.com/@jhoahernadez01/video/7615808462739524871,6920424323216507909,7617303359904678677,https://p16-common-sign.tiktokcdn-us.com/tos-alisg-avt-0068/1a9fa7b0f1ca83b0953a865af3351ce8~tplv-tiktokx-cropcenter:100:100.jpg?dr=9640&refresh_token=68346f9e&x-expires=1775102400&x-signature=RQu72%2FsQ4Yyd5I0hN8rWFLph554%3D&t=4d5b0474&ps=13740610&shp=30310797&shcp=ff37627b&idc=useast5,,,,,,,,,
😻😻👌,0,0,2026-03-11T10:56:11.000Z,marruiizz,https://www.tiktok.com/@jhoahernadez01/video/7615808462739524871,6858979896501814274,7615950078939464456,https://p16-common-sign.tiktokcdn-us.com/tos-alisg-avt-0068/7e663ead3718b1af363b585f377522b3~tplv-tiktokx-cropcenter:100:100.jpg?dr=9640&refresh_token=3e7fdd9b&x-expires=1775102400&x-signature=ISHS4EbqJ%2B3ssK%2BuSO2op3CEdsI%3D&t=4d5b0474&ps=13740610&shp=30310797&shcp=ff37627b&idc=useast5,,,,,,,,,
🙈,0,0,2026-03-11T03:04:47.000Z,elii.abmen,https://www.tiktok.com/@jhoahernadez01/video/7615808462739524871,6780081912893965317,7615828611526099713,https://p16-common-sign.tiktokcdn-us.com/tos-alisg-avt-0068/0449afcaeb601ff4c2f6b1ff791f04ad~tplv-tiktokx-cropcenter:100:100.jpg?dr=9640&refresh_token=34d2d5b6&x-expires=1775102400&x-signature=u%2FJXVaLHmT1G6isxcIk7vDzH9Ag%3D&t=4d5b0474&ps=13740610&shp=30310797&shcp=ff37627b&idc=useast5,,,,,,,,,
😍😍😍,0,0,2026-03-11T02:58:45.000Z,jacksonfairy_17,https://www.tiktok.com/@jhoahernadez01/video/7615808462739524871,277644540222504960,7615827051567776519,https://p16-common-sign.tiktokcdn-us.com/tos-alisg-avt-0068/51e6471ae9c9c162b04028a88062e1c6~tplv-tiktokx-cropcenter:100:100.jpg?dr=9640&refresh_token=0179fe6e&x-expires=1775102400&x-signature=lL5MjAPbvLY0jCaB9ZRLlNgSIs0%3D&t=4d5b0474&ps=13740610&shp=30310797&shcp=ff37627b&idc=useast5,,,,,,,,,
😍😍,0,0,2026-03-12T02:05:03.000Z,melodybellpolanco,https://www.tiktok.com/@jhoahernadez01/video/7615808462739524871,238279106746990592,7616184285388882708,https://p16-common-sign.tiktokcdn-us.com/tos-alisg-avt-0068/ff0ea7f9c361ae96f6e9a3862baea3ec~tplv-tiktokx-cropcenter:100:100.jpg?dr=9640&refresh_token=dcda3ad8&x-expires=1775102400&x-signature=25AD4eED5qWmoN5vq9VzSZRfAPE%3D&t=4d5b0474&ps=13740610&shp=30310797&shcp=ff37627b&idc=useast5,,,,,,,,,
such a fun mask! love the glow it gave❤️,1,2,2026-03-14T18:56:13.000Z,scribblesandserums,https://www.tiktok.com/@ainsleekbeauty/video/7617092680597753118,7496310761826337797,7617187050965943041,https://p16-common-sign.tiktokcdn-us.com/tos-alisg-avt-0068/0e1b6cbdf4dcfbbbdb2ab9a985b82dc5~tplv-tiktokx-cropcenter:100:100.jpg?dr=9640&refresh_token=7ca3b4b5&x-expires=1775102400&x-signature=ffPi1W3llBb6N6jrBolZrruLJJ0%3D&t=4d5b0474&ps=13740610&shp=30310797&shcp=ff37627b&idc=useast5,,,,,,,,,
🥰🥰,1,,2026-03-14T19:17:58.000Z,ainsleekbeauty,https://www.tiktok.com/@ainsleekbeauty/video/7617092680597753118,7535277323395236895,7617192414524687135,https://p16-common-sign.tiktokcdn-us.com/tos-useast8-avt-0068-tx2/be072205f046f10945df670b317ec3cf~tplv-tiktokx-cropcenter:100:100.jpg?dr=9640&refresh_token=7528180f&x-expires=1775102400&x-signature=NzxznIuaf2aG5suOjDrXWONupeQ%3D&t=4d5b0474&ps=13740610&shp=30310797&shcp=ff37627b&idc=useast5,,,,,,,,,
Love 💗,1,0,2026-03-21T23:00:27.000Z,lauren_mt904,https://www.tiktok.com/@ainsleekbeauty/video/7617092680597753118,6814435444442416134,7619847461541331743,https://p16-common-sign.tiktokcdn-us.com/tos-useast8-avt-0068-tx2/8fce6dbd56b4772833d4ae6ac106a331~tplv-tiktokx-cropcenter:100:100.jpg?dr=9640&refresh_token=c3ded058&x-expires=1775102400&x-signature=qphwlo2ofxcMLSUM37dDIHhn6TE%3D&t=4d5b0474&ps=13740610&shp=30310797&shcp=ff37627b&idc=useast5,,,,,,,,,
I neeeeed the lip mask asap!,1,1,2026-03-16T03:45:47.000Z,ashleymitsue,https://www.tiktok.com/@ainsleekbeauty/video/7617092680597753118,6814138779290256390,7617694545341924109,https://p16-common-sign.tiktokcdn-us.com/tos-useast5-avt-0068-tx/0f844b8cfb22e1d48da09943fc0cd850~tplv-tiktokx-cropcenter:100:100.jpg?dr=9640&refresh_token=10b179da&x-expires=1775102400&x-signature=As0uzKW22ChBD5%2B126TbjC10%2BzM%3D&t=4d5b0474&ps=13740610&shp=30310797&shcp=ff37627b&idc=useast5,,,,,,,,,
I love the packaging of the lip mask!! how cute and love how clear the face mask is! looks amazing and glowy,1,1,2026-03-15T02:16:22.000Z,helzaaaaa,https://www.tiktok.com/@ainsleekbeauty/video/7617092680597753118,6796684753057874949,7617300350744101663,https://p16-common-sign.tiktokcdn-us.com/tos-maliva-avt-0068/7325154891750621190~tplv-tiktokx-cropcenter:100:100.jpg?dr=9640&refresh_token=8fa6b486&x-expires=1775102400&x-signature=NW6pcUqsR%2F8V5vEHjFGWThtP%2F%2FA%3D&t=4d5b0474&ps=13740610&shp=30310797&shcp=ff37627b&idc=useast5,,,,,,,,,
The lip mask container is adorable omg,1,1,2026-03-14T19:50:50.000Z,daniellerobinson115,https://www.tiktok.com/@ainsleekbeauty/video/7617092680597753118,6756768948215972869,7617200932196369183,https://p16-common-sign.tiktokcdn-us.com/tos-useast8-avt-0068-tx2/31b5bf7eea8e4bc849600e5a937fd17b~tplv-tiktokx-cropcenter:100:100.jpg?dr=9640&refresh_token=ac3ddc07&x-expires=1775102400&x-signature=nBkuK2IfNSKeasP8KILjAbvhJQc%3D&t=4d5b0474&ps=13740610&shp=30310797&shcp=ff37627b&idc=useast5,,,,,,,,,
thank you for linking it!🥰,1,1,2026-03-14T21:32:48.000Z,jdscribner,https://www.tiktok.com/@ainsleekbeauty/video/7617092680597753118,6929324439201514502,7617227368276706061,https://p16-common-sign.tiktokcdn-us.com/tos-useast5-avt-0068-tx/a351583d8d4c811c048d2cfbbe05e028~tplv-tiktokx-cropcenter:100:100.jpg?dr=9640&refresh_token=7c949f28&x-expires=1775102400&x-signature=eQDLMyjzwJdYZbxNy07W4RsasLk%3D&t=4d5b0474&ps=13740610&shp=30310797&shcp=ff37627b&idc=useast5,,,,,,,,,
I need to try this rose lip mask 😱😍,0,0,2026-03-16T04:30:53.000Z,aibylopez,https://www.tiktok.com/@ainsleekbeauty/video/7617092680597753118,6820517747128370181,7617706092605326094,https://p19-common-sign.tiktokcdn-us.com/tos-useast5-avt-0068-tx/fec4a2426f09ecd6c51c576d180ab40f~tplv-tiktokx-cropcenter:100:100.jpg?dr=9640&refresh_token=aaa93f3a&x-expires=1775102400&x-signature=ks1HzgPIVR2EPPooVOgxpedI458%3D&t=4d5b0474&ps=13740610&shp=30310797&shcp=ff37627b&idc=useast5,,,,,,,,,
Definitely left a nice glow,1,1,2026-03-14T23:32:49.000Z,glowwithkimfnp,https://www.tiktok.com/@ainsleekbeauty/video/7617092680597753118,7358209324407833646,7617258219798692639,https://p16-common-sign.tiktokcdn-us.com/tos-useast8-avt-0068-tx2/3618dc9aa1df0dc06d5ead736b0d7a5b~tplv-tiktokx-cropcenter:100:100.jpg?dr=9640&refresh_token=8622e918&x-expires=1775102400&x-signature=UDPUj2ks4ZnF1DrFxBG4fjGle2w%3D&t=4d5b0474&ps=13740610&shp=30310797&shcp=ff37627b&idc=useast5,,,,,,,,,
the case is so cute!!,1,1,2026-03-14T21:32:48.000Z,silv_rlv,https://www.tiktok.com/@ainsleekbeauty/video/7617092680597753118,7397979437822641195,7617227236530291469,https://p16-common-sign.tiktokcdn-us.com/tos-useast8-avt-0068-tx2/980e08915c0bf6d8c508f08447af946b~tplv-tiktokx-cropcenter:100:100.jpg?dr=9640&refresh_token=5c7639be&x-expires=1775102400&x-signature=S2SVpD95HRu9wtuSW3y8BZhjV74%3D&t=4d5b0474&ps=13740610&shp=30310797&shcp=ff37627b&idc=useast5,,,,,,,,,
Never tried a lip mask. So interesting 😍,1,1,2026-03-14T14:15:02.000Z,breord0,https://www.tiktok.com/@ainsleekbeauty/video/7617092680597753118,7419903767639901227,7617114539553047309,https://p16-common-sign.tiktokcdn-us.com/tos-useast5-avt-0068-tx/a7a245545cb0373175f22580abd402fd~tplv-tiktokx-cropcenter:100:100.jpg?dr=9640&refresh_token=3740b4a9&x-expires=1775102400&x-signature=WV2ZAXMHjNYo3OO1BbH0mfSAPf0%3D&t=4d5b0474&ps=13740610&shp=30310797&shcp=ff37627b&idc=useast5,,,,,,,,,
this looks so nice!! how did you like the lip mask!?,1,1,2026-03-14T17:46:04.000Z,stephswinehart,https://www.tiktok.com/@ainsleekbeauty/video/7617092680597753118,7152647236575511598,7617168816049603358,https://p16-common-sign.tiktokcdn-us.com/tos-useast8-avt-0068-tx2/aa0af203c7d64d6e61864896552a1bfb~tplv-tiktokx-cropcenter:100:100.jpg?dr=9640&refresh_token=cd448155&x-expires=1775102400&x-signature=Ls%2BSbfiAGXWMKvWeU7Fl3Jzp6n4%3D&t=4d5b0474&ps=13740610&shp=30310797&shcp=ff37627b&idc=useast5,,,,,,,,,
Such good products! Love!,1,1,2026-03-14T22:39:32.000Z,thekeelynicole,https://www.tiktok.com/@ainsleekbeauty/video/7617092680597753118,6746317801910502406,7617244474264044302,https://p16-common-sign.tiktokcdn-us.com/tos-useast5-avt-0068-tx/4b49cb3d49e3c432c429f7ffda1d51ca~tplv-tiktokx-cropcenter:100:100.jpg?dr=9640&refresh_token=30b32e40&x-expires=1775102400&x-signature=BHtbwdHxfy%2B6%2FGcjxa0xeZcJOVI%3D&t=4d5b0474&ps=13740610&shp=30310797&shcp=ff37627b&idc=useast5,,,,,,,,,
These masks look so good 💛,1,1,2026-03-15T00:20:22.000Z,carefree_cass,https://www.tiktok.com/@ainsleekbeauty/video/7617092680597753118,7507685525077460014,7617270278288851742,https://p19-common-sign.tiktokcdn-us.com/tos-useast8-avt-0068-tx2/17ffb3c34a352f680b15d18330a570c4~tplv-tiktokx-cropcenter:100:100.jpg?dr=9640&refresh_token=687bdbc5&x-expires=1775102400&x-signature=YW8ttjGV7neDDFFRaZJMNg4UltA%3D&t=4d5b0474&ps=13740610&shp=30310797&shcp=ff37627b&idc=useast5,,,,,,,,,
I just know that feels good on the skin 😭,1,1,2026-03-14T18:59:04.000Z,glowingwithlexi,https://www.tiktok.com/@ainsleekbeauty/video/7617092680597753118,7583738533909054477,7617187546807911199,https://p16-common-sign.tiktokcdn-us.com/tos-useast8-avt-0068-tx2/5c3dbfc55e670e74cc2d3968253dc68b~tplv-tiktokx-cropcenter:100:100.jpg?dr=9640&refresh_token=1e486f6f&x-expires=1775102400&x-signature=ChOB0I%2BYCBix%2FMk7ecnhKZgJeag%3D&t=4d5b0474&ps=13740610&shp=30310797&shcp=ff37627b&idc=useast5,,,,,,,,,
I need to try!! Looks soothjng ❤️,1,1,2026-03-15T01:12:16.000Z,boneafiedhustler,https://www.tiktok.com/@ainsleekbeauty/video/7617092680597753118,7546860526502003726,7617283748351083295,https://p16-common-sign.tiktokcdn-us.com/tos-useast5-avt-0068-tx/53a8d21b871974f5d5e2f0aacf30db65~tplv-tiktokx-cropcenter:100:100.jpg?dr=9640&refresh_token=b6178267&x-expires=1775102400&x-signature=36xmR%2B1JT%2BgEYOSzBrKZ%2F1OWCUU%3D&t=4d5b0474&ps=13740610&shp=30310797&shcp=ff37627b&idc=useast5,,,,,,,,,
Ouu I need this in my life,1,1,2026-03-14T13:51:54.000Z,alexiisettipio,https://www.tiktok.com/@ainsleekbeauty/video/7617092680597753118,6541111711013027845,7617108427961123615,https://p16-common-sign.tiktokcdn-us.com/tos-useast8-avt-0068-tx2/db5f44fda818bad3d26786548713ee82~tplv-tiktokx-cropcenter:100:100.jpg?dr=9640&refresh_token=ea4905b3&x-expires=1775102400&x-signature=3J65Rs49s83gGAvJZbhE9urfVqM%3D&t=4d5b0474&ps=13740610&shp=30310797&shcp=ff37627b&idc=useast5,,,,,,,,,
The packaging on those lip masks 👄 ❤️,1,1,2026-03-14T19:10:38.000Z,jennatravels_scot,https://www.tiktok.com/@ainsleekbeauty/video/7617092680597753118,6946615718117491718,7617190759804125974,https://p16-common-sign.tiktokcdn-us.com/tos-maliva-avt-0068/6b7bde2a603cc0a6bd1727f4cfd154e5~tplv-tiktokx-cropcenter:100:100.jpg?dr=9640&refresh_token=f8200452&x-expires=1775102400&x-signature=2Ed2MSyl%2F14n0uzvp1kAXk23%2BeY%3D&t=4d5b0474&ps=13740610&shp=30310797&shcp=ff37627b&idc=useast5,,,,,,,,,
Right! Love it!,0,,2026-03-15T01:23:44.000Z,ainsleekbeauty,https://www.tiktok.com/@ainsleekbeauty/video/7617092680597753118,7535277323395236895,7617286827212718879,https://p16-common-sign.tiktokcdn-us.com/tos-useast8-avt-0068-tx2/be072205f046f10945df670b317ec3cf~tplv-tiktokx-cropcenter:100:100.jpg?dr=9640&refresh_token=7528180f&x-expires=1775102400&x-signature=NzxznIuaf2aG5suOjDrXWONupeQ%3D&t=4d5b0474&ps=13740610&shp=30310797&shcp=ff37627b&idc=useast5,,,,,,,,,
Need to try 😍😍,1,1,2026-03-14T17:53:44.000Z,jezi35,https://www.tiktok.com/@ainsleekbeauty/video/7617092680597753118,6780715252297712645,7617170843096908558,https://p16-common-sign.tiktokcdn-us.com/tos-useast5-avt-0068-tx/e2e6bdd34b6422c20e59a691378e4608~tplv-tiktokx-cropcenter:100:100.jpg?dr=9640&refresh_token=8e7aa09d&x-expires=1775102400&x-signature=tBL53YCRzJgHPjeB24xh%2FTtwVaI%3D&t=4d5b0474&ps=13740610&shp=30310797&shcp=ff37627b&idc=useast5,,,,,,,,,
I loveeee,1,1,2026-03-14T21:24:55.000Z,annikapaigee,https://www.tiktok.com/@ainsleekbeauty/video/7617092680597753118,6859509554858705926,7617225306970145549,https://p16-common-sign.tiktokcdn-us.com/tos-useast5-avt-0068-tx/57497644ede7b4ef8da9bb1752172efa~tplv-tiktokx-cropcenter:100:100.jpg?dr=9640&refresh_token=cc6916af&x-expires=1775102400&x-signature=JzeUeXFmZ9jYDrbAxiVC1%2B0NuYY%3D&t=4d5b0474&ps=13740610&shp=30310797&shcp=ff37627b&idc=useast5,,,,,,,,,
ur skin is flawless omg,1,1,2026-03-14T17:59:25.000Z,kat685821,https://www.tiktok.com/@ainsleekbeauty/video/7617092680597753118,7379634416166077483,7617172259715908366,https://p19-common-sign.tiktokcdn-us.com/tos-useast8-avt-0068-tx2/a923bf05cd5a5a4becf965a8a106b89d~tplv-tiktokx-cropcenter:100:100.jpg?dr=9640&refresh_token=9379ae2c&x-expires=1775102400&x-signature=myqdI7nZ%2FOnTvCil7HxR7h%2F776A%3D&t=4d5b0474&ps=13740610&shp=30310797&shcp=ff37627b&idc=useast5,,,,,,,,,
Okay I need the lip mask just so that I don’t have to talk for 20 min 😂,1,1,2026-03-14T19:25:39.000Z,laneyxoxo,https://www.tiktok.com/@ainsleekbeauty/video/7617092680597753118,7488075603634979886,7617194498032435998,https://p19-common-sign.tiktokcdn-us.com/tos-useast8-avt-0068-tx2/4a24bd24188f8daf67ec4b06282d9c2b~tplv-tiktokx-cropcenter:100:100.jpg?dr=9640&refresh_token=03888160&x-expires=1775102400&x-signature=KG7g%2FMoH7YvF%2BN0WVR7sx5b58oo%3D&t=4d5b0474&ps=13740610&shp=30310797&shcp=ff37627b&idc=useast5,,,,,,,,,
Omg 😂😂,1,,2026-03-15T01:23:21.000Z,ainsleekbeauty,https://www.tiktok.com/@ainsleekbeauty/video/7617092680597753118,7535277323395236895,7617286674863260446,https://p16-common-sign.tiktokcdn-us.com/tos-useast8-avt-0068-tx2/be072205f046f10945df670b317ec3cf~tplv-tiktokx-cropcenter:100:100.jpg?dr=9640&refresh_token=7528180f&x-expires=1775102400&x-signature=NzxznIuaf2aG5suOjDrXWONupeQ%3D&t=4d5b0474&ps=13740610&shp=30310797&shcp=ff37627b&idc=useast5,,,,,,,,,
The lip mask is so cute!,1,1,2026-03-14T14:59:59.000Z,bravelovewithjudy,https://www.tiktok.com/@ainsleekbeauty/video/7617092680597753118,6806145068279677958,7617125974673605406,https://p19-common-sign.tiktokcdn-us.com/tos-useast8-avt-0068-tx2/73476943a894214af8b45bba52e2be6d~tplv-tiktokx-cropcenter:100:100.jpg?dr=9640&refresh_token=6d44ec87&x-expires=1775102400&x-signature=ZHe7Ve%2BBFkGZVmzYz8AyPMCqg84%3D&t=4d5b0474&ps=13740610&shp=30310797&shcp=ff37627b&idc=useast5,,,,,,,,,
🥰🥰,1,,2026-03-14T19:13:12.000Z,ainsleekbeauty,https://www.tiktok.com/@ainsleekbeauty/video/7617092680597753118,7535277323395236895,7617191294444405534,https://p16-common-sign.tiktokcdn-us.com/tos-useast8-avt-0068-tx2/be072205f046f10945df670b317ec3cf~tplv-tiktokx-cropcenter:100:100.jpg?dr=9640&refresh_token=7528180f&x-expires=1775102400&x-signature=NzxznIuaf2aG5suOjDrXWONupeQ%3D&t=4d5b0474&ps=13740610&shp=30310797&shcp=ff37627b&idc=useast5,,,,,,,,,
oh the lip mask is so fun!,0,1,2026-03-15T16:00:05.000Z,caylearay,https://www.tiktok.com/@ainsleekbeauty/video/7617092680597753118,6759924854705308678,7617512615530545950,https://p16-common-sign.tiktokcdn-us.com/tos-useast8-avt-0068-tx2/e1cee53477185456138e91a574f6ef04~tplv-tiktokx-cropcenter:100:100.jpg?dr=9640&refresh_token=4aaaa781&x-expires=1775102400&x-signature=yZd3GEbuH21HAjPBQ5zZBkID73M%3D&t=4d5b0474&ps=13740610&shp=30310797&shcp=ff37627b&idc=useast5,,,,,,,,,
I can’t get enough of sheet and lip masks 🦋🦋,1,1,2026-03-14T23:04:16.000Z,anar_chalk,https://www.tiktok.com/@ainsleekbeauty/video/7617092680597753118,7504052742101435438,7617250886998475534,https://p16-common-sign.tiktokcdn-us.com/tos-useast5-avt-0068-tx/752986ea06852f10b92417c95b3b38f8~tplv-tiktokx-cropcenter:100:100.jpg?dr=9640&refresh_token=21ea38e3&x-expires=1775102400&x-signature=X3gqH0sXiulz9%2B5vuE6xVMDA%2FkA%3D&t=4d5b0474&ps=13740610&shp=30310797&shcp=ff37627b&idc=useast5,,,,,,,,,
So good!,1,,2026-03-15T01:37:42.000Z,ainsleekbeauty,https://www.tiktok.com/@ainsleekbeauty/video/7617092680597753118,7535277323395236895,7617290250483024671,https://p16-common-sign.tiktokcdn-us.com/tos-useast8-avt-0068-tx2/be072205f046f10945df670b317ec3cf~tplv-tiktokx-cropcenter:100:100.jpg?dr=9640&refresh_token=7528180f&x-expires=1775102400&x-signature=NzxznIuaf2aG5suOjDrXWONupeQ%3D&t=4d5b0474&ps=13740610&shp=30310797&shcp=ff37627b&idc=useast5,,,,,,,,,
Love it. The lip case 🥰🥰,1,1,2026-03-14T14:46:30.000Z,amycochranhouser,https://www.tiktok.com/@ainsleekbeauty/video/7617092680597753118,6749663902780670982,7617122554642285342,https://p16-common-sign.tiktokcdn-us.com/tos-useast8-avt-0068-tx2/90a59e4f2421725219604a695bc613c4~tplv-tiktokx-cropcenter:100:100.jpg?dr=9640&refresh_token=2f103068&x-expires=1775102400&x-signature=IQ0T2ehNM%2B114oe8%2FJNKen4JuEg%3D&t=4d5b0474&ps=13740610&shp=30310797&shcp=ff37627b&idc=useast5,,,,,,,,,
So cute!,0,,2026-03-14T19:16:07.000Z,ainsleekbeauty,https://www.tiktok.com/@ainsleekbeauty/video/7617092680597753118,7535277323395236895,7617191980679316255,https://p16-common-sign.tiktokcdn-us.com/tos-useast8-avt-0068-tx2/be072205f046f10945df670b317ec3cf~tplv-tiktokx-cropcenter:100:100.jpg?dr=9640&refresh_token=7528180f&x-expires=1775102400&x-signature=NzxznIuaf2aG5suOjDrXWONupeQ%3D&t=4d5b0474&ps=13740610&shp=30310797&shcp=ff37627b&idc=useast5,,,,,,,,,
Those lip masks are so cool!!,1,1,2026-03-14T13:39:09.000Z,kalondrac,https://www.tiktok.com/@ainsleekbeauty/video/7617092680597753118,6806824213148943366,7617104986191954718,https://p16-common-sign.tiktokcdn-us.com/tos-useast8-avt-0068-tx2/0f8bfc1c716e507f18294833b34a3281~tplv-tiktokx-cropcenter:100:100.jpg?dr=9640&refresh_token=3f37e97f&x-expires=1775102400&x-signature=bbWwGwG%2FccRy7Qto9m17dzJsk%2FQ%3D&t=4d5b0474&ps=13740610&shp=30310797&shcp=ff37627b&idc=useast5,,,,,,,,,
Right!!🤩,0,,2026-03-14T19:14:28.000Z,ainsleekbeauty,https://www.tiktok.com/@ainsleekbeauty/video/7617092680597753118,7535277323395236895,7617191617632568094,https://p16-common-sign.tiktokcdn-us.com/tos-useast8-avt-0068-tx2/be072205f046f10945df670b317ec3cf~tplv-tiktokx-cropcenter:100:100.jpg?dr=9640&refresh_token=7528180f&x-expires=1775102400&x-signature=NzxznIuaf2aG5suOjDrXWONupeQ%3D&t=4d5b0474&ps=13740610&shp=30310797&shcp=ff37627b&idc=useast5,,,,,,,,,
Awww this is so cute ❤️💕 I need to try this love the red lips,1,1,2026-03-15T01:46:09.000Z,_dedrab,https://www.tiktok.com/@ainsleekbeauty/video/7617092680597753118,6827946220671501318,7617292656296903437,https://p16-common-sign.tiktokcdn-us.com/tos-useast5-avt-0068-tx/fbb02730867305e96768721d8f1f912f~tplv-tiktokx-cropcenter:100:100.jpg?dr=9640&refresh_token=20bd2290&x-expires=1775102400&x-signature=PON1j%2BElkcrTjc9OlD4aHg8Ua%2FM%3D&t=4d5b0474&ps=13740610&shp=30310797&shcp=ff37627b&idc=useast5,,,,,,,,,
I love the lip masks!!,1,1,2026-03-14T13:39:31.000Z,skincareshay,https://www.tiktok.com/@ainsleekbeauty/video/7617092680597753118,7561280432856138766,7617105287920681741,https://p16-common-sign.tiktokcdn-us.com/tos-useast5-avt-0068-tx/2f8c027f50bf6a228a1f161f75ee4cc3~tplv-tiktokx-cropcenter:100:100.jpg?dr=9640&refresh_token=1ab0f652&x-expires=1775102400&x-signature=oKsryo9P%2FSM0rmHK1r8vtzrdX18%3D&t=4d5b0474&ps=13740610&shp=30310797&shcp=ff37627b&idc=useast5,,,,,,,,,
"Ok first off, I love that this is clear, so cool! Looove it! Need to look into these",1,1,2026-03-15T03:30:20.000Z,realtalkwithrene,https://www.tiktok.com/@ainsleekbeauty/video/7617092680597753118,6816873598414914565,7617319301688066847,https://p16-common-sign.tiktokcdn-us.com/tos-useast8-avt-0068-tx2/9e6cf68a8239c58a76980888ff091754~tplv-tiktokx-cropcenter:100:100.jpg?dr=9640&refresh_token=ebc8a0cc&x-expires=1775102400&x-signature=gS0yKKoM8csDuaPz47NZ0lMEoGM%3D&t=4d5b0474&ps=13740610&shp=30310797&shcp=ff37627b&idc=useast5,,,,,,,,,
These look so cool❤️❤️,1,1,2026-03-15T16:58:52.000Z,rogerroosmama12,https://www.tiktok.com/@ainsleekbeauty/video/7617092680597753118,6947072116681131013,7617527700597048094,https://p16-common-sign.tiktokcdn-us.com/tos-useast8-avt-0068-tx2/770a8ebad09e063166433bf6040338c6~tplv-tiktokx-cropcenter:100:100.jpg?dr=9640&refresh_token=88ca7ef2&x-expires=1775102400&x-signature=N2u0rz1A7TYxP3W7qVSp2FBUX3I%3D&t=4d5b0474&ps=13740610&shp=30310797&shcp=ff37627b&idc=useast5,,,,,,,,,
Quiero probar esa mascarilla 🩷,1,2,2026-03-25T14:38:23.000Z,kasssanchez21,https://www.tiktok.com/@9494diane/video/7621151919209221396,7189144449086211078,7621202532367270657,https://p16-common-sign.tiktokcdn-us.com/tos-alisg-avt-0068/56caa13b82e9f649d1da25a33e18a631~tplv-tiktokx-cropcenter:100:100.jpg?dr=9640&refresh_token=538b5e53&x-expires=1775102400&x-signature=f1zSA%2ByNlB9urx7V1xA9ulRuTO4%3D&t=4d5b0474&ps=13740610&shp=30310797&shcp=ff37627b&idc=useast5,,,,,,,,,
Espero que tengas la oportunidad de probarla muy pronto! ¡Seguro te encantará! 😊,1,,2026-03-25T16:24:14.000Z,9494diane,https://www.tiktok.com/@9494diane/video/7621151919209221396,7003960191419466757,7621229811185697554,https://p16-common-sign.tiktokcdn-us.com/tos-maliva-avt-0068/3a6e2a6b721e0cac90fe71924c333e71~tplv-tiktokx-cropcenter:100:100.jpg?dr=9640&refresh_token=a1abab99&x-expires=1775102400&x-signature=5TgQxnUsZ4OXT5nnb9%2BX8HEPOZM%3D&t=4d5b0474&ps=13740610&shp=30310797&shcp=ff37627b&idc=useast5,,,,,,,,,
Gurll I loveee it 💞,1,1,2026-03-28T13:29:35.000Z,saffiecore,https://www.tiktok.com/@9494diane/video/7621151919209221396,6976664224303514629,7622298022154634006,https://p16-common-sign.tiktokcdn-us.com/tos-maliva-avt-0068/e206a3cbf090c1aeace764200e40d9da~tplv-tiktokx-cropcenter:100:100.jpg?dr=9640&refresh_token=f6799f64&x-expires=1775102400&x-signature=90ph5GnqtClCd%2BVEtaMufZ%2B1INg%3D&t=4d5b0474&ps=13740610&shp=30310797&shcp=ff37627b&idc=useast5,,,,,,,,,
@Saffieᥫ᭡ thanks for sharing your thoughts 💖💖💖,0,,2026-03-30T01:07:58.000Z,9494diane,https://www.tiktok.com/@9494diane/video/7621151919209221396,7003960191419466757,7622849099968381704,https://p16-common-sign.tiktokcdn-us.com/tos-maliva-avt-0068/3a6e2a6b721e0cac90fe71924c333e71~tplv-tiktokx-cropcenter:100:100.jpg?dr=9640&refresh_token=a1abab99&x-expires=1775102400&x-signature=5TgQxnUsZ4OXT5nnb9%2BX8HEPOZM%3D&t=4d5b0474&ps=13740610&shp=30310797&shcp=ff37627b&idc=useast5,,,,,,,,,
oooo I love it beautiful friend,1,1,2026-03-31T07:19:53.000Z,shawnschweigert98,https://www.tiktok.com/@9494diane/video/7621151919209221396,7066283911686112302,7623315599444558606,https://p16-common-sign.tiktokcdn-us.com/tos-useast5-avt-0068-tx/7348344286250795051~tplv-tiktokx-cropcenter:100:100.jpg?dr=9640&refresh_token=cec0fd30&x-expires=1775102400&x-signature=03Xu5lIN0dKB8hCofwwnukRKiYE%3D&t=4d5b0474&ps=13740610&shp=30310797&shcp=ff37627b&idc=useast5,,,,,,,,,
@shawnschweigert98 💖💖💖 you would love these,0,,2026-03-31T07:27:44.000Z,9494diane,https://www.tiktok.com/@9494diane/video/7621151919209221396,7003960191419466757,7623318057914237714,https://p16-common-sign.tiktokcdn-us.com/tos-maliva-avt-0068/3a6e2a6b721e0cac90fe71924c333e71~tplv-tiktokx-cropcenter:100:100.jpg?dr=9640&refresh_token=a1abab99&x-expires=1775102400&x-signature=5TgQxnUsZ4OXT5nnb9%2BX8HEPOZM%3D&t=4d5b0474&ps=13740610&shp=30310797&shcp=ff37627b&idc=useast5,,,,,,,,,
💕💕💕,1,1,2026-03-28T10:34:56.000Z,ugcnatali,https://www.tiktok.com/@9494diane/video/7621151919209221396,7326617951041176581,7622253057602421505,https://p16-common-sign.tiktokcdn-us.com/tos-alisg-avt-0068/e4fa05d26f3b7c68642d3b1b70a16bc2~tplv-tiktokx-cropcenter:100:100.jpg?dr=9640&refresh_token=5ebd366b&x-expires=1775102400&x-signature=9N1vF%2F0xZ0vNI0l5tqrSPdcIIMY%3D&t=4d5b0474&ps=13740610&shp=30310797&shcp=ff37627b&idc=useast5,,,,,,,,,
@ugcnatali 💖💖💖 thanks,1,,2026-03-30T01:08:20.000Z,9494diane,https://www.tiktok.com/@9494diane/video/7621151919209221396,7003960191419466757,7622849186199470866,https://p16-common-sign.tiktokcdn-us.com/tos-maliva-avt-0068/3a6e2a6b721e0cac90fe71924c333e71~tplv-tiktokx-cropcenter:100:100.jpg?dr=9640&refresh_token=a1abab99&x-expires=1775102400&x-signature=5TgQxnUsZ4OXT5nnb9%2BX8HEPOZM%3D&t=4d5b0474&ps=13740610&shp=30310797&shcp=ff37627b&idc=useast5,,,,,,,,,
Looks very nice 🥰,1,1,2026-03-15T01:43:12.000Z,gigid1231,https://www.tiktok.com/@ainsleekbeauty/video/7617092680597753118,6924511840940721157,7617291670980559647,https://p16-common-sign.tiktokcdn-us.com/tos-useast8-avt-0068-tx2/3a374775bfd9ccd701fa040ed2543eb4~tplv-tiktokx-cropcenter:100:100.jpg?dr=9640&refresh_token=5b78dc10&x-expires=1775102400&x-signature=lDzirEKkdhnSCPzuLyr6OhGgILU%3D&t=4d5b0474&ps=13740610&shp=30310797&shcp=ff37627b&idc=useast5,,,,,,,,,
🩷🩷,0,,2026-03-15T01:16:39.000Z,ainsleekbeauty,https://www.tiktok.com/@ainsleekbeauty/video/7617092680597753118,7535277323395236895,7617285042318328607,https://p16-common-sign.tiktokcdn-eu.com/tos-maliva-avt-0068/be072205f046f10945df670b317ec3cf~tplv-tiktokx-cropcenter:100:100.jpg?dr=10399&refresh_token=51517da4&x-expires=1775102400&x-signature=KV9BufMdF2BTQvEh53qH%2BNr7Ws4%3D&t=4d5b0474&ps=13740610&shp=30310797&shcp=ff37627b&idc=no1a,,,,,,,,,
Right! So fun!,0,,2026-03-16T13:05:10.000Z,ainsleekbeauty,https://www.tiktok.com/@ainsleekbeauty/video/7617092680597753118,7535277323395236895,7617838599744766751,https://p16-common-sign.tiktokcdn-eu.com/tos-maliva-avt-0068/be072205f046f10945df670b317ec3cf~tplv-tiktokx-cropcenter:100:100.jpg?dr=10399&refresh_token=51517da4&x-expires=1775102400&x-signature=KV9BufMdF2BTQvEh53qH%2BNr7Ws4%3D&t=4d5b0474&ps=13740610&shp=30310797&shcp=ff37627b&idc=no1a,,,,,,,,,
Those both look so fun! Beautiful glow!,0,0,2026-03-26T12:27:29.000Z,11lisamariet,https://www.tiktok.com/@ainsleekbeauty/video/7617092680597753118,6873823561070396421,7621539785584280350,https://p19-common-sign.tiktokcdn-eu.com/tos-maliva-avt-0068/afe2519fd6c42c8f7624b0f1f4727f57~tplv-tiktokx-cropcenter:100:100.jpg?dr=10399&refresh_token=1d4bb49a&x-expires=1775102400&x-signature=0e6uHxfz%2FAv%2FzQ3SHnWOmSb5ec4%3D&t=4d5b0474&ps=13740610&shp=30310797&shcp=ff37627b&idc=no1a,,,,,,,,,
That’s neat! It’s so clear! Love the glow afterwards! ✨,0,1,2026-03-14T13:10:01.000Z,__karen__g,https://www.tiktok.com/@ainsleekbeauty/video/7617092680597753118,7010588237219628037,7617097522402280223,https://p16-common-sign.tiktokcdn-eu.com/tos-maliva-avt-0068/d6e5d016530c8ee9f1992eca2bf36ae7~tplv-tiktokx-cropcenter:100:100.jpg?dr=10399&refresh_token=c6bb6e48&x-expires=1775102400&x-signature=1Ph%2BEGJPS4UpdeOsV8gPhjKaVNw%3D&t=4d5b0474&ps=13740610&shp=30310797&shcp=ff37627b&idc=no1a,,,,,,,,,
Yesssss 🩷🩷,1,,2026-03-15T13:54:31.000Z,ainsleekbeauty,https://www.tiktok.com/@ainsleekbeauty/video/7617092680597753118,7535277323395236895,7617480142797587230,https://p16-common-sign.tiktokcdn-eu.com/tos-maliva-avt-0068/be072205f046f10945df670b317ec3cf~tplv-tiktokx-cropcenter:100:100.jpg?dr=10399&refresh_token=51517da4&x-expires=1775102400&x-signature=KV9BufMdF2BTQvEh53qH%2BNr7Ws4%3D&t=4d5b0474&ps=13740610&shp=30310797&shcp=ff37627b&idc=no1a,,,,,,,,,
That’s a fun mask. 😁,1,1,2026-03-14T13:07:27.000Z,carrieup6,https://www.tiktok.com/@ainsleekbeauty/video/7617092680597753118,7155626985175516203,7617097055806522126,https://p16-common-sign.tiktokcdn-eu.com/tos-maliva-avt-0068/6b34fd3cf2bdc3f8e0679204baf82da9~tplv-tiktokx-cropcenter:100:100.jpg?dr=10399&refresh_token=a3fcf3cf&x-expires=1775102400&x-signature=FvvVJUujQQqkf0bKtAs6iiUqHu0%3D&t=4d5b0474&ps=13740610&shp=30310797&shcp=ff37627b&idc=no1a,,,,,,,,,
A lip mask? Thats interesting,1,1,2026-03-14T13:04:14.000Z,hello.shel,https://www.tiktok.com/@ainsleekbeauty/video/7617092680597753118,7351500175464072235,7617096145887052557,https://p16-common-sign.tiktokcdn-eu.com/tos-maliva-avt-0068/1458e3385c5148a09a56390e7ecd6060~tplv-tiktokx-cropcenter:100:100.jpg?dr=10399&refresh_token=3bf6ed87&x-expires=1775102400&x-signature=uoycf1DsPbkWBjTFqGYotG1GaCs%3D&t=4d5b0474&ps=13740610&shp=30310797&shcp=ff37627b&idc=no1a,,,,,,,,,
Lip masks?! That’s so freaking cute!!,0,0,2026-03-17T04:25:34.000Z,heeeyitscristina,https://www.tiktok.com/@ainsleekbeauty/video/7617092680597753118,6922859983761048582,7618075740253356814,https://p16-common-sign.tiktokcdn-eu.com/tos-maliva-avt-0068/beb711d3d0b8bcdfbb896ccb0c8567ea~tplv-tiktokx-cropcenter:100:100.jpg?dr=10399&refresh_token=3bfc4182&x-expires=1775102400&x-signature=8F33QKuLgWcHcvBi0LeCI6HuIf0%3D&t=4d5b0474&ps=13740610&shp=30310797&shcp=ff37627b&idc=no1a,,,,,,,,,
Right!,0,,2026-03-15T01:18:32.000Z,ainsleekbeauty,https://www.tiktok.com/@ainsleekbeauty/video/7617092680597753118,7535277323395236895,7617285518312735518,https://p16-common-sign.tiktokcdn-eu.com/tos-maliva-avt-0068/be072205f046f10945df670b317ec3cf~tplv-tiktokx-cropcenter:100:100.jpg?dr=10399&refresh_token=51517da4&x-expires=1775102400&x-signature=KV9BufMdF2BTQvEh53qH%2BNr7Ws4%3D&t=4d5b0474&ps=13740610&shp=30310797&shcp=ff37627b&idc=no1a,,,,,,,,,
Loved it! So fun!,0,,2026-03-14T19:14:56.000Z,ainsleekbeauty,https://www.tiktok.com/@ainsleekbeauty/video/7617092680597753118,7535277323395236895,7617191746677916447,https://p16-common-sign.tiktokcdn-eu.com/tos-maliva-avt-0068/be072205f046f10945df670b317ec3cf~tplv-tiktokx-cropcenter:100:100.jpg?dr=10399&refresh_token=51517da4&x-expires=1775102400&x-signature=KV9BufMdF2BTQvEh53qH%2BNr7Ws4%3D&t=4d5b0474&ps=13740610&shp=30310797&shcp=ff37627b&idc=no1a,,,,,,,,,
🥰🥰,1,,2026-03-15T13:59:51.000Z,ainsleekbeauty,https://www.tiktok.com/@ainsleekbeauty/video/7617092680597753118,7535277323395236895,7617481548783616798,https://p16-common-sign.tiktokcdn-eu.com/tos-maliva-avt-0068/be072205f046f10945df670b317ec3cf~tplv-tiktokx-cropcenter:100:100.jpg?dr=10399&refresh_token=51517da4&x-expires=1775102400&x-signature=KV9BufMdF2BTQvEh53qH%2BNr7Ws4%3D&t=4d5b0474&ps=13740610&shp=30310797&shcp=ff37627b&idc=no1a,,,,,,,,,
Soo cute and hydrating🤩,0,0,2026-03-17T22:24:12.000Z,heyjanette,https://www.tiktok.com/@ainsleekbeauty/video/7617092680597753118,7489870060363334687,7618353850437141261,https://p16-common-sign.tiktokcdn-eu.com/tos-maliva-avt-0068/fcc7ca29f4158c102bcc8fa0d1066d8c~tplv-tiktokx-cropcenter:100:100.jpg?dr=10399&refresh_token=c6f57e6a&x-expires=1775102400&x-signature=AYVWCUo8o8QojOvJBRxqCiRJZgU%3D&t=4d5b0474&ps=13740610&shp=30310797&shcp=ff37627b&idc=no1a,,,,,,,,,
This is my sign to do some masks!!,0,0,2026-03-19T00:00:01.000Z,h0llywood99,https://www.tiktok.com/@ainsleekbeauty/video/7617092680597753118,6726572182484419589,7618749588741030669,https://p19-common-sign.tiktokcdn-eu.com/tos-maliva-avt-0068/9b95167c6b67cf78d5a6f7e9e598667d~tplv-tiktokx-cropcenter:100:100.jpg?dr=10399&refresh_token=4c2300d1&x-expires=1775102400&x-signature=f0RxR0RNtGc1oXtsFAgwQoa%2B%2FJE%3D&t=4d5b0474&ps=13740610&shp=30310797&shcp=ff37627b&idc=no1a,,,,,,,,,
❤️❤️,1,,2026-03-15T01:26:50.000Z,ainsleekbeauty,https://www.tiktok.com/@ainsleekbeauty/video/7617092680597753118,7535277323395236895,7617287519369659166,https://p16-common-sign.tiktokcdn-eu.com/tos-maliva-avt-0068/be072205f046f10945df670b317ec3cf~tplv-tiktokx-cropcenter:100:100.jpg?dr=10399&refresh_token=51517da4&x-expires=1775102400&x-signature=KV9BufMdF2BTQvEh53qH%2BNr7Ws4%3D&t=4d5b0474&ps=13740610&shp=30310797&shcp=ff37627b&idc=no1a,,,,,,,,,
love these masks,1,1,2026-03-30T02:16:00.000Z,littlelifestylebeauty,https://www.tiktok.com/@freakysreviews/video/7622857875668372756,7168695648962085893,7622866639382250247,https://p16-common-sign.tiktokcdn-us.com/tos-maliva-avt-0068/05d206299f792ae5a47f44f67c2eb85a~tplv-tiktokx-cropcenter:100:100.jpg?dr=9640&refresh_token=cd6b1edd&x-expires=1775102400&x-signature=87bXR4nj1UP3jzmEvRwif2qbygM%3D&t=4d5b0474&ps=13740610&shp=30310797&shcp=ff37627b&idc=useast8,,,,,,,,,
Me too! 🙌🏼,0,,2026-04-01T01:35:04.000Z,freakysreviews,https://www.tiktok.com/@freakysreviews/video/7622857875668372756,7391933844620100614,7623598214969180948,https://p16-common-sign.tiktokcdn-us.com/tos-maliva-avt-0068/b8a9bfcd94fabaff912ac28c4a40b8b9~tplv-tiktokx-cropcenter:100:100.jpg?dr=9640&refresh_token=69994309&x-expires=1775102400&x-signature=uaOniVuMgR8h4%2B25wqZBCyD%2B%2FHw%3D&t=4d5b0474&ps=13740610&shp=30310797&shcp=ff37627b&idc=useast8,,,,,,,,,
Luv how big the lip masks are! ..usually they come so small in. sz!,1,2,2026-03-30T19:58:42.000Z,sherylanne76,https://www.tiktok.com/@freakysreviews/video/7622857875668372756,7226180921731908614,7623140478465409810,https://p19-common-sign.tiktokcdn-us.com/tos-maliva-avt-0068/dfa7c843fdbd586c70ce9caee7f0532d~tplv-tiktokx-cropcenter:100:100.jpg?dr=9640&refresh_token=086bfe98&x-expires=1775102400&x-signature=nZiUI%2BSGPz25xjAhqhNKWcioc9U%3D&t=4d5b0474&ps=13740610&shp=30310797&shcp=ff37627b&idc=useast8,,,,,,,,,
Me too - I tend to get very dry around the outside of my lips as well - not just on my lips thanks to my meds! These lip masks have been such a Godsend 😍🥰,0,,2026-04-01T01:34:44.000Z,freakysreviews,https://www.tiktok.com/@freakysreviews/video/7622857875668372756,7391933844620100614,7623598140965290773,https://p16-common-sign.tiktokcdn-us.com/tos-maliva-avt-0068/b8a9bfcd94fabaff912ac28c4a40b8b9~tplv-tiktokx-cropcenter:100:100.jpg?dr=9640&refresh_token=69994309&x-expires=1775102400&x-signature=uaOniVuMgR8h4%2B25wqZBCyD%2B%2FHw%3D&t=4d5b0474&ps=13740610&shp=30310797&shcp=ff37627b&idc=useast8,,,,,,,,,
Mana es el final 😍,0,,2026-03-23T20:03:10.000Z,jhoahernadez01,https://www.tiktok.com/@jhoahernadez01/video/7615808462739524871,6642359264014123013,7620544034718024455,https://p77-sign-va.tiktokcdn.com/tos-maliva-avt-0068/afabe7646f17b2f4b9bdc7d03e1609ef~tplv-tiktokx-cropcenter:100:100.jpg?dr=14579&refresh_token=9451d8a6&x-expires=1775102400&x-signature=Y6Do6uZ%2F7yaZ6xnyJy9mSWvbgjg%3D&t=4d5b0474&ps=13740610&shp=30310797&shcp=ff37627b&idc=my,,,,,,,,,
thanks for stopping ✋️🥰,1,,2026-03-07T02:36:12.000Z,chameli_73,https://www.tiktok.com/@chameli_73/video/7614021768096779534,6826188896469074949,7614336826581320461,https://p19-common-sign.tiktokcdn.com/tos-maliva-avt-0068/f7224f3bc56ab6922e05393f5d8f77e4~tplv-tiktokx-cropcenter:100:100.jpg?dr=14579&refresh_token=b389acad&x-expires=1775102400&x-signature=0u3PwrIwA4lEI%2FjbNsqU%2BX7UlbI%3D&t=4d5b0474&ps=13740610&shp=30310797&shcp=ff37627b&idc=my,,,,,,,,,
Thanks 💕,0,,2026-03-06T14:21:02.000Z,chameli_73,https://www.tiktok.com/@chameli_73/video/7614021768096779534,6826188896469074949,7614147388911207181,https://p19-common-sign.tiktokcdn.com/tos-maliva-avt-0068/f7224f3bc56ab6922e05393f5d8f77e4~tplv-tiktokx-cropcenter:100:100.jpg?dr=14579&refresh_token=b389acad&x-expires=1775102400&x-signature=0u3PwrIwA4lEI%2FjbNsqU%2BX7UlbI%3D&t=4d5b0474&ps=13740610&shp=30310797&shcp=ff37627b&idc=my,,,,,,,,,
you too friend!!,0,,2026-03-06T04:52:47.000Z,alltooglowyvee,https://www.tiktok.com/@alltooglowyvee/video/7612665769708555533,7261498686626382890,7614000919005299470,https://p16-common-sign.tiktokcdn-eu.com/tos-maliva-avt-0068/79525ac8ab3a0c3604cdc1aa0fac2849~tplv-tiktokx-cropcenter:100:100.jpg?dr=10399&refresh_token=53d56226&x-expires=1775102400&x-signature=I20SGIixZOwcr9VgNR6lj6ia3ek%3D&t=4d5b0474&ps=13740610&shp=30310797&shcp=ff37627b&idc=no1a,,,,,,,,,
tysm 😍😍,0,,2026-03-06T04:53:07.000Z,alltooglowyvee,https://www.tiktok.com/@alltooglowyvee/video/7612665769708555533,7261498686626382890,7614000957115089677,https://p16-common-sign.tiktokcdn-eu.com/tos-maliva-avt-0068/79525ac8ab3a0c3604cdc1aa0fac2849~tplv-tiktokx-cropcenter:100:100.jpg?dr=10399&refresh_token=53d56226&x-expires=1775102400&x-signature=I20SGIixZOwcr9VgNR6lj6ia3ek%3D&t=4d5b0474&ps=13740610&shp=30310797&shcp=ff37627b&idc=no1a,,,,,,,,,
the lip mask 😁😁,0,,2026-03-06T04:52:31.000Z,alltooglowyvee,https://www.tiktok.com/@alltooglowyvee/video/7612665769708555533,7261498686626382890,7614000888382227214,https://p16-common-sign.tiktokcdn-eu.com/tos-maliva-avt-0068/79525ac8ab3a0c3604cdc1aa0fac2849~tplv-tiktokx-cropcenter:100:100.jpg?dr=10399&refresh_token=53d56226&x-expires=1775102400&x-signature=I20SGIixZOwcr9VgNR6lj6ia3ek%3D&t=4d5b0474&ps=13740610&shp=30310797&shcp=ff37627b&idc=no1a,,,,,,,,,
Your skin looks insanely glowy✨✨,1,1,2026-03-29T06:30:38.000Z,ugcbylinea,https://www.tiktok.com/@marynacreates5/video/7622453425749495053,7377445039087092769,7622561108939457283,https://p16-common-sign.tiktokcdn-eu.com/tos-no1a-avt-0068c001-no/ca6f248ab53a18613fe040760a42d960~tplv-tiktokx-cropcenter:100:100.jpg?dr=10399&refresh_token=56c6c76b&x-expires=1775102400&x-signature=RrW%2B%2FziY02kDBIVYaWcuDukCOyM%3D&t=4d5b0474&ps=13740610&shp=30310797&shcp=ff37627b&idc=no1a,,,,,,,,,
🤍🤍🥰,1,,2026-03-30T04:16:02.000Z,marynacreates5,https://www.tiktok.com/@marynacreates5/video/7622453425749495053,7537886246196462605,7622897515150705422,https://p16-common-sign.tiktokcdn-eu.com/tos-maliva-avt-0068/ad8ae4349bb01f7c1b4ba49a81265548~tplv-tiktokx-cropcenter:100:100.jpg?dr=10399&refresh_token=5906798f&x-expires=1775102400&x-signature=ZutmdBp9hferRazQDNT2DyDw8p8%3D&t=4d5b0474&ps=13740610&shp=30310797&shcp=ff37627b&idc=no1a,,,,,,,,,
😍❤️🔥,1,1,2026-03-29T09:33:14.000Z,sonyacova,https://www.tiktok.com/@marynacreates5/video/7622453425749495053,7360479060634076193,7622608225989526304,https://p16-common-sign.tiktokcdn-eu.com/tos-useast2a-avt-0068-euttp/e878880c27638c04f76eca13d3fda7d1~tplv-tiktokx-cropcenter:100:100.jpg?dr=10399&refresh_token=805777d8&x-expires=1775102400&x-signature=Sp%2Facr5uwXxoKkt86910YB3H5Iw%3D&t=4d5b0474&ps=13740610&shp=30310797&shcp=ff37627b&idc=no1a,,,,,,,,,
🥰🥰🫶🏻,0,,2026-03-30T04:16:06.000Z,marynacreates5,https://www.tiktok.com/@marynacreates5/video/7622453425749495053,7537886246196462605,7622897461431370509,https://p16-common-sign.tiktokcdn-eu.com/tos-maliva-avt-0068/ad8ae4349bb01f7c1b4ba49a81265548~tplv-tiktokx-cropcenter:100:100.jpg?dr=10399&refresh_token=5906798f&x-expires=1775102400&x-signature=ZutmdBp9hferRazQDNT2DyDw8p8%3D&t=4d5b0474&ps=13740610&shp=30310797&shcp=ff37627b&idc=no1a,,,,,,,,,
Love a husband guest star! 😂🥰,1,3,2026-03-16T02:37:06.000Z,angelackramer,https://www.tiktok.com/@lifewith_anna5/video/7617670527909465374,7369943513792201774,7617676827482014495,https://p16-common-sign.tiktokcdn-eu.com/tos-maliva-avt-0068/c5c74e895505aef748f4874cbf5f9636~tplv-tiktokx-cropcenter:100:100.jpg?dr=10399&refresh_token=fddca142&x-expires=1775102400&x-signature=2OBauv6LbZkNXUkudus7RxNwCLA%3D&t=4d5b0474&ps=13740610&shp=30310797&shcp=ff37627b&idc=no1a,,,,,,,,,
😂 Right?,1,,2026-03-16T02:40:40.000Z,lifewith_anna5,https://www.tiktok.com/@lifewith_anna5/video/7617670527909465374,7371590707667502122,7617677755408565023,https://p16-common-sign.tiktokcdn-eu.com/tos-maliva-avt-0068/336407da1e078b1ac091b6154ef74c69~tplv-tiktokx-cropcenter:100:100.jpg?dr=10399&refresh_token=75c434e3&x-expires=1775102400&x-signature=VoCALqyuliDUFZzvzAiQ0wKwSxI%3D&t=4d5b0474&ps=13740610&shp=30310797&shcp=ff37627b&idc=no1a,,,,,,,,,
Haha yes they need to try too 💜,2,2,2026-03-16T02:36:06.000Z,beautyndvlogs,https://www.tiktok.com/@lifewith_anna5/video/7617670527909465374,7356920139415094277,7617676616727577345,https://p16-common-sign.tiktokcdn-eu.com/tos-alisg-avt-0068/c20de9c7fcea3954378ae394f8af8bd0~tplv-tiktokx-cropcenter:100:100.jpg?dr=10399&refresh_token=0fd89a34&x-expires=1775102400&x-signature=S7ytX%2Bo4GPZpSs%2FIvvtYvh6%2BkUY%3D&t=4d5b0474&ps=13740610&shp=30310797&shcp=ff37627b&idc=no1a,,,,,,,,,
Yes absolutely,2,,2026-03-16T02:40:52.000Z,lifewith_anna5,https://www.tiktok.com/@lifewith_anna5/video/7617670527909465374,7371590707667502122,7617677739416912671,https://p16-common-sign.tiktokcdn-eu.com/tos-maliva-avt-0068/336407da1e078b1ac091b6154ef74c69~tplv-tiktokx-cropcenter:100:100.jpg?dr=10399&refresh_token=75c434e3&x-expires=1775102400&x-signature=VoCALqyuliDUFZzvzAiQ0wKwSxI%3D&t=4d5b0474&ps=13740610&shp=30310797&shcp=ff37627b&idc=no1a,,,,,,,,,
love it 🥰,0,0,2026-03-30T22:20:18.000Z,inspirationalmarlamunoz8,https://www.tiktok.com/@lifewith_anna5/video/7617670527909465374,6804297889385415686,7623176897879212813,https://p16-common-sign.tiktokcdn-eu.com/tos-maliva-avt-0068/83784a8d19ab32643731375a8964c994~tplv-tiktokx-cropcenter:100:100.jpg?dr=10399&refresh_token=f48a6602&x-expires=1775102400&x-signature=EBvIfRUKM8rK0R9c8XEPQEq190I%3D&t=4d5b0474&ps=13740610&shp=30310797&shcp=ff37627b&idc=no1a,,,,,,,,,
That’s one lucky man!,1,0,2026-03-19T02:20:51.000Z,naturalmom8,https://www.tiktok.com/@lifewith_anna5/video/7617670527909465374,7516610231167239210,7618785924323558157,https://p16-common-sign.tiktokcdn-eu.com/tos-maliva-avt-0068/8de7284af394cf057d8b1f5cc0c9192a~tplv-tiktokx-cropcenter:100:100.jpg?dr=10399&refresh_token=8e3bc086&x-expires=1775102400&x-signature=M%2FHAAJgmxy5W7M0ipfgulgF2dX4%3D&t=4d5b0474&ps=13740610&shp=30310797&shcp=ff37627b&idc=no1a,,,,,,,,,
That mask looks amazing. He’s a great sport!,1,0,2026-03-18T02:46:25.000Z,ctarlton,https://www.tiktok.com/@lifewith_anna5/video/7617670527909465374,6627688831875678209,7618421412402889485,https://p16-common-sign.tiktokcdn-eu.com/tos-maliva-avt-0068/3db5b604e74c2713bef381fa8c26ba6a~tplv-tiktokx-cropcenter:100:100.jpg?dr=10399&refresh_token=e12964b4&x-expires=1775102400&x-signature=6pJ7hKWEBX4K87V5kYtFFgvBfG0%3D&t=4d5b0474&ps=13740610&shp=30310797&shcp=ff37627b&idc=no1a,,,,,,,,,
Lucky husband 🥰,1,0,2026-03-16T13:41:46.000Z,666ksana,https://www.tiktok.com/@lifewith_anna5/video/7617670527909465374,7287178051287270406,7617848169406006036,https://p16-common-sign.tiktokcdn-eu.com/tos-alisg-avt-0068/92136d0672945a6794e0f8d113242639~tplv-tiktokx-cropcenter:100:100.jpg?dr=10399&refresh_token=3cf8757b&x-expires=1775102400&x-signature=94HFW%2B5aMmV3LTN9HASnB0N77m0%3D&t=4d5b0474&ps=13740610&shp=30310797&shcp=ff37627b&idc=no1a,,,,,,,,,
"😂😂😂 too cute… yes, I think they would enjoy how good skincare feels too!",1,0,2026-03-16T06:01:50.000Z,bre5857,https://www.tiktok.com/@lifewith_anna5/video/7617670527909465374,7525702535903642679,7617729453012288269,https://p16-common-sign.tiktokcdn-eu.com/tos-maliva-avt-0068/8ecbb1d5da26ae41dd7d4fb49396f093~tplv-tiktokx-cropcenter:100:100.jpg?dr=10399&refresh_token=dcd2ffa0&x-expires=1775102400&x-signature=3uyrMMmxOIGN521VKMv2iUzgkog%3D&t=4d5b0474&ps=13740610&shp=30310797&shcp=ff37627b&idc=no1a,,,,,,,,,
This made my Monday!! He deserves a reset too!!,1,0,2026-03-16T22:52:17.000Z,sammie_sprouts,https://www.tiktok.com/@lifewith_anna5/video/7617670527909465374,7492195274316923935,7617990013460677390,https://p16-common-sign.tiktokcdn-eu.com/tos-maliva-avt-0068/d8ab9e6d60f4eee43523d9f8743e41af~tplv-tiktokx-cropcenter:100:100.jpg?dr=10399&refresh_token=75efb368&x-expires=1775102400&x-signature=6VguYA9w4rMaPrk3dnI%2FSpXcyeM%3D&t=4d5b0474&ps=13740610&shp=30310797&shcp=ff37627b&idc=no1a,,,,,,,,,
He was so good about it!! 💕💕,1,0,2026-03-16T16:01:51.000Z,samanthanbabor,https://www.tiktok.com/@lifewith_anna5/video/7617670527909465374,6807189304788730886,7617884109960938271,https://p16-common-sign.tiktokcdn-eu.com/tos-maliva-avt-0068/82db83f86175cfcc26ef7497aa4180e8~tplv-tiktokx-cropcenter:100:100.jpg?dr=10399&refresh_token=710fda11&x-expires=1775102400&x-signature=Eq4CA0hDTRHB1Z4gQAcUbgqmysY%3D&t=4d5b0474&ps=13740610&shp=30310797&shcp=ff37627b&idc=no1a,,,,,,,,,
Yes men deserve good skincare too.. this is so thoughtful,1,0,2026-03-16T20:13:37.000Z,e.fosaa,https://www.tiktok.com/@lifewith_anna5/video/7617670527909465374,6841130893358302214,7617949141309915925,https://p19-common-sign.tiktokcdn-eu.com/tos-alisg-avt-0068/b727eb13c58c940b0e6339a5784fff1f~tplv-tiktokx-cropcenter:100:100.jpg?dr=10399&refresh_token=53079688&x-expires=1775102400&x-signature=QeIKOy7oqqbAjPIZRX82OvrkyGE%3D&t=4d5b0474&ps=13740610&shp=30310797&shcp=ff37627b&idc=no1a,,,,,,,,,
"Yesss, I love this! 😂 This makes me want to do the same for my husband. His skin is glowing ✨",1,0,2026-03-16T13:34:37.000Z,kadoobles,https://www.tiktok.com/@lifewith_anna5/video/7617670527909465374,7109907549033399339,7617846127371453214,https://p16-common-sign.tiktokcdn-eu.com/tos-maliva-avt-0068/027ebd0a81ebff04679d2d50a5838f99~tplv-tiktokx-cropcenter:100:100.jpg?dr=10399&refresh_token=f5316ca5&x-expires=1775102400&x-signature=LFV%2B9gRajQqJcJQIm%2Bc4EBfd7kw%3D&t=4d5b0474&ps=13740610&shp=30310797&shcp=ff37627b&idc=no1a,,,,,,,,,
wow look hydrating on he skin,1,0,2026-03-16T23:12:05.000Z,k_slimzy,https://www.tiktok.com/@lifewith_anna5/video/7617670527909465374,6811816343799120902,7617995084521259798,https://p16-common-sign.tiktokcdn-eu.com/tos-no1a-avt-0068c001-no/df94c3dd014894e6d4daa37168ce19bd~tplv-tiktokx-cropcenter:100:100.jpg?dr=10399&refresh_token=9eabcac8&x-expires=1775102400&x-signature=DE6j%2FHbRfRrQWSuY%2F1QDY740bRM%3D&t=4d5b0474&ps=13740610&shp=30310797&shcp=ff37627b&idc=no1a,,,,,,,,,
He looked so scared but relaxed at the same time 😂 Love it!,1,0,2026-03-17T04:58:45.000Z,kari16581,https://www.tiktok.com/@lifewith_anna5/video/7617670527909465374,7408536831165744170,7618084262592201486,https://p16-common-sign.tiktokcdn-eu.com/tos-maliva-avt-0068/317db0a6916ba89caf2815d01a8dc4d2~tplv-tiktokx-cropcenter:100:100.jpg?dr=10399&refresh_token=998819fe&x-expires=1775102400&x-signature=E3GIJ%2Bm4nADwyhfuRIWW3AMiLD8%3D&t=4d5b0474&ps=13740610&shp=30310797&shcp=ff37627b&idc=no1a,,,,,,,,,
Now this is love 😂😍❤️His skin looks great! ❤️❤️❤️I love a supportive king!,1,0,2026-03-16T03:54:01.000Z,movethroughshadows,https://www.tiktok.com/@lifewith_anna5/video/7617670527909465374,7477398135615439918,7617696567001121566,https://p16-common-sign.tiktokcdn-eu.com/tos-maliva-avt-0068/44516f1769a91fc707166f52170b6d8f~tplv-tiktokx-cropcenter:100:100.jpg?dr=10399&refresh_token=62c9db8f&x-expires=1775102400&x-signature=xWQHa8Z5c7lseVtnVrjFi%2BU78YQ%3D&t=4d5b0474&ps=13740610&shp=30310797&shcp=ff37627b&idc=no1a,,,,,,,,,
Sending jealousy from here😏🥺. Just kidding,1,0,2026-03-18T14:50:59.000Z,glow_with_onyx,https://www.tiktok.com/@lifewith_anna5/video/7617670527909465374,7589263157371192341,7618608192825754389,https://p16-common-sign.tiktokcdn-eu.com/tos-alisg-avt-0068/559003a706c903aa02856b3b775b2777~tplv-tiktokx-cropcenter:100:100.jpg?dr=10399&refresh_token=2d2121c3&x-expires=1775102400&x-signature=2Ovc17FF9lr%2F3FQ13mpbkaL%2F3XU%3D&t=4d5b0474&ps=13740610&shp=30310797&shcp=ff37627b&idc=no1a,,,,,,,,,
That is awesome that he did this. How awesome,1,0,2026-03-16T10:28:01.000Z,jen484210,https://www.tiktok.com/@lifewith_anna5/video/7617670527909465374,6825632740458808326,7617797746540708621,https://p16-common-sign.tiktokcdn-eu.com/tos-maliva-avt-0068/8fbb16e042783e042f12ea7d24741558~tplv-tiktokx-cropcenter:100:100.jpg?dr=10399&refresh_token=d1b0f380&x-expires=1775102400&x-signature=2hf1gBna9giNal3LqHYAoxzRm3c%3D&t=4d5b0474&ps=13740610&shp=30310797&shcp=ff37627b&idc=no1a,,,,,,,,,
Such a good hubbbby lol,1,0,2026-03-17T14:41:19.000Z,christinaboymama25,https://www.tiktok.com/@lifewith_anna5/video/7617670527909465374,6577500609146535942,7618234478188938014,https://p19-common-sign.tiktokcdn-eu.com/tos-maliva-avt-0068/c52506c7240ee86df6cc3a582f9e2aa2~tplv-tiktokx-cropcenter:100:100.jpg?dr=10399&refresh_token=84ff8be7&x-expires=1775102400&x-signature=d2cI%2FzXTsOfxz5IF7kYZXSM5XJY%3D&t=4d5b0474&ps=13740610&shp=30310797&shcp=ff37627b&idc=no1a,,,,,,,,,
love this! he's glowing now! yes hubby needs pampering too! 😍,1,0,2026-03-17T00:11:14.000Z,highvibebeth_beauty,https://www.tiktok.com/@lifewith_anna5/video/7617670527909465374,7020220883801981958,7618010346960241421,https://p16-common-sign.tiktokcdn-eu.com/tos-maliva-avt-0068/ed698fae8301b1ce3166e68c4af9b951~tplv-tiktokx-cropcenter:100:100.jpg?dr=10399&refresh_token=99a13da4&x-expires=1775102400&x-signature=g60vCVmFumIYaziIwqEC4mhi9GE%3D&t=4d5b0474&ps=13740610&shp=30310797&shcp=ff37627b&idc=no1a,,,,,,,,,
I had to come back and watch you again sweet Anna 😂😂❤️,1,0,2026-03-16T10:48:36.000Z,positivepaula3,https://www.tiktok.com/@lifewith_anna5/video/7617670527909465374,7397960381011297323,7617803210108437261,https://p19-common-sign.tiktokcdn-eu.com/tos-maliva-avt-0068/2bb08b93bdb80c9cbf02a74123036feb~tplv-tiktokx-cropcenter:100:100.jpg?dr=10399&refresh_token=c2139ad8&x-expires=1775102400&x-signature=KYMXiriX0otRZcQo5x37Hl5u8RA%3D&t=4d5b0474&ps=13740610&shp=30310797&shcp=ff37627b&idc=no1a,,,,,,,,,
My boyfriend and I actually did a fave mask last night 😂,1,0,2026-03-16T03:48:23.000Z,jackieoncracki,https://www.tiktok.com/@lifewith_anna5/video/7617670527909465374,8.38185E+16,7617695149896729357,https://p16-common-sign.tiktokcdn-eu.com/tos-maliva-avt-0068/5804685e0ef2006a397d31c1178e2394~tplv-tiktokx-cropcenter:100:100.jpg?dr=10399&refresh_token=58386587&x-expires=1775102400&x-signature=kk6AUx4W7UbshRiYYk6dlNUaYrI%3D&t=4d5b0474&ps=13740610&shp=30310797&shcp=ff37627b&idc=no1a,,,,,,,,,
Haha I love this! Bet he feels refreshed now 🤗,1,0,2026-03-16T15:58:17.000Z,paytond044,https://www.tiktok.com/@lifewith_anna5/video/7617670527909465374,7014603722357933062,7617883191093527309,https://p16-common-sign.tiktokcdn-eu.com/tos-maliva-avt-0068/038ebc2df524ca4e356a09c0f59075a5~tplv-tiktokx-cropcenter:100:100.jpg?dr=10399&refresh_token=f6551ca0&x-expires=1775102400&x-signature=QR0EKWa401fWZAFljRaay788DzY%3D&t=4d5b0474&ps=13740610&shp=30310797&shcp=ff37627b&idc=no1a,,,,,,,,,
Hey he rocks!!,1,0,2026-03-16T12:44:57.000Z,whatissandradoing,https://www.tiktok.com/@lifewith_anna5/video/7617670527909465374,6811459715278226438,7617833383620772622,https://p16-common-sign.tiktokcdn-eu.com/tos-maliva-avt-0068/ef4b7c816c0c986679ee209be7a7e8cb~tplv-tiktokx-cropcenter:100:100.jpg?dr=10399&refresh_token=740f3222&x-expires=1775102400&x-signature=4fAqWw%2Fujqhm%2FiARteWVaPW0SFM%3D&t=4d5b0474&ps=13740610&shp=30310797&shcp=ff37627b&idc=no1a,,,,,,,,,
You're doing very well,1,0,2026-03-16T13:47:38.000Z,wendy_mariel22,https://www.tiktok.com/@lifewith_anna5/video/7617670527909465374,6822569630058824710,7617849662586880788,https://p16-common-sign.tiktokcdn-eu.com/tos-alisg-avt-0068/188633a55cd70e9193d40647fd9d5755~tplv-tiktokx-cropcenter:100:100.jpg?dr=10399&refresh_token=4b3e6cce&x-expires=1775102400&x-signature=gd0gXLKoM9Cla19xBrDEHq0Amxs%3D&t=4d5b0474&ps=13740610&shp=30310797&shcp=ff37627b&idc=no1a,,,,,,,,,
Haha love this!,1,0,2026-03-17T04:03:57.000Z,allthingsbeautyandnice,https://www.tiktok.com/@lifewith_anna5/video/7617670527909465374,7072949276050342954,7618070204601828109,https://p16-common-sign.tiktokcdn-eu.com/tos-maliva-avt-0068/21c18949c9ff2f4cb458648bc51821c9~tplv-tiktokx-cropcenter:100:100.jpg?dr=10399&refresh_token=0abef171&x-expires=1775102400&x-signature=qZeQ4uyTBiKO5HUGNT%2Fw9qL12Iw%3D&t=4d5b0474&ps=13740610&shp=30310797&shcp=ff37627b&idc=no1a,,,,,,,,,
Happy St. Patrick’s Day Bestie 🍀,1,0,2026-03-17T20:46:21.000Z,jenoline,https://www.tiktok.com/@lifewith_anna5/video/7617670527909465374,7394231844404905006,7618328541676176159,https://p16-common-sign.tiktokcdn-eu.com/tos-maliva-avt-0068/f626f1b8cbd145dacd3ed08f8a3a81a9~tplv-tiktokx-cropcenter:100:100.jpg?dr=10399&refresh_token=d78820b8&x-expires=1775102400&x-signature=wnk0TeHdCzWOTEv%2FtEdImFKJmP0%3D&t=4d5b0474&ps=13740610&shp=30310797&shcp=ff37627b&idc=no1a,,,,,,,,,
Love it!!! I do this to my husband too!😂😅,1,0,2026-03-17T23:15:36.000Z,growwithlacey,https://www.tiktok.com/@lifewith_anna5/video/7617670527909465374,7485350353438065710,7618366958841512735,https://p16-common-sign.tiktokcdn-eu.com/tos-maliva-avt-0068/93651830f74b7ebf5edfd4aaf481ae71~tplv-tiktokx-cropcenter:100:100.jpg?dr=10399&refresh_token=335e4dc6&x-expires=1775102400&x-signature=NzmOzpCYc5RNRgqBDyNI08a0QA8%3D&t=4d5b0474&ps=13740610&shp=30310797&shcp=ff37627b&idc=no1a,,,,,,,,,
What a good sport!,1,0,2026-03-16T15:30:40.000Z,lauren.mason808,https://www.tiktok.com/@lifewith_anna5/video/7617670527909465374,7562672037584520206,7617876154988430111,https://p16-common-sign.tiktokcdn-eu.com/tos-maliva-avt-0068/33d548ab11b4b8ad5abc1b95b4b56772~tplv-tiktokx-cropcenter:100:100.jpg?dr=10399&refresh_token=e0e3fec8&x-expires=1775102400&x-signature=VereepCjl%2FzK%2F2rexpze22T0xwc%3D&t=4d5b0474&ps=13740610&shp=30310797&shcp=ff37627b&idc=no1a,,,,,,,,,
He got the royal treatment ❤️🤣,1,0,2026-03-25T02:09:58.000Z,shadanacole,https://www.tiktok.com/@lifewith_anna5/video/7617670527909465374,6904476912627794950,7621009623398793998,https://p16-common-sign.tiktokcdn-eu.com/tos-maliva-avt-0068/eb1d9e3ff5851a45c0e3dfb1e4e41a76~tplv-tiktokx-cropcenter:100:100.jpg?dr=10399&refresh_token=f3d5e607&x-expires=1775102400&x-signature=6W%2FqpO2Oc0hSIDRLhoAqX8WOigU%3D&t=4d5b0474&ps=13740610&shp=30310797&shcp=ff37627b&idc=no1a,,,,,,,,,
Stop it i love that😂😂😂😂,1,0,2026-03-16T14:43:37.000Z,holly_g49,https://www.tiktok.com/@lifewith_anna5/video/7617670527909465374,7087213305802359854,7617863958187787039,https://p16-common-sign.tiktokcdn-eu.com/tos-maliva-avt-0068/d07a24986170a88a750c43415dc4659a~tplv-tiktokx-cropcenter:100:100.jpg?dr=10399&refresh_token=8307911a&x-expires=1775102400&x-signature=62FYzmLiPg%2FRinHr82Bjxn9AOMw%3D&t=4d5b0474&ps=13740610&shp=30310797&shcp=ff37627b&idc=no1a,,,,,,,,,
Love this ❤️,1,0,2026-03-17T18:16:57.000Z,fhaydskincarecreator,https://www.tiktok.com/@lifewith_anna5/video/7617670527909465374,7434278357315224622,7618290086233768734,https://p16-common-sign.tiktokcdn-eu.com/tos-maliva-avt-0068/0206fecc0d7268744098d8f49db68e12~tplv-tiktokx-cropcenter:100:100.jpg?dr=10399&refresh_token=18b614d8&x-expires=1775102400&x-signature=LbrnLkX%2F5SXefhyk8YbIvUG9Qeo%3D&t=4d5b0474&ps=13740610&shp=30310797&shcp=ff37627b&idc=no1a,,,,,,,,,
Looks so beautiful 🥰,0,0,2026-03-10T20:18:31.000Z,gabyyoshikawaa,https://www.tiktok.com/@glowithsarahlee/video/7615058083198373133,7355355981491012651,7615723761929896735,https://p16-common-sign.tiktokcdn-us.com/tos-useast5-avt-0068-tx/4c578b18fde3eee6c6930e37741102b1~tplv-tiktokx-cropcenter:100:100.jpg?dr=9640&refresh_token=730c1ead&x-expires=1775102400&x-signature=qI23If8BlpMnw33DsH%2FUUF2%2F3X0%3D&t=4d5b0474&ps=13740610&shp=30310797&shcp=ff37627b&idc=useast5,,,,,,,,,
I love the clear face mask😍,0,0,2026-03-10T20:00:32.000Z,catierhine,https://www.tiktok.com/@glowithsarahlee/video/7615058083198373133,6552450794770219009,7615719022731363103,https://p16-common-sign.tiktokcdn-us.com/tos-useast8-avt-0068-tx2/5678f9e27f9dbc632fdf7a52036c737d~tplv-tiktokx-cropcenter:100:100.jpg?dr=9640&refresh_token=8b951902&x-expires=1775102400&x-signature=miQg4WINFSpTKn9%2Bt54QvKf6jcE%3D&t=4d5b0474&ps=13740610&shp=30310797&shcp=ff37627b&idc=useast5,,,,,,,,,
This lip mask looks so fun! Can’t wait to try it.😍,0,0,2026-03-11T05:48:16.000Z,lopchen_beautyglo,https://www.tiktok.com/@glowithsarahlee/video/7615058083198373133,7498876510817141790,7615870327760290590,https://p16-common-sign.tiktokcdn-us.com/tos-useast5-avt-0068-tx/20d46c94af80944aa87a741060efdafd~tplv-tiktokx-cropcenter:100:100.jpg?dr=9640&refresh_token=f037e34c&x-expires=1775102400&x-signature=YHneZzxNbJQzukFrZHTMMUVwkvQ%3D&t=4d5b0474&ps=13740610&shp=30310797&shcp=ff37627b&idc=useast5,,,,,,,,,
Such a nice mask 🤍🤍,0,0,2026-03-11T23:03:36.000Z,iamsoaro,https://www.tiktok.com/@glowithsarahlee/video/7615058083198373133,6806403591810270213,7616137484485018399,https://p16-common-sign.tiktokcdn-us.com/tos-useast8-avt-0068-tx2/21d9232b2a826ddd4e44ba73baac875a~tplv-tiktokx-cropcenter:100:100.jpg?dr=9640&refresh_token=0a284583&x-expires=1775102400&x-signature=1y9aIAuA3tNNNXW9IikrVYfvkoA%3D&t=4d5b0474&ps=13740610&shp=30310797&shcp=ff37627b&idc=useast5,,,,,,,,,
So glowy ⭐,0,0,2026-03-10T22:21:31.000Z,lushtrendz.ugccreator,https://www.tiktok.com/@glowithsarahlee/video/7615058083198373133,7364000149112439809,7615755578028573458,https://p16-common-sign.tiktokcdn-us.com/tos-alisg-avt-0068/883d62fcaa1a95358c066761ef2d7534~tplv-tiktokx-cropcenter:100:100.jpg?dr=9640&refresh_token=c2401175&x-expires=1775102400&x-signature=NGZKmtB8JVUtaYLDKbJ8zpN81WY%3D&t=4d5b0474&ps=13740610&shp=30310797&shcp=ff37627b&idc=useast5,,,,,,,,,
I need a good mask,0,0,2026-03-10T19:28:24.000Z,may.creates.ugc,https://www.tiktok.com/@glowithsarahlee/video/7615058083198373133,7592493991767032887,7615710908086797070,https://p16-common-sign.tiktokcdn-us.com/tos-useast5-avt-0068-tx/4364847998ea23f5c5a65a59486fa9c1~tplv-tiktokx-cropcenter:100:100.jpg?dr=9640&refresh_token=428f1617&x-expires=1775102400&x-signature=9kw6lVwt1mkuiQB7KA4LTj4lvzU%3D&t=4d5b0474&ps=13740610&shp=30310797&shcp=ff37627b&idc=useast5,,,,,,,,,
Ohh wow I want💗💗,0,0,2026-03-10T06:00:35.000Z,chesafabp,https://www.tiktok.com/@glowithsarahlee/video/7615058083198373133,7294511213391791150,7615502659353363213,https://p16-common-sign.tiktokcdn-us.com/tos-useast5-avt-0068-tx/361573dff41eb1c672e5c2177b18b7d2~tplv-tiktokx-cropcenter:100:100.jpg?dr=9640&refresh_token=37ba6c35&x-expires=1775102400&x-signature=ZhbxfKdyvYb11yjM6ICGwkjsrPQ%3D&t=4d5b0474&ps=13740610&shp=30310797&shcp=ff37627b&idc=useast5,,,,,,,,,
the reset I need every weekend 🥰,0,0,2026-03-10T20:33:16.000Z,gcffen,https://www.tiktok.com/@glowithsarahlee/video/7615058083198373133,9759102,7615727697990435606,https://p16-common-sign.tiktokcdn-us.com/tos-maliva-avt-0068/01354d9f76295896a66407410c46fcf2~tplv-tiktokx-cropcenter:100:100.jpg?dr=9640&refresh_token=89c3f412&x-expires=1775102400&x-signature=bd5zuFLoZuZl0lrQ0LW6TIClJFo%3D&t=4d5b0474&ps=13740610&shp=30310797&shcp=ff37627b&idc=useast5,,,,,,,,,
beautiful!,1,0,2026-03-09T05:09:25.000Z,theadultingattemp,https://www.tiktok.com/@glowithsarahlee/video/7615058083198373133,7575503016498136086,7615118442974380832,https://p19-common-sign.tiktokcdn-us.com/tos-useast2a-avt-0068-euttp/6af65779733d7f10b54204bb4fb84986~tplv-tiktokx-cropcenter:100:100.jpg?dr=9640&refresh_token=9689d43b&x-expires=1775102400&x-signature=4zBDqbcCWpcq0ejsC2K%2F94zio9Y%3D&t=4d5b0474&ps=13740610&shp=30310797&shcp=ff37627b&idc=useast5,,,,,,,,,
Bella,0,0,2026-03-09T01:16:31.000Z,solenmiami,https://www.tiktok.com/@glowithsarahlee/video/7615058083198373133,7381664167033390123,7615058470719816462,https://p16-common-sign.tiktokcdn-us.com/tos-useast5-avt-0068-tx/833035c7e75e6b6e4a8af90c49ae0d4c~tplv-tiktokx-cropcenter:100:100.jpg?dr=9640&refresh_token=7bd499f1&x-expires=1775102400&x-signature=RmVd5plGMzBANpMMGSTCdMHAbEY%3D&t=4d5b0474&ps=13740610&shp=30310797&shcp=ff37627b&idc=useast5,,,,,,,,,
Can’t wait to try mine,0,0,2026-03-10T15:36:08.000Z,hazesastates,https://www.tiktok.com/@glowithsarahlee/video/7615058083198373133,7392344681466332206,7615650884270605070,https://p16-common-sign.tiktokcdn-us.com/tos-useast5-avt-0068-tx/71fea8da12d8bddc83a76d9d932e8d53~tplv-tiktokx-cropcenter:100:100.jpg?dr=9640&refresh_token=33ecf12d&x-expires=1775102400&x-signature=ugKKUSX8OZ6GxzL8BVIH4%2B91EXw%3D&t=4d5b0474&ps=13740610&shp=30310797&shcp=ff37627b&idc=useast5,,,,,,,,,
Wow that looks so good and love the lip part 💕💕💕,0,0,2026-03-10T17:34:17.000Z,jeanie_pearl8,https://www.tiktok.com/@glowithsarahlee/video/7615058083198373133,7175705233498047530,7615681400675205919,https://p16-common-sign.tiktokcdn-us.com/tos-useast8-avt-0068-tx2/972c499f08b423ec335cfa5def5a122b~tplv-tiktokx-cropcenter:100:100.jpg?dr=9640&refresh_token=ac4336db&x-expires=1775102400&x-signature=HOy8uSjVNHdXGMT5uaPMVEFrUcA%3D&t=4d5b0474&ps=13740610&shp=30310797&shcp=ff37627b&idc=useast5,,,,,,,,,
This is amazing,0,0,2026-03-10T15:07:01.000Z,beautyalvi,https://www.tiktok.com/@glowithsarahlee/video/7615058083198373133,7122188705062175750,7615643622851134230,https://p16-common-sign.tiktokcdn-us.com/tos-maliva-avt-0068/20d6208003c85843e9d97626c1e3c1ad~tplv-tiktokx-cropcenter:100:100.jpg?dr=9640&refresh_token=eceae4b2&x-expires=1775102400&x-signature=7iAoiqreeaqHm2434GU4uIwQIqY%3D&t=4d5b0474&ps=13740610&shp=30310797&shcp=ff37627b&idc=useast5,,,,,,,,,
"just received mine today, excited to try these😍",0,0,2026-03-10T07:01:10.000Z,janicelovesyouu,https://www.tiktok.com/@glowithsarahlee/video/7615058083198373133,55793175486828544,7615518407014581012,https://p16-common-sign.tiktokcdn-us.com/tos-alisg-avt-0068/558f78580709d9e232db23dbc8d398bc~tplv-tiktokx-cropcenter:100:100.jpg?dr=9640&refresh_token=67344f20&x-expires=1775102400&x-signature=8diij938FcKnJqtGVTQojFPUmTc%3D&t=4d5b0474&ps=13740610&shp=30310797&shcp=ff37627b&idc=useast5,,,,,,,,,
Looks great 👍 😁😁😁,1,0,2026-03-09T01:34:11.000Z,ugc.sweetstudio,https://www.tiktok.com/@glowithsarahlee/video/7615058083198373133,7516575764188840991,7615062851459826462,https://p16-common-sign.tiktokcdn-us.com/tos-useast8-avt-0068-tx2/cbd20a1a59cba7d42aa81a8e3295da61~tplv-tiktokx-cropcenter:100:100.jpg?dr=9640&refresh_token=3ff0711c&x-expires=1775102400&x-signature=mcF3%2BkaKq0FLNWD3yKe0uvHauBc%3D&t=4d5b0474&ps=13740610&shp=30310797&shcp=ff37627b&idc=useast5,,,,,,,,,
I never heard of this but have to try it now 😍,1,0,2026-03-13T14:22:32.000Z,sherryluvyea,https://www.tiktok.com/@glowithsarahlee/video/7615058083198373133,7519868507649180694,7616745414486573856,https://p16-common-sign.tiktokcdn-us.com/tos-useast2a-avt-0068-euttp/2cc6747b345788e793db03eab123ffb6~tplv-tiktokx-cropcenter:100:100.jpg?dr=9640&refresh_token=5565204e&x-expires=1775102400&x-signature=tEHcWMWmJvVb12CVENXYOTxEvfk%3D&t=4d5b0474&ps=13740610&shp=30310797&shcp=ff37627b&idc=useast5,,,,,,,,,
Skin and lips getting the VIP treatment 😍✨,1,0,2026-03-09T07:20:23.000Z,.heyitsjosephine,https://www.tiktok.com/@glowithsarahlee/video/7615058083198373133,7302398973212378144,7615152244082148098,https://p16-common-sign.tiktokcdn-us.com/tos-no1a-avt-0068c001-no/7cfbacf0feec5e43888eb1b14299000d~tplv-tiktokx-cropcenter:100:100.jpg?dr=9640&refresh_token=47a13bdc&x-expires=1775102400&x-signature=f%2BLbH9VKTGOMjdOHk0dh9ZW7D3w%3D&t=4d5b0474&ps=13740610&shp=30310797&shcp=ff37627b&idc=useast5,,,,,,,,,
I love a good mask! 💖🥰,1,0,2026-03-09T03:14:26.000Z,fabiola.acosta,https://www.tiktok.com/@glowithsarahlee/video/7615058083198373133,6760056010478748678,7615088741980816158,https://p19-common-sign.tiktokcdn-us.com/tos-useast8-avt-0068-tx2/7fccacba894073e6ac81cab0144ddf56~tplv-tiktokx-cropcenter:100:100.jpg?dr=9640&refresh_token=38201188&x-expires=1775102400&x-signature=0AVAhZHE0cCGfB6MFqBGaeNpZkI%3D&t=4d5b0474&ps=13740610&shp=30310797&shcp=ff37627b&idc=useast5,,,,,,,,,
That mask is so interesting 😍😍,0,0,2026-03-14T02:20:25.000Z,loryleaves,https://www.tiktok.com/@glowithsarahlee/video/7615058083198373133,6810091394327086086,7616930345694823199,https://p16-common-sign.tiktokcdn-us.com/tos-useast8-avt-0068-tx2/511e86151d4d60cf3383c150c1fc7bbe~tplv-tiktokx-cropcenter:100:100.jpg?dr=9640&refresh_token=41b59472&x-expires=1775102400&x-signature=QoJBeR%2FR3%2BYnv8pRXbDzkaPddEw%3D&t=4d5b0474&ps=13740610&shp=30310797&shcp=ff37627b&idc=useast5,,,,,,,,,
The lip mask so cute,0,0,2026-03-10T05:42:33.000Z,melmelody97,https://www.tiktok.com/@glowithsarahlee/video/7615058083198373133,6873857859408495617,7615498019584131871,https://p19-common-sign.tiktokcdn-us.com/tos-useast5-avt-0068-tx/8514ff36f6a9533fe05781563f6504df~tplv-tiktokx-cropcenter:100:100.jpg?dr=9640&refresh_token=9a66c4f7&x-expires=1775102400&x-signature=PX7wMHD4v3RCrKoxNjFYd5EmiKg%3D&t=4d5b0474&ps=13740610&shp=30310797&shcp=ff37627b&idc=useast5,,,,,,,,,
This is so cool!!,0,0,2026-03-10T05:37:50.000Z,milky.time1,https://www.tiktok.com/@glowithsarahlee/video/7615058083198373133,7353124464241345582,7615496591127151373,https://p16-common-sign.tiktokcdn-us.com/tos-useast5-avt-0068-tx/49f88bda1cf91610e55bee8bb06d375b~tplv-tiktokx-cropcenter:100:100.jpg?dr=9640&refresh_token=903f4b34&x-expires=1775102400&x-signature=9wiPmPIFbK4FPN6kb0Jfb2QiboQ%3D&t=4d5b0474&ps=13740610&shp=30310797&shcp=ff37627b&idc=useast5,,,,,,,,,
Girl you’re glowing 😍,0,0,2026-03-10T03:28:03.000Z,chrischellenicole07,https://www.tiktok.com/@glowithsarahlee/video/7615058083198373133,7027256940368643077,7615463459379593998,https://p16-common-sign.tiktokcdn-us.com/tos-useast5-avt-0068-tx/7e0ac3db5a708e00f4324a5581f590fc~tplv-tiktokx-cropcenter:100:100.jpg?dr=9640&refresh_token=4b8b3f1e&x-expires=1775102400&x-signature=zDIQ%2FdvifEtadUsNuQArSH%2BvZCY%3D&t=4d5b0474&ps=13740610&shp=30310797&shcp=ff37627b&idc=useast5,,,,,,,,,
Monday reset ❤️😍 love it,0,0,2026-03-10T03:16:19.000Z,maria.ilonggaa,https://www.tiktok.com/@glowithsarahlee/video/7615058083198373133,7358599846501139502,7615460354408530718,https://p16-common-sign.tiktokcdn-us.com/tos-useast8-avt-0068-tx2/ba36e13c8088b13431cb99435a2822ed~tplv-tiktokx-cropcenter:100:100.jpg?dr=9640&refresh_token=87547201&x-expires=1775102400&x-signature=DTqMubFv%2F8u%2FZO9r8hEkqH4M5tw%3D&t=4d5b0474&ps=13740610&shp=30310797&shcp=ff37627b&idc=useast5,,,,,,,,,
That lip mask look so good 💖,0,0,2026-03-10T01:24:00.000Z,lilhatcher,https://www.tiktok.com/@glowithsarahlee/video/7615058083198373133,7458457941726348330,7615431481557222157,https://p16-common-sign.tiktokcdn-us.com/tos-useast5-avt-0068-tx/36acb6db6894402023575b34bf7a7231~tplv-tiktokx-cropcenter:100:100.jpg?dr=9640&refresh_token=76fbfd8e&x-expires=1775102400&x-signature=kvsGXR6rdU3sVVpeSWd4F4qdo1I%3D&t=4d5b0474&ps=13740610&shp=30310797&shcp=ff37627b&idc=useast5,,,,,,,,,
this is new to me 😍,0,0,2026-03-10T00:39:35.000Z,heyitsalecxandra,https://www.tiktok.com/@glowithsarahlee/video/7615058083198373133,6807455831601251334,7615420023922000670,https://p16-common-sign.tiktokcdn-us.com/tos-useast8-avt-0068-tx2/4038bfa38008b84f5e4d9c1ef439046a~tplv-tiktokx-cropcenter:100:100.jpg?dr=9640&refresh_token=62cf7158&x-expires=1775102400&x-signature=4ffuQghV%2BrfyIze9XOGQcqt7MCI%3D&t=4d5b0474&ps=13740610&shp=30310797&shcp=ff37627b&idc=useast5,,,,,,,,,
This is amazing 🤍,0,0,2026-03-09T23:03:25.000Z,velvet_essence,https://www.tiktok.com/@glowithsarahlee/video/7615058083198373133,7471752430717322262,7615395229311402785,https://p16-common-sign.tiktokcdn-us.com/tos-useast2a-avt-0068-euttp/43581457279011582280efab4d0d93ed~tplv-tiktokx-cropcenter:100:100.jpg?dr=9640&refresh_token=a3af9fa6&x-expires=1775102400&x-signature=w5%2Fv5%2Bulo4qj%2Bwok5F0a1%2BE2vR0%3D&t=4d5b0474&ps=13740610&shp=30310797&shcp=ff37627b&idc=useast5,,,,,,,,,
Omg 😍😍 i want this,0,0,2026-03-09T21:15:25.000Z,celyrecs,https://www.tiktok.com/@glowithsarahlee/video/7615058083198373133,7155342128473211950,7615367290507658014,https://p16-common-sign.tiktokcdn-us.com/tos-useast8-avt-0068-tx2/af945dfac00c09e2e2309dd97e4387e0~tplv-tiktokx-cropcenter:100:100.jpg?dr=9640&refresh_token=c390cbc6&x-expires=1775102400&x-signature=5c8cB5NIWzyZhq39QVdluW67UQQ%3D&t=4d5b0474&ps=13740610&shp=30310797&shcp=ff37627b&idc=useast5,,,,,,,,,
Soo cute wanna try this🥰🥰,0,0,2026-03-09T19:52:26.000Z,pyang.ugc,https://www.tiktok.com/@glowithsarahlee/video/7615058083198373133,7547770122358866957,7615346049515324173,https://p16-common-sign.tiktokcdn-us.com/tos-useast5-avt-0068-tx/5540f1454102c9b3b1ca62d63eb2213d~tplv-tiktokx-cropcenter:100:100.jpg?dr=9640&refresh_token=82a528f8&x-expires=1775102400&x-signature=fCDRSt7vWCpA40CurL0wZS1F3ho%3D&t=4d5b0474&ps=13740610&shp=30310797&shcp=ff37627b&idc=useast5,,,,,,,,,
A clear mask wow 😍,0,0,2026-03-09T19:41:02.000Z,caroraa2,https://www.tiktok.com/@glowithsarahlee/video/7615058083198373133,7573178032392324110,7615343056530735903,https://p16-common-sign.tiktokcdn-us.com/tos-useast8-avt-0068-tx2/99602435b813093a96fcefe09563d293~tplv-tiktokx-cropcenter:100:100.jpg?dr=9640&refresh_token=53962e7b&x-expires=1775102400&x-signature=lXZflz7ey27zK7Fy75n0Ec7Hr9c%3D&t=4d5b0474&ps=13740610&shp=30310797&shcp=ff37627b&idc=useast5,,,,,,,,,
Love this 😍😍,0,0,2026-03-09T01:19:47.000Z,enkeledadh,https://www.tiktok.com/@glowithsarahlee/video/7615058083198373133,7085624883367085062,7615059172527342366,https://p16-common-sign.tiktokcdn-us.com/tos-useast8-avt-0068-tx2/2990843d0dc09d021b81006e81e14a8d~tplv-tiktokx-cropcenter:100:100.jpg?dr=9640&refresh_token=ac04a0dc&x-expires=1775102400&x-signature=%2BHPZvynJpkwXLT7jwruK%2BKIbPQQ%3D&t=4d5b0474&ps=13740610&shp=30310797&shcp=ff37627b&idc=useast5,,,,,,,,,
This is my fav❤️way,1,0,2026-03-09T03:13:37.000Z,selinophile23,https://www.tiktok.com/@glowithsarahlee/video/7615058083198373133,285144564892647424,7615088705870512917,https://p16-common-sign.tiktokcdn-us.com/tos-alisg-avt-0068/b324f081c30ce13c5a2f586035933310~tplv-tiktokx-cropcenter:100:100.jpg?dr=9640&refresh_token=e57288a1&x-expires=1775102400&x-signature=8VDwV%2BBnMiUlcybDJ4lb9078%2BSk%3D&t=4d5b0474&ps=13740610&shp=30310797&shcp=ff37627b&idc=useast5,,,,,,,,,
I want it all 😍✨,0,0,2026-03-11T07:48:58.000Z,jlkbis,https://www.tiktok.com/@glowithsarahlee/video/7615058083198373133,7229437680308192262,7615901781549613846,https://p16-common-sign.tiktokcdn-us.com/tos-useast2a-avt-0068-euttp/3c4952a764c4f5a81c78cd97e5daa5bb~tplv-tiktokx-cropcenter:100:100.jpg?dr=9640&refresh_token=72c78581&x-expires=1775102400&x-signature=Q4Mg6q13afmPO377NbQ%2F89Es7wY%3D&t=4d5b0474&ps=13740610&shp=30310797&shcp=ff37627b&idc=useast5,,,,,,,,,
i love skin reset ♥️,0,0,2026-03-10T09:31:53.000Z,simplyangelli_,https://www.tiktok.com/@glowithsarahlee/video/7615058083198373133,6794676328375452674,7615557278838571777,https://p16-common-sign.tiktokcdn-us.com/tos-alisg-avt-0068/a02dcb475fa6a181e7ab0f84132bcdaa~tplv-tiktokx-cropcenter:100:100.jpg?dr=9640&refresh_token=da697996&x-expires=1775102400&x-signature=obyvhdfqEFjv%2F69CUHIH39NOt30%3D&t=4d5b0474&ps=13740610&shp=30310797&shcp=ff37627b&idc=useast5,,,,,,,,,
Skin looks so hydrated and glowy 😍😍😍,1,1,2026-03-06T03:41:24.000Z,yayas.realm,https://www.tiktok.com/@brianduh_romero/video/7613441890121190687,6625249527349657605,7613982538991076110,https://p16-common-sign.tiktokcdn-us.com/tos-useast5-avt-0068-tx/ee50402e0259df7e12e8c64d16e150ab~tplv-tiktokx-cropcenter:100:100.jpg?dr=9640&refresh_token=2003c4f6&x-expires=1775102400&x-signature=BG%2Fz6T3ET8Ibkx5Qrz3%2FNGNY%2BYE%3D&t=4d5b0474&ps=13740610&shp=30310797&shcp=ff37627b&idc=useast8,,,,,,,,,
Thank you girl! for sure give it a 10/10❤️,0,,2026-03-06T04:07:29.000Z,brianduh_romero,https://www.tiktok.com/@brianduh_romero/video/7613441890121190687,6532037578927898626,7613989136198402846,https://p16-common-sign.tiktokcdn-us.com/tos-useast8-avt-0068-tx2/3f4cd624f0e3bfdd69e6610c28f44b26~tplv-tiktokx-cropcenter:100:100.jpg?dr=9640&refresh_token=b1112b6b&x-expires=1775102400&x-signature=a1xugr8ciLBLLMva57C%2BZUQysf8%3D&t=4d5b0474&ps=13740610&shp=30310797&shcp=ff37627b&idc=useast8,,,,,,,,,
Muito bom esse produto.,1,1,2026-03-11T12:58:28.000Z,thelmanoseua,https://www.tiktok.com/@ugcthelmabogea6/video/7615699219621432606,7592037097700279310,7615981367893377822,https://p16-common-sign.tiktokcdn-us.com/tos-useast8-avt-0068-tx2/bb55332c66b0a419cc645ab520d19fb2~tplv-tiktokx-cropcenter:100:100.jpg?dr=9640&refresh_token=024322bb&x-expires=1775102400&x-signature=%2BjF8u56wv4gJbl8AG077V9Tniq4%3D&t=4d5b0474&ps=13740610&shp=30310797&shcp=ff37627b&idc=useast8,,,,,,,,,
🥰🥰🥰,1,,2026-03-11T12:59:41.000Z,ugcthelmabogea6,https://www.tiktok.com/@ugcthelmabogea6/video/7615699219621432606,7382987326547723307,7615981527541793567,https://p16-common-sign.tiktokcdn-us.com/tos-useast8-avt-0068-tx2/a85327feb6f3e887632e1f16c42b4a97~tplv-tiktokx-cropcenter:100:100.jpg?dr=9640&refresh_token=7044453a&x-expires=1775102400&x-signature=EDqlY1IETZiUsJavfEd8Rco9%2B%2BA%3D&t=4d5b0474&ps=13740610&shp=30310797&shcp=ff37627b&idc=useast8,,,,,,,,,
Oooo lip mask looks amazing,0,0,2026-03-09T02:52:36.000Z,thebeautythinker,https://www.tiktok.com/@glowithsarahlee/video/7615058083198373133,7575628748025349133,7615083219885523726,https://p16-sign-va.tiktokcdn.com/tos-maliva-avt-0068/f31220f6e0c5193d50a6f326dbd72399~tplv-tiktokx-cropcenter:100:100.jpg?dr=14579&refresh_token=44ae0785&x-expires=1775102400&x-signature=WGiQe4LYZq1aUg7d1%2FJjSNr4xY4%3D&t=4d5b0474&ps=13740610&shp=30310797&shcp=ff37627b&idc=sg1,,,,,,,,,
Thats so cool!!,0,0,2026-03-09T01:25:52.000Z,ajchanggg,https://www.tiktok.com/@glowithsarahlee/video/7615058083198373133,7449081731128411179,7615060914064130847,https://p16-sign-va.tiktokcdn.com/tos-maliva-avt-0068/76d26f886ebce0152e33d72e34841a05~tplv-tiktokx-cropcenter:100:100.jpg?dr=14579&refresh_token=55424559&x-expires=1775102400&x-signature=RIizTwl%2FDkaPWDiZVtQBqP989WA%3D&t=4d5b0474&ps=13740610&shp=30310797&shcp=ff37627b&idc=sg1,,,,,,,,,
I love this mask !😍😍,1,0,2026-03-09T11:23:11.000Z,babyfr3saa,https://www.tiktok.com/@glowithsarahlee/video/7615058083198373133,7105971437446349870,7615214593359987470,https://p16-common-sign.tiktokcdn.com/tos-maliva-avt-0068/c8e743d44d87421e5b62f9cf49f8d4a9~tplv-tiktokx-cropcenter:100:100.jpg?dr=14579&refresh_token=4e895840&x-expires=1775102400&x-signature=8L7nFZOy6eSUF4dukjEEV4IY%2FH0%3D&t=4d5b0474&ps=13740610&shp=30310797&shcp=ff37627b&idc=sg1,,,,,,,,,
Love the lip mask! 😍,0,0,2026-03-09T11:52:21.000Z,bebangjusto,https://www.tiktok.com/@glowithsarahlee/video/7615058083198373133,6822750991180973058,7615222023938376462,https://p16-sign-va.tiktokcdn.com/tos-maliva-avt-0068/e6e8bf910bf54a2e761ed8029431bab9~tplv-tiktokx-cropcenter:100:100.jpg?dr=14579&refresh_token=51495705&x-expires=1775102400&x-signature=7WZZBZtVKYMlGZFZaH6Q1g9BBVQ%3D&t=4d5b0474&ps=13740610&shp=30310797&shcp=ff37627b&idc=sg1,,,,,,,,,
Can’t wait to use these,0,0,2026-03-09T03:00:53.000Z,the0nlyymiracle,https://www.tiktok.com/@glowithsarahlee/video/7615058083198373133,106603767780773888,7615085301711651598,https://p16-sign-va.tiktokcdn.com/tos-maliva-avt-0068/0c48a17e0f17801fa9ebbb6717fa55b9~tplv-tiktokx-cropcenter:100:100.jpg?dr=14579&refresh_token=5be82af4&x-expires=1775102400&x-signature=HxN%2FNAXbylfSKOUe7UQvVrVkFjo%3D&t=4d5b0474&ps=13740610&shp=30310797&shcp=ff37627b&idc=sg1,,,,,,,,,
ouu love how they are clear!,0,0,2026-03-09T02:46:38.000Z,a_meeningful_day,https://www.tiktok.com/@glowithsarahlee/video/7615058083198373133,6931034729316615173,7615081698032993037,https://p16-common-sign.tiktokcdn.com/tos-maliva-avt-0068/7836563f5f6a2f7a44a47e7c3903a4bd~tplv-tiktokx-cropcenter:100:100.jpg?dr=14579&refresh_token=059daae6&x-expires=1775102400&x-signature=zHcSDaETHn%2Bo2Hyy6Aw2H07vqLQ%3D&t=4d5b0474&ps=13740610&shp=30310797&shcp=ff37627b&idc=sg1,,,,,,,,,
Woah im sold😍,0,0,2026-03-09T04:49:46.000Z,iluvliceth,https://www.tiktok.com/@glowithsarahlee/video/7615058083198373133,7056769512293188614,7615113398527034125,https://p16-common-sign.tiktokcdn.com/tos-maliva-avt-0068/6bb893b0daa0d97d759e9f18b8d89ac8~tplv-tiktokx-cropcenter:100:100.jpg?dr=14579&refresh_token=67936f6c&x-expires=1775102400&x-signature=Pixnywie6ZGT6%2Bas%2B0x7RgYU6U8%3D&t=4d5b0474&ps=13740610&shp=30310797&shcp=ff37627b&idc=sg1,,,,,,,,,
interesting,0,0,2026-03-09T02:35:16.000Z,dr.dina06,https://www.tiktok.com/@glowithsarahlee/video/7615058083198373133,7298678761112093702,7615078802058658581,https://p16-sign-sg.tiktokcdn.com/tos-alisg-avt-0068/ac48abed94c5ab87b83d7bd66ef3e27c~tplv-tiktokx-cropcenter:100:100.jpg?dr=14579&refresh_token=00ba19b7&x-expires=1775102400&x-signature=aYFSCs8qEy7TcHtUfEWw8Bum9FM%3D&t=4d5b0474&ps=13740610&shp=30310797&shcp=ff37627b&idc=sg1,,,,,,,,,
Looks good😍😍,0,0,2026-03-09T06:25:26.000Z,b3ckyekoma,https://www.tiktok.com/@glowithsarahlee/video/7615058083198373133,7569625471579849750,7615138036855440150,https://p16-sign-va.tiktokcdn.com/tos-maliva-avt-0068/9fc78108cf68fa1f8541f2738d607c95~tplv-tiktokx-cropcenter:100:100.jpg?dr=14579&refresh_token=f0e4dee7&x-expires=1775102400&x-signature=fq%2B6tgjIJRiDj6w1%2Brww3h5wA7Q%3D&t=4d5b0474&ps=13740610&shp=30310797&shcp=ff37627b&idc=sg1,,,,,,,,,
ooh that lip mask😍,0,0,2026-03-09T03:39:15.000Z,addyghaynes,https://www.tiktok.com/@glowithsarahlee/video/7615058083198373133,6625693930657923077,7615095157176845086,https://p16-sign-va.tiktokcdn.com/tos-maliva-avt-0068/a803f0d536c1b78d322486993f0a015b~tplv-tiktokx-cropcenter:100:100.jpg?dr=14579&refresh_token=21cfa356&x-expires=1775102400&x-signature=8dm5LN2Rspl5%2BxKPm3iZEaQEYFk%3D&t=4d5b0474&ps=13740610&shp=30310797&shcp=ff37627b&idc=sg1,,,,,,,,,
Love this mask❤️,0,0,2026-03-09T02:40:01.000Z,fhaydskincarecreator,https://www.tiktok.com/@glowithsarahlee/video/7615058083198373133,7434278357315224622,7615079958088205086,https://p16-sign-va.tiktokcdn.com/tos-maliva-avt-0068/0206fecc0d7268744098d8f49db68e12~tplv-tiktokx-cropcenter:100:100.jpg?dr=14579&refresh_token=3aa96a2d&x-expires=1775102400&x-signature=glfvaoJ148%2FeCcmKravQ4Ehz9YA%3D&t=4d5b0474&ps=13740610&shp=30310797&shcp=ff37627b&idc=sg1,,,,,,,,,
Looks so hydrating!❤️,0,0,2026-03-09T17:32:34.000Z,dishesbydee,https://www.tiktok.com/@glowithsarahlee/video/7615058083198373133,7419858377213871150,7615309531657110302,https://p16-common-sign.tiktokcdn-us.com/tos-useast8-avt-0068-tx2/90b7991942be6c7c7d4a1d38c1f4d582~tplv-tiktokx-cropcenter:100:100.jpg?dr=9640&refresh_token=c8db81a7&x-expires=1775102400&x-signature=jF7UfnHyhftFIgSUNs95%2FrT9wxc%3D&t=4d5b0474&ps=13740610&shp=30310797&shcp=ff37627b&idc=useast8,,,https://www.tiktok.com/@gifteey33,"🎀Skincare & Lifestyle UGC Creator | Honest Reviews | Real Skin Journey🎀
YesStyle code: GIFTEEY33
Collab: michaelgift709@gmail.com",https://p16-common-sign.tiktokcdn-eu.com/tos-maliva-avt-0068/9c634b72c2cf4d81809f913212a416b9~tplv-tiktokx-cropcenter-q:100:100:q70.heic?dr=9606&idc=no1a&ps=87d6e48a&refresh_token=c3a8be1c&s=COMMENT_LIST&sc=avatar&shcp=ff37627b&shp=30310797&t=223449c4&x-expires=1773727200&x-signature=LntF7QJyPbgtQOSOyuXPrfQs5L4%3D,NG,en,FALSE,FALSE
Me encantooo 😍,0,0,2026-03-09T01:20:22.000Z,cindy102495,https://www.tiktok.com/@glowithsarahlee/video/7615058083198373133,7098037813672690693,7615059495203504903,https://p16-common-sign.tiktokcdn-us.com/tos-alisg-avt-0068/1db6f3a568c1fdf21a17f71e9715a09c~tplv-tiktokx-cropcenter:100:100.jpg?dr=9640&refresh_token=59794cd9&x-expires=1775102400&x-signature=6oUXJI2QU1mricSTr5CUHEjo6vw%3D&t=4d5b0474&ps=13740610&shp=30310797&shcp=ff37627b&idc=useast8,,,https://www.tiktok.com/@yasbeautyguide,"📩Collab: abyybloom@gmail.com💗
🎀YesStyle Influencer 🌸 | Code: ABYY1004 |",https://p19-common-sign.tiktokcdn-eu.com/tos-maliva-avt-0068/4f34037e54ed031f5840304f9d4c5183~tplv-tiktokx-cropcenter-q:100:100:q70.heic?dr=9606&idc=no1a&ps=87d6e48a&refresh_token=05feb752&s=COMMENT_LIST&sc=avatar&shcp=ff37627b&shp=30310797&t=223449c4&x-expires=1773727200&x-signature=nkxii5J9wDMoCYVq8TJh4bay1Rc%3D,DZ,en,FALSE,FALSE
Oooh love a good mask,0,0,2026-03-09T08:02:58.000Z,askmims,https://www.tiktok.com/@glowithsarahlee/video/7615058083198373133,7459283935421301803,7615162745423905567,https://p16-common-sign.tiktokcdn-us.com/tos-useast8-avt-0068-tx2/84d023f9b81608a60e866e60fe59eeae~tplv-tiktokx-cropcenter:100:100.jpg?dr=9640&refresh_token=9df34200&x-expires=1775102400&x-signature=hz2Oj2d3JoVD0dUAqcDms76heQg%3D&t=4d5b0474&ps=13740610&shp=30310797&shcp=ff37627b&idc=useast8,,,https://www.tiktok.com/@sweetmissysvibe,"🇨🇦 Content Creator | beauty | Makeup | skincare
💌 monicahamilton403@gmail.com",https://p16-common-sign.tiktokcdn-eu.com/tos-maliva-avt-0068/e2eafbba7585bf3e7e1ebaaed53014fb~tplv-tiktokx-cropcenter-q:100:100:q70.heic?dr=9606&idc=no1a&ps=87d6e48a&refresh_token=2c468308&s=COMMENT_LIST&sc=avatar&shcp=ff37627b&shp=30310797&t=223449c4&x-expires=1773727200&x-signature=QOJ07QAjzypfBLz%2BCv5ySPe9Ku4%3D,CA,en,FALSE,FALSE
That looks so fun 😍😍,0,0,2026-03-09T04:49:55.000Z,bydilmiley,https://www.tiktok.com/@glowithsarahlee/video/7615058083198373133,7013320951031792667,7615113479872480020,https://p16-common-sign.tiktokcdn-us.com/tos-alisg-avt-0068/16586e201a450521906112ae447cb712~tplv-tiktokx-cropcenter:100:100.jpg?dr=9640&refresh_token=cb03c66e&x-expires=1775102400&x-signature=YAUzrkecZAY6NwnGIKE3YQp4ZM8%3D&t=4d5b0474&ps=13740610&shp=30310797&shcp=ff37627b&idc=useast8,,,https://www.tiktok.com/@ashivibesss,"💌 ashivibes91@gmail.com 💌
🛍️YESSTYLE CODE: ASHI111
⚜ skincare ⚜ beauty ⚜ makeup ⚜ fashion ⚜ UGC ⚜
IG: https://tiny.pl/25c6dp-z1",https://p19-common-sign.tiktokcdn-eu.com/tos-no1a-avt-0068c001-no/6544e58328a94e65f27835ef9716b39c~tplv-tiktokx-cropcenter-q:100:100:q70.heic?dr=9606&idc=no1a&ps=87d6e48a&refresh_token=a9751d0f&s=COMMENT_LIST&sc=avatar&shcp=ff37627b&shp=30310797&t=223449c4&x-expires=1773727200&x-signature=HFsdPFfJjM2A6wnLSQSD73oQNVw%3D,PL,pl,FALSE,FALSE
glowing skin achieved,0,0,2026-03-09T04:17:20.000Z,mitipuu,https://www.tiktok.com/@glowithsarahlee/video/7615058083198373133,6997214905271862278,7615104799504220958,https://p16-common-sign.tiktokcdn-us.com/tos-useast8-avt-0068-tx2/e26d8de5ebec7aa22163edd1c4fc093a~tplv-tiktokx-cropcenter:100:100.jpg?dr=9640&refresh_token=0169a786&x-expires=1775102400&x-signature=QLv9Gi%2FB6kj2KZfiU%2FX7xrvcSyU%3D&t=4d5b0474&ps=13740610&shp=30310797&shcp=ff37627b&idc=useast8,,,https://www.tiktok.com/@_.jjksyeon,"🇫🇷
Lifestyle & a mix of everything you love ☁️
💌 contact.anoukbeauty@gmail.com",https://p16-common-sign.tiktokcdn-eu.com/tos-no1a-avt-0068c001-no/eed4bc55375dd86749fa7ad90e7a3e45~tplv-tiktokx-cropcenter-q:100:100:q70.heic?dr=9606&idc=no1a&ps=87d6e48a&refresh_token=f9181663&s=COMMENT_LIST&sc=avatar&shcp=ff37627b&shp=30310797&t=223449c4&x-expires=1773727200&x-signature=Dp5xTMq8e6Z14a5MC1BxkqRamkc%3D,FR,en,FALSE,FALSE
Love the mask texture 🥰,0,0,2026-03-09T05:01:02.000Z,roxieverse,https://www.tiktok.com/@glowithsarahlee/video/7615058083198373133,7478541048508613653,7615116392311849749,https://p16-common-sign.tiktokcdn-us.com/tos-alisg-avt-0068/6d3121f7b5979b081e5f8d1b74fa47a3~tplv-tiktokx-cropcenter:100:100.jpg?dr=9640&refresh_token=ddd586bf&x-expires=1775102400&x-signature=e04Pg6L%2Bb%2FeMwlECmB0W9F9FeEg%3D&t=4d5b0474&ps=13740610&shp=30310797&shcp=ff37627b&idc=useast8,,,https://www.tiktok.com/@imsyneathita2,"Email:syneathita.ugc@gmail.com
Base in Spain
Goal: 5k 
IG: im_syneathita2",https://p16-common-sign.tiktokcdn-eu.com/tos-alisg-avt-0068/1b98c0eff9e3df54a3d6944578fcec4d~tplv-tiktokx-cropcenter-q:100:100:q70.heic?dr=9606&idc=no1a&ps=87d6e48a&refresh_token=9cb9fda5&s=COMMENT_LIST&sc=avatar&shcp=ff37627b&shp=30310797&t=223449c4&x-expires=1773727200&x-signature=MQ6WMviKUKY1fTxbGYISyIwlc3I%3D,ES,en,FALSE,FALSE
Wowww im sold 😍,0,0,2026-03-09T07:36:54.000Z,satvrnmai,https://www.tiktok.com/@glowithsarahlee/video/7615058083198373133,7451242814576460822,7615156516240655126,https://p16-common-sign.tiktokcdn-us.com/tos-maliva-avt-0068/8408ae06cf02527d2b3daa65b9afbc0e~tplv-tiktokx-cropcenter:100:100.jpg?dr=9640&refresh_token=7dbdcdb3&x-expires=1775102400&x-signature=9FM4k37bSqFFGdO0BPGos8%2FKzsk%3D&t=4d5b0474&ps=13740610&shp=30310797&shcp=ff37627b&idc=useast8,,,https://www.tiktok.com/@v.sweety93,"Digital creater 💕Honest reviews & aesthetic content❤️🇨🇦DM for PR & collabs✨ UGC

yesstyle influencer= BOJO046PTTJ ( use my code to get amazing discount 🤩)",https://p19-common-sign.tiktokcdn-eu.com/tos-alisg-avt-0068/a5a3fe5af05f6ef3d98c0f67cabc61b7~tplv-tiktokx-cropcenter-q:100:100:q70.heic?dr=9606&idc=no1a&ps=87d6e48a&refresh_token=6fb30a1e&s=COMMENT_LIST&sc=avatar&shcp=ff37627b&shp=30310797&t=223449c4&x-expires=1773727200&x-signature=5xW1%2BK4r3DrR5dOal7rkfwZ3sBk%3D,CA,en,FALSE,FALSE
Omg this is so good!!,0,0,2026-03-09T14:58:37.000Z,whereshegoesagain,https://www.tiktok.com/@glowithsarahlee/video/7615058083198373133,7456194520733385761,7615270355959644950,https://p16-common-sign.tiktokcdn-us.com/tos-useast2a-avt-0068-euttp/f1fc77bcee5177a77f77bd2b6478c1ee~tplv-tiktokx-cropcenter:100:100.jpg?dr=9640&refresh_token=274552de&x-expires=1775102400&x-signature=42iGMaKGlEUF8C6n0nqd3j6wW20%3D&t=4d5b0474&ps=13740610&shp=30310797&shcp=ff37627b&idc=useast8,,,https://www.tiktok.com/@oana23alexandra,"🌸 Beauty • Lifestyle • UGC
🎥 Real reviews & experiences
💌 Collabs: oana.creative@gmail.com",https://p19-common-sign.tiktokcdn-eu.com/tos-no1a-avt-0068c001-no/f66f160186d672c393eb2886676aaa38~tplv-tiktokx-cropcenter-q:100:100:q70.heic?dr=9606&idc=no1a&ps=87d6e48a&refresh_token=204ff79c&s=COMMENT_LIST&sc=avatar&shcp=ff37627b&shp=30310797&t=223449c4&x-expires=1773727200&x-signature=%2BnvI551BMz7e6MGLx1BWKGehD1I%3D,RO,ro,FALSE,FALSE
súper 👍,0,0,2026-03-25T13:20:59.000Z,ena.silva0,https://www.tiktok.com/@beauty.bycriss/video/7620862790823054599,7383705455934374917,7621182599440827144,https://p16-common-sign.tiktokcdn-us.com/tos-maliva-avt-0068/193210bf79688189f5ac37d350bd043c~tplv-tiktokx-cropcenter:100:100.jpg?dr=9640&refresh_token=0017edb6&x-expires=1775102400&x-signature=0pnp8OHIIvv84FxUi4tml%2BP6oPQ%3D&t=4d5b0474&ps=13740610&shp=30310797&shcp=ff37627b&idc=useast5,,,https://www.tiktok.com/@anastasiia_ugc00,"UGC creator 
auspacken,Videoüberprüfungen",https://p16-common-sign.tiktokcdn-eu.com/tos-useast2a-avt-0068-euttp/2ab491abd6ca2b4fed99fa57dcf9ec65~tplv-tiktokx-cropcenter-q:100:100:q70.heic?dr=9606&idc=no1a&ps=87d6e48a&refresh_token=fa48b275&s=COMMENT_LIST&sc=avatar&shcp=ff37627b&shp=30310797&t=223449c4&x-expires=1773727200&x-signature=H3ALMkRpQ9GSGXzRIYJ0YNV2Ohg%3D,DE,ru,FALSE,FALSE
Que belloooo😍😍😍😍,0,0,2026-03-24T19:03:39.000Z,stacybellamore,https://www.tiktok.com/@beauty.bycriss/video/7620862790823054599,6803429721420301317,7620899780005102356,https://p16-common-sign.tiktokcdn-us.com/tos-alisg-avt-0068/eb06ab82141b454741c2512c8da8dd68~tplv-tiktokx-cropcenter:100:100.jpg?dr=9640&refresh_token=7f50d374&x-expires=1775102400&x-signature=TnRx6qQbxmhAHVntviLgXfsx1fQ%3D&t=4d5b0474&ps=13740610&shp=30310797&shcp=ff37627b&idc=useast5,,,https://www.tiktok.com/@chi.mi.5._,"Skincare | Beauty | Reviews 🎀
YesStyle Code - CHIMI05
📩chimi8791@gmail.com",https://p16-common-sign.tiktokcdn-eu.com/tos-alisg-avt-0068/88e751b56ba24ccb4fc5ecebeb181afd~tplv-tiktokx-cropcenter-q:100:100:q70.heic?dr=9606&idc=no1a&ps=87d6e48a&refresh_token=0ec3dc24&s=COMMENT_LIST&sc=avatar&shcp=ff37627b&shp=30310797&t=223449c4&x-expires=1773727200&x-signature=cimRLJIY%2FejMs4fhiYzeiSfs8f0%3D,NP,en,FALSE,FALSE
So cute that he let you! Mine hides from the camera lol,1,0,2026-03-16T22:09:58.000Z,sashreport1,https://www.tiktok.com/@lifewith_anna5/video/7617670527909465374,7368667626538812446,7617979071671272206,https://p16-common-sign.tiktokcdn-us.com/tos-useast5-avt-0068-tx/f855697ed48b49bf04c1b7f1d6d380fb~tplv-tiktokx-cropcenter:100:100.jpg?dr=9640&refresh_token=16f866a8&x-expires=1775102400&x-signature=7Imy5kWz122Kr55%2Fyk0%2FdQV44a4%3D&t=4d5b0474&ps=13740610&shp=30310797&shcp=ff37627b&idc=useast5,,,https://www.tiktok.com/@bubuzluv,"𐙚 💌 naella.mcontact@gmail.com
yesstyle : BUBUZ127
⋆˚࿔ 🇫🇷 @⋆˚࿔ nana¹²⁷ 
codes promos ↧",https://p16-common-sign.tiktokcdn-eu.com/tos-no1a-avt-0068c001-no/b3b1a7616e48bbb4964c4d6a58645b3d~tplv-tiktokx-cropcenter-q:100:100:q70.heic?dr=9606&idc=no1a&ps=87d6e48a&refresh_token=39da9b54&s=COMMENT_LIST&sc=avatar&shcp=ff37627b&shp=30310797&t=223449c4&x-expires=1773727200&x-signature=FlCWcQsfrnoIRL%2BKS6SRw2KmPnc%3D,FR,fr,FALSE,FALSE
Awwww this is so sweet,1,0,2026-03-20T18:36:52.000Z,shonawignal26,https://www.tiktok.com/@lifewith_anna5/video/7617670527909465374,7000698692982883333,7619408549525783316,https://p16-common-sign.tiktokcdn-us.com/tos-maliva-avt-0068/746947f38c29a6e5b484cabc12f8eb05~tplv-tiktokx-cropcenter:100:100.jpg?dr=9640&refresh_token=aa698d93&x-expires=1775102400&x-signature=aOIomT0YAI6NmpWkfuJaDXAsWaw%3D&t=4d5b0474&ps=13740610&shp=30310797&shcp=ff37627b&idc=useast5,,,https://www.tiktok.com/@mlbb.elle,"💌 mlbbelle.collabs@gmail.com
oy🫒/ fk🌸 /sk🇰🇷 /ys code: SHLEEY888
StyleKorean Ambassador 🧿
Medicube Pro Ambassador
₊ ⊹ beauty, makeup & skincare ₊ ⊹",https://p16-common-sign.tiktokcdn-eu.com/tos-alisg-avt-0068/9afacfc4fe514c3496e70a038f37ab50~tplv-tiktokx-cropcenter-q:100:100:q70.heic?dr=9606&idc=no1a&ps=87d6e48a&refresh_token=0c535fc1&s=COMMENT_LIST&sc=avatar&shcp=ff37627b&shp=30310797&t=223449c4&x-expires=1773727200&x-signature=hOy0cGruN0LubqwxzIWeySqOOKQ%3D,PH,en,FALSE,FALSE
Thats so cutee,1,0,2026-03-16T17:46:57.000Z,_devi_ad,https://www.tiktok.com/@lifewith_anna5/video/7617670527909465374,6557611518236966918,7617911349164114695,https://p16-common-sign.tiktokcdn-us.com/tos-maliva-avt-0068/a9c74a1966f341980b5020144c5bb78e~tplv-tiktokx-cropcenter:100:100.jpg?dr=9640&refresh_token=00ec5aed&x-expires=1775102400&x-signature=9405sO5NPWEPDfJp2U%2FHkYMN1lE%3D&t=4d5b0474&ps=13740610&shp=30310797&shcp=ff37627b&idc=useast5,,,https://www.tiktok.com/@vidarealconkat,"WFH mom🤍lifestyle creator | UGC
✨honest reviews☕ real finds I love
📩collabs:lifewithkatvas@gmail.com
Yestyle:Kat2112 |Ruby Vibe:KATY10RUBY",https://p16-common-sign.tiktokcdn-eu.com/tos-maliva-avt-0068/5a7dadea7ae2b91edc204b0e2cd6f4d2~tplv-tiktokx-cropcenter-q:100:100:q70.heic?dr=9606&idc=no1a&ps=87d6e48a&refresh_token=d779397c&s=COMMENT_LIST&sc=avatar&shcp=ff37627b&shp=30310797&t=223449c4&x-expires=1773727200&x-signature=s%2F8TFxtld%2FvqRn%2F0ayzZ%2FEUgz9Y%3D,US,en,FALSE,FALSE
I love it!!! Yessss keep his skincare up too! You are stil the star 💯 you are a great teacher,1,1,2026-03-16T02:44:55.000Z,krystlenatasha,https://www.tiktok.com/@lifewith_anna5/video/7617670527909465374,6940800892628354053,7617678855479034638,https://p16-common-sign.tiktokcdn-us.com/tos-useast5-avt-0068-tx/c3481eb8f18da9723e206454dc8e39f0~tplv-tiktokx-cropcenter:100:100.jpg?dr=9640&refresh_token=66ddf066&x-expires=1775102400&x-signature=j04dleGQ2YFUIpZfIK8cVJJ%2B7%2Bw%3D&t=4d5b0474&ps=13740610&shp=30310797&shcp=ff37627b&idc=useast5,,,https://www.tiktok.com/@life_onloop,"skincare ✧ makeup ✧ foodie ✧ travel 💖
📍Los Angeles
💌 lifeonloopp@gmail.com",https://p16-common-sign.tiktokcdn-eu.com/tos-maliva-avt-0068/75c3c91509d4aa51c3a74ed30c389375~tplv-tiktokx-cropcenter-q:100:100:q70.heic?dr=9606&idc=no1a&ps=87d6e48a&refresh_token=9bbfd369&s=COMMENT_LIST&sc=avatar&shcp=ff37627b&shp=30310797&t=223449c4&x-expires=1773727200&x-signature=GYSGsVJ3ZEtjT9SZfyhqkTGCwHs%3D,JP,en,FALSE,FALSE
😂😂 I love it. i didn't know what you were going to do,1,1,2026-03-16T02:26:16.000Z,positivepaula3,https://www.tiktok.com/@lifewith_anna5/video/7617670527909465374,7397960381011297323,7617674023736427277,https://p16-common-sign.tiktokcdn-us.com/tos-useast5-avt-0068-tx/2bb08b93bdb80c9cbf02a74123036feb~tplv-tiktokx-cropcenter:100:100.jpg?dr=9640&refresh_token=93399463&x-expires=1775102400&x-signature=8Yo2aqPgLT%2FEBv8K%2FjSnegEjgiw%3D&t=4d5b0474&ps=13740610&shp=30310797&shcp=ff37627b&idc=useast5,,,https://www.tiktok.com/@skindeepmegan,"Skin 🫧 | Beauty🧴| Shopping 🛍 #STL
STYLEVANA  TT10SKINDEEP
 YESSTYLE  MEGANTHEE1
☆StyleKorean Ambassador☆
💌 megan.collabspr@gmail.com",https://p16-common-sign.tiktokcdn-eu.com/tos-maliva-avt-0068/f82e30c92d3ef53e9d954e401ff7c34f~tplv-tiktokx-cropcenter-q:100:100:q70.heic?dr=9606&idc=no1a&ps=87d6e48a&refresh_token=ba9b7132&s=COMMENT_LIST&sc=avatar&shcp=ff37627b&shp=30310797&t=223449c4&x-expires=1773727200&x-signature=0A3J9%2FLJwXHzzw530oB2Jo9HM0k%3D,US,en,FALSE,FALSE
Haha my husband wouldn’t let me do this 😂,1,1,2026-03-16T02:32:43.000Z,hannahshort28,https://www.tiktok.com/@lifewith_anna5/video/7617670527909465374,6883300233776088070,7617675694114243359,https://p16-common-sign.tiktokcdn-us.com/tos-useast5-avt-0068-tx/6f9573fe4d53c1c309a6463cb6cae723~tplv-tiktokx-cropcenter:100:100.jpg?dr=9640&refresh_token=10311c73&x-expires=1775102400&x-signature=KyYiQ%2FcK4q7lBaUaBzuEwAuhYZo%3D&t=4d5b0474&ps=13740610&shp=30310797&shcp=ff37627b&idc=useast5,,,https://www.tiktok.com/@ngocboni,"Lifestyle & Wellness • UGC Creator💓
🍱Food |🍵Drinks | Events 🎉| Skincare 💫
📍Toronto based
YesStyle: NGOCBONI125
Stylevana: INF10NGBN",https://p16-common-sign.tiktokcdn-eu.com/tos-alisg-avt-0068/67ef841a4d69597f334fec12e2247176~tplv-tiktokx-cropcenter-q:100:100:q70.heic?dr=9606&idc=no1a&ps=87d6e48a&refresh_token=7ac52b05&s=COMMENT_LIST&sc=avatar&shcp=ff37627b&shp=30310797&t=223449c4&x-expires=1773727200&x-signature=mZg6%2BZpB4jxWitEXO6j7Dx7%2BvZ8%3D,CA,en,FALSE,FALSE
😁😁 This required lot of convincing,1,,2026-03-16T02:47:06.000Z,lifewith_anna5,https://www.tiktok.com/@lifewith_anna5/video/7617670527909465374,7371590707667502122,7617679436040684319,https://p16-common-sign.tiktokcdn-us.com/tos-useast8-avt-0068-tx2/336407da1e078b1ac091b6154ef74c69~tplv-tiktokx-cropcenter:100:100.jpg?dr=9640&refresh_token=e49b23cf&x-expires=1775102400&x-signature=9aoO1dSaDtC70W7bOp75lrOA%2BHA%3D&t=4d5b0474&ps=13740610&shp=30310797&shcp=ff37627b&idc=useast5,,,https://www.tiktok.com/@sk1ncaresecrets,"🇬🇧
YS: MARYXM06
IG: sk1ncaresecrets
📧 | sk1ncare06secrets@gmail.com",https://p19-common-sign.tiktokcdn-eu.com/tos-no1a-avt-0068c001-no/4b6c5f68b6529fdd699be2645b0eda24~tplv-tiktokx-cropcenter-q:100:100:q70.heic?dr=9606&idc=no1a&ps=87d6e48a&refresh_token=9c600d4b&s=COMMENT_LIST&sc=avatar&shcp=ff37627b&shp=30310797&t=223449c4&x-expires=1773727200&x-signature=jWEusmAwmkg7eyha2BBLc2qSat0%3D,GB,en,FALSE,FALSE
You are doing great job 😁,1,0,2026-03-16T17:09:29.000Z,zhara.el.hdrt,https://www.tiktok.com/@lifewith_anna5/video/7617670527909465374,7334075341466256417,7617901704956576534,https://p16-common-sign.tiktokcdn-us.com/tos-maliva-avt-0068/5a3c1cb79554080cd77e4806936f73f6~tplv-tiktokx-cropcenter:100:100.jpg?dr=9640&refresh_token=c2b1ecf4&x-expires=1775102400&x-signature=g91hVc37DUpwQHwoqV2BIk1FPx8%3D&t=4d5b0474&ps=13740610&shp=30310797&shcp=ff37627b&idc=useast5,,,https://www.tiktok.com/@ugcbyelgie,"📍 MN 🇺🇸
✨ Beauty • Haircare • Wellness • Fashion
☁️ Sharing my favorites & creating for brands
📩 Collabs: elgieetil@gmail.com",https://p19-common-sign.tiktokcdn-eu.com/tos-maliva-avt-0068/594b337b6311341df11be70ec90c4159~tplv-tiktokx-cropcenter-q:100:100:q70.heic?dr=9606&idc=no1a&ps=87d6e48a&refresh_token=647ed0ee&s=COMMENT_LIST&sc=avatar&shcp=ff37627b&shp=30310797&t=223449c4&x-expires=1773727200&x-signature=ZrohpGZjzAgCCFnD5gjcwvLwcHE%3D,US,en,FALSE,FALSE
Happy Sunday friend,1,0,2026-03-23T15:57:55.000Z,twistedpalmssacharters,https://www.tiktok.com/@lifewith_anna5/video/7617670527909465374,7171003586412479534,7620480823552295711,https://p16-common-sign.tiktokcdn-us.com/tos-useast8-avt-0068-tx2/d0c2055365b1f4c82e1a375f3e89f7ed~tplv-tiktokx-cropcenter:100:100.jpg?dr=9640&refresh_token=2bda92a6&x-expires=1775102400&x-signature=cZ2rPguAPtZiBgrKCQ%2B6TsNdcvw%3D&t=4d5b0474&ps=13740610&shp=30310797&shcp=ff37627b&idc=useast5,,,https://www.tiktok.com/@erjola.dervishi,"Aty ku historitë bëhen kujtime 🤍
Libra & dhurata të personalizuara
Për çifte dhe familje
📩 Na shkruaj për porosi",https://p19-common-sign.tiktokcdn-eu.com/tos-useast2a-avt-0068-euttp/671875b6c06d13b3e7e4b58100c4b938~tplv-tiktokx-cropcenter-q:100:100:q70.heic?dr=9606&idc=no1a&ps=87d6e48a&refresh_token=bbe1a6ba&s=COMMENT_LIST&sc=avatar&shcp=ff37627b&shp=30310797&t=223449c4&x-expires=1773727200&x-signature=nXCU37%2FyN3uwcd5jFLBfujSvGm0%3D,AL,en,FALSE,FALSE
This is so cute!,1,0,2026-03-27T15:55:09.000Z,becomingmarisa,https://www.tiktok.com/@lifewith_anna5/video/7617670527909465374,6852566981230986246,7621964333778879262,https://p16-common-sign.tiktokcdn-us.com/tos-useast8-avt-0068-tx2/5ad73289c8364e08fe566c1abb9d7dc3~tplv-tiktokx-cropcenter:100:100.jpg?dr=9640&refresh_token=cbfa1d9d&x-expires=1775102400&x-signature=d7UOfIAGKFXrm3XncHPXzWsWNFI%3D&t=4d5b0474&ps=13740610&shp=30310797&shcp=ff37627b&idc=useast5,,,https://www.tiktok.com/@kasssanchez21,"UGC Beauty, Skincare, Gaming y salud mental.
colaboracionescivettagirl@gmail.com
Soy licenciada en Psicología con cédula profesional",https://p19-common-sign.tiktokcdn-eu.com/tos-alisg-avt-0068/56caa13b82e9f649d1da25a33e18a631~tplv-tiktokx-cropcenter-q:100:100:q70.heic?dr=9606&idc=no1a&ps=87d6e48a&refresh_token=ae0434ae&s=COMMENT_LIST&sc=avatar&shcp=ff37627b&shp=30310797&t=223449c4&x-expires=1773727200&x-signature=NKyKRH1tImtG0Qk7C%2B95aTIDW5Y%3D,MX,es,FALSE,FALSE
Awww!,1,0,2026-03-20T05:06:11.000Z,stacie1598,https://www.tiktok.com/@lifewith_anna5/video/7617670527909465374,7535528185531859981,7619199502679261983,https://p16-common-sign.tiktokcdn-us.com/tos-useast8-avt-0068-tx2/b4b34a69b04d5dce06a669546e4a5f5c~tplv-tiktokx-cropcenter:100:100.jpg?dr=9640&refresh_token=d99a8bda&x-expires=1775102400&x-signature=AZHPwllv0k9x20cBJW8aLaKyxw4%3D&t=4d5b0474&ps=13740610&shp=30310797&shcp=ff37627b&idc=useast5,,,https://www.tiktok.com/@rabyaaai,"https://community.maccosmetics.com/s/rabeya.akhtar

https://community.hudabeauty.com/s/rabeya",https://p16-common-sign.tiktokcdn-eu.com/tos-maliva-avt-0068/3164edb765d136e0ad7204ed57d4d736~tplv-tiktokx-cropcenter-q:100:100:q70.heic?dr=9606&idc=no1a&ps=87d6e48a&refresh_token=af759937&s=COMMENT_LIST&sc=avatar&shcp=ff37627b&shp=30310797&t=223449c4&x-expires=1773727200&x-signature=HCm40Fa0%2FOn3MhQ%2FLWkOfHCJCCU%3D,US,en,FALSE,FALSE
This is so cute!!!!,1,0,2026-03-18T22:47:22.000Z,jen_gets_dressed,https://www.tiktok.com/@lifewith_anna5/video/7617670527909465374,7234968129219757102,7618730887480541966,https://p16-common-sign.tiktokcdn-us.com/tos-useast5-avt-0068-tx/5c29370f7bdfe56f52ec4d021ff8bd89~tplv-tiktokx-cropcenter:100:100.jpg?dr=9640&refresh_token=0a086417&x-expires=1775102400&x-signature=wO8KtXxMEGVEmnTj6SJ3lyK%2BgGc%3D&t=4d5b0474&ps=13740610&shp=30310797&shcp=ff37627b&idc=useast5,,,https://www.tiktok.com/@elenagreek28,"I love Korean skincare. Yesstyle Influencer. RewardsCode: ELENAGR85 for up to 5%
💌elenitca1985@yahoo.gr",https://p16-common-sign.tiktokcdn-eu.com/tos-useast2a-avt-0068-euttp/37f6779d1768016b3fa40ef95ba4a5a9~tplv-tiktokx-cropcenter-q:100:100:q70.heic?dr=9606&idc=no1a&ps=87d6e48a&refresh_token=472d9da5&s=COMMENT_LIST&sc=avatar&shcp=ff37627b&shp=30310797&t=223449c4&x-expires=1773727200&x-signature=ug78JCUWidW7dYJnX4HgHK0xlUU%3D,GR,el,FALSE,FALSE
God when😁😁,1,0,2026-03-16T06:25:32.000Z,daisy_diaries1,https://www.tiktok.com/@lifewith_anna5/video/7617670527909465374,6680928358362727429,7617735758884176658,https://p16-common-sign.tiktokcdn-us.com/tos-alisg-avt-0068/6ff1352ae9c427106c311a2d01c3b5c0~tplv-tiktokx-cropcenter:100:100.jpg?dr=9640&refresh_token=b9932c75&x-expires=1775102400&x-signature=iSLZUyf3QnB38gg6XchZXbtCMgY%3D&t=4d5b0474&ps=13740610&shp=30310797&shcp=ff37627b&idc=useast5,,,https://www.tiktok.com/@ugcbyfayla,"lifestyle • beauty • fashion
yesstyle code:MICKEY98
💌:fayla502@gmail.com",https://p16-common-sign.tiktokcdn-eu.com/tos-alisg-avt-0068/a4056cebf65186b07526e22ad7dd39e9~tplv-tiktokx-cropcenter-q:100:100:q70.heic?dr=9606&idc=no1a&ps=87d6e48a&refresh_token=0cbf926c&s=COMMENT_LIST&sc=avatar&shcp=ff37627b&shp=30310797&t=223449c4&x-expires=1773727200&x-signature=Y5%2BaOq6rBy1TllmdBDxN5Ksncek%3D,AE,en,FALSE,FALSE
You’ve done so well,1,0,2026-03-16T15:51:31.000Z,thefoluwaolad,https://www.tiktok.com/@lifewith_anna5/video/7617670527909465374,7338503035599930401,7617881611203543830,https://p16-common-sign.tiktokcdn-us.com/tos-maliva-avt-0068/553c1211f8cc579479335ee4d37426c9~tplv-tiktokx-cropcenter:100:100.jpg?dr=9640&refresh_token=60f31eed&x-expires=1775102400&x-signature=Z%2BH7818ejaWNcmuPhe%2F%2BE3QLWGs%3D&t=4d5b0474&ps=13740610&shp=30310797&shcp=ff37627b&idc=useast5,,,https://www.tiktok.com/@skinxshine,"Skincare, Makeup, Fashion 🇨🇦
DM/Email for UGC/PR brand collabs
Yesstyle code: SHINE11 
💌: skinxshine@gmail.com
💌: Instagram: @skinxshine",https://p16-common-sign.tiktokcdn-eu.com/tos-alisg-avt-0068/06e8b46d2595f293529e3401f612df9a~tplv-tiktokx-cropcenter-q:100:100:q70.heic?dr=9606&idc=no1a&ps=87d6e48a&refresh_token=96a0586e&s=COMMENT_LIST&sc=avatar&shcp=ff37627b&shp=30310797&t=223449c4&x-expires=1773727200&x-signature=ai7uPsqWRdm4vbKJCH6Yo4E2uxE%3D,CA,en,FALSE,FALSE
"So cute,like Valentine's Day ❤️",1,0,2026-03-16T15:33:13.000Z,dziosefina,https://www.tiktok.com/@lifewith_anna5/video/7617670527909465374,7078800126109697029,7617876892779119382,https://p16-common-sign.tiktokcdn-us.com/tos-maliva-avt-0068/265d8aca891aaa53f9350d4b8866fda6~tplv-tiktokx-cropcenter:100:100.jpg?dr=9640&refresh_token=33eba3ba&x-expires=1775102400&x-signature=Yp5NERYxBM%2BuwGglw7BDz1VVadc%3D&t=4d5b0474&ps=13740610&shp=30310797&shcp=ff37627b&idc=useast5,,,https://www.tiktok.com/@andreeacipria,"I enjoy trying new things and stepping outside of my comfort zone. I’m open-minded and curious!
 Be Kind Be Beautiful Be Happy !!❤️",https://p16-common-sign.tiktokcdn-eu.com/tos-no1a-avt-0068c001-no/efb4bcb9fef4cbe49b85b504bfe29a38~tplv-tiktokx-cropcenter-q:100:100:q70.heic?dr=9606&idc=no1a&ps=87d6e48a&refresh_token=2179fc0e&s=COMMENT_LIST&sc=avatar&shcp=ff37627b&shp=30310797&t=223449c4&x-expires=1773727200&x-signature=ZjGx87poeMVulcMq94ERsUpp5vM%3D,GB,en,FALSE,FALSE
This is so cute,1,0,2026-03-16T14:36:01.000Z,couchboundrealitytv,https://www.tiktok.com/@lifewith_anna5/video/7617670527909465374,7328470404870898694,7617862170718585618,https://p19-common-sign.tiktokcdn-us.com/tos-maliva-avt-0068/68dc9eea45c4b34d2a0bc40132e946e3~tplv-tiktokx-cropcenter:100:100.jpg?dr=9640&refresh_token=54e0e9ae&x-expires=1775102400&x-signature=bRJaKQc7CubWY2Sb%2Bl2Leblafwg%3D&t=4d5b0474&ps=13740610&shp=30310797&shcp=ff37627b&idc=useast5,,,https://www.tiktok.com/@sicilianashley1985,🦋🧿 follow my Instagram 🙌🏼 follow for follow 👉🏼 Sicilian1985catz 😎,https://p16-common-sign.tiktokcdn-eu.com/tos-maliva-avt-0068/5e82d2aed5e94742e9ef89158ef31d3b~tplv-tiktokx-cropcenter-q:100:100:q70.heic?dr=9606&idc=no1a&ps=87d6e48a&refresh_token=a192b46a&s=COMMENT_LIST&sc=avatar&shcp=ff37627b&shp=30310797&t=223449c4&x-expires=1773727200&x-signature=C0ZhARpUSWyeqKkz7mhzPPZR%2BYQ%3D,CA,en,FALSE,FALSE
"I love this, a spa night with the spouse sounds lovely",1,0,2026-03-16T03:54:43.000Z,christielashay,https://www.tiktok.com/@lifewith_anna5/video/7617670527909465374,6794952952680956933,7617696866863596302,https://p19-common-sign.tiktokcdn-us.com/tos-useast5-avt-0068-tx/bde75c9fb8e6ab3b26314bb7a9b516d2~tplv-tiktokx-cropcenter:100:100.jpg?dr=9640&refresh_token=9e14689d&x-expires=1775102400&x-signature=5pocwgkETwy3s8pXC1AYNu18b2o%3D&t=4d5b0474&ps=13740610&shp=30310797&shcp=ff37627b&idc=useast5,,,https://www.tiktok.com/@beauty.byiqra,"Beauty & UGC Creator 🎥 | Saudi 🇸🇦
YesStyle & stylekorean code : IQRA102  
Instagram : beauty.byiqra [2k+followers ]
💌 beauty.byiqra102@gmail.com",https://p16-common-sign.tiktokcdn-eu.com/tos-alisg-avt-0068/c7b24d13da09876aa9337fc01625a686~tplv-tiktokx-cropcenter-q:100:100:q70.heic?dr=9606&idc=no1a&ps=87d6e48a&refresh_token=57f783f4&s=COMMENT_LIST&sc=avatar&shcp=ff37627b&shp=30310797&t=223449c4&x-expires=1773727200&x-signature=oFtoxzzPrhAG7o%2FmhTBOD8VdqBk%3D,SA,en,FALSE,FALSE
This is great! Have to take care of our hubbys 🥰,1,0,2026-03-16T19:17:52.000Z,kristislay,https://www.tiktok.com/@lifewith_anna5/video/7617670527909465374,6813403370793354246,7617934706601018126,https://p16-common-sign.tiktokcdn-us.com/tos-useast5-avt-0068-tx/c83d75b69536900de03e0ea01cf139b5~tplv-tiktokx-cropcenter:100:100.jpg?dr=9640&refresh_token=e582d118&x-expires=1775102400&x-signature=MoqfGMy9cNK6n94cH4ev3S7iFhk%3D&t=4d5b0474&ps=13740610&shp=30310797&shcp=ff37627b&idc=useast5,,,https://www.tiktok.com/@venus_knightley,"📍DBN||SA🇿🇦
🎀UGC🎀

knightleyvenus@gmail.com💌",https://p19-common-sign.tiktokcdn-eu.com/tos-alisg-avt-0068/299a2f9e47a2afa2be813c60b59c015d~tplv-tiktokx-cropcenter-q:100:100:q70.heic?dr=9606&idc=no1a&ps=87d6e48a&refresh_token=21a25e96&s=COMMENT_LIST&sc=avatar&shcp=ff37627b&shp=30310797&t=223449c4&x-expires=1773727200&x-signature=qXAKuf5xO76p0X8FLty0ehfw504%3D,ZA,en,FALSE,FALSE
"Respect sorry for the random approach 🫡 , your page got my attention and you look like a good citizen. Well, I’ve got a business proposal for you💫, hit me up let’s talk about it!",0,0,2026-03-18T02:01:24.000Z,joseph_durkee,https://www.tiktok.com/@lifewith_anna5/video/7617670527909465374,7614141755705590806,7618409510856475414,https://p16-common-sign.tiktokcdn.com/tos-maliva-avt-0068/1fba6ef7793c86e4dc99535625c0a121~tplv-tiktokx-cropcenter:100:100.jpg?dr=14579&refresh_token=0c53ebb8&x-expires=1775102400&x-signature=KltY4CDTL26WjOakIXtFaGbOROA%3D&t=4d5b0474&ps=13740610&shp=30310797&shcp=ff37627b&idc=my2,,,https://www.tiktok.com/@umiugc,"UGC creator | Beauty, Tech, Home & Kids | Making products feel real & relatable",https://p16-common-sign.tiktokcdn-eu.com/tos-maliva-avt-0068/b9659728122fc5f6b0ac30f9d29b759b~tplv-tiktokx-cropcenter-q:100:100:q70.heic?dr=9606&idc=no1a&ps=87d6e48a&refresh_token=b0e16a7d&s=COMMENT_LIST&sc=avatar&shcp=ff37627b&shp=30310797&t=223449c4&x-expires=1773727200&x-signature=nlcW%2B1bgsOS6Gv6dLhBJPuMwzGM%3D,US,ru,FALSE,FALSE
JAJAJJAJA yo con mi novio,1,0,2026-03-16T05:40:37.000Z,kasssanchez21,https://www.tiktok.com/@lifewith_anna5/video/7617670527909465374,7189144449086211078,7617724144352609041,https://p77-sign-sg.tiktokcdn.com/tos-alisg-avt-0068/56caa13b82e9f649d1da25a33e18a631~tplv-tiktokx-cropcenter:100:100.jpg?dr=14579&refresh_token=462f03cc&x-expires=1775102400&x-signature=N5u%2FZENHxhI%2BDbVi1pWUXAspSKg%3D&t=4d5b0474&ps=13740610&shp=30310797&shcp=ff37627b&idc=my2,,,musicMeta.musicOriginal,createTimeISO,webVideoUrl,,,,
Awe thank you gurl,1,,2026-03-16T02:47:16.000Z,lifewith_anna5,https://www.tiktok.com/@lifewith_anna5/video/7617670527909465374,7371590707667502122,7617679390239097631,https://p77-sign-va.tiktokcdn.com/tos-maliva-avt-0068/336407da1e078b1ac091b6154ef74c69~tplv-tiktokx-cropcenter:100:100.jpg?dr=14579&refresh_token=78834c92&x-expires=1775102400&x-signature=fmEccZMeM8%2F7J%2Buu9XWf3uyCdbY%3D&t=4d5b0474&ps=13740610&shp=30310797&shcp=ff37627b&idc=my2,,,FALSE,2026-03-31T01:30:09.000Z,https://www.tiktok.com/@juliacarolinasoares/video/7623225895955877141,,,,
Love this! ❤️My husband does skin care with me as well!,1,0,2026-03-16T04:07:27.000Z,rosio.golden,https://www.tiktok.com/@lifewith_anna5/video/7617670527909465374,6812429254598116357,7617700116896006925,https://p77-sign-va.tiktokcdn.com/tos-maliva-avt-0068/3cfbabc822b1db52fff0d72a5ed88d63~tplv-tiktokx-cropcenter:100:100.jpg?dr=14579&refresh_token=9bfdb156&x-expires=1775102400&x-signature=wHtF5i0rJ0clphN3qeUHQEwh%2Fnk%3D&t=4d5b0474&ps=13740610&shp=30310797&shcp=ff37627b&idc=my2,,,TRUE,2026-03-28T15:35:46.000Z,https://www.tiktok.com/@thegirlbahamian/video/7622330603320446216,,,,
Love the cameo 🥰❤️,1,0,2026-03-16T03:16:39.000Z,thedqueenvibe,https://www.tiktok.com/@lifewith_anna5/video/7617670527909465374,6515238886766023695,7617687011340944142,https://p77-sign-va.tiktokcdn.com/tos-maliva-avt-0068/29898f3631e0eff2fbd730541698a62f~tplv-tiktokx-cropcenter:100:100.jpg?dr=14579&refresh_token=ff82ad79&x-expires=1775102400&x-signature=ArNt6bFNJKNMLwlCm%2FPnZO16bPE%3D&t=4d5b0474&ps=13740610&shp=30310797&shcp=ff37627b&idc=my2,,,TRUE,2026-03-30T09:15:27.000Z,https://www.tiktok.com/@amerella177/video/7622974309417422093,,,,
This so cute,1,0,2026-03-16T04:28:25.000Z,teddievic,https://www.tiktok.com/@lifewith_anna5/video/7617670527909465374,6809371755653743622,7617705582099137288,https://p16-sign-sg.tiktokcdn.com/tos-alisg-avt-0068/758d1a0c548774f3907e6d073f1b2c4c~tplv-tiktokx-cropcenter:100:100.jpg?dr=14579&refresh_token=6bc16dc6&x-expires=1775102400&x-signature=dqqi%2FBLmxYdu%2FONM%2BLuRbweKHCI%3D&t=4d5b0474&ps=13740610&shp=30310797&shcp=ff37627b&idc=my2,,,FALSE,2026-03-30T18:51:24.000Z,https://www.tiktok.com/@avymint/video/7623123189618478343,,,,
😁😁 Haha he survived,0,,2026-03-16T02:29:59.000Z,lifewith_anna5,https://www.tiktok.com/@lifewith_anna5/video/7617670527909465374,7371590707667502122,7617674902272033567,https://p77-sign-va.tiktokcdn.com/tos-maliva-avt-0068/336407da1e078b1ac091b6154ef74c69~tplv-tiktokx-cropcenter:100:100.jpg?dr=14579&refresh_token=78834c92&x-expires=1775102400&x-signature=fmEccZMeM8%2F7J%2Buu9XWf3uyCdbY%3D&t=4d5b0474&ps=13740610&shp=30310797&shcp=ff37627b&idc=my2,,,TRUE,2026-03-29T13:54:23.000Z,https://www.tiktok.com/@lau.hernan29/video/7622675480621124895,,,,
Would love to try,1,1,2026-03-25T23:41:25.000Z,gelo_955,https://www.tiktok.com/@digital_rizzy/video/7620270705439001877,7433206969705628678,7621342361076318997,https://p16-common-sign.tiktokcdn-us.com/tos-maliva-avt-0068/402da2fb6334e36a250cc4b9746118ae~tplv-tiktokx-cropcenter:100:100.jpg?dr=9640&refresh_token=54544629&x-expires=1775102400&x-signature=RRWGDmP8LqGal7pZEqiIWKRvLzc%3D&t=4d5b0474&ps=13740610&shp=30310797&shcp=ff37627b&idc=useast8,,,FALSE,2026-03-30T07:19:35.000Z,https://www.tiktok.com/@fercreatesugc/video/7622944869392076054,,,,
Yesss,0,,2026-03-31T02:31:31.000Z,digital_rizzy,https://www.tiktok.com/@digital_rizzy/video/7620270705439001877,6628495805286400002,7623241687373071124,https://p16-common-sign.tiktokcdn-us.com/tos-maliva-avt-0068/1585e307610e145f43eb475cdf5126e4~tplv-tiktokx-cropcenter:100:100.jpg?dr=9640&refresh_token=4914610a&x-expires=1775102400&x-signature=cXVSPe%2BXMrzLrHGc8L%2BpEl%2FnS1M%3D&t=4d5b0474&ps=13740610&shp=30310797&shcp=ff37627b&idc=useast8,,,FALSE,2026-03-27T18:36:27.000Z,https://www.tiktok.com/@syeda0096/video/7622005975561587982,,,,
So glowing😍,1,1,2026-03-29T09:10:28.000Z,omgmiarain,https://www.tiktok.com/@digital_rizzy/video/7620270705439001877,7464443251166561281,7622602384505586433,https://p16-common-sign.tiktokcdn-us.com/tos-alisg-avt-0068/19c8917e66115e3157746b66bf6ad6a6~tplv-tiktokx-cropcenter:100:100.jpg?dr=9640&refresh_token=d18c3946&x-expires=1775102400&x-signature=Q3i3E9GU0pUDjlMsSmYcOm8%2FSew%3D&t=4d5b0474&ps=13740610&shp=30310797&shcp=ff37627b&idc=useast8,,,TRUE,2026-03-31T01:24:32.000Z,https://www.tiktok.com/@mara_hunt88/video/7623224462414056725,,,,
Thank you! ❤️,0,,2026-03-31T02:31:41.000Z,digital_rizzy,https://www.tiktok.com/@digital_rizzy/video/7620270705439001877,6628495805286400002,7623241713025843989,https://p16-common-sign.tiktokcdn-us.com/tos-maliva-avt-0068/1585e307610e145f43eb475cdf5126e4~tplv-tiktokx-cropcenter:100:100.jpg?dr=9640&refresh_token=4914610a&x-expires=1775102400&x-signature=cXVSPe%2BXMrzLrHGc8L%2BpEl%2FnS1M%3D&t=4d5b0474&ps=13740610&shp=30310797&shcp=ff37627b&idc=useast8,,,TRUE,2026-03-13T19:16:42.000Z,https://www.tiktok.com/@couchboundrealitytv/video/7616821250341522695,,,,
Wow love the routine 😍💗💗,1,1,2026-03-31T02:10:29.000Z,byaisha,https://www.tiktok.com/@digital_rizzy/video/7620270705439001877,7403123322593068038,7623236287583912711,https://p19-common-sign.tiktokcdn-us.com/tos-alisg-avt-0068/2b1a92c1b46424262a79fc15cf7c4029~tplv-tiktokx-cropcenter:100:100.jpg?dr=9640&refresh_token=0ac0267e&x-expires=1775102400&x-signature=i8FJWM%2Bvmh3wHypv6M%2F1SJuOnBE%3D&t=4d5b0474&ps=13740610&shp=30310797&shcp=ff37627b&idc=useast8,,,TRUE,2026-03-28T02:13:06.000Z,https://www.tiktok.com/@its.lolitamr/video/7622123708307508501,,,,
Thank you! ❤️❤️,0,,2026-03-31T02:31:46.000Z,digital_rizzy,https://www.tiktok.com/@digital_rizzy/video/7620270705439001877,6628495805286400002,7623241781215806229,https://p16-common-sign.tiktokcdn-us.com/tos-maliva-avt-0068/1585e307610e145f43eb475cdf5126e4~tplv-tiktokx-cropcenter:100:100.jpg?dr=9640&refresh_token=4914610a&x-expires=1775102400&x-signature=cXVSPe%2BXMrzLrHGc8L%2BpEl%2FnS1M%3D&t=4d5b0474&ps=13740610&shp=30310797&shcp=ff37627b&idc=useast8,,,,,,,,,
I love this mask and lip mask set. It’s so good 😍😍😍,1,1,2026-03-23T02:24:07.000Z,housewifehaymoor,https://www.tiktok.com/@digital_rizzy/video/7620270705439001877,6554127048582873097,7620271091487048479,https://p16-common-sign.tiktokcdn-us.com/tos-useast8-avt-0068-tx2/ec41ba98c072a76094137acf20659742~tplv-tiktokx-cropcenter:100:100.jpg?dr=9640&refresh_token=1de2304f&x-expires=1775102400&x-signature=fArsW8e9eesJ3GMxmcN59iCSXMY%3D&t=4d5b0474&ps=13740610&shp=30310797&shcp=ff37627b&idc=useast8,,,,,,,,,
So calming and hydrating,0,,2026-03-23T05:00:38.000Z,digital_rizzy,https://www.tiktok.com/@digital_rizzy/video/7620270705439001877,6628495805286400002,7620311478608593672,https://p16-common-sign.tiktokcdn-us.com/tos-maliva-avt-0068/1585e307610e145f43eb475cdf5126e4~tplv-tiktokx-cropcenter:100:100.jpg?dr=9640&refresh_token=4914610a&x-expires=1775102400&x-signature=cXVSPe%2BXMrzLrHGc8L%2BpEl%2FnS1M%3D&t=4d5b0474&ps=13740610&shp=30310797&shcp=ff37627b&idc=useast8,,,,,,,,,
So cute,1,1,2026-03-25T23:40:21.000Z,heartthyyy,https://www.tiktok.com/@digital_rizzy/video/7620270705439001877,6725873054495523845,7621342103428268820,https://p16-common-sign.tiktokcdn-us.com/tos-maliva-avt-0068/f2b9ebc070efa3119ed3a42c262c4c1d~tplv-tiktokx-cropcenter:100:100.jpg?dr=9640&refresh_token=d1928c74&x-expires=1775102400&x-signature=SbzKB%2BUJ%2FP963lkmlHS5zFrQ8W4%3D&t=4d5b0474&ps=13740610&shp=30310797&shcp=ff37627b&idc=useast8,,,,,,,,,
Wow cutee💗💗,1,1,2026-03-23T08:57:12.000Z,melodivaco,https://www.tiktok.com/@digital_rizzy/video/7620270705439001877,7477306049209730066,7620372452527014657,https://p16-common-sign.tiktokcdn-us.com/tos-alisg-avt-0068/9acc8d077e9162502bbfa380258c50a7~tplv-tiktokx-cropcenter:100:100.jpg?dr=9640&refresh_token=32c8faa1&x-expires=1775102400&x-signature=PA1bY13LnR%2FyXaDmZznaqGEVD78%3D&t=4d5b0474&ps=13740610&shp=30310797&shcp=ff37627b&idc=useast8,,,,,,,,,
"Thank you, girly 😍",1,,2026-03-23T15:59:00.000Z,digital_rizzy,https://www.tiktok.com/@digital_rizzy/video/7620270705439001877,6628495805286400002,7620481153027949330,https://p16-common-sign.tiktokcdn-us.com/tos-maliva-avt-0068/1585e307610e145f43eb475cdf5126e4~tplv-tiktokx-cropcenter:100:100.jpg?dr=9640&refresh_token=4914610a&x-expires=1775102400&x-signature=cXVSPe%2BXMrzLrHGc8L%2BpEl%2FnS1M%3D&t=4d5b0474&ps=13740610&shp=30310797&shcp=ff37627b&idc=useast8,,,,,,,,,
❤️❤️❤️,1,1,2026-03-26T05:22:16.000Z,allaboutlovers,https://www.tiktok.com/@digital_rizzy/video/7620270705439001877,6977983902854513669,7621430288866804501,https://p16-common-sign.tiktokcdn-us.com/tos-maliva-avt-0068/077cb7ec020e0d9a048e39ba3b1d8923~tplv-tiktokx-cropcenter:100:100.jpg?dr=9640&refresh_token=25acdd43&x-expires=1775102400&x-signature=h0m9y3FMFwp728X3fa0VsUfLsCA%3D&t=4d5b0474&ps=13740610&shp=30310797&shcp=ff37627b&idc=useast8,,,,,,,,,
❤️❤️❤️,0,,2026-03-31T02:31:28.000Z,digital_rizzy,https://www.tiktok.com/@digital_rizzy/video/7620270705439001877,6628495805286400002,7623241691973829397,https://p16-common-sign.tiktokcdn-us.com/tos-maliva-avt-0068/1585e307610e145f43eb475cdf5126e4~tplv-tiktokx-cropcenter:100:100.jpg?dr=9640&refresh_token=4914610a&x-expires=1775102400&x-signature=cXVSPe%2BXMrzLrHGc8L%2BpEl%2FnS1M%3D&t=4d5b0474&ps=13740610&shp=30310797&shcp=ff37627b&idc=useast8,,,,,,,,,
Every time I use one of these types of masks somebody calls me or my husband asks me something 😡😡😡,0,0,2026-03-20T19:48:06.000Z,rhea_r95,https://www.tiktok.com/@erika_influencer/video/7616360866786643230,7291347046605947946,7619426869217510157,https://p16-common-sign.tiktokcdn-us.com/tos-useast5-avt-0068-tx/02d5113a8f3946b778ff5698500597ea~tplv-tiktokx-cropcenter:100:100.jpg?dr=9640&refresh_token=8a655591&x-expires=1775102400&x-signature=kBW6CzrSKAKKGyCaGUA%2BGci%2Fd40%3D&t=4d5b0474&ps=13740610&shp=30310797&shcp=ff37627b&idc=useast8,,,,,,,,,
glowing skin,0,0,2026-03-17T16:51:48.000Z,mitipuu,https://www.tiktok.com/@erika_influencer/video/7616360866786643230,6997214905271862278,7618268175829926686,https://p16-common-sign.tiktokcdn-us.com/tos-useast8-avt-0068-tx2/e26d8de5ebec7aa22163edd1c4fc093a~tplv-tiktokx-cropcenter:100:100.jpg?dr=9640&refresh_token=0169a786&x-expires=1775102400&x-signature=QLv9Gi%2FB6kj2KZfiU%2FX7xrvcSyU%3D&t=4d5b0474&ps=13740610&shp=30310797&shcp=ff37627b&idc=useast8,,,,,,,,,
Looks incredible😍,0,0,2026-03-12T22:24:10.000Z,deelovebeautyx,https://www.tiktok.com/@erika_influencer/video/7616360866786643230,7380379535999370273,7616498420287390486,https://p16-common-sign.tiktokcdn-us.com/tos-maliva-avt-0068/80ee469a316ee11f389544ab5e31317f~tplv-tiktokx-cropcenter:100:100.jpg?dr=9640&refresh_token=8027d5f1&x-expires=1775102400&x-signature=5hvMyUWMtIOkNIVxelUKr6K0%2BRU%3D&t=4d5b0474&ps=13740610&shp=30310797&shcp=ff37627b&idc=useast8,,,,,,,,,
Looks Amazing 🥰,1,0,2026-03-13T00:50:56.000Z,rebeccathomas805,https://www.tiktok.com/@erika_influencer/video/7616360866786643230,6792615372615271429,7616536233620259597,https://p16-common-sign.tiktokcdn-us.com/tos-useast5-avt-0068-tx/cb45ab304d366cf199d264f0b5591a25~tplv-tiktokx-cropcenter:100:100.jpg?dr=9640&refresh_token=c8e05764&x-expires=1775102400&x-signature=Udqf8EawTgFyvDG7VftJosvMfbI%3D&t=4d5b0474&ps=13740610&shp=30310797&shcp=ff37627b&idc=useast8,,,,,,,,,
How long did you leave the mask on ?,1,1,2026-03-12T23:09:56.000Z,_embenhi11,https://www.tiktok.com/@erika_influencer/video/7616360866786643230,23994869,7616510231639622420,https://p16-common-sign.tiktokcdn-us.com/tos-alisg-avt-0068/52c70445ae17f89b463e36d1d9f97d01~tplv-tiktokx-cropcenter:100:100.jpg?dr=9640&refresh_token=5ed161f5&x-expires=1775102400&x-signature=aMFnz53FNJLGJ1RJd7ZvkHGicZc%3D&t=4d5b0474&ps=13740610&shp=30310797&shcp=ff37627b&idc=useast8,,,,,,,,,
okay I love a lip mask! need to try this,1,1,2026-03-13T00:27:08.000Z,a_meeningful_day,https://www.tiktok.com/@erika_influencer/video/7616360866786643230,6931034729316615173,7616530124699632397,https://p16-common-sign.tiktokcdn-us.com/tos-useast5-avt-0068-tx/7836563f5f6a2f7a44a47e7c3903a4bd~tplv-tiktokx-cropcenter:100:100.jpg?dr=9640&refresh_token=d0513c5d&x-expires=1775102400&x-signature=A7ZZWLibvZFy5%2BdmLZrlYEjdke0%3D&t=4d5b0474&ps=13740610&shp=30310797&shcp=ff37627b&idc=useast8,,,,,,,,,
Yes love😍,0,,2026-03-13T01:59:08.000Z,erika_influencer,https://www.tiktok.com/@erika_influencer/video/7616360866786643230,7461083380798948382,7616553745241752350,https://p16-common-sign.tiktokcdn-us.com/tos-useast8-avt-0068-tx2/dd5427ad27ce1463edfc3a20e6dedfe5~tplv-tiktokx-cropcenter:100:100.jpg?dr=9640&refresh_token=68dfff5c&x-expires=1775102400&x-signature=zrdin1RCzix8RP6vVsHdRAXy25w%3D&t=4d5b0474&ps=13740610&shp=30310797&shcp=ff37627b&idc=useast8,,,,,,,,,
Wow I love these two 😁,1,0,2026-03-12T20:37:37.000Z,ugcbyyhibuh._1,https://www.tiktok.com/@erika_influencer/video/7616360866786643230,8729876,7616470917443453709,https://p16-common-sign.tiktokcdn-us.com/tos-useast5-avt-0068-tx/6d54cc612c29d83f802a287ad4483a54~tplv-tiktokx-cropcenter:100:100.jpg?dr=9640&refresh_token=95420ea6&x-expires=1775102400&x-signature=cqIxqkF6%2BDoU6nkr%2FIfOmKngazs%3D&t=4d5b0474&ps=13740610&shp=30310797&shcp=ff37627b&idc=useast8,,,,,,,,,
cute lip mask🥰,1,1,2026-03-12T18:26:01.000Z,bobaaqueenzz,https://www.tiktok.com/@erika_influencer/video/7616360866786643230,7191416236286002218,7616436883250184990,https://p16-common-sign.tiktokcdn-us.com/tos-useast5-avt-0068-tx/7332352260661313579~tplv-tiktokx-cropcenter:100:100.jpg?dr=9640&refresh_token=ad2e2bdf&x-expires=1775102400&x-signature=c3MDnyVfYP3UpFWJ9fQSGBSOH1s%3D&t=4d5b0474&ps=13740610&shp=30310797&shcp=ff37627b&idc=useast8,,,,,,,,,
wowww I really must try this 🤩,1,0,2026-03-13T23:17:25.000Z,fanny.gla,https://www.tiktok.com/@erika_influencer/video/7616360866786643230,288269461747601410,7616883196365751070,https://p16-common-sign.tiktokcdn-us.com/tos-maliva-avt-0068/d4636b5963d9f724cdd3a8a090c68525~tplv-tiktokx-cropcenter:100:100.jpg?dr=9640&refresh_token=b4e67495&x-expires=1775102400&x-signature=v26%2B%2FXHJtQdRZ3X5wYOFLXQ0EX4%3D&t=4d5b0474&ps=13740610&shp=30310797&shcp=ff37627b&idc=useast8,,,,,,,,,
Love 😍,1,0,2026-03-12T17:53:32.000Z,melaniesfabfinds,https://www.tiktok.com/@erika_influencer/video/7616360866786643230,7374434662602507296,7616428696250057494,https://p16-common-sign.tiktokcdn-us.com/tos-useast2a-avt-0068-euttp/785019a42dc25e2ab6e68b807cd37954~tplv-tiktokx-cropcenter:100:100.jpg?dr=9640&refresh_token=f74c8c76&x-expires=1775102400&x-signature=L4VL17Xc4bpCJo3IIUkthtxZwwA%3D&t=4d5b0474&ps=13740610&shp=30310797&shcp=ff37627b&idc=useast8,,,,,,,,,
Lip mask looks great 😍😍,1,0,2026-03-13T16:26:35.000Z,dominique_bu,https://www.tiktok.com/@erika_influencer/video/7616360866786643230,7243139687966917658,7616777377024688918,https://p19-common-sign.tiktokcdn-us.com/tos-useast2a-avt-0068-euttp/7a8e040a4af50ccad55f57155baa72b0~tplv-tiktokx-cropcenter:100:100.jpg?dr=9640&refresh_token=ab815181&x-expires=1775102400&x-signature=t5z%2BoeknFknjczIaMwgw8HzAzeA%3D&t=4d5b0474&ps=13740610&shp=30310797&shcp=ff37627b&idc=useast8,,,,,,,,,
that lip mask looks so good,1,0,2026-03-12T19:34:46.000Z,skindeepmegan,https://www.tiktok.com/@erika_influencer/video/7616360866786643230,6772777156923851781,7616454716537045774,https://p16-common-sign.tiktokcdn-us.com/tos-useast5-avt-0068-tx/f82e30c92d3ef53e9d954e401ff7c34f~tplv-tiktokx-cropcenter:100:100.jpg?dr=9640&refresh_token=ac7e9559&x-expires=1775102400&x-signature=bFdTlZry6AeCnFrk6VJXgRNesN4%3D&t=4d5b0474&ps=13740610&shp=30310797&shcp=ff37627b&idc=useast8,,,,,,,,,
Ohhhh love a lip mask,1,0,2026-03-12T16:31:26.000Z,pjsa.justlife,https://www.tiktok.com/@erika_influencer/video/7616360866786643230,7474848434404656171,7616407450548503310,https://p16-common-sign.tiktokcdn-us.com/tos-useast5-avt-0068-tx/0c33fa131b2e16536df2b8692900754d~tplv-tiktokx-cropcenter:100:100.jpg?dr=9640&refresh_token=a16b0838&x-expires=1775102400&x-signature=%2FQ2%2BHAdnjarsap4H90dSOIn4Tv0%3D&t=4d5b0474&ps=13740610&shp=30310797&shcp=ff37627b&idc=useast8,,,,,,,,,
so glowy❤️,1,0,2026-03-12T17:32:49.000Z,1madziula,https://www.tiktok.com/@erika_influencer/video/7616360866786643230,7124429127050314758,7616423359929271062,https://p16-common-sign.tiktokcdn-us.com/tos-useast2a-avt-0068-euttp/9d0409e2efbd12cd5db8fdfe2b4fa0df~tplv-tiktokx-cropcenter:100:100.jpg?dr=9640&refresh_token=a4d944e5&x-expires=1775102400&x-signature=dK4pCbDi0ntJtsMIrpjq3mnk1u4%3D&t=4d5b0474&ps=13740610&shp=30310797&shcp=ff37627b&idc=useast8,,,,,,,,,
Looks amazing 😍,1,1,2026-03-12T18:15:30.000Z,gabyyoshikawaa,https://www.tiktok.com/@erika_influencer/video/7616360866786643230,7355355981491012651,7616434144722322207,https://p16-common-sign.tiktokcdn-us.com/tos-useast5-avt-0068-tx/4c578b18fde3eee6c6930e37741102b1~tplv-tiktokx-cropcenter:100:100.jpg?dr=9640&refresh_token=730c1ead&x-expires=1775102400&x-signature=qI23If8BlpMnw33DsH%2FUUF2%2F3X0%3D&t=4d5b0474&ps=13740610&shp=30310797&shcp=ff37627b&idc=useast8,,,,,,,,,
Super glowy🥰,1,0,2026-03-12T16:52:41.000Z,glam_by_gurleen,https://www.tiktok.com/@erika_influencer/video/7616360866786643230,6843193103798141957,7616413030838928149,https://p16-common-sign.tiktokcdn-us.com/tos-alisg-avt-0068/bc4902f82ba4d6bbc94262153072a99b~tplv-tiktokx-cropcenter:100:100.jpg?dr=9640&refresh_token=145980a7&x-expires=1775102400&x-signature=YUUx1Qp1LYtCfbnh2zqKbq9awQA%3D&t=4d5b0474&ps=13740610&shp=30310797&shcp=ff37627b&idc=useast8,,,,,,,,,
Love this,1,0,2026-03-13T06:16:21.000Z,huneza21,https://www.tiktok.com/@erika_influencer/video/7616360866786643230,6544055550252946432,7616619685014373151,https://p16-common-sign.tiktokcdn-us.com/tos-useast8-avt-0068-tx2/43e1106bcefac00cee4e27a4e59e4acb~tplv-tiktokx-cropcenter:100:100.jpg?dr=9640&refresh_token=f015fa87&x-expires=1775102400&x-signature=e9PF2NtNVQh7%2BcrKOKUnnbCeEHo%3D&t=4d5b0474&ps=13740610&shp=30310797&shcp=ff37627b&idc=useast8,,,,,,,,,
Sooo lovely aow,1,0,2026-03-12T16:43:36.000Z,debsdesign.lab,https://www.tiktok.com/@erika_influencer/video/7616360866786643230,7135100234343302149,7616410685694706452,https://p16-common-sign.tiktokcdn-us.com/tos-alisg-avt-0068/f5f5a2b0cd9578edfb475da49ede70df~tplv-tiktokx-cropcenter:100:100.jpg?dr=9640&refresh_token=22a77192&x-expires=1775102400&x-signature=jONE0geOu0v6LghCpDAuTDAdS0M%3D&t=4d5b0474&ps=13740610&shp=30310797&shcp=ff37627b&idc=useast8,,,,,,,,,
gorgeous 🥰,1,0,2026-03-12T21:37:34.000Z,domitzcreates,https://www.tiktok.com/@erika_influencer/video/7616360866786643230,7403072578703983658,7616486359838966559,https://p16-common-sign.tiktokcdn-us.com/tos-useast8-avt-0068-tx2/59d00f885ed28ae6f9f722aa2e741b7b~tplv-tiktokx-cropcenter:100:100.jpg?dr=9640&refresh_token=29e42965&x-expires=1775102400&x-signature=ZJeJzT2UgGWV%2B0YYMEToJ47zD%2BA%3D&t=4d5b0474&ps=13740610&shp=30310797&shcp=ff37627b&idc=useast8,,,,,,,,,
Looks amazing 🥰,1,0,2026-03-12T18:53:52.000Z,britt_neya,https://www.tiktok.com/@erika_influencer/video/7616360866786643230,6830281773563773958,7616444068999070495,https://p16-common-sign.tiktokcdn-us.com/tos-useast8-avt-0068-tx2/be720b73d30f6da8fa51f7447f82359a~tplv-tiktokx-cropcenter:100:100.jpg?dr=9640&refresh_token=ed5c1dfc&x-expires=1775102400&x-signature=i3wDRhfQ2D0ewhc7ennAtdSe4xc%3D&t=4d5b0474&ps=13740610&shp=30310797&shcp=ff37627b&idc=useast8,,,,,,,,,
Thanks love❤️,0,,2026-03-12T19:36:14.000Z,erika_influencer,https://www.tiktok.com/@erika_influencer/video/7616360866786643230,7461083380798948382,7616455122129896223,https://p16-common-sign.tiktokcdn-eu.com/tos-maliva-avt-0068/dd5427ad27ce1463edfc3a20e6dedfe5~tplv-tiktokx-cropcenter:100:100.jpg?dr=10399&refresh_token=f4916dc2&x-expires=1775102400&x-signature=7vVJH%2BcrpO8X%2BLsKqXwB86fs9%2Bk%3D&t=4d5b0474&ps=13740610&shp=30310797&shcp=ff37627b&idc=no1a,,,,,,,,,
It's 4 hours.,0,,2026-03-13T02:00:18.000Z,erika_influencer,https://www.tiktok.com/@erika_influencer/video/7616360866786643230,7461083380798948382,7616554019084288799,https://p16-common-sign.tiktokcdn-eu.com/tos-maliva-avt-0068/dd5427ad27ce1463edfc3a20e6dedfe5~tplv-tiktokx-cropcenter:100:100.jpg?dr=10399&refresh_token=f4916dc2&x-expires=1775102400&x-signature=7vVJH%2BcrpO8X%2BLsKqXwB86fs9%2Bk%3D&t=4d5b0474&ps=13740610&shp=30310797&shcp=ff37627b&idc=no1a,,,,,,,,,
Love😍,0,,2026-03-12T19:34:39.000Z,erika_influencer,https://www.tiktok.com/@erika_influencer/video/7616360866786643230,7461083380798948382,7616454692331209503,https://p16-common-sign.tiktokcdn-eu.com/tos-maliva-avt-0068/dd5427ad27ce1463edfc3a20e6dedfe5~tplv-tiktokx-cropcenter:100:100.jpg?dr=10399&refresh_token=f4916dc2&x-expires=1775102400&x-signature=7vVJH%2BcrpO8X%2BLsKqXwB86fs9%2Bk%3D&t=4d5b0474&ps=13740610&shp=30310797&shcp=ff37627b&idc=no1a,,,,,,,,,
such a good sport 😅,1,0,2026-03-16T14:03:12.000Z,keeping_up_with_chrissy,https://www.tiktok.com/@lifewith_anna5/video/7617670527909465374,6789215457569227781,7617853513188999966,https://p16-common-sign.tiktokcdn-us.com/tos-useast5-avt-0068-tx/7310685137229283370~tplv-tiktokx-cropcenter:100:100.jpg?dr=9640&refresh_token=b58e6c20&x-expires=1775102400&x-signature=8xU6k79GTBO7mFziNrDNmXk7hpo%3D&t=4d5b0474&ps=13740610&shp=30310797&shcp=ff37627b&idc=useast5,,,,,,,,,
This is amazing ❤️,1,0,2026-03-16T04:52:06.000Z,_onlyfiyo,https://www.tiktok.com/@lifewith_anna5/video/7617670527909465374,7208435957355283462,7617711657159082773,https://p16-common-sign.tiktokcdn-us.com/tos-maliva-avt-0068/2d2305ae2f14c2464e9bffe59700ac8f~tplv-tiktokx-cropcenter:100:100.jpg?dr=9640&refresh_token=69042e63&x-expires=1775102400&x-signature=uL3c8UWGl%2FLwuw7Dy1j3FGgF0Ck%3D&t=4d5b0474&ps=13740610&shp=30310797&shcp=ff37627b&idc=useast5,,,,,,,,,
Looks so lovely,0,0,2026-03-17T21:55:21.000Z,zinniebloom,https://www.tiktok.com/@jjstiktokreviews/video/7616906773697416469,7537913416373519374,7618346345004598029,https://p16-common-sign.tiktokcdn-us.com/tos-useast8-avt-0068-tx2/fe40f94f7c79f6f75f27498c32557a01~tplv-tiktokx-cropcenter:100:100.jpg?dr=9640&refresh_token=0a92acc6&x-expires=1775102400&x-signature=ozKjoOOdC34AdzVbTLfTrkYI6wQ%3D&t=4d5b0474&ps=13740610&shp=30310797&shcp=ff37627b&idc=useast8,,,,,,,,,
Wow! Your skin is glowing 🥰🥰,0,0,2026-03-15T13:23:59.000Z,gabyyoshikawaa,https://www.tiktok.com/@jjstiktokreviews/video/7616906773697416469,7355355981491012651,7617472252217803550,https://p16-common-sign.tiktokcdn-us.com/tos-useast5-avt-0068-tx/4c578b18fde3eee6c6930e37741102b1~tplv-tiktokx-cropcenter:100:100.jpg?dr=9640&refresh_token=730c1ead&x-expires=1775102400&x-signature=qI23If8BlpMnw33DsH%2FUUF2%2F3X0%3D&t=4d5b0474&ps=13740610&shp=30310797&shcp=ff37627b&idc=useast8,,,,,,,,,
Ohh wow that so amazing 💜,1,2,2026-03-14T02:21:52.000Z,beautyndvlogs,https://www.tiktok.com/@jjstiktokreviews/video/7616906773697416469,7356920139415094277,7616930808561124097,https://p16-common-sign.tiktokcdn-us.com/tos-alisg-avt-0068/c20de9c7fcea3954378ae394f8af8bd0~tplv-tiktokx-cropcenter:100:100.jpg?dr=9640&refresh_token=4f99d0c6&x-expires=1775102400&x-signature=noXjKjHAy558d9KYjURtUdWzK3Q%3D&t=4d5b0474&ps=13740610&shp=30310797&shcp=ff37627b&idc=useast8,,,,,,,,,
So good 💕,1,,2026-03-15T01:10:30.000Z,jjstiktokreviews,https://www.tiktok.com/@jjstiktokreviews/video/7616906773697416469,7361500519750140934,7617283457874133781,https://p16-common-sign.tiktokcdn-us.com/tos-maliva-avt-0068/7e4fce6c9d496ef1ee81f6db40570a19~tplv-tiktokx-cropcenter:100:100.jpg?dr=9640&refresh_token=8eddf465&x-expires=1775102400&x-signature=HvDEThFiYSA6R0pxMM3mrFL%2F8Mw%3D&t=4d5b0474&ps=13740610&shp=30310797&shcp=ff37627b&idc=useast8,,,,,,,,,
I love how its clear,0,0,2026-03-16T00:04:22.000Z,a_meeningful_day,https://www.tiktok.com/@jjstiktokreviews/video/7616906773697416469,6931034729316615173,7617637510223053581,https://p19-common-sign.tiktokcdn-us.com/tos-useast5-avt-0068-tx/7836563f5f6a2f7a44a47e7c3903a4bd~tplv-tiktokx-cropcenter:100:100.jpg?dr=9640&refresh_token=af496b05&x-expires=1775102400&x-signature=Mu8XAzWW1S0LdIrTQknMQwI5osA%3D&t=4d5b0474&ps=13740610&shp=30310797&shcp=ff37627b&idc=useast8,,,,,,,,,
Wow,0,0,2026-03-16T15:16:26.000Z,nikita.jhunjhunwa5,https://www.tiktok.com/@jjstiktokreviews/video/7616906773697416469,7393661771460281345,7617872566325936903,https://p16-common-sign.tiktokcdn-us.com/tos-maliva-avt-0068/b85016539a143367786bf25d9b4fffff~tplv-tiktokx-cropcenter:100:100.jpg?dr=9640&refresh_token=50665f54&x-expires=1775102400&x-signature=lnClZqZ25g7WCc7lctu3OI0mBuc%3D&t=4d5b0474&ps=13740610&shp=30310797&shcp=ff37627b&idc=useast8,,,,,,,,,
Ohhh this looks nice!!,1,1,2026-03-14T01:16:20.000Z,glamitupbycelle,https://www.tiktok.com/@jjstiktokreviews/video/7616906773697416469,6813885944728355845,7616913905797743377,https://p16-common-sign.tiktokcdn-us.com/tos-alisg-avt-0068/aabde41beaf27b88fdf3db71878c9050~tplv-tiktokx-cropcenter:100:100.jpg?dr=9640&refresh_token=d99c8dc0&x-expires=1775102400&x-signature=NI%2Bl%2FdV0iFBkmZcZIYx4THO4MEw%3D&t=4d5b0474&ps=13740610&shp=30310797&shcp=ff37627b&idc=useast8,,,,,,,,,
A great mask!,0,,2026-03-15T01:09:04.000Z,jjstiktokreviews,https://www.tiktok.com/@jjstiktokreviews/video/7616906773697416469,7361500519750140934,7617283092294157076,https://p16-common-sign.tiktokcdn-us.com/tos-maliva-avt-0068/7e4fce6c9d496ef1ee81f6db40570a19~tplv-tiktokx-cropcenter:100:100.jpg?dr=9640&refresh_token=8eddf465&x-expires=1775102400&x-signature=HvDEThFiYSA6R0pxMM3mrFL%2F8Mw%3D&t=4d5b0474&ps=13740610&shp=30310797&shcp=ff37627b&idc=useast8,,,,,,,,,
Looks so good 💖,1,0,2026-03-14T01:09:49.000Z,vinuripiki.ugc,https://www.tiktok.com/@jjstiktokreviews/video/7616906773697416469,6846581584910287878,7616912196295934740,https://p16-common-sign.tiktokcdn-us.com/tos-maliva-avt-0068/52eaf486b4715d3c7846738eb7f6d151~tplv-tiktokx-cropcenter:100:100.jpg?dr=9640&refresh_token=61f9f4fe&x-expires=1775102400&x-signature=eEkKlqAhy%2F9rSlID6pla4geXltM%3D&t=4d5b0474&ps=13740610&shp=30310797&shcp=ff37627b&idc=useast8,,,,,,,,,
I want to try that mask 😍,0,0,2026-03-15T04:38:26.000Z,mashukin_cafe,https://www.tiktok.com/@jjstiktokreviews/video/7616906773697416469,6782977048932844550,7617337064426390280,https://p16-common-sign.tiktokcdn-us.com/tos-alisg-avt-0068/15dbe75fddd9e0aa3ef04b0b44b6ef59~tplv-tiktokx-cropcenter:100:100.jpg?dr=9640&refresh_token=f5b76684&x-expires=1775102400&x-signature=1NyL%2BkhikUo6un9PAcMyqgOSJfI%3D&t=4d5b0474&ps=13740610&shp=30310797&shcp=ff37627b&idc=useast8,,,,,,,,,
So glass skin😍,1,0,2026-03-14T04:14:53.000Z,omgmiarain,https://www.tiktok.com/@jjstiktokreviews/video/7616906773697416469,7464443251166561281,7616959932990309137,https://p16-common-sign.tiktokcdn-us.com/tos-alisg-avt-0068/19c8917e66115e3157746b66bf6ad6a6~tplv-tiktokx-cropcenter:100:100.jpg?dr=9640&refresh_token=d18c3946&x-expires=1775102400&x-signature=Q3i3E9GU0pUDjlMsSmYcOm8%2FSew%3D&t=4d5b0474&ps=13740610&shp=30310797&shcp=ff37627b&idc=useast8,,,,,,,,,
Glowy 🥰🥰,1,0,2026-03-14T10:43:13.000Z,harmaslight,https://www.tiktok.com/@jjstiktokreviews/video/7616906773697416469,7396028584022000646,7617059969784333072,https://p16-common-sign.tiktokcdn-us.com/tos-alisg-avt-0068/a30b6015b900be4d9be2ab1dffcf0502~tplv-tiktokx-cropcenter:100:100.jpg?dr=9640&refresh_token=8dbc0c8b&x-expires=1775102400&x-signature=t6ArNImpZstosm4QonHSObytjR8%3D&t=4d5b0474&ps=13740610&shp=30310797&shcp=ff37627b&idc=useast8,,,,,,,,,
Wow amazing 💕,0,0,2026-03-14T10:27:27.000Z,imsyneathita2,https://www.tiktok.com/@jjstiktokreviews/video/7616906773697416469,7422623835130889223,7617055905113490196,https://p16-common-sign.tiktokcdn-us.com/tos-alisg-avt-0068/1b98c0eff9e3df54a3d6944578fcec4d~tplv-tiktokx-cropcenter:100:100.jpg?dr=9640&refresh_token=bd84d080&x-expires=1775102400&x-signature=AzXOCuEK%2Fszlf2ZpsnBlqWwBL50%3D&t=4d5b0474&ps=13740610&shp=30310797&shcp=ff37627b&idc=useast8,,,,,,,,,
genial,1,0,2026-03-14T12:23:17.000Z,aurore_toutsimplement_,https://www.tiktok.com/@jjstiktokreviews/video/7616906773697416469,6759218005551318021,7617085779051152150,https://p16-common-sign.tiktokcdn-us.com/tos-maliva-avt-0068/ec7473ad98efb83f95148088ef291f0a~tplv-tiktokx-cropcenter:100:100.jpg?dr=9640&refresh_token=c6742237&x-expires=1775102400&x-signature=yclNLK%2FOLju2oP3mvnXCawBrghY%3D&t=4d5b0474&ps=13740610&shp=30310797&shcp=ff37627b&idc=useast8,,,,,,,,,
skin is so glassy 🥰🥰👏👏,1,1,2026-03-14T05:34:16.000Z,millennialglowup,https://www.tiktok.com/@jjstiktokreviews/video/7616906773697416469,7466356509947511826,7616980328338981648,https://p16-common-sign.tiktokcdn-us.com/tos-alisg-avt-0068/f5232e53f5ab640f7d3adf32f4e9941e~tplv-tiktokx-cropcenter:100:100.jpg?dr=9640&refresh_token=b7fd978e&x-expires=1775102400&x-signature=X2ZObMqrW4Ho91PDNTF2qvCWFdM%3D&t=4d5b0474&ps=13740610&shp=30310797&shcp=ff37627b&idc=useast8,,,,,,,,,
Woow so smooth and glowy ✨💖,1,1,2026-03-14T00:50:40.000Z,beautydiariesby_priya,https://www.tiktok.com/@jjstiktokreviews/video/7616906773697416469,7373873205679555600,7616907283251528455,https://p19-common-sign.tiktokcdn-us.com/tos-alisg-avt-0068/1451e9eac91c1ba3305b09ac78379702~tplv-tiktokx-cropcenter:100:100.jpg?dr=9640&refresh_token=d907a2e5&x-expires=1775102400&x-signature=VCsigVajUqFx%2FVyZD0Dbbe1rBZE%3D&t=4d5b0474&ps=13740610&shp=30310797&shcp=ff37627b&idc=useast8,,,,,,,,,
This looks so satisfying!!!,1,1,2026-03-14T01:53:01.000Z,iamwomen.mrsav,https://www.tiktok.com/@jjstiktokreviews/video/7616906773697416469,6780845726575772678,7616923353622954759,https://p16-common-sign.tiktokcdn-us.com/tos-maliva-avt-0068/74fd2c7cd74819a4646fa04a6c2af8ca~tplv-tiktokx-cropcenter:100:100.jpg?dr=9640&refresh_token=fe87a71d&x-expires=1775102400&x-signature=i5XthHl%2B9a5rf3c4k5Ag%2BGSEhUE%3D&t=4d5b0474&ps=13740610&shp=30310797&shcp=ff37627b&idc=useast8,,,,,,,,,
Very satisfying indeed,0,,2026-03-15T01:09:42.000Z,jjstiktokreviews,https://www.tiktok.com/@jjstiktokreviews/video/7616906773697416469,7361500519750140934,7617283268811146005,https://p16-common-sign.tiktokcdn-us.com/tos-maliva-avt-0068/7e4fce6c9d496ef1ee81f6db40570a19~tplv-tiktokx-cropcenter:100:100.jpg?dr=9640&refresh_token=8eddf465&x-expires=1775102400&x-signature=HvDEThFiYSA6R0pxMM3mrFL%2F8Mw%3D&t=4d5b0474&ps=13740610&shp=30310797&shcp=ff37627b&idc=useast8,,,,,,,,,
This is actually so cool! 😍🤍,1,1,2026-03-14T00:54:36.000Z,sk1ncaresecrets,https://www.tiktok.com/@jjstiktokreviews/video/7616906773697416469,7432304512697156640,7616908184938545942,https://p16-common-sign.tiktokcdn-us.com/tos-maliva-avt-0068/4b6c5f68b6529fdd699be2645b0eda24~tplv-tiktokx-cropcenter:100:100.jpg?dr=9640&refresh_token=46ba8d44&x-expires=1775102400&x-signature=QJOX9oSPURXsypbFP%2BAzlleerJY%3D&t=4d5b0474&ps=13740610&shp=30310797&shcp=ff37627b&idc=useast8,,,,,,,,,
So satisfying ❤️,1,0,2026-03-14T00:51:36.000Z,lifestyle..care,https://www.tiktok.com/@jjstiktokreviews/video/7616906773697416469,7324546042954908715,7616907381592032013,https://p16-common-sign.tiktokcdn-us.com/tos-useast5-avt-0068-tx/e35f659b2a3e7c393a9bf1fd22db6e11~tplv-tiktokx-cropcenter:100:100.jpg?dr=9640&refresh_token=f83ee3c6&x-expires=1775102400&x-signature=MWSXPWRGCqoCBQeoi%2FC%2BRYMmUS4%3D&t=4d5b0474&ps=13740610&shp=30310797&shcp=ff37627b&idc=useast8,,,,,,,,,
Love the glow 🤩,1,0,2026-03-14T02:14:48.000Z,ugc.byfz,https://www.tiktok.com/@jjstiktokreviews/video/7616906773697416469,7482821255432913926,7616928964074439445,https://p16-common-sign.tiktokcdn-us.com/tos-alisg-avt-0068/4d0b942e75d84f549d45b09984b77274~tplv-tiktokx-cropcenter:100:100.jpg?dr=9640&refresh_token=5013eacd&x-expires=1775102400&x-signature=9OS4FPHKzLz6%2FFoySu1aD0Ky6dM%3D&t=4d5b0474&ps=13740610&shp=30310797&shcp=ff37627b&idc=useast8,,,,,,,,,
This is so glassy 💖,0,0,2026-03-15T02:01:54.000Z,insiderbeautyw,https://www.tiktok.com/@jjstiktokreviews/video/7616906773697416469,7366723103110005765,7617296751883649799,https://p16-common-sign.tiktokcdn-us.com/tos-maliva-avt-0068/982d0c1ce842a25dbab587db502d1e26~tplv-tiktokx-cropcenter:100:100.jpg?dr=9640&refresh_token=1c6adecb&x-expires=1775102400&x-signature=%2F3ChCNjqCk6wLvASp3SLwipiSUc%3D&t=4d5b0474&ps=13740610&shp=30310797&shcp=ff37627b&idc=useast8,,,,,,,,,
So glowy!!,0,0,2026-03-16T18:19:47.000Z,simplymaddiebee,https://www.tiktok.com/@jjstiktokreviews/video/7616906773697416469,7003130375918158853,7617919440001712926,https://p16-common-sign.tiktokcdn-us.com/tos-useast8-avt-0068-tx2/8b2a2045e8550037dbb460a680fa4a23~tplv-tiktokx-cropcenter:100:100.jpg?dr=9640&refresh_token=ee1a8ce7&x-expires=1775102400&x-signature=vBATk75PNLc3WWE522oLC07Ck8c%3D&t=4d5b0474&ps=13740610&shp=30310797&shcp=ff37627b&idc=useast8,,,,,,,,,
Looks great!,0,0,2026-03-19T21:35:20.000Z,sherylanne76,https://www.tiktok.com/@jjstiktokreviews/video/7616906773697416469,7226180921731908614,7619083435126719240,https://p16-common-sign.tiktokcdn-us.com/tos-maliva-avt-0068/dfa7c843fdbd586c70ce9caee7f0532d~tplv-tiktokx-cropcenter:100:100.jpg?dr=9640&refresh_token=6fc237d7&x-expires=1775102400&x-signature=Gim%2Fxqy9fXWHVqy1Cql7b3QdaJk%3D&t=4d5b0474&ps=13740610&shp=30310797&shcp=ff37627b&idc=useast8,,,,,,,,,
Looks so good! ❤️,0,0,2026-03-15T02:59:54.000Z,chrisk_39,https://www.tiktok.com/@jjstiktokreviews/video/7616906773697416469,6578567039928369157,7617311613133734686,https://p16-common-sign.tiktokcdn-us.com/tos-useast8-avt-0068-tx2/687ed937c76ab2e0f9c3cde10480d9a9~tplv-tiktokx-cropcenter:100:100.jpg?dr=9640&refresh_token=d6857a25&x-expires=1775102400&x-signature=RNS2yzWCss%2FFKW8jL8LCdD7tooM%3D&t=4d5b0474&ps=13740610&shp=30310797&shcp=ff37627b&idc=useast8,,,,,,,,,
Skin is glowinggg 😍,0,0,2026-03-15T02:03:39.000Z,cc.khv,https://www.tiktok.com/@jjstiktokreviews/video/7616906773697416469,7448267732003685381,7617297153190888208,https://p16-common-sign.tiktokcdn-us.com/tos-alisg-avt-0068/a7e5a114ad4888bf94778fe335763404~tplv-tiktokx-cropcenter:100:100.jpg?dr=9640&refresh_token=86c70f98&x-expires=1775102400&x-signature=kJf%2FHqEbOYVrc2dGqEek4QVYCys%3D&t=4d5b0474&ps=13740610&shp=30310797&shcp=ff37627b&idc=useast8,,,,,,,,,
❤️❤️❤️,1,0,2026-03-14T15:18:37.000Z,mariamebah713,https://www.tiktok.com/@jjstiktokreviews/video/7616906773697416469,6943960151556850693,7617130969712722708,https://p16-common-sign.tiktokcdn-us.com/tos-maliva-avt-0068/7db6e0e656c1ed6e9adce95b3bfd6d43~tplv-tiktokx-cropcenter:100:100.jpg?dr=9640&refresh_token=d36f2aa2&x-expires=1775102400&x-signature=tzJ1BZMk3SiQi9BYvvLHUJVOrhE%3D&t=4d5b0474&ps=13740610&shp=30310797&shcp=ff37627b&idc=useast8,,,,,,,,,
😍😍😍,0,0,2026-03-16T06:13:00.000Z,pinarrdemir,https://www.tiktok.com/@jjstiktokreviews/video/7616906773697416469,7390673680348480517,7617732502203564820,https://p16-common-sign.tiktokcdn-us.com/tos-maliva-avt-0068/ca011b13ce8c613352f1675b2c410e9a~tplv-tiktokx-cropcenter:100:100.jpg?dr=9640&refresh_token=d4d8aa58&x-expires=1775102400&x-signature=%2BwJNVv95xQ%2FK2FPbaCcv2IKp7YI%3D&t=4d5b0474&ps=13740610&shp=30310797&shcp=ff37627b&idc=useast8,,,,,,,,,
💕💕💕,0,,2026-03-15T01:10:49.000Z,jjstiktokreviews,https://www.tiktok.com/@jjstiktokreviews/video/7616906773697416469,7361500519750140934,7617283529869787924,https://p16-common-sign.tiktokcdn.com/tos-maliva-avt-0068/7e4fce6c9d496ef1ee81f6db40570a19~tplv-tiktokx-cropcenter:100:100.jpg?dr=14579&refresh_token=162e46df&x-expires=1775102400&x-signature=QvWBs1S4Z%2FpgPwKbnvqOhhsYSkI%3D&t=4d5b0474&ps=13740610&shp=30310797&shcp=ff37627b&idc=my3,,,,,,,,,
It is!,0,,2026-03-15T01:08:01.000Z,jjstiktokreviews,https://www.tiktok.com/@jjstiktokreviews/video/7616906773697416469,7361500519750140934,7617282819332932373,https://p16-common-sign.tiktokcdn.com/tos-maliva-avt-0068/7e4fce6c9d496ef1ee81f6db40570a19~tplv-tiktokx-cropcenter:100:100.jpg?dr=14579&refresh_token=162e46df&x-expires=1775102400&x-signature=QvWBs1S4Z%2FpgPwKbnvqOhhsYSkI%3D&t=4d5b0474&ps=13740610&shp=30310797&shcp=ff37627b&idc=my3,,,,,,,,,
💕💕💕,0,,2026-03-15T01:07:09.000Z,jjstiktokreviews,https://www.tiktok.com/@jjstiktokreviews/video/7616906773697416469,7361500519750140934,7617282602525557525,https://p16-common-sign.tiktokcdn.com/tos-maliva-avt-0068/7e4fce6c9d496ef1ee81f6db40570a19~tplv-tiktokx-cropcenter:100:100.jpg?dr=14579&refresh_token=162e46df&x-expires=1775102400&x-signature=QvWBs1S4Z%2FpgPwKbnvqOhhsYSkI%3D&t=4d5b0474&ps=13740610&shp=30310797&shcp=ff37627b&idc=my3,,,,,,,,,
Wow that mask looks amazing 🥰,1,0,2026-03-07T13:48:48.000Z,whengreviews5,https://www.tiktok.com/@life_onloop/video/7614236794996952351,7543661020130182152,7614510226784453396,https://p16-common-sign.tiktokcdn-us.com/tos-alisg-avt-0068/02eae70adec97df02c550ba082e930a4~tplv-tiktokx-cropcenter:100:100.jpg?dr=9640&refresh_token=e14ef745&x-expires=1775102400&x-signature=vH7vnxaw8MTZ0ICskFv8xc6Yf28%3D&t=4d5b0474&ps=13740610&shp=30310797&shcp=ff37627b&idc=useast5,,,,,,,,,
i wannt,1,0,2026-03-07T14:59:48.000Z,itsmepaura,https://www.tiktok.com/@life_onloop/video/7614236794996952351,7526664978313921591,7614528226475508510,https://p16-common-sign.tiktokcdn-us.com/tos-useast8-avt-0068-tx2/a86c5d217efe8c9d3458004ec6d31900~tplv-tiktokx-cropcenter:100:100.jpg?dr=9640&refresh_token=bcb976ce&x-expires=1775102400&x-signature=I%2BL%2F%2FuozLRogZq5bsjSdI4Y12ok%3D&t=4d5b0474&ps=13740610&shp=30310797&shcp=ff37627b&idc=useast5,,,,,,,,,
😍😍😍Wwowwww,1,0,2026-03-07T05:33:36.000Z,lunaluxe.1,https://www.tiktok.com/@life_onloop/video/7614236794996952351,6553088846534284288,7614382623989170960,https://p16-common-sign.tiktokcdn-us.com/tos-alisg-avt-0068/ef5205ba0e07011a23827263e2f8a12b~tplv-tiktokx-cropcenter:100:100.jpg?dr=9640&refresh_token=94246512&x-expires=1775102400&x-signature=8kyIwR5F7%2Bfgvavda6LMJ7quCCg%3D&t=4d5b0474&ps=13740610&shp=30310797&shcp=ff37627b&idc=useast5,,,,,,,,,
love both products. so amazingly good!,1,0,2026-03-08T16:26:51.000Z,sitsiya,https://www.tiktok.com/@life_onloop/video/7614236794996952351,7024150060306121734,7614921863110705950,https://p16-common-sign.tiktokcdn-us.com/tos-useast8-avt-0068-tx2/46baededd43328d3f28ff4b381167a17~tplv-tiktokx-cropcenter:100:100.jpg?dr=9640&refresh_token=bbc40653&x-expires=1775102400&x-signature=bNcKqhaQDEsTIt%2BKhuIGbnOkhbY%3D&t=4d5b0474&ps=13740610&shp=30310797&shcp=ff37627b&idc=useast5,,,,,,,,,
The clear mask lookscool,1,0,2026-03-08T16:24:31.000Z,meghagandhi355,https://www.tiktok.com/@life_onloop/video/7614236794996952351,7187496889386271790,7614921384544338702,https://p16-common-sign.tiktokcdn-us.com/tos-useast5-avt-0068-tx/7349879364999184430~tplv-tiktokx-cropcenter:100:100.jpg?dr=9640&refresh_token=eacc1e64&x-expires=1775102400&x-signature=tS7vVDdVF2cj9f8VptcWCCbcQdc%3D&t=4d5b0474&ps=13740610&shp=30310797&shcp=ff37627b&idc=useast5,,,,,,,,,
Wow amazing mask😍,1,0,2026-03-07T16:49:35.000Z,yourugcgirl,https://www.tiktok.com/@life_onloop/video/7614236794996952351,7532598940861514759,7614556836112499474,https://p16-common-sign.tiktokcdn-us.com/tos-alisg-avt-0068/198e767add6d1c58a1cd587fa52e828e~tplv-tiktokx-cropcenter:100:100.jpg?dr=9640&refresh_token=deacf279&x-expires=1775102400&x-signature=sAgfygrHuc1w4Ef2YOCYuwsl5GQ%3D&t=4d5b0474&ps=13740610&shp=30310797&shcp=ff37627b&idc=useast5,,,,,,,,,
First transparent mask I’ve seen 👀,2,0,2026-03-07T22:28:55.000Z,sherryluvyea,https://www.tiktok.com/@life_onloop/video/7614236794996952351,7519868507649180694,7614644239993979681,https://p16-common-sign.tiktokcdn-us.com/tos-useast2a-avt-0068-euttp/2cc6747b345788e793db03eab123ffb6~tplv-tiktokx-cropcenter:100:100.jpg?dr=9640&refresh_token=5565204e&x-expires=1775102400&x-signature=tEHcWMWmJvVb12CVENXYOTxEvfk%3D&t=4d5b0474&ps=13740610&shp=30310797&shcp=ff37627b&idc=useast5,,,,,,,,,
OoO I love a good skin care routine 😍💕,1,0,2026-03-07T01:31:47.000Z,suzy.xo_,https://www.tiktok.com/@life_onloop/video/7614236794996952351,6906259008602358790,7614320199454671647,https://p16-common-sign.tiktokcdn-us.com/tos-useast8-avt-0068-tx2/4ea053b64ec87c786089e09aefdc7b98~tplv-tiktokx-cropcenter:100:100.jpg?dr=9640&refresh_token=c909d461&x-expires=1775102400&x-signature=keeDp9Z54dM7dcctEnVcox3gUq4%3D&t=4d5b0474&ps=13740610&shp=30310797&shcp=ff37627b&idc=useast5,,,,,,,,,
this mask looks so hydrating 💓,1,0,2026-03-07T14:09:13.000Z,candijessie,https://www.tiktok.com/@life_onloop/video/7614236794996952351,6787367482073400326,7614515355066663710,https://p16-common-sign.tiktokcdn-us.com/tos-useast8-avt-0068-tx2/2d1902721ff2ae0af9ee2c78dac5af65~tplv-tiktokx-cropcenter:100:100.jpg?dr=9640&refresh_token=3c107bc2&x-expires=1775102400&x-signature=%2B8fmR53lyNQ%2BXJ%2Fj%2F83G3ih6Kds%3D&t=4d5b0474&ps=13740610&shp=30310797&shcp=ff37627b&idc=useast5,,,,,,,,,
Awww more jelly mask please,1,0,2026-03-07T05:59:04.000Z,pjsa.justlife,https://www.tiktok.com/@life_onloop/video/7614236794996952351,7474848434404656171,7614388965688984333,https://p16-common-sign.tiktokcdn-us.com/tos-useast5-avt-0068-tx/0c33fa131b2e16536df2b8692900754d~tplv-tiktokx-cropcenter:100:100.jpg?dr=9640&refresh_token=a16b0838&x-expires=1775102400&x-signature=%2FQ2%2BHAdnjarsap4H90dSOIn4Tv0%3D&t=4d5b0474&ps=13740610&shp=30310797&shcp=ff37627b&idc=useast5,,,,,,,,,
Love the mask😍😍😍,1,0,2026-03-09T01:02:37.000Z,catierhine,https://www.tiktok.com/@life_onloop/video/7614236794996952351,6552450794770219009,7615054852409787166,https://p16-common-sign.tiktokcdn-us.com/tos-useast8-avt-0068-tx2/5678f9e27f9dbc632fdf7a52036c737d~tplv-tiktokx-cropcenter:100:100.jpg?dr=9640&refresh_token=8b951902&x-expires=1775102400&x-signature=miQg4WINFSpTKn9%2Bt54QvKf6jcE%3D&t=4d5b0474&ps=13740610&shp=30310797&shcp=ff37627b&idc=useast5,,,,,,,,,
Love this 😍,1,0,2026-03-07T17:18:31.000Z,tineola_,https://www.tiktok.com/@life_onloop/video/7614236794996952351,6809695393715274757,7614564161947747103,https://p16-common-sign.tiktokcdn-us.com/tos-useast8-avt-0068-tx2/77c43aac164f818748f3fddd1696633c~tplv-tiktokx-cropcenter:100:100.jpg?dr=9640&refresh_token=6049e843&x-expires=1775102400&x-signature=rWl1VRUiugvuGmJ%2BsS8Qrg4qe1o%3D&t=4d5b0474&ps=13740610&shp=30310797&shcp=ff37627b&idc=useast5,,,,,,,,,
OMG I GOT THIS TOO WEE,1,2,2026-03-07T01:29:35.000Z,strawflurry,https://www.tiktok.com/@life_onloop/video/7614236794996952351,6771210965166949382,7614319668589822734,https://p16-common-sign.tiktokcdn-us.com/tos-useast5-avt-0068-tx/1a1a24fd58a274a6279a0b4fb2162298~tplv-tiktokx-cropcenter:100:100.jpg?dr=9640&refresh_token=c43a3f57&x-expires=1775102400&x-signature=A47Lwi5HJXugcEtq0sMiNxl%2B9rY%3D&t=4d5b0474&ps=13740610&shp=30310797&shcp=ff37627b&idc=useast5,,,,,,,,,
Omg you’re going to love it girly 🥰,1,,2026-03-07T05:48:10.000Z,life_onloop,https://www.tiktok.com/@life_onloop/video/7614236794996952351,7174265310206854190,7614386285284918046,https://p19-common-sign.tiktokcdn-us.com/tos-useast8-avt-0068-tx2/75c3c91509d4aa51c3a74ed30c389375~tplv-tiktokx-cropcenter:100:100.jpg?dr=9640&refresh_token=acb4104e&x-expires=1775102400&x-signature=yoo0MvkOfZdXMvrVq%2FTkYkrdLxE%3D&t=4d5b0474&ps=13740610&shp=30310797&shcp=ff37627b&idc=useast5,,,,,,,,,
Need to try everything 😍,1,0,2026-03-08T05:13:11.000Z,jackie_just_,https://www.tiktok.com/@life_onloop/video/7614236794996952351,7272138279441024046,7614748214504555277,https://p16-common-sign.tiktokcdn-us.com/tos-useast5-avt-0068-tx/909df4d7579db0365aad9c697cea7cec~tplv-tiktokx-cropcenter:100:100.jpg?dr=9640&refresh_token=8473392c&x-expires=1775102400&x-signature=rpJDzr1etGKCSaB2CZJ%2FBym2R9E%3D&t=4d5b0474&ps=13740610&shp=30310797&shcp=ff37627b&idc=useast5,,,,,,,,,
Oooo yesss 🥰,1,0,2026-03-11T21:42:06.000Z,mariasophiedaisy,https://www.tiktok.com/@life_onloop/video/7614236794996952351,7386304433441735726,7616116360133935903,https://p16-common-sign.tiktokcdn-us.com/tos-useast8-avt-0068-tx2/fc75a11a9399f1f719ee418ae9f7915d~tplv-tiktokx-cropcenter:100:100.jpg?dr=9640&refresh_token=e9c4d07c&x-expires=1775102400&x-signature=EZxPEoaykrd1iVPOnC6EP2K%2Breg%3D&t=4d5b0474&ps=13740610&shp=30310797&shcp=ff37627b&idc=useast5,,,,,,,,,
Love the lip mask 😍,1,0,2026-03-07T17:21:15.000Z,jewelsllife,https://www.tiktok.com/@life_onloop/video/7614236794996952351,7395614105731793962,7614564907845174046,https://p16-common-sign.tiktokcdn-us.com/tos-useast5-avt-0068-tx/3ce3ec0182183ef8cd275c8a69edf1cb~tplv-tiktokx-cropcenter:100:100.jpg?dr=9640&refresh_token=81349b4d&x-expires=1775102400&x-signature=qJeJJlTluIJhMHMz2uUjLtNFqJc%3D&t=4d5b0474&ps=13740610&shp=30310797&shcp=ff37627b&idc=useast5,,,,,,,,,
That mask looks so intriguing 😍😍😍,2,0,2026-03-07T17:01:22.000Z,jeanie_pearl8,https://www.tiktok.com/@life_onloop/video/7614236794996952351,7175705233498047530,7614559716287644447,https://p19-common-sign.tiktokcdn-us.com/tos-useast8-avt-0068-tx2/972c499f08b423ec335cfa5def5a122b~tplv-tiktokx-cropcenter:100:100.jpg?dr=9640&refresh_token=e48cb5ff&x-expires=1775102400&x-signature=sve%2Fsz%2F5lyKGrpIK3rABHEh%2Fy1A%3D&t=4d5b0474&ps=13740610&shp=30310797&shcp=ff37627b&idc=useast5,,,,,,,,,
Cant wait to try this duo!😍,1,0,2026-03-07T03:30:39.000Z,aurora_luvskincare,https://www.tiktok.com/@life_onloop/video/7614236794996952351,7014709200157950981,7614350893853803271,https://p19-common-sign.tiktokcdn-us.com/tos-alisg-avt-0068/22ef71ef2a5c32d59d0bd91df2894671~tplv-tiktokx-cropcenter:100:100.jpg?dr=9640&refresh_token=4c4ad9a9&x-expires=1775102400&x-signature=JgRxeqJBjmXAOGPV2og2SmkFgFQ%3D&t=4d5b0474&ps=13740610&shp=30310797&shcp=ff37627b&idc=useast5,,,,,,,,,
glowing 😍😍😍,1,0,2026-03-07T00:07:17.000Z,lexibiazzo,https://www.tiktok.com/@life_onloop/video/7614236794996952351,6557869855113084933,7614298472036320013,https://p16-common-sign.tiktokcdn-us.com/tos-useast8-avt-0068-tx2/27eeb89fad240042320d3366d0720df3~tplv-tiktokx-cropcenter:100:100.jpg?dr=9640&refresh_token=64dfda3c&x-expires=1775102400&x-signature=7Eb%2FkFJRG%2BsVT7OWobakhz4uvdA%3D&t=4d5b0474&ps=13740610&shp=30310797&shcp=ff37627b&idc=useast5,,,,,,,,,
Can’t wait to try these I’m obsessed with the pink bag,1,1,2026-03-07T16:49:12.000Z,the0nlyymiracle,https://www.tiktok.com/@life_onloop/video/7614236794996952351,106603767780773888,7614556654918779662,https://p16-common-sign.tiktokcdn-us.com/tos-useast5-avt-0068-tx/0c48a17e0f17801fa9ebbb6717fa55b9~tplv-tiktokx-cropcenter:100:100.jpg?dr=9640&refresh_token=ae5e42d6&x-expires=1775102400&x-signature=6qOQMXn2sx1D7qbym0zWqhj0%2F7w%3D&t=4d5b0474&ps=13740610&shp=30310797&shcp=ff37627b&idc=useast5,,,,,,,,,
Excited for you girly 🥰,0,,2026-03-08T06:48:39.000Z,life_onloop,https://www.tiktok.com/@life_onloop/video/7614236794996952351,7174265310206854190,7614772700939141919,https://p19-common-sign.tiktokcdn-us.com/tos-useast8-avt-0068-tx2/75c3c91509d4aa51c3a74ed30c389375~tplv-tiktokx-cropcenter:100:100.jpg?dr=9640&refresh_token=acb4104e&x-expires=1775102400&x-signature=yoo0MvkOfZdXMvrVq%2FTkYkrdLxE%3D&t=4d5b0474&ps=13740610&shp=30310797&shcp=ff37627b&idc=useast5,,,,,,,,,
It’s so good,1,0,2026-03-07T06:27:27.000Z,fhaydskincarecreator,https://www.tiktok.com/@life_onloop/video/7614236794996952351,7434278357315224622,7614396107515560734,https://p16-common-sign.tiktokcdn-us.com/tos-useast8-avt-0068-tx2/0206fecc0d7268744098d8f49db68e12~tplv-tiktokx-cropcenter:100:100.jpg?dr=9640&refresh_token=fbc78410&x-expires=1775102400&x-signature=1a6SOG3LV74yY93O%2BkSbt5TE6qw%3D&t=4d5b0474&ps=13740610&shp=30310797&shcp=ff37627b&idc=useast5,,,,,,,,,
Love that there’s one for the lips too!,1,1,2026-03-07T03:25:55.000Z,sarah.weiwei,https://www.tiktok.com/@life_onloop/video/7614236794996952351,7544601064999126029,7614349519002600222,https://p16-common-sign.tiktokcdn-us.com/tos-useast8-avt-0068-tx2/b85016ebefd6cc05cc274983aeea59bd~tplv-tiktokx-cropcenter:100:100.jpg?dr=9640&refresh_token=10d63074&x-expires=1775102400&x-signature=vBR6oMYWLwosFGKhNot2Itrn3bk%3D&t=4d5b0474&ps=13740610&shp=30310797&shcp=ff37627b&idc=useast5,,,,,,,,,
omg i love the lip mask!! ❤️sooo glowy and gorgeous 🥰,1,2,2026-03-07T01:39:07.000Z,viv_coded,https://www.tiktok.com/@life_onloop/video/7614236794996952351,7024131207349502982,7614322085020140302,https://p16-common-sign.tiktokcdn-us.com/tos-useast5-avt-0068-tx/0d34918256ae84f9d61596d672cf843a~tplv-tiktokx-cropcenter:100:100.jpg?dr=9640&refresh_token=1225fdd9&x-expires=1775102400&x-signature=%2Bg04de20bKcqSBeOvTMtsdZyAbM%3D&t=4d5b0474&ps=13740610&shp=30310797&shcp=ff37627b&idc=useast5,,,,,,,,,
Leaves your lips so soft after 🥰,1,,2026-03-07T03:25:45.000Z,life_onloop,https://www.tiktok.com/@life_onloop/video/7614236794996952351,7174265310206854190,7614349538921087775,https://p19-common-sign.tiktokcdn-us.com/tos-useast8-avt-0068-tx2/75c3c91509d4aa51c3a74ed30c389375~tplv-tiktokx-cropcenter:100:100.jpg?dr=9640&refresh_token=acb4104e&x-expires=1775102400&x-signature=yoo0MvkOfZdXMvrVq%2FTkYkrdLxE%3D&t=4d5b0474&ps=13740610&shp=30310797&shcp=ff37627b&idc=useast5,,,,,,,,,
This is so good ❤️,1,0,2026-03-08T03:03:43.000Z,maria.ilonggaa,https://www.tiktok.com/@life_onloop/video/7614236794996952351,7358599846501139502,7614714875802518302,https://p16-common-sign.tiktokcdn-us.com/tos-useast8-avt-0068-tx2/ba36e13c8088b13431cb99435a2822ed~tplv-tiktokx-cropcenter:100:100.jpg?dr=9640&refresh_token=87547201&x-expires=1775102400&x-signature=DTqMubFv%2F8u%2FZO9r8hEkqH4M5tw%3D&t=4d5b0474&ps=13740610&shp=30310797&shcp=ff37627b&idc=useast5,,,,,,,,,
Contains glutathione…I must have!,1,1,2026-03-07T04:51:59.000Z,ixnessxi,https://www.tiktok.com/@life_onloop/video/7614236794996952351,51998605145845760,7614371544027185950,https://p16-common-sign.tiktokcdn-us.com/tos-useast8-avt-0068-tx2/053d69ae55a7ffc3f71ae629fbfdbaff~tplv-tiktokx-cropcenter:100:100.jpg?dr=9640&refresh_token=5b6014ee&x-expires=1775102400&x-signature=yWOrx3HMhkgR3mfVV3ZDyVDgxJU%3D&t=4d5b0474&ps=13740610&shp=30310797&shcp=ff37627b&idc=useast5,,,,,,,,,
love the lip mask,1,0,2026-03-08T15:23:57.000Z,mitipuu,https://www.tiktok.com/@life_onloop/video/7614236794996952351,6997214905271862278,7614905706571531039,https://p16-common-sign.tiktokcdn-us.com/tos-useast8-avt-0068-tx2/e26d8de5ebec7aa22163edd1c4fc093a~tplv-tiktokx-cropcenter:100:100.jpg?dr=9640&refresh_token=0169a786&x-expires=1775102400&x-signature=QLv9Gi%2FB6kj2KZfiU%2FX7xrvcSyU%3D&t=4d5b0474&ps=13740610&shp=30310797&shcp=ff37627b&idc=useast5,,,,,,,,,
the mask ?! it’s so cool 😳,1,1,2026-03-08T08:06:45.000Z,wave2m00n_,https://www.tiktok.com/@life_onloop/video/7614236794996952351,7030436574949082114,7614793156945281793,https://p16-common-sign.tiktokcdn-us.com/tos-alisg-avt-0068/9220d715e52a8601bc4cfc7aae06afea~tplv-tiktokx-cropcenter:100:100.jpg?dr=9640&refresh_token=6a126a28&x-expires=1775102400&x-signature=k9WJ1vu%2FyElR2ad47CMkiHndL94%3D&t=4d5b0474&ps=13740610&shp=30310797&shcp=ff37627b&idc=useast5,,,,,,,,,
Right? 🥰,0,,2026-03-08T17:32:10.000Z,life_onloop,https://www.tiktok.com/@life_onloop/video/7614236794996952351,7174265310206854190,7614938487222371103,https://p19-common-sign.tiktokcdn-us.com/tos-useast8-avt-0068-tx2/75c3c91509d4aa51c3a74ed30c389375~tplv-tiktokx-cropcenter:100:100.jpg?dr=9640&refresh_token=acb4104e&x-expires=1775102400&x-signature=yoo0MvkOfZdXMvrVq%2FTkYkrdLxE%3D&t=4d5b0474&ps=13740610&shp=30310797&shcp=ff37627b&idc=useast5,,,,,,,,,
Omg I never see a mask so transparent,1,1,2026-03-08T04:47:52.000Z,milky.time1,https://www.tiktok.com/@life_onloop/video/7614236794996952351,7353124464241345582,7614741884476343053,https://p16-common-sign.tiktokcdn-us.com/tos-useast5-avt-0068-tx/49f88bda1cf91610e55bee8bb06d375b~tplv-tiktokx-cropcenter:100:100.jpg?dr=9640&refresh_token=903f4b34&x-expires=1775102400&x-signature=9wiPmPIFbK4FPN6kb0Jfb2QiboQ%3D&t=4d5b0474&ps=13740610&shp=30310797&shcp=ff37627b&idc=useast5,,,,,,,,,
Same! 🥰,0,,2026-03-08T16:57:31.000Z,life_onloop,https://www.tiktok.com/@life_onloop/video/7614236794996952351,7174265310206854190,7614929866324099870,https://p19-common-sign.tiktokcdn-us.com/tos-useast8-avt-0068-tx2/75c3c91509d4aa51c3a74ed30c389375~tplv-tiktokx-cropcenter:100:100.jpg?dr=9640&refresh_token=acb4104e&x-expires=1775102400&x-signature=yoo0MvkOfZdXMvrVq%2FTkYkrdLxE%3D&t=4d5b0474&ps=13740610&shp=30310797&shcp=ff37627b&idc=useast5,,,,,,,,,
"I love this mask so different, omg 🥰",1,1,2026-03-06T21:04:45.000Z,sam_nasc,https://www.tiktok.com/@life_onloop/video/7614236794996952351,6832724974559986694,7614251426932720405,https://p16-common-sign.tiktokcdn-us.com/tos-alisg-avt-0068/e655e41bb52fa1248ac8acd0ea06a841~tplv-tiktokx-cropcenter:100:100.jpg?dr=9640&refresh_token=7a6f19b9&x-expires=1775102400&x-signature=v3E05K08msa4KHi0Y7dhEox%2Bloo%3D&t=4d5b0474&ps=13740610&shp=30310797&shcp=ff37627b&idc=useast5,,,,,,,,,
Right? 🥰,1,,2026-03-07T05:32:37.000Z,life_onloop,https://www.tiktok.com/@life_onloop/video/7614236794996952351,7174265310206854190,7614381893859083038,https://p19-common-sign.tiktokcdn-us.com/tos-useast8-avt-0068-tx2/75c3c91509d4aa51c3a74ed30c389375~tplv-tiktokx-cropcenter:100:100.jpg?dr=9640&refresh_token=acb4104e&x-expires=1775102400&x-signature=yoo0MvkOfZdXMvrVq%2FTkYkrdLxE%3D&t=4d5b0474&ps=13740610&shp=30310797&shcp=ff37627b&idc=useast5,,,,,,,,,
omgggg this hydration 👌👏,1,0,2026-03-07T11:56:25.000Z,millennialglowup,https://www.tiktok.com/@life_onloop/video/7614236794996952351,7466356509947511826,7614481239743185665,https://p16-common-sign.tiktokcdn-us.com/tos-alisg-avt-0068/f5232e53f5ab640f7d3adf32f4e9941e~tplv-tiktokx-cropcenter:100:100.jpg?dr=9640&refresh_token=b7fd978e&x-expires=1775102400&x-signature=X2ZObMqrW4Ho91PDNTF2qvCWFdM%3D&t=4d5b0474&ps=13740610&shp=30310797&shcp=ff37627b&idc=useast5,,,,,,,,,
want to try this mask,1,0,2026-03-06T23:23:18.000Z,nhamaekristle,https://www.tiktok.com/@life_onloop/video/7614236794996952351,6532282070109011970,7614287139475522317,https://p16-common-sign.tiktokcdn-us.com/tos-useast5-avt-0068-tx/c651113bf3ab02e7d7b59375a770203a~tplv-tiktokx-cropcenter:100:100.jpg?dr=9640&refresh_token=29db5b44&x-expires=1775102400&x-signature=UYnLTdzXvnYqMdvmayeMotsa%2FZc%3D&t=4d5b0474&ps=13740610&shp=30310797&shcp=ff37627b&idc=useast5,,,,,,,,,
Love a glow refresh with a good mask ✨,1,0,2026-03-07T00:50:05.000Z,reviews_by_kali,https://www.tiktok.com/@life_onloop/video/7614236794996952351,7294053797248042026,7614309417114583838,https://p16-common-sign.tiktokcdn-us.com/tos-useast5-avt-0068-tx/37ad3389657373d1eb014a2ac1e19119~tplv-tiktokx-cropcenter:100:100.jpg?dr=9640&refresh_token=6acf87be&x-expires=1775102400&x-signature=EnDIKUeu2yjO7yz5NuuSFAeNVHc%3D&t=4d5b0474&ps=13740610&shp=30310797&shcp=ff37627b&idc=useast5,,,,,,,,,
love itt🥰💗,1,0,2026-03-06T20:38:16.000Z,_beauty_review_,https://www.tiktok.com/@life_onloop/video/7614236794996952351,6922079886216168454,7614244630347809556,https://p16-common-sign.tiktokcdn-us.com/tos-alisg-avt-0068/8d59718a33a9a3726c4351a88e63f0f9~tplv-tiktokx-cropcenter:100:100.jpg?dr=9640&refresh_token=0c6b1cfb&x-expires=1775102400&x-signature=uCL169rhwkvcrh30OF%2B%2BKROGMxI%3D&t=4d5b0474&ps=13740610&shp=30310797&shcp=ff37627b&idc=useast5,,,,,,,,,
Congrats❤️,0,0,2026-03-07T05:59:37.000Z,erika_influencer,https://www.tiktok.com/@life_onloop/video/7614236794996952351,7461083380798948382,7614389054238868254,https://p16-common-sign.tiktokcdn-us.com/tos-useast8-avt-0068-tx2/dd5427ad27ce1463edfc3a20e6dedfe5~tplv-tiktokx-cropcenter:100:100.jpg?dr=9640&refresh_token=68dfff5c&x-expires=1775102400&x-signature=zrdin1RCzix8RP6vVsHdRAXy25w%3D&t=4d5b0474&ps=13740610&shp=30310797&shcp=ff37627b&idc=useast5,,,,,,,,,
Oh wow amazing 😍,1,0,2026-03-07T09:42:03.000Z,huneza21,https://www.tiktok.com/@life_onloop/video/7614236794996952351,6544055550252946432,7614445685903967006,https://p16-common-sign.tiktokcdn-us.com/tos-useast8-avt-0068-tx2/43e1106bcefac00cee4e27a4e59e4acb~tplv-tiktokx-cropcenter:100:100.jpg?dr=9640&refresh_token=f015fa87&x-expires=1775102400&x-signature=e9PF2NtNVQh7%2BcrKOKUnnbCeEHo%3D&t=4d5b0474&ps=13740610&shp=30310797&shcp=ff37627b&idc=useast5,,,,,,,,,
Yess all the good stuff 😍,1,0,2026-03-06T20:28:06.000Z,lifewithjaianna,https://www.tiktok.com/@life_onloop/video/7614236794996952351,7133410769576985643,7614241953676428062,https://p16-common-sign.tiktokcdn-us.com/tos-useast8-avt-0068-tx2/4f160d456ce075565757deeade41812c~tplv-tiktokx-cropcenter:100:100.jpg?dr=9640&refresh_token=3c90d98b&x-expires=1775102400&x-signature=5CdTdbjWG6H5770%2FOqcvA6FPQ0Q%3D&t=4d5b0474&ps=13740610&shp=30310797&shcp=ff37627b&idc=useast5,,,,,,,,,
Loveee a good mask!,0,0,2026-03-07T18:51:03.000Z,heyitzstesshere,https://www.tiktok.com/@life_onloop/video/7614236794996952351,6711075236639720453,7614587946582213406,https://p16-common-sign.tiktokcdn-us.com/tos-useast8-avt-0068-tx2/f699d4b6458e35ef7d1fe34177ed888f~tplv-tiktokx-cropcenter:100:100.jpg?dr=9640&refresh_token=3f611dd3&x-expires=1775102400&x-signature=vU4W5GHKWUr6m3ov42jnCY1nogc%3D&t=4d5b0474&ps=13740610&shp=30310797&shcp=ff37627b&idc=useast5,,,,,,,,,
wowwww Love this 🌸🤩,0,0,2026-03-09T02:16:39.000Z,fanny.gla,https://www.tiktok.com/@life_onloop/video/7614236794996952351,288269461747601410,7615073931414143774,https://p16-common-sign.tiktokcdn-us.com/tos-maliva-avt-0068/d4636b5963d9f724cdd3a8a090c68525~tplv-tiktokx-cropcenter:100:100.jpg?dr=9640&refresh_token=b4e67495&x-expires=1775102400&x-signature=v26%2B%2FXHJtQdRZ3X5wYOFLXQ0EX4%3D&t=4d5b0474&ps=13740610&shp=30310797&shcp=ff37627b&idc=useast5,,,,,,,,,
want it😍,1,0,2026-03-07T18:06:22.000Z,_noelle_25,https://www.tiktok.com/@life_onloop/video/7614236794996952351,6973665634128413702,7614576605544973076,https://p16-common-sign.tiktokcdn-us.com/tos-alisg-avt-0068/4c638b02099a1340191bfef51d4919db~tplv-tiktokx-cropcenter:100:100.jpg?dr=9640&refresh_token=7980ca29&x-expires=1775102400&x-signature=RzYztxAgQmHEcyZrLZqNaqI%2BqUA%3D&t=4d5b0474&ps=13740610&shp=30310797&shcp=ff37627b&idc=useast5,,,,,,,,,
So good😍,1,0,2026-03-06T21:16:26.000Z,sanasthetics_,https://www.tiktok.com/@life_onloop/video/7614236794996952351,242377995209089024,7614254474136060694,https://p16-common-sign.tiktokcdn-us.com/tos-maliva-avt-0068/d47a8ab0e40f06c752d6a5c48a18f616~tplv-tiktokx-cropcenter:100:100.jpg?dr=9640&refresh_token=c6def485&x-expires=1775102400&x-signature=bzErfCYGm9xVU4NsLo9LsYZN840%3D&t=4d5b0474&ps=13740610&shp=30310797&shcp=ff37627b&idc=useast5,,,,,,,,,
I love love their lip mask💕💕💕,1,1,2026-03-07T17:03:28.000Z,glowithsarahlee,https://www.tiktok.com/@life_onloop/video/7614236794996952351,66566370578,7614560348481520398,https://p16-common-sign.tiktokcdn-us.com/tos-useast5-avt-0068-tx/7deaa1bae2f1a72f0fdb173813eea09e~tplv-tiktokx-cropcenter:100:100.jpg?dr=9640&refresh_token=3eb4cc39&x-expires=1775102400&x-signature=nromFAQ1QwHljdLI8G%2FXrD3IHL4%3D&t=4d5b0474&ps=13740610&shp=30310797&shcp=ff37627b&idc=useast5,,,,,,,,,
The mask fits so perfectly! I wanna try the lip mask too!,1,1,2026-03-08T22:44:56.000Z,bebangjusto,https://www.tiktok.com/@life_onloop/video/7614236794996952351,6822750991180973058,7615019364483826446,https://p16-common-sign.tiktokcdn-us.com/tos-useast5-avt-0068-tx/e6e8bf910bf54a2e761ed8029431bab9~tplv-tiktokx-cropcenter:100:100.jpg?dr=9640&refresh_token=cfd4ddcf&x-expires=1775102400&x-signature=8AcA9oHmTe0AIr%2Fmo8XTXrNlles%3D&t=4d5b0474&ps=13740610&shp=30310797&shcp=ff37627b&idc=useast5,,,,,,,,,
Super hydrating! 🥰,0,,2026-03-09T22:18:46.000Z,life_onloop,https://www.tiktok.com/@life_onloop/video/7614236794996952351,7174265310206854190,7615383643397899038,https://p16-common-sign.tiktokcdn-us.com/tos-useast8-avt-0068-tx2/75c3c91509d4aa51c3a74ed30c389375~tplv-tiktokx-cropcenter:100:100.jpg?dr=9640&refresh_token=220afec3&x-expires=1775102400&x-signature=TIvCU5T%2B%2FQwK8%2BCjUPDPc%2F6cdNo%3D&t=4d5b0474&ps=13740610&shp=30310797&shcp=ff37627b&idc=useast5,,,,,,,,,
What a unique and cool face mask wow!!! 😱😌✨,1,1,2026-03-06T20:12:49.000Z,jazminliciious,https://www.tiktok.com/@life_onloop/video/7614236794996952351,6804923335613858822,7614238056601993998,https://p16-common-sign.tiktokcdn-us.com/tos-useast5-avt-0068-tx/7328275739831173163~tplv-tiktokx-cropcenter:100:100.jpg?dr=9640&refresh_token=75b71fa7&x-expires=1775102400&x-signature=mb%2Bt8BGykYVytqE3l359ONvlk0o%3D&t=4d5b0474&ps=13740610&shp=30310797&shcp=ff37627b&idc=useast5,,,,,,,,,
wait I need this mask!!,1,1,2026-03-07T00:39:05.000Z,caylearay,https://www.tiktok.com/@life_onloop/video/7614236794996952351,6759924854705308678,7614306483946291999,https://p16-common-sign.tiktokcdn-us.com/tos-useast8-avt-0068-tx2/e1cee53477185456138e91a574f6ef04~tplv-tiktokx-cropcenter:100:100.jpg?dr=9640&refresh_token=4aaaa781&x-expires=1775102400&x-signature=yZd3GEbuH21HAjPBQ5zZBkID73M%3D&t=4d5b0474&ps=13740610&shp=30310797&shcp=ff37627b&idc=useast5,,,,,,,,,
Haha the 💋 so cute!,1,1,2026-03-07T00:27:03.000Z,xroxana,https://www.tiktok.com/@life_onloop/video/7614236794996952351,7176883946273506346,7614303503846081310,https://p16-common-sign.tiktokcdn-us.com/tos-useast8-avt-0068-tx2/77a2e601fe0caad5598c8072eb8217cb~tplv-tiktokx-cropcenter:100:100.jpg?dr=9640&refresh_token=413c16b7&x-expires=1775102400&x-signature=iF7OKn2W%2By99k%2FHAyIpdnYQPW6s%3D&t=4d5b0474&ps=13740610&shp=30310797&shcp=ff37627b&idc=useast5,,,,,,,,,
So clear!!! It’s def the glass skin✨✨✨,1,1,2026-03-07T00:29:43.000Z,imchloeim,https://www.tiktok.com/@life_onloop/video/7614236794996952351,7472205375137661982,7614304202555015950,https://p16-common-sign.tiktokcdn-us.com/tos-useast5-avt-0068-tx/9aa564456835bbc30520a3d9f98d993c~tplv-tiktokx-cropcenter:100:100.jpg?dr=9640&refresh_token=df848d91&x-expires=1775102400&x-signature=7X94jD9coSjRce9GZRx8X834Zvs%3D&t=4d5b0474&ps=13740610&shp=30310797&shcp=ff37627b&idc=useast5,,,,,,,,,
Love the lip mask,1,1,2026-03-06T20:12:16.000Z,ingsxg,https://www.tiktok.com/@life_onloop/video/7614236794996952351,7410755862933177387,7614237799076447006,https://p19-common-sign.tiktokcdn-us.com/tos-useast8-avt-0068-tx2/854abc0800ff2c627418da3f909c42d5~tplv-tiktokx-cropcenter:100:100.jpg?dr=9640&refresh_token=a46fbf19&x-expires=1775102400&x-signature=%2F1F55l7ItgqxPOBafL9wiT3h8sk%3D&t=4d5b0474&ps=13740610&shp=30310797&shcp=ff37627b&idc=useast5,,,,,,,,,
Leaves my lips so soft after 🥰,0,,2026-03-07T05:27:54.000Z,life_onloop,https://www.tiktok.com/@life_onloop/video/7614236794996952351,7174265310206854190,7614380947035964190,https://p16-common-sign.tiktokcdn-us.com/tos-useast8-avt-0068-tx2/75c3c91509d4aa51c3a74ed30c389375~tplv-tiktokx-cropcenter:100:100.jpg?dr=9640&refresh_token=220afec3&x-expires=1775102400&x-signature=TIvCU5T%2B%2FQwK8%2BCjUPDPc%2F6cdNo%3D&t=4d5b0474&ps=13740610&shp=30310797&shcp=ff37627b&idc=useast5,,,,,,,,,
Es genial la tengo y me encanta como deja mi piel,0,0,2026-03-26T03:59:56.000Z,halibelgonzalez,https://www.tiktok.com/@nicolesp.20/video/7617662272109939998,6915053462188540933,7621408989419782943,https://p19-common-sign.tiktokcdn-us.com/tos-useast8-avt-0068-tx2/d852b5c4ecb5627c6229808174236998~tplv-tiktokx-cropcenter:100:100.jpg?dr=9640&refresh_token=039a9295&x-expires=1775102400&x-signature=7NwgfKvUQ39w6AKeH6qVsmtTEuE%3D&t=4d5b0474&ps=13740610&shp=30310797&shcp=ff37627b&idc=useast8,,,,,,,,,
Woooow😍 que hidratación amiga,0,0,2026-03-16T03:20:40.000Z,dilianny_sp,https://www.tiktok.com/@nicolesp.20/video/7617662272109939998,7398532164793009158,7617688116035617544,https://p16-common-sign.tiktokcdn-us.com/tos-alisg-avt-0068/4965518cb84efadfa269cc3c9b65b442~tplv-tiktokx-cropcenter:100:100.jpg?dr=9640&refresh_token=5a431386&x-expires=1775102400&x-signature=B94tv7%2Bgym8HX76%2BIu9n%2FkwCKDU%3D&t=4d5b0474&ps=13740610&shp=30310797&shcp=ff37627b&idc=useast8,,,,,,,,,
Ese Glowww😍😍😍😍,0,0,2026-03-17T08:32:16.000Z,cheely14,https://www.tiktok.com/@nicolesp.20/video/7617662272109939998,6791276666054018053,7618138978495709965,https://p16-common-sign.tiktokcdn-us.com/tos-useast8-avt-0068-tx2/6ced24fe44f8744434f9b89f3f6b60f2~tplv-tiktokx-cropcenter:100:100.jpg?dr=9640&refresh_token=d9d2622f&x-expires=1775102400&x-signature=RNW67Jv7FcEQgnW3vmfbxpQpLW4%3D&t=4d5b0474&ps=13740610&shp=30310797&shcp=ff37627b&idc=useast8,,,,,,,,,
Amiga pero necesito esto 🥰🥰🥰,0,0,2026-03-16T01:45:40.000Z,a.pimentel_,https://www.tiktok.com/@nicolesp.20/video/7617662272109939998,164168,7617663612060418830,https://p16-common-sign.tiktokcdn-us.com/tos-useast5-avt-0068-tx/3209b9ccc15889b8ec0d4b945a7a9b94~tplv-tiktokx-cropcenter:100:100.jpg?dr=9640&refresh_token=bce68b65&x-expires=1775102400&x-signature=cHRx6So%2FMuX%2BI%2FvGla8KIj1HRsA%3D&t=4d5b0474&ps=13740610&shp=30310797&shcp=ff37627b&idc=useast8,,,,,,,,,
Que brillo deja 💕,0,0,2026-03-18T12:32:55.000Z,lucyortee,https://www.tiktok.com/@nicolesp.20/video/7617662272109939998,231207,7618572359667401503,https://p16-common-sign.tiktokcdn-us.com/tos-useast8-avt-0068-tx2/65530f72a9e07dfd2086fd2102055cad~tplv-tiktokx-cropcenter:100:100.jpg?dr=9640&refresh_token=5636e97f&x-expires=1775102400&x-signature=Z%2F59sTaXnPPAKzIs31XDdW%2FgXSU%3D&t=4d5b0474&ps=13740610&shp=30310797&shcp=ff37627b&idc=useast8,,,,,,,,,
Necesito😍,0,0,2026-03-16T02:11:41.000Z,ileana.ljr,https://www.tiktok.com/@nicolesp.20/video/7617662272109939998,6904407508166050821,7617670317582091038,https://p16-common-sign.tiktokcdn-us.com/tos-useast8-avt-0068-tx2/eda0650329297a6bfc41c62ce144bfac~tplv-tiktokx-cropcenter:100:100.jpg?dr=9640&refresh_token=74001d8c&x-expires=1775102400&x-signature=eAghVSTiSE6Yk4aTU1CBBJaGRUE%3D&t=4d5b0474&ps=13740610&shp=30310797&shcp=ff37627b&idc=useast8,,,,,,,,,
Que chulas,0,0,2026-03-16T10:50:46.000Z,anabellugc,https://www.tiktok.com/@nicolesp.20/video/7617662272109939998,6784212539087324165,7617804114634523400,https://p16-common-sign.tiktokcdn-us.com/tos-alisg-avt-0068/a076dd9ee94d2e7a3441bed896264c39~tplv-tiktokx-cropcenter:100:100.jpg?dr=9640&refresh_token=b2f0620d&x-expires=1775102400&x-signature=Rn%2Fsdvz9lsCfqfoKt1vjo3PzSIU%3D&t=4d5b0474&ps=13740610&shp=30310797&shcp=ff37627b&idc=useast8,,,,,,,,,
Quieroooo✨,0,0,2026-03-16T02:31:18.000Z,unasurun,https://www.tiktok.com/@nicolesp.20/video/7617662272109939998,7546300651585700919,7617675351346561805,https://p16-common-sign.tiktokcdn-us.com/tos-useast5-avt-0068-tx/26e043e9e18f7dfe1c34eac6522aa974~tplv-tiktokx-cropcenter:100:100.jpg?dr=9640&refresh_token=cb516bb5&x-expires=1775102400&x-signature=NuD5G0Es2yG2JJ8mXpbRWZOfYxU%3D&t=4d5b0474&ps=13740610&shp=30310797&shcp=ff37627b&idc=useast8,,,,,,,,,
Una maravilla ❤️se siente esa paz,0,0,2026-03-16T14:11:53.000Z,yinettpaulino,https://www.tiktok.com/@nicolesp.20/video/7617662272109939998,6842865662990828550,7617855936032375572,https://p16-common-sign.tiktokcdn-us.com/tos-alisg-avt-0068/7294a0f7ddf35033466305d5ab9ce2d4~tplv-tiktokx-cropcenter:100:100.jpg?dr=9640&refresh_token=a5f0cf2f&x-expires=1775102400&x-signature=XVzYrtZuTrhqXGOfsG7hp9881EQ%3D&t=4d5b0474&ps=13740610&shp=30310797&shcp=ff37627b&idc=useast8,,,,,,,,,
Bellaaaa,0,0,2026-03-16T16:12:35.000Z,yailiable,https://www.tiktok.com/@nicolesp.20/video/7617662272109939998,147213385015775232,7617886929804509965,https://p16-common-sign.tiktokcdn-us.com/tos-useast5-avt-0068-tx/8c7cbdd96168ac537f36d71f21e5eee9~tplv-tiktokx-cropcenter:100:100.jpg?dr=9640&refresh_token=8263ece1&x-expires=1775102400&x-signature=iw3dvBoJzqJeSyKxM%2BU9e1zyPSg%3D&t=4d5b0474&ps=13740610&shp=30310797&shcp=ff37627b&idc=useast8,,,,,,,,,
Lo quiero todo ❤️❤️,0,0,2026-03-16T12:12:16.000Z,jessicavizn3,https://www.tiktok.com/@nicolesp.20/video/7617662272109939998,6702964401035068421,7617824791576216333,https://p16-common-sign.tiktokcdn-us.com/tos-useast5-avt-0068-tx/07a31f461c805a2b6d089550bbb6cb0c~tplv-tiktokx-cropcenter:100:100.jpg?dr=9640&refresh_token=12f5bd5c&x-expires=1775102400&x-signature=N7lhawLUJewKggdBX7bhZYx7%2BeU%3D&t=4d5b0474&ps=13740610&shp=30310797&shcp=ff37627b&idc=useast8,,,,,,,,,
I need it 😍😍😍,0,0,2026-03-17T10:27:44.000Z,clarisjc,https://www.tiktok.com/@nicolesp.20/video/7617662272109939998,7267276798826791979,7618169041626235662,https://p16-common-sign.tiktokcdn-us.com/tos-useast5-avt-0068-tx/e0e59248ae11d3bc19387effbbe33750~tplv-tiktokx-cropcenter:100:100.jpg?dr=9640&refresh_token=f96d16d8&x-expires=1775102400&x-signature=erfgcYExVg6DqwIxM1KRf%2B7%2BvCM%3D&t=4d5b0474&ps=13740610&shp=30310797&shcp=ff37627b&idc=useast8,,,,,,,,,
Y ese glow que lo supera nena genial,0,0,2026-03-16T16:48:12.000Z,jenniferugc01,https://www.tiktok.com/@nicolesp.20/video/7617662272109939998,7322633037165364230,7617896250297287442,https://p16-common-sign.tiktokcdn-us.com/tos-alisg-avt-0068/bf42bedd969dfd3048739368083ffde3~tplv-tiktokx-cropcenter:100:100.jpg?dr=9640&refresh_token=8e36ad53&x-expires=1775102400&x-signature=yTnedzpfqHvgMwPFRCFJ9rccSJk%3D&t=4d5b0474&ps=13740610&shp=30310797&shcp=ff37627b&idc=useast8,,,,,,,,,
Me gustó 😍,0,0,2026-03-16T22:52:59.000Z,iamscarlettm,https://www.tiktok.com/@nicolesp.20/video/7617662272109939998,7418304483475817515,7617990088950579998,https://p19-common-sign.tiktokcdn-us.com/tos-useast8-avt-0068-tx2/9acec83d6bac2b012f392415480a5f7c~tplv-tiktokx-cropcenter:100:100.jpg?dr=9640&refresh_token=3430beeb&x-expires=1775102400&x-signature=Ig0%2Fk0KGHXis1TDw%2BlIbXD6AQCE%3D&t=4d5b0474&ps=13740610&shp=30310797&shcp=ff37627b&idc=useast8,,,,,,,,,
Necesito probar esto pero ya. 😍,0,0,2026-03-16T03:20:49.000Z,imartinez_,https://www.tiktok.com/@nicolesp.20/video/7617662272109939998,6806456833441137670,7617688086734111519,https://p16-common-sign.tiktokcdn-us.com/tos-useast8-avt-0068-tx2/24acdc45613e09c8f7254bc53bd5477a~tplv-tiktokx-cropcenter:100:100.jpg?dr=9640&refresh_token=11f7ab8f&x-expires=1775102400&x-signature=tsBG%2BbFJv6uUP2oYdSIYoL6T3UE%3D&t=4d5b0474&ps=13740610&shp=30310797&shcp=ff37627b&idc=useast8,,,,,,,,,
necesito 😍,0,0,2026-03-16T03:25:03.000Z,byale.co,https://www.tiktok.com/@nicolesp.20/video/7617662272109939998,7461699065152586795,7617689141300200205,https://p16-common-sign.tiktokcdn-us.com/tos-useast5-avt-0068-tx/a35463dba97be088c846793c5a31548d~tplv-tiktokx-cropcenter:100:100.jpg?dr=9640&refresh_token=9018babe&x-expires=1775102400&x-signature=UXzluXb8e4oxMH2PNSKxvgRavQQ%3D&t=4d5b0474&ps=13740610&shp=30310797&shcp=ff37627b&idc=useast8,,,,,,,,,
💗💗💗💗,0,0,2026-03-16T20:49:11.000Z,lilyrdrgz,https://www.tiktok.com/@nicolesp.20/video/7617662272109939998,7241013951788794922,7617958257810064141,https://p16-common-sign.tiktokcdn-us.com/tos-useast5-avt-0068-tx/2a36482546b067ac728ed00ed042f684~tplv-tiktokx-cropcenter:100:100.jpg?dr=9640&refresh_token=0173a330&x-expires=1775102400&x-signature=tskI97xbjO496PK3oNzgxMqeY%2FA%3D&t=4d5b0474&ps=13740610&shp=30310797&shcp=ff37627b&idc=useast8,,,,,,,,,
🥰🥰🥰,0,0,2026-03-16T02:53:17.000Z,niurka_rdriguez,https://www.tiktok.com/@nicolesp.20/video/7617662272109939998,73227556254085120,7617681015133602574,https://p16-common-sign.tiktokcdn-us.com/tos-useast5-avt-0068-tx/1617445ac16e13db97b0a27069c6d020~tplv-tiktokx-cropcenter:100:100.jpg?dr=9640&refresh_token=2e63c6b7&x-expires=1775102400&x-signature=oqBySQzXWZBzf6P7u%2BpC3pht9CI%3D&t=4d5b0474&ps=13740610&shp=30310797&shcp=ff37627b&idc=useast8,,,,,,,,,
🥰🥰🥰,0,0,2026-03-16T02:39:17.000Z,sophyab7,https://www.tiktok.com/@nicolesp.20/video/7617662272109939998,7517871999902745630,7617677420283921165,https://p16-common-sign.tiktokcdn-us.com/tos-useast5-avt-0068-tx/a6ad33a1a49e751fa7ab7369bc262857~tplv-tiktokx-cropcenter:100:100.jpg?dr=9640&refresh_token=0fa95267&x-expires=1775102400&x-signature=efvf8OQ9SGSPev8ywC8eMePgh6Q%3D&t=4d5b0474&ps=13740610&shp=30310797&shcp=ff37627b&idc=useast8,,,,,,,,,
😍😍😍😍,0,0,2026-03-17T08:32:03.000Z,cheely14,https://www.tiktok.com/@nicolesp.20/video/7617662272109939998,6791276666054018053,7618138680704369421,https://p16-common-sign.tiktokcdn-us.com/tos-useast8-avt-0068-tx2/6ced24fe44f8744434f9b89f3f6b60f2~tplv-tiktokx-cropcenter:100:100.jpg?dr=9640&refresh_token=d9d2622f&x-expires=1775102400&x-signature=RNW67Jv7FcEQgnW3vmfbxpQpLW4%3D&t=4d5b0474&ps=13740610&shp=30310797&shcp=ff37627b&idc=useast8,,,,,,,,,
have you ever done a haircare routine or like wash day routine vid yet? 🥰 also i luv ur vids smmm,1,6,2026-03-20T23:05:25.000Z,gourmandangel,https://www.tiktok.com/@jemaialzonia/video/7619318530185432334,6726334702255424517,7619477698079376141,https://p16-common-sign.tiktokcdn-us.com/tos-useast5-avt-0068-tx/55e6cc1f6a5b0cd6b83ac3a6ddcbc329~tplv-tiktokx-cropcenter:100:100.jpg?dr=9640&refresh_token=dad55829&x-expires=1775102400&x-signature=Z9GqhHfu5tjwvbq%2FGO1M2gaxpgo%3D&t=4d5b0474&ps=13740610&shp=30310797&shcp=ff37627b&idc=useast5,,,,,,,,,
Which mask was it,1,1,2026-03-22T21:28:12.000Z,buzz_jasmin,https://www.tiktok.com/@jemaialzonia/video/7619318530185432334,7517813483606688782,7620194858665476878,https://p16-common-sign.tiktokcdn-us.com/tos-useast8-avt-0068-tx2/4351a70f3beaa3c89b8e4e8368842362~tplv-tiktokx-cropcenter:100:100.jpg?dr=9640&refresh_token=0aa20ea2&x-expires=1775102400&x-signature=egbSaJ7clMpCnTPZr01ufcnprac%3D&t=4d5b0474&ps=13740610&shp=30310797&shcp=ff37627b&idc=useast5,,,,,,,,,
"Wow, such a beautiful glow!✨",1,1,2026-03-10T23:54:52.000Z,dailyleticya,https://www.tiktok.com/@the0nlyymiracle/video/7615766065355803917,6726659391523947526,7615779595815584542,https://p16-common-sign.tiktokcdn-us.com/tos-useast5-avt-0068-tx/46b80f6c55e9429967f1252f879f11ed~tplv-tiktokx-cropcenter:100:100.jpg?dr=9640&refresh_token=fce74940&x-expires=1775102400&x-signature=0Ak8nW9O33NY4T5zRAL5Dh%2Bo7W0%3D&t=4d5b0474&ps=13740610&shp=30310797&shcp=ff37627b&idc=useast5,,,,,,,,,
Wow it’s so transparent and with micro needling,1,1,2026-03-11T23:48:29.000Z,julia_inthe_us,https://www.tiktok.com/@the0nlyymiracle/video/7615766065355803917,7427136272135570478,7616148979362022174,https://p16-common-sign.tiktokcdn-us.com/tos-useast8-avt-0068-tx2/29feff16d9731429f5dd07c27332a873~tplv-tiktokx-cropcenter:100:100.jpg?dr=9640&refresh_token=751ebe2d&x-expires=1775102400&x-signature=g7lr3cXc4nMivKJ2td4ceF%2BGvMs%3D&t=4d5b0474&ps=13740610&shp=30310797&shcp=ff37627b&idc=useast5,,,,,,,,,
i need to try this mask it looks amazingg,1,1,2026-03-10T23:31:25.000Z,umguuu,https://www.tiktok.com/@the0nlyymiracle/video/7615766065355803917,7523009766764348472,7615773549689635601,https://p19-common-sign.tiktokcdn-us.com/tos-alisg-avt-0068/933e403a11147e6898cd06f27551ba20~tplv-tiktokx-cropcenter:100:100.jpg?dr=9640&refresh_token=5b845f42&x-expires=1775102400&x-signature=SfEkRaBuPEGIDAIJGs6yQB9T3FE%3D&t=4d5b0474&ps=13740610&shp=30310797&shcp=ff37627b&idc=useast5,,,,,,,,,
It’s so cool,1,,2026-03-10T23:53:06.000Z,the0nlyymiracle,https://www.tiktok.com/@the0nlyymiracle/video/7615766065355803917,106603767780773888,7615779156944552717,https://p16-common-sign.tiktokcdn-us.com/tos-useast5-avt-0068-tx/0c48a17e0f17801fa9ebbb6717fa55b9~tplv-tiktokx-cropcenter:100:100.jpg?dr=9640&refresh_token=ae5e42d6&x-expires=1775102400&x-signature=6qOQMXn2sx1D7qbym0zWqhj0%2F7w%3D&t=4d5b0474&ps=13740610&shp=30310797&shcp=ff37627b&idc=useast5,,,,,,,,,
definitely gonna try,1,1,2026-03-11T06:54:06.000Z,skincarewithmaliha,https://www.tiktok.com/@the0nlyymiracle/video/7615766065355803917,7169653901187957761,7615887667130172180,https://p16-common-sign.tiktokcdn-us.com/tos-alisg-avt-0068/30660585630bfa6df4ed04bf6e334e45~tplv-tiktokx-cropcenter:100:100.jpg?dr=9640&refresh_token=fcdceea3&x-expires=1775102400&x-signature=JeH0Py%2BuQLew4QLIr16%2FYY6eqTs%3D&t=4d5b0474&ps=13740610&shp=30310797&shcp=ff37627b&idc=useast5,,,,,,,,,
yess try this mask,0,,2026-03-11T18:26:50.000Z,the0nlyymiracle,https://www.tiktok.com/@the0nlyymiracle/video/7615766065355803917,106603767780773888,7616066149733827342,https://p16-common-sign.tiktokcdn-us.com/tos-useast5-avt-0068-tx/0c48a17e0f17801fa9ebbb6717fa55b9~tplv-tiktokx-cropcenter:100:100.jpg?dr=9640&refresh_token=ae5e42d6&x-expires=1775102400&x-signature=6qOQMXn2sx1D7qbym0zWqhj0%2F7w%3D&t=4d5b0474&ps=13740610&shp=30310797&shcp=ff37627b&idc=useast5,,,,,,,,,
I would love to try this mask,1,1,2026-03-13T02:32:31.000Z,ugcbyclaudiaa,https://www.tiktok.com/@the0nlyymiracle/video/7615766065355803917,7475375917009503275,7616562314187621151,https://p16-common-sign.tiktokcdn-us.com/tos-useast8-avt-0068-tx2/3565ddebbcb4bcafb593ee38e6f3e181~tplv-tiktokx-cropcenter:100:100.jpg?dr=9640&refresh_token=7d08586f&x-expires=1775102400&x-signature=ur1h36GC6S8AUg6Lr6hC4tX3QIY%3D&t=4d5b0474&ps=13740610&shp=30310797&shcp=ff37627b&idc=useast5,,,,,,,,,
It’s a good mask,0,,2026-03-13T11:15:36.000Z,the0nlyymiracle,https://www.tiktok.com/@the0nlyymiracle/video/7615766065355803917,106603767780773888,7616697021731521294,https://p16-common-sign.tiktokcdn-us.com/tos-useast5-avt-0068-tx/0c48a17e0f17801fa9ebbb6717fa55b9~tplv-tiktokx-cropcenter:100:100.jpg?dr=9640&refresh_token=ae5e42d6&x-expires=1775102400&x-signature=6qOQMXn2sx1D7qbym0zWqhj0%2F7w%3D&t=4d5b0474&ps=13740610&shp=30310797&shcp=ff37627b&idc=useast5,,,,,,,,,
Omg I need to try that one,1,1,2026-03-11T19:46:26.000Z,thelissajennings,https://www.tiktok.com/@the0nlyymiracle/video/7615766065355803917,7436393340264547371,7616086615693755149,https://p19-common-sign.tiktokcdn-us.com/tos-useast5-avt-0068-tx/4e4d3e0cd97ded4dfd9eda8c96f363ba~tplv-tiktokx-cropcenter:100:100.jpg?dr=9640&refresh_token=2397f590&x-expires=1775102400&x-signature=1Vz0TxZZMm%2BBvpii1lcoN4%2FxG9I%3D&t=4d5b0474&ps=13740610&shp=30310797&shcp=ff37627b&idc=useast5,,,,,,,,,
Wow💗💗,1,1,2026-03-11T21:37:30.000Z,iamsoaro,https://www.tiktok.com/@the0nlyymiracle/video/7615766065355803917,6806403591810270213,7616115283451003678,https://p16-common-sign.tiktokcdn-us.com/tos-useast8-avt-0068-tx2/21d9232b2a826ddd4e44ba73baac875a~tplv-tiktokx-cropcenter:100:100.jpg?dr=9640&refresh_token=0a284583&x-expires=1775102400&x-signature=1y9aIAuA3tNNNXW9IikrVYfvkoA%3D&t=4d5b0474&ps=13740610&shp=30310797&shcp=ff37627b&idc=useast5,,,,,,,,,
Wooow need this masks 😍,1,1,2026-03-11T18:33:07.000Z,ugc_celestial_skinc,https://www.tiktok.com/@the0nlyymiracle/video/7615766065355803917,7501685431034053687,7616067837651976968,https://p16-common-sign.tiktokcdn-us.com/tos-maliva-avt-0068/2b04c17c3ecb318506722eb0f6fe59ee~tplv-tiktokx-cropcenter:100:100.jpg?dr=9640&refresh_token=2456b0cc&x-expires=1775102400&x-signature=y321ws1TTo3kaYe%2B7WWLXqPHq8E%3D&t=4d5b0474&ps=13740610&shp=30310797&shcp=ff37627b&idc=useast5,,,,,,,,,
It’s so good,1,1,2026-03-11T00:00:44.000Z,fhaydskincarecreator,https://www.tiktok.com/@the0nlyymiracle/video/7615766065355803917,7434278357315224622,7615781077768373023,https://p16-common-sign.tiktokcdn-us.com/tos-useast8-avt-0068-tx2/0206fecc0d7268744098d8f49db68e12~tplv-tiktokx-cropcenter:100:100.jpg?dr=9640&refresh_token=fbc78410&x-expires=1775102400&x-signature=1a6SOG3LV74yY93O%2BkSbt5TE6qw%3D&t=4d5b0474&ps=13740610&shp=30310797&shcp=ff37627b&idc=useast5,,,,,,,,,
yess very hydrating,1,,2026-03-11T02:20:50.000Z,the0nlyymiracle,https://www.tiktok.com/@the0nlyymiracle/video/7615766065355803917,106603767780773888,7615817228332974862,https://p16-common-sign.tiktokcdn-us.com/tos-useast5-avt-0068-tx/0c48a17e0f17801fa9ebbb6717fa55b9~tplv-tiktokx-cropcenter:100:100.jpg?dr=9640&refresh_token=ae5e42d6&x-expires=1775102400&x-signature=6qOQMXn2sx1D7qbym0zWqhj0%2F7w%3D&t=4d5b0474&ps=13740610&shp=30310797&shcp=ff37627b&idc=useast5,,,,,,,,,
Love the clear mask😍,1,1,2026-03-11T02:02:27.000Z,catierhine,https://www.tiktok.com/@the0nlyymiracle/video/7615766065355803917,6552450794770219009,7615812377569723166,https://p16-common-sign.tiktokcdn-us.com/tos-useast8-avt-0068-tx2/5678f9e27f9dbc632fdf7a52036c737d~tplv-tiktokx-cropcenter:100:100.jpg?dr=9640&refresh_token=8b951902&x-expires=1775102400&x-signature=miQg4WINFSpTKn9%2Bt54QvKf6jcE%3D&t=4d5b0474&ps=13740610&shp=30310797&shcp=ff37627b&idc=useast5,,,,,,,,,
I love masks 🤩,1,1,2026-03-11T01:25:21.000Z,nelmaaiello9,https://www.tiktok.com/@the0nlyymiracle/video/7615766065355803917,6932563251633685510,7615802893816300301,https://p16-common-sign.tiktokcdn-us.com/tos-useast5-avt-0068-tx/7344819250835488810~tplv-tiktokx-cropcenter:100:100.jpg?dr=9640&refresh_token=1490c1c1&x-expires=1775102400&x-signature=PGVO4ihVNtrBmgvylo4p%2FFBGWGs%3D&t=4d5b0474&ps=13740610&shp=30310797&shcp=ff37627b&idc=useast5,,,,,,,,,
love that lip mask,1,1,2026-03-12T14:16:00.000Z,probinsyanasalayongdapit,https://www.tiktok.com/@the0nlyymiracle/video/7615766065355803917,7190982621963076654,7616372495679603469,https://p16-common-sign.tiktokcdn-us.com/tos-useast5-avt-0068-tx/185c5dc69882b0b8b527591c956733cf~tplv-tiktokx-cropcenter:100:100.jpg?dr=9640&refresh_token=d7c23dde&x-expires=1775102400&x-signature=7vQ9f8O1CrEt0XAzL1rq15Wi1kE%3D&t=4d5b0474&ps=13740610&shp=30310797&shcp=ff37627b&idc=useast5,,,,,,,,,
I do too so hydrating,0,,2026-03-12T16:26:21.000Z,the0nlyymiracle,https://www.tiktok.com/@the0nlyymiracle/video/7615766065355803917,106603767780773888,7616406158363050766,https://p16-common-sign.tiktokcdn-us.com/tos-useast5-avt-0068-tx/0c48a17e0f17801fa9ebbb6717fa55b9~tplv-tiktokx-cropcenter:100:100.jpg?dr=9640&refresh_token=ae5e42d6&x-expires=1775102400&x-signature=6qOQMXn2sx1D7qbym0zWqhj0%2F7w%3D&t=4d5b0474&ps=13740610&shp=30310797&shcp=ff37627b&idc=useast5,,,,,,,,,
i love these masks 😍,1,1,2026-03-11T00:48:53.000Z,candijessie,https://www.tiktok.com/@the0nlyymiracle/video/7615766065355803917,6787367482073400326,7615793475422389022,https://p19-common-sign.tiktokcdn-us.com/tos-useast8-avt-0068-tx2/2d1902721ff2ae0af9ee2c78dac5af65~tplv-tiktokx-cropcenter:100:100.jpg?dr=9640&refresh_token=952a980d&x-expires=1775102400&x-signature=0yQSsDwHTd612q%2BXF6Vdk4ugAKo%3D&t=4d5b0474&ps=13740610&shp=30310797&shcp=ff37627b&idc=useast5,,,,,,,,,
hydrogel mask are my fav,0,,2026-03-11T02:20:34.000Z,the0nlyymiracle,https://www.tiktok.com/@the0nlyymiracle/video/7615766065355803917,106603767780773888,7615817112397939469,https://p16-common-sign.tiktokcdn-us.com/tos-useast5-avt-0068-tx/0c48a17e0f17801fa9ebbb6717fa55b9~tplv-tiktokx-cropcenter:100:100.jpg?dr=9640&refresh_token=ae5e42d6&x-expires=1775102400&x-signature=6qOQMXn2sx1D7qbym0zWqhj0%2F7w%3D&t=4d5b0474&ps=13740610&shp=30310797&shcp=ff37627b&idc=useast5,,,,,,,,,
💗💗💗,1,1,2026-03-11T01:18:32.000Z,mia.stukes,https://www.tiktok.com/@the0nlyymiracle/video/7615766065355803917,6774351693285360646,7615801153942799134,https://p16-common-sign.tiktokcdn-us.com/tos-useast5-avt-0068-tx/86b26b77344902949bef5a03117e3dd9~tplv-tiktokx-cropcenter:100:100.jpg?dr=9640&refresh_token=ac49e3f8&x-expires=1775102400&x-signature=Hw2iqI16momcoRzabtpbhSddDtU%3D&t=4d5b0474&ps=13740610&shp=30310797&shcp=ff37627b&idc=useast5,,,,,,,,,
💖💖💖,1,0,2026-03-11T00:46:42.000Z,janicewatson568,https://www.tiktok.com/@the0nlyymiracle/video/7615766065355803917,7003889414703301637,7615792797438755614,https://p16-common-sign.tiktokcdn-us.com/tos-useast5-avt-0068-tx/f5958bfaddd10e5d467bb504248b89fb~tplv-tiktokx-cropcenter:100:100.jpg?dr=9640&refresh_token=e197f5e7&x-expires=1775102400&x-signature=8YZZst5%2BsPRhB6ze%2BcgRstT4%2Flg%3D&t=4d5b0474&ps=13740610&shp=30310797&shcp=ff37627b&idc=useast5,,,,,,,,,
This looks amazing! 😁,0,0,2026-03-13T19:38:17.000Z,jjlola220,https://www.tiktok.com/@wenintheworld/video/7616825392359279893,7523508904817656838,7616826768398484244,https://p16-common-sign.tiktokcdn-us.com/tos-alisg-avt-0068/c66e0d0cb8098c3fe736c5ad97647013~tplv-tiktokx-cropcenter:100:100.jpg?dr=9640&refresh_token=200af9d6&x-expires=1775102400&x-signature=XcIYvWyScY4YNYcc4nFNEAakPtk%3D&t=4d5b0474&ps=13740610&shp=30310797&shcp=ff37627b&idc=useast5,,,,,,,,,
Nice glow,1,0,2026-03-10T10:39:41.000Z,skinwithreva,https://www.tiktok.com/@ugcbyyhibuh._1/video/7614590588377140493,7509182571629937686,7615574628539728662,https://p16-common-sign.tiktokcdn-us.com/tos-maliva-avt-0068/ffea3f6c12586181819c4580f1c28a17~tplv-tiktokx-cropcenter:100:100.jpg?dr=9640&refresh_token=cac0100c&x-expires=1775102400&x-signature=nA6uhZRosFGvfelMctttfrj310s%3D&t=4d5b0474&ps=13740610&shp=30310797&shcp=ff37627b&idc=useast5,,,,,,,,,
Ugh this looks absolutely refreshing 😻,1,1,2026-03-07T19:59:28.000Z,jolo.pop,https://www.tiktok.com/@ugcbyyhibuh._1/video/7614590588377140493,7474230205801022507,7614605673762046734,https://p16-common-sign.tiktokcdn-us.com/tos-useast8-avt-0068-tx2/16557b4b0f65de8c32643169db8bbf89~tplv-tiktokx-cropcenter:100:100.jpg?dr=9640&refresh_token=50cc9f5f&x-expires=1775102400&x-signature=%2B%2BpCy0ucp7BJOtrWvXUwIfI288M%3D&t=4d5b0474&ps=13740610&shp=30310797&shcp=ff37627b&idc=useast5,,,,,,,,,
Woahhh the glow 😍,1,1,2026-03-08T21:08:39.000Z,tina.biina,https://www.tiktok.com/@ugcbyyhibuh._1/video/7614590588377140493,6965707861969454085,7614994614936273677,https://p16-common-sign.tiktokcdn-us.com/tos-useast5-avt-0068-tx/53c16debf95177c7d3e4f5775e53ab6d~tplv-tiktokx-cropcenter:100:100.jpg?dr=9640&refresh_token=1881941b&x-expires=1775102400&x-signature=AZ%2FL%2FEyWMALIui912HrTPEk8p2s%3D&t=4d5b0474&ps=13740610&shp=30310797&shcp=ff37627b&idc=useast5,,,,,,,,,
❤️❤️,1,,2026-03-08T23:55:34.000Z,ugcbyyhibuh._1,https://www.tiktok.com/@ugcbyyhibuh._1/video/7614590588377140493,8729876,7615037635136176909,https://p16-common-sign.tiktokcdn-us.com/tos-useast5-avt-0068-tx/6d54cc612c29d83f802a287ad4483a54~tplv-tiktokx-cropcenter:100:100.jpg?dr=9640&refresh_token=95420ea6&x-expires=1775102400&x-signature=cqIxqkF6%2BDoU6nkr%2FIfOmKngazs%3D&t=4d5b0474&ps=13740610&shp=30310797&shcp=ff37627b&idc=useast5,,,,,,,,,
Love this❤️,1,0,2026-03-08T02:42:16.000Z,erika_influencer,https://www.tiktok.com/@ugcbyyhibuh._1/video/7614590588377140493,7461083380798948382,7614709441011401503,https://p16-common-sign.tiktokcdn-us.com/tos-useast8-avt-0068-tx2/dd5427ad27ce1463edfc3a20e6dedfe5~tplv-tiktokx-cropcenter:100:100.jpg?dr=9640&refresh_token=68dfff5c&x-expires=1775102400&x-signature=zrdin1RCzix8RP6vVsHdRAXy25w%3D&t=4d5b0474&ps=13740610&shp=30310797&shcp=ff37627b&idc=useast5,,,,,,,,,
I can never get these to stay on my face😭 how did you find them??,1,1,2026-03-07T19:30:53.000Z,evodiasaskia,https://www.tiktok.com/@ugcbyyhibuh._1/video/7614590588377140493,6795283612772074501,7614598361992364822,https://p16-common-sign.tiktokcdn-us.com/tos-maliva-avt-0068/64a75d94461bfbef1b533c9481277e43~tplv-tiktokx-cropcenter:100:100.jpg?dr=9640&refresh_token=1cbcb615&x-expires=1775102400&x-signature=Vf9lECEZU7sv808%2FzTKuWsy2Ev8%3D&t=4d5b0474&ps=13740610&shp=30310797&shcp=ff37627b&idc=useast5,,,,,,,,,
looks so good,1,0,2026-03-09T12:53:27.000Z,mina.ugc86,https://www.tiktok.com/@ugcbyyhibuh._1/video/7614590588377140493,7474529554687443976,7615238139875164949,https://p16-common-sign.tiktokcdn-us.com/tos-alisg-avt-0068/12ef9ca85efd767dec41be7ffd1ab9ee~tplv-tiktokx-cropcenter:100:100.jpg?dr=9640&refresh_token=d6ff2062&x-expires=1775102400&x-signature=ibcbtpIBHpNqLl30x3r86YKw4sY%3D&t=4d5b0474&ps=13740610&shp=30310797&shcp=ff37627b&idc=useast5,,,,,,,,,
Mask for the lips 😳 woahhhh,1,1,2026-03-08T04:26:09.000Z,_embenhi11,https://www.tiktok.com/@ugcbyyhibuh._1/video/7614590588377140493,23994869,7614736294287786772,https://p16-common-sign.tiktokcdn-us.com/tos-alisg-avt-0068/52c70445ae17f89b463e36d1d9f97d01~tplv-tiktokx-cropcenter:100:100.jpg?dr=9640&refresh_token=5ed161f5&x-expires=1775102400&x-signature=aMFnz53FNJLGJ1RJd7ZvkHGicZc%3D&t=4d5b0474&ps=13740610&shp=30310797&shcp=ff37627b&idc=useast5,,,,,,,,,
Looks amazing,1,0,2026-03-12T14:41:35.000Z,emsdigital_diary,https://www.tiktok.com/@ugcbyyhibuh._1/video/7614590588377140493,7277653792879264801,7616379206255919894,https://p16-common-sign.tiktokcdn-us.com/tos-maliva-avt-0068/410a92ca456c74a8dd958a9a42f6182f~tplv-tiktokx-cropcenter:100:100.jpg?dr=9640&refresh_token=d54702df&x-expires=1775102400&x-signature=WSd3BqjJvYybr%2FAt5ADRiwEI4Yo%3D&t=4d5b0474&ps=13740610&shp=30310797&shcp=ff37627b&idc=useast5,,,,,,,,,
"Looks like an interesting texture, did you like the results ?",1,1,2026-03-07T19:40:04.000Z,threekeys3,https://www.tiktok.com/@ugcbyyhibuh._1/video/7614590588377140493,7253734126124303387,7614600753299489538,https://p16-common-sign.tiktokcdn-us.com/tos-maliva-avt-0068/d6280103c95af49daae1a62779ff10f6~tplv-tiktokx-cropcenter:100:100.jpg?dr=9640&refresh_token=94c9e4e8&x-expires=1775102400&x-signature=oEjzilW3IuxJlP552ob38bzB54k%3D&t=4d5b0474&ps=13740610&shp=30310797&shcp=ff37627b&idc=useast5,,,,,,,,,
Yes ofc 🥰🥰🥰,1,,2026-03-07T20:11:31.000Z,ugcbyyhibuh._1,https://www.tiktok.com/@ugcbyyhibuh._1/video/7614590588377140493,8729876,7614608755847021326,https://p16-common-sign.tiktokcdn-us.com/tos-useast5-avt-0068-tx/6d54cc612c29d83f802a287ad4483a54~tplv-tiktokx-cropcenter:100:100.jpg?dr=9640&refresh_token=95420ea6&x-expires=1775102400&x-signature=cqIxqkF6%2BDoU6nkr%2FIfOmKngazs%3D&t=4d5b0474&ps=13740610&shp=30310797&shcp=ff37627b&idc=useast5,,,,,,,,,
Love this😍🤩,1,1,2026-03-09T01:18:39.000Z,alpharadiantroamer,https://www.tiktok.com/@ugcbyyhibuh._1/video/7614590588377140493,6986643471445574662,7615059086958396167,https://p16-common-sign.tiktokcdn-us.com/tos-alisg-avt-0068/9a78122f4887c6fdef2f773072e71f16~tplv-tiktokx-cropcenter:100:100.jpg?dr=9640&refresh_token=cfba2277&x-expires=1775102400&x-signature=QzrJZ1J5SxAubgvoTSYQqiaWM3g%3D&t=4d5b0474&ps=13740610&shp=30310797&shcp=ff37627b&idc=useast5,,,,,,,,,
❤️,0,,2026-03-12T21:46:17.000Z,ugcbyyhibuh._1,https://www.tiktok.com/@ugcbyyhibuh._1/video/7614590588377140493,8729876,7616488630220227342,https://p16-common-sign.tiktokcdn-us.com/tos-useast5-avt-0068-tx/6d54cc612c29d83f802a287ad4483a54~tplv-tiktokx-cropcenter:100:100.jpg?dr=9640&refresh_token=95420ea6&x-expires=1775102400&x-signature=cqIxqkF6%2BDoU6nkr%2FIfOmKngazs%3D&t=4d5b0474&ps=13740610&shp=30310797&shcp=ff37627b&idc=useast5,,,,,,,,,
So moisturising 😍,1,0,2026-03-08T21:35:37.000Z,alessandra.zappatore,https://www.tiktok.com/@ugcbyyhibuh._1/video/7614590588377140493,6940554919326942213,7615001599861981974,https://p19-common-sign.tiktokcdn-us.com/tos-maliva-avt-0068/2bf3a1b7de1e38c40ea874ff73b8d475~tplv-tiktokx-cropcenter:100:100.jpg?dr=9640&refresh_token=d3c2d94b&x-expires=1775102400&x-signature=b2NJtfm9Uaf8QvsJUBjIZegMyl0%3D&t=4d5b0474&ps=13740610&shp=30310797&shcp=ff37627b&idc=useast5,,,,,,,,,
This is incredible,1,1,2026-03-08T05:10:30.000Z,huneza21,https://www.tiktok.com/@ugcbyyhibuh._1/video/7614590588377140493,6544055550252946432,7614747658003743519,https://p16-common-sign.tiktokcdn-us.com/tos-useast8-avt-0068-tx2/43e1106bcefac00cee4e27a4e59e4acb~tplv-tiktokx-cropcenter:100:100.jpg?dr=9640&refresh_token=f015fa87&x-expires=1775102400&x-signature=e9PF2NtNVQh7%2BcrKOKUnnbCeEHo%3D&t=4d5b0474&ps=13740610&shp=30310797&shcp=ff37627b&idc=useast5,,,,,,,,,
so good🥰,1,1,2026-03-07T19:36:18.000Z,efsas.diary,https://www.tiktok.com/@ugcbyyhibuh._1/video/7614590588377140493,6754350164377338885,7614599759375991574,https://p19-common-sign.tiktokcdn-us.com/tos-maliva-avt-0068/d37ec5396ee9320a12e5b66c5bc068fa~tplv-tiktokx-cropcenter:100:100.jpg?dr=9640&refresh_token=02eaa4c0&x-expires=1775102400&x-signature=RJmVrLg49G5rFcbXYv9TVkG8qn8%3D&t=4d5b0474&ps=13740610&shp=30310797&shcp=ff37627b&idc=useast5,,,,,,,,,
Looks good,1,0,2026-03-07T20:07:15.000Z,glam.girl.us,https://www.tiktok.com/@ugcbyyhibuh._1/video/7614590588377140493,7158481827004482606,7614607605219279646,https://p16-common-sign.tiktokcdn-us.com/tos-useast8-avt-0068-tx2/15c3328473865913799c3ebd5d26f051~tplv-tiktokx-cropcenter:100:100.jpg?dr=9640&refresh_token=ee8d4d74&x-expires=1775102400&x-signature=bfICPUot1V6zqGk2KqhiDpJdUfM%3D&t=4d5b0474&ps=13740610&shp=30310797&shcp=ff37627b&idc=useast5,,,,,,,,,
Glowing skiin,1,1,2026-03-08T04:02:50.000Z,fashionflipside,https://www.tiktok.com/@ugcbyyhibuh._1/video/7614590588377140493,7342547647925928966,7614730284638995220,https://p16-common-sign.tiktokcdn-us.com/tos-maliva-avt-0068/7ed1df6ee7ab3116f8784bf2341810f0~tplv-tiktokx-cropcenter:100:100.jpg?dr=9640&refresh_token=bfe950b5&x-expires=1775102400&x-signature=ICuIhR83YIIBsHCYjJ2CsSr21k0%3D&t=4d5b0474&ps=13740610&shp=30310797&shcp=ff37627b&idc=useast5,,,,,,,,,
🥰🥰🥰,0,,2026-03-08T09:45:57.000Z,ugcbyyhibuh._1,https://www.tiktok.com/@ugcbyyhibuh._1/video/7614590588377140493,8729876,7614818478013104909,https://p16-common-sign.tiktokcdn-us.com/tos-useast5-avt-0068-tx/6d54cc612c29d83f802a287ad4483a54~tplv-tiktokx-cropcenter:100:100.jpg?dr=9640&refresh_token=95420ea6&x-expires=1775102400&x-signature=cqIxqkF6%2BDoU6nkr%2FIfOmKngazs%3D&t=4d5b0474&ps=13740610&shp=30310797&shcp=ff37627b&idc=useast5,,,,,,,,,
Looks amazing ❤️,1,1,2026-03-08T19:25:12.000Z,glam_by_gurleen,https://www.tiktok.com/@ugcbyyhibuh._1/video/7614590588377140493,6843193103798141957,7614967999854035732,https://p19-common-sign.tiktokcdn-us.com/tos-alisg-avt-0068/bc4902f82ba4d6bbc94262153072a99b~tplv-tiktokx-cropcenter:100:100.jpg?dr=9640&refresh_token=6b8894ca&x-expires=1775102400&x-signature=dwGbt%2FyrpXs7Le5dhioPWOWvUdc%3D&t=4d5b0474&ps=13740610&shp=30310797&shcp=ff37627b&idc=useast5,,,,,,,,,
❤️❤️,0,,2026-03-09T02:25:28.000Z,ugcbyyhibuh._1,https://www.tiktok.com/@ugcbyyhibuh._1/video/7614590588377140493,8729876,7615076295810056973,https://p16-common-sign.tiktokcdn-us.com/tos-useast5-avt-0068-tx/6d54cc612c29d83f802a287ad4483a54~tplv-tiktokx-cropcenter:100:100.jpg?dr=9640&refresh_token=95420ea6&x-expires=1775102400&x-signature=cqIxqkF6%2BDoU6nkr%2FIfOmKngazs%3D&t=4d5b0474&ps=13740610&shp=30310797&shcp=ff37627b&idc=useast5,,,,,,,,,
looks good!! 💗✨,1,1,2026-03-07T19:39:46.000Z,stubbornsou,https://www.tiktok.com/@ugcbyyhibuh._1/video/7614590588377140493,6804938246293554177,7614600673649001249,https://p16-common-sign.tiktokcdn-us.com/tos-useast2a-avt-0068-euttp/29ae56ad093719b607c8d1a84ff24e2d~tplv-tiktokx-cropcenter:100:100.jpg?dr=9640&refresh_token=d5cfb153&x-expires=1775102400&x-signature=NITW%2BvDAfJ0d8k8EsHUN0H0K3qE%3D&t=4d5b0474&ps=13740610&shp=30310797&shcp=ff37627b&idc=useast5,,,,,,,,,
Love the jelly texture,1,0,2026-03-08T23:55:47.000Z,aimaisdoingugc,https://www.tiktok.com/@ugcbyyhibuh._1/video/7614590588377140493,7544194478027424799,7615037655944512286,https://p19-common-sign.tiktokcdn-us.com/tos-useast8-avt-0068-tx2/fdadd495db83030c9664c7c5b633ea04~tplv-tiktokx-cropcenter:100:100.jpg?dr=9640&refresh_token=4e0e5578&x-expires=1775102400&x-signature=5uidILM0ESMQ9XC6XyQAHXOqGKk%3D&t=4d5b0474&ps=13740610&shp=30310797&shcp=ff37627b&idc=useast5,,,,,,,,,
Woww💖,1,0,2026-03-07T23:20:25.000Z,berrynoor_,https://www.tiktok.com/@ugcbyyhibuh._1/video/7614590588377140493,7506198953001092098,7614657507755393814,https://p16-common-sign.tiktokcdn-us.com/tos-maliva-avt-0068/ec0e27b49f059c53afb1ea7a2f44f280~tplv-tiktokx-cropcenter:100:100.jpg?dr=9640&refresh_token=1fc3a860&x-expires=1775102400&x-signature=bdFhA3WTvpbGC2qCLe6Ugv8Fm5E%3D&t=4d5b0474&ps=13740610&shp=30310797&shcp=ff37627b&idc=useast5,,,,,,,,,
Looks good 💗💗,1,0,2026-03-08T14:02:25.000Z,melissa_chew,https://www.tiktok.com/@ugcbyyhibuh._1/video/7614590588377140493,7099388542744331266,7614884824109597458,https://p16-common-sign.tiktokcdn-us.com/tos-alisg-avt-0068/d0714a019d7dd9990db1480b1cc3e947~tplv-tiktokx-cropcenter:100:100.jpg?dr=9640&refresh_token=50c33794&x-expires=1775102400&x-signature=anKyMEvgacgKnWN5ooOU%2BdtnRMY%3D&t=4d5b0474&ps=13740610&shp=30310797&shcp=ff37627b&idc=useast5,,,,,,,,,
Ooooooo I loveeeee,1,0,2026-03-08T01:39:53.000Z,bloomingbeautybitez,https://www.tiktok.com/@ugcbyyhibuh._1/video/7614590588377140493,6898753404202861573,7614693366136537887,https://p16-common-sign.tiktokcdn-us.com/tos-useast5-avt-0068-tx/c7b7eec24d6da8b119bb35c7c4887740~tplv-tiktokx-cropcenter:100:100.jpg?dr=9640&refresh_token=2f6f0df3&x-expires=1775102400&x-signature=OqpTwY7LRd%2BpWORj%2BT7XRIebO30%3D&t=4d5b0474&ps=13740610&shp=30310797&shcp=ff37627b&idc=useast5,,,,,,,,,
wow lovethe glow😻,1,0,2026-03-07T22:00:56.000Z,miilksw,https://www.tiktok.com/@ugcbyyhibuh._1/video/7614590588377140493,6932047568940598278,7614637042882659094,https://p19-common-sign.tiktokcdn-us.com/tos-maliva-avt-0068/79bae9288ad6a67cb2a83a24e6a1da66~tplv-tiktokx-cropcenter:100:100.jpg?dr=9640&refresh_token=16d041c6&x-expires=1775102400&x-signature=Aci78JINFX0RZbIRs0mPE7tJEqs%3D&t=4d5b0474&ps=13740610&shp=30310797&shcp=ff37627b&idc=useast5,,,,,,,,,
I love those kind of mask🥰✨,1,0,2026-03-08T07:53:00.000Z,dreamyyyv,https://www.tiktok.com/@ugcbyyhibuh._1/video/7614590588377140493,7518867924229358614,7614789579454825238,https://p16-common-sign.tiktokcdn-us.com/tos-maliva-avt-0068/75019d14dd95fb3dcdb03e2f5e9a9e74~tplv-tiktokx-cropcenter:100:100.jpg?dr=9640&refresh_token=4770415d&x-expires=1775102400&x-signature=3SyuiZev%2Fue3KEDZ5yTLMxyP3PA%3D&t=4d5b0474&ps=13740610&shp=30310797&shcp=ff37627b&idc=useast5,,,,,,,,,
So hydrating,1,0,2026-03-09T00:03:51.000Z,karenugcstudio,https://www.tiktok.com/@ugcbyyhibuh._1/video/7614590588377140493,7398608136280933408,7615039714752152342,https://p16-common-sign.tiktokcdn-us.com/tos-maliva-avt-0068/de802b218258dc0fd5ef7ca3973b448e~tplv-tiktokx-cropcenter:100:100.jpg?dr=9640&refresh_token=b0efd265&x-expires=1775102400&x-signature=B4B9LH%2FMPaZ61GUmSYc52%2F26tQ8%3D&t=4d5b0474&ps=13740610&shp=30310797&shcp=ff37627b&idc=useast5,,,,,,,,,
Looks so good😍,1,0,2026-03-07T21:37:06.000Z,shadi.smi,https://www.tiktok.com/@ugcbyyhibuh._1/video/7614590588377140493,7433993849950864426,7614630806506013453,https://p16-common-sign.tiktokcdn-us.com/tos-useast5-avt-0068-tx/eb7ea7e3cf6ee7ecae42d9bc4f5eff73~tplv-tiktokx-cropcenter:100:100.jpg?dr=9640&refresh_token=57f8ff36&x-expires=1775102400&x-signature=VN2%2BX2jjPu8SkuNZZicvaqN3sSo%3D&t=4d5b0474&ps=13740610&shp=30310797&shcp=ff37627b&idc=useast5,,,,,,,,,
Looks so good❤️,1,0,2026-03-07T20:51:39.000Z,beauty.byiqra,https://www.tiktok.com/@ugcbyyhibuh._1/video/7614590588377140493,6761093215262344198,7614619185582883591,https://p16-common-sign.tiktokcdn-us.com/tos-alisg-avt-0068/c7b24d13da09876aa9337fc01625a686~tplv-tiktokx-cropcenter:100:100.jpg?dr=9640&refresh_token=3b07b973&x-expires=1775102400&x-signature=YUK%2FY7NTFc1NP7vIb0ldBitWF%2Bs%3D&t=4d5b0474&ps=13740610&shp=30310797&shcp=ff37627b&idc=useast5,,,,,,,,,
love using lip masks,1,0,2026-03-08T00:29:59.000Z,skindeepmegan,https://www.tiktok.com/@ugcbyyhibuh._1/video/7614590588377140493,6772777156923851781,7614675330661630733,https://p16-common-sign.tiktokcdn-us.com/tos-useast5-avt-0068-tx/f82e30c92d3ef53e9d954e401ff7c34f~tplv-tiktokx-cropcenter:100:100.jpg?dr=9640&refresh_token=ac7e9559&x-expires=1775102400&x-signature=bFdTlZry6AeCnFrk6VJXgRNesN4%3D&t=4d5b0474&ps=13740610&shp=30310797&shcp=ff37627b&idc=useast5,,,,,,,,,
Looks good!,1,0,2026-03-07T19:11:18.000Z,sanasthetics_,https://www.tiktok.com/@ugcbyyhibuh._1/video/7614590588377140493,242377995209089024,7614593341795386115,https://p16-common-sign.tiktokcdn-us.com/tos-maliva-avt-0068/d47a8ab0e40f06c752d6a5c48a18f616~tplv-tiktokx-cropcenter:100:100.jpg?dr=9640&refresh_token=c6def485&x-expires=1775102400&x-signature=bzErfCYGm9xVU4NsLo9LsYZN840%3D&t=4d5b0474&ps=13740610&shp=30310797&shcp=ff37627b&idc=useast5,,,,,,,,,
kocostar collagen glutathione mask!! just linked it in my linktree under “lets talk makeup & skincare” !!♥️♥️,1,,2026-03-23T01:10:57.000Z,jemaialzonia,https://www.tiktok.com/@jemaialzonia/video/7619318530185432334,7209759044726441003,7620252252632433421,https://p16-common-sign.tiktokcdn.com/tos-maliva-avt-0068/2279b7ac3aff9a6e551e936419ebfc7c~tplv-tiktokx-cropcenter:100:100.jpg?dr=14579&refresh_token=63d706ae&x-expires=1775102400&x-signature=ArohVx0fl6LDPYKmINmIcDY6n4A%3D&t=4d5b0474&ps=13740610&shp=30310797&shcp=ff37627b&idc=my2,,,,,,,,,
"hi! thank you! 🤭♥️i have not yet, my hair is fairly damaged now since i spent a lot of time earlier last year being so inconsiderate of it😭 so im still figuring it out & learning to better manage my hair but once i am better in tune i will OF COURSE share! the upload before this one is actually a hair oil that i use before washing! ♥️",3,,2026-03-20T23:53:24.000Z,jemaialzonia,https://www.tiktok.com/@jemaialzonia/video/7619318530185432334,7209759044726441003,7619490021720589070,https://p16-common-sign.tiktokcdn.com/tos-maliva-avt-0068/2279b7ac3aff9a6e551e936419ebfc7c~tplv-tiktokx-cropcenter:100:100.jpg?dr=14579&refresh_token=63d706ae&x-expires=1775102400&x-signature=ArohVx0fl6LDPYKmINmIcDY6n4A%3D&t=4d5b0474&ps=13740610&shp=30310797&shcp=ff37627b&idc=my2,,,,,,,,,
Yesss 🥹♥️,0,,2026-03-08T09:45:54.000Z,ugcbyyhibuh._1,https://www.tiktok.com/@ugcbyyhibuh._1/video/7614590588377140493,8729876,7614818339526198030,https://p16-common-sign.tiktokcdn-eu.com/tos-maliva-avt-0068/6d54cc612c29d83f802a287ad4483a54~tplv-tiktokx-cropcenter:100:100.jpg?dr=10399&refresh_token=de8ae76f&x-expires=1775102400&x-signature=zmcMCuOC%2F0ZX680AOtJSn9mPH0s%3D&t=4d5b0474&ps=13740610&shp=30310797&shcp=ff37627b&idc=no1a,,,,,,,,,
Need this to try 🫶,0,0,2026-03-09T07:06:48.000Z,darkkiwichan,https://www.tiktok.com/@ugcbyyhibuh._1/video/7614590588377140493,7473032572043707435,7615148407132668685,https://p16-common-sign.tiktokcdn-eu.com/tos-maliva-avt-0068/e80a7557ec107563bb38ab0179ae3c73~tplv-tiktokx-cropcenter:100:100.jpg?dr=10399&refresh_token=d9144f6d&x-expires=1775102400&x-signature=1BjjhRM7QAo2U0oUlO70nHc3nNg%3D&t=4d5b0474&ps=13740610&shp=30310797&shcp=ff37627b&idc=no1a,,,,,,,,,
😂😭 it was hard for me too lol,0,,2026-03-07T20:11:43.000Z,ugcbyyhibuh._1,https://www.tiktok.com/@ugcbyyhibuh._1/video/7614590588377140493,8729876,7614608801677771534,https://p16-common-sign.tiktokcdn-eu.com/tos-maliva-avt-0068/6d54cc612c29d83f802a287ad4483a54~tplv-tiktokx-cropcenter:100:100.jpg?dr=10399&refresh_token=de8ae76f&x-expires=1775102400&x-signature=zmcMCuOC%2F0ZX680AOtJSn9mPH0s%3D&t=4d5b0474&ps=13740610&shp=30310797&shcp=ff37627b&idc=no1a,,,,,,,,,
🥰🥰🥰 Ty,0,,2026-03-07T20:11:25.000Z,ugcbyyhibuh._1,https://www.tiktok.com/@ugcbyyhibuh._1/video/7614590588377140493,8729876,7614608696186635022,https://p16-common-sign.tiktokcdn-eu.com/tos-maliva-avt-0068/6d54cc612c29d83f802a287ad4483a54~tplv-tiktokx-cropcenter:100:100.jpg?dr=10399&refresh_token=de8ae76f&x-expires=1775102400&x-signature=zmcMCuOC%2F0ZX680AOtJSn9mPH0s%3D&t=4d5b0474&ps=13740610&shp=30310797&shcp=ff37627b&idc=no1a,,,,,,,,,
Nice product🌸,1,0,2026-03-07T21:05:23.000Z,callieskinbeauty,https://www.tiktok.com/@ugcbyyhibuh._1/video/7614590588377140493,7563751140157277202,7614622695049593621,https://p16-common-sign.tiktokcdn-eu.com/tos-alisg-avt-0068/34751a418944b99397c468efe8fa94c4~tplv-tiktokx-cropcenter:100:100.jpg?dr=10399&refresh_token=de8d298e&x-expires=1775102400&x-signature=Nol98n3%2FqduCUEvmXMQljyHKwYs%3D&t=4d5b0474&ps=13740610&shp=30310797&shcp=ff37627b&idc=no1a,,,,,,,,,
Cuteee😍😍😍,1,0,2026-03-07T20:56:34.000Z,_mo.flow,https://www.tiktok.com/@ugcbyyhibuh._1/video/7614590588377140493,7505012856762467370,7614620363851072287,https://p16-common-sign.tiktokcdn-eu.com/tos-maliva-avt-0068/2d59fc772e884ff6a68600fe74810df3~tplv-tiktokx-cropcenter:100:100.jpg?dr=10399&refresh_token=84159ed5&x-expires=1775102400&x-signature=lxCMl0i0MQ9LavgTcI%2BzEDLPxio%3D&t=4d5b0474&ps=13740610&shp=30310797&shcp=ff37627b&idc=no1a,,,,,,,,,
🫰🏼💕,0,,2026-03-07T20:11:21.000Z,ugcbyyhibuh._1,https://www.tiktok.com/@ugcbyyhibuh._1/video/7614590588377140493,8729876,7614608670098342669,https://p16-common-sign.tiktokcdn-eu.com/tos-maliva-avt-0068/6d54cc612c29d83f802a287ad4483a54~tplv-tiktokx-cropcenter:100:100.jpg?dr=10399&refresh_token=de8ae76f&x-expires=1775102400&x-signature=zmcMCuOC%2F0ZX680AOtJSn9mPH0s%3D&t=4d5b0474&ps=13740610&shp=30310797&shcp=ff37627b&idc=no1a,,,,,,,,,
Tysm 💜,0,,2026-03-08T23:55:25.000Z,ugcbyyhibuh._1,https://www.tiktok.com/@ugcbyyhibuh._1/video/7614590588377140493,8729876,7615037583996076813,https://p16-common-sign.tiktokcdn-eu.com/tos-maliva-avt-0068/6d54cc612c29d83f802a287ad4483a54~tplv-tiktokx-cropcenter:100:100.jpg?dr=10399&refresh_token=de8ae76f&x-expires=1775102400&x-signature=zmcMCuOC%2F0ZX680AOtJSn9mPH0s%3D&t=4d5b0474&ps=13740610&shp=30310797&shcp=ff37627b&idc=no1a,,,,,,,,,
I need to try 🥰🥰🥰,1,0,2026-03-07T20:58:29.000Z,britt_neya,https://www.tiktok.com/@ugcbyyhibuh._1/video/7614590588377140493,6830281773563773958,7614620842835706654,https://p16-common-sign.tiktokcdn-eu.com/tos-maliva-avt-0068/be720b73d30f6da8fa51f7447f82359a~tplv-tiktokx-cropcenter:100:100.jpg?dr=10399&refresh_token=1579c61f&x-expires=1775102400&x-signature=d2e3sPYeJW6zSdR4NlfbEFqEEq4%3D&t=4d5b0474&ps=13740610&shp=30310797&shcp=ff37627b&idc=no1a,,,,,,,,,
🥰🥰🥰,1,,2026-03-07T20:11:18.000Z,ugcbyyhibuh._1,https://www.tiktok.com/@ugcbyyhibuh._1/video/7614590588377140493,8729876,7614608712056996622,https://p16-common-sign.tiktokcdn-eu.com/tos-maliva-avt-0068/6d54cc612c29d83f802a287ad4483a54~tplv-tiktokx-cropcenter:100:100.jpg?dr=10399&refresh_token=de8ae76f&x-expires=1775102400&x-signature=zmcMCuOC%2F0ZX680AOtJSn9mPH0s%3D&t=4d5b0474&ps=13740610&shp=30310797&shcp=ff37627b&idc=no1a,,,,,,,,,
I really like how it didn’t slip! Mine always do!,2,3,2026-03-04T00:37:04.000Z,kristinelynnmontello,https://www.tiktok.com/@housewifehaymoor/video/7612663327453465886,7136298085873173546,7613192923764507423,https://p16-sign-va.tiktokcdn.com/tos-maliva-avt-0068/d29acfb92adefd3e1f9702a3a7b2b057~tplv-tiktokx-cropcenter:100:100.jpg?dr=14579&refresh_token=7f0693a9&x-expires=1775102400&x-signature=uLT0U0qJ38cSc94ucARdmb7YeY8%3D&t=4d5b0474&ps=13740610&shp=30310797&shcp=ff37627b&idc=my2,,,,,,,,,
Right it didn’t slip at all and was comfortable!! 🥰🥰🥰,1,,2026-03-04T01:44:17.000Z,housewifehaymoor,https://www.tiktok.com/@housewifehaymoor/video/7612663327453465886,6554127048582873097,7613210249197011742,https://p16-common-sign.tiktokcdn.com/tos-maliva-avt-0068/ec41ba98c072a76094137acf20659742~tplv-tiktokx-cropcenter:100:100.jpg?dr=14579&refresh_token=18a80595&x-expires=1775102400&x-signature=OaDH4a2ytlIJ8njAOIZ03RHpXNQ%3D&t=4d5b0474&ps=13740610&shp=30310797&shcp=ff37627b&idc=my2,,,,,,,,,
✨oooh I love this one!! That is so cool! You put that on like a pro! Omg!! the lip masks are soooo awesome! Love that! Looking beautiful ♡♡,2,2,2026-03-03T06:01:19.000Z,clairethebear11,https://www.tiktok.com/@housewifehaymoor/video/7612663327453465886,7446191700200899630,7612905319232324365,https://p16-sign-va.tiktokcdn.com/tos-maliva-avt-0068/15eadc22c21b63618a001b1854e83e02~tplv-tiktokx-cropcenter:100:100.jpg?dr=14579&refresh_token=7b50b3f6&x-expires=1775102400&x-signature=yqkP6vLpCzG4ykUkdQxZ5jwn9eQ%3D&t=4d5b0474&ps=13740610&shp=30310797&shcp=ff37627b&idc=my2,,,,,,,,,
Thank you!!! It’s so good you would like it!!! 🥰🥰🥰,1,,2026-03-04T01:44:44.000Z,housewifehaymoor,https://www.tiktok.com/@housewifehaymoor/video/7612663327453465886,6554127048582873097,7613210362695009054,https://p16-common-sign.tiktokcdn.com/tos-maliva-avt-0068/ec41ba98c072a76094137acf20659742~tplv-tiktokx-cropcenter:100:100.jpg?dr=14579&refresh_token=18a80595&x-expires=1775102400&x-signature=OaDH4a2ytlIJ8njAOIZ03RHpXNQ%3D&t=4d5b0474&ps=13740610&shp=30310797&shcp=ff37627b&idc=my2,,,,,,,,,
This look amazing and skin is skinning,1,2,2026-03-02T15:30:05.000Z,xpocho2016,https://www.tiktok.com/@housewifehaymoor/video/7612663327453465886,7478757298510644267,7612680760403919647,https://p16-sign-va.tiktokcdn.com/tos-maliva-avt-0068/4575e62d33e9ca619d4b6f8029b13be7~tplv-tiktokx-cropcenter:100:100.jpg?dr=14579&refresh_token=bcb3ce51&x-expires=1775102400&x-signature=csEai6k2Kl%2BhCQo%2FpgNBCFLAMmw%3D&t=4d5b0474&ps=13740610&shp=30310797&shcp=ff37627b&idc=my2,,,,,,,,,
Thank you Julie i appreciate you 🥰,1,,2026-03-03T03:51:29.000Z,housewifehaymoor,https://www.tiktok.com/@housewifehaymoor/video/7612663327453465886,6554127048582873097,7612871894505046814,https://p16-common-sign.tiktokcdn.com/tos-maliva-avt-0068/ec41ba98c072a76094137acf20659742~tplv-tiktokx-cropcenter:100:100.jpg?dr=14579&refresh_token=18a80595&x-expires=1775102400&x-signature=OaDH4a2ytlIJ8njAOIZ03RHpXNQ%3D&t=4d5b0474&ps=13740610&shp=30310797&shcp=ff37627b&idc=my2,,,,,,,,,
So amazing bestie! The texture of that mask wow 🥰,1,2,2026-03-03T02:53:17.000Z,glowwithkimfnp,https://www.tiktok.com/@housewifehaymoor/video/7612663327453465886,7358209324407833646,7612856922622460703,https://p16-common-sign.tiktokcdn.com/tos-maliva-avt-0068/3618dc9aa1df0dc06d5ead736b0d7a5b~tplv-tiktokx-cropcenter:100:100.jpg?dr=14579&refresh_token=ee95b7bd&x-expires=1775102400&x-signature=UQQ3QobE%2BBJp0aAiZQYHRc4dwbM%3D&t=4d5b0474&ps=13740610&shp=30310797&shcp=ff37627b&idc=my2,,,,,,,,,
It’s so good you would love it 😍,1,,2026-03-03T03:53:30.000Z,housewifehaymoor,https://www.tiktok.com/@housewifehaymoor/video/7612663327453465886,6554127048582873097,7612872427651760927,https://p16-common-sign.tiktokcdn.com/tos-maliva-avt-0068/ec41ba98c072a76094137acf20659742~tplv-tiktokx-cropcenter:100:100.jpg?dr=14579&refresh_token=18a80595&x-expires=1775102400&x-signature=OaDH4a2ytlIJ8njAOIZ03RHpXNQ%3D&t=4d5b0474&ps=13740610&shp=30310797&shcp=ff37627b&idc=my2,,,,,,,,,
Your skin looks so glowy,1,2,2026-03-03T22:08:35.000Z,tamara..arellano,https://www.tiktok.com/@housewifehaymoor/video/7612663327453465886,6833506155705828357,7613154650527908639,https://p16-common-sign.tiktokcdn.com/tos-maliva-avt-0068/768ac34bf7954559e0307b23ac1c804d~tplv-tiktokx-cropcenter:100:100.jpg?dr=14579&refresh_token=668e64f4&x-expires=1775102400&x-signature=sxAUr82RWr2X%2Bjno7wZJg85uHEo%3D&t=4d5b0474&ps=13740610&shp=30310797&shcp=ff37627b&idc=my2,,,,,,,,,
Thank you bestie 😍😍,1,,2026-03-06T05:22:48.000Z,housewifehaymoor,https://www.tiktok.com/@housewifehaymoor/video/7612663327453465886,6554127048582873097,7614008594635293471,https://p16-common-sign.tiktokcdn.com/tos-maliva-avt-0068/ec41ba98c072a76094137acf20659742~tplv-tiktokx-cropcenter:100:100.jpg?dr=14579&refresh_token=18a80595&x-expires=1775102400&x-signature=OaDH4a2ytlIJ8njAOIZ03RHpXNQ%3D&t=4d5b0474&ps=13740610&shp=30310797&shcp=ff37627b&idc=my2,,,,,,,,,
OMG so good products!,1,1,2026-03-02T14:26:53.000Z,digital_rizzy,https://www.tiktok.com/@housewifehaymoor/video/7612663327453465886,6628495805286400002,7612664599465722644,https://p16-common-sign.tiktokcdn.com/tos-maliva-avt-0068/1585e307610e145f43eb475cdf5126e4~tplv-tiktokx-cropcenter:100:100.jpg?dr=14579&refresh_token=aea36d6b&x-expires=1775102400&x-signature=s5owFn%2BM%2F3uw4w9mu6IaZuLct1I%3D&t=4d5b0474&ps=13740610&shp=30310797&shcp=ff37627b&idc=my2,,,,,,,,,
It’s so good I really love it 😍,0,,2026-03-03T03:50:52.000Z,housewifehaymoor,https://www.tiktok.com/@housewifehaymoor/video/7612663327453465886,6554127048582873097,7612871775722406686,https://p16-common-sign.tiktokcdn.com/tos-maliva-avt-0068/ec41ba98c072a76094137acf20659742~tplv-tiktokx-cropcenter:100:100.jpg?dr=14579&refresh_token=18a80595&x-expires=1775102400&x-signature=OaDH4a2ytlIJ8njAOIZ03RHpXNQ%3D&t=4d5b0474&ps=13740610&shp=30310797&shcp=ff37627b&idc=my2,,,,,,,,,
Love the clear mask and the lip mask container is cute. Your skin looks amazing.,1,1,2026-03-03T20:54:20.000Z,pereterr,https://www.tiktok.com/@housewifehaymoor/video/7612663327453465886,7480724841825371182,7613135493148836638,https://p16-sign-va.tiktokcdn.com/tos-maliva-avt-0068/607f6bf8b0fb0bab8a68918cca654daa~tplv-tiktokx-cropcenter:100:100.jpg?dr=14579&refresh_token=92734d5b&x-expires=1775102400&x-signature=3MWvmuTosxZNd50vT%2FJqQ56Z%2BpM%3D&t=4d5b0474&ps=13740610&shp=30310797&shcp=ff37627b&idc=my2,,,,,,,,,
"Thank you, it’s so good!!! 😍",1,,2026-03-06T05:23:08.000Z,housewifehaymoor,https://www.tiktok.com/@housewifehaymoor/video/7612663327453465886,6554127048582873097,7614008429581845279,https://p16-common-sign.tiktokcdn.com/tos-maliva-avt-0068/ec41ba98c072a76094137acf20659742~tplv-tiktokx-cropcenter:100:100.jpg?dr=14579&refresh_token=18a80595&x-expires=1775102400&x-signature=OaDH4a2ytlIJ8njAOIZ03RHpXNQ%3D&t=4d5b0474&ps=13740610&shp=30310797&shcp=ff37627b&idc=my2,,,,,,,,,
That looks amazing ✨,1,1,2026-03-02T18:08:16.000Z,yarle_ugc,https://www.tiktok.com/@housewifehaymoor/video/7612663327453465886,6569749916444033029,7612721670775980818,https://p16-sign-sg.tiktokcdn.com/tos-alisg-avt-0068/446281c5f13df004de57ca2b17263d5c~tplv-tiktokx-cropcenter:100:100.jpg?dr=14579&refresh_token=baac9831&x-expires=1775102400&x-signature=3yH67k8SwAIlbuT2j51v%2FdbZPIk%3D&t=4d5b0474&ps=13740610&shp=30310797&shcp=ff37627b&idc=my2,,,,,,,,,
It’s that good 😍,0,,2026-03-03T03:51:44.000Z,housewifehaymoor,https://www.tiktok.com/@housewifehaymoor/video/7612663327453465886,6554127048582873097,7612872011194417950,https://p16-common-sign.tiktokcdn.com/tos-maliva-avt-0068/ec41ba98c072a76094137acf20659742~tplv-tiktokx-cropcenter:100:100.jpg?dr=14579&refresh_token=18a80595&x-expires=1775102400&x-signature=OaDH4a2ytlIJ8njAOIZ03RHpXNQ%3D&t=4d5b0474&ps=13740610&shp=30310797&shcp=ff37627b&idc=my2,,,,,,,,,
Whoa this is soo cool!! The clear mask is soo interesting and the lip mask looks so fun!,1,1,2026-03-02T14:30:18.000Z,itselliebunny,https://www.tiktok.com/@housewifehaymoor/video/7612663327453465886,5757667,7612665135371731743,https://p16-sign-va.tiktokcdn.com/tos-maliva-avt-0068/44218f85168febf4f92eddaf4d4e932f~tplv-tiktokx-cropcenter:100:100.jpg?dr=14579&refresh_token=23ca093a&x-expires=1775102400&x-signature=Jd64LMemM6HSvYtlLsgtZ0KgtDs%3D&t=4d5b0474&ps=13740610&shp=30310797&shcp=ff37627b&idc=my2,,,,,,,,,
I think you would like this one friend 🥰,0,,2026-03-03T03:51:06.000Z,housewifehaymoor,https://www.tiktok.com/@housewifehaymoor/video/7612663327453465886,6554127048582873097,7612871843325674271,https://p16-common-sign.tiktokcdn.com/tos-maliva-avt-0068/ec41ba98c072a76094137acf20659742~tplv-tiktokx-cropcenter:100:100.jpg?dr=14579&refresh_token=18a80595&x-expires=1775102400&x-signature=OaDH4a2ytlIJ8njAOIZ03RHpXNQ%3D&t=4d5b0474&ps=13740610&shp=30310797&shcp=ff37627b&idc=my2,,,,,,,,,
"This is so awesome, like how cool! So so glowy!",1,1,2026-03-02T20:31:29.000Z,realtalkwithrene,https://www.tiktok.com/@housewifehaymoor/video/7612663327453465886,6816873598414914565,7612758521919488798,https://p16-sign-va.tiktokcdn.com/tos-maliva-avt-0068/9e6cf68a8239c58a76980888ff091754~tplv-tiktokx-cropcenter:100:100.jpg?dr=14579&refresh_token=b7e9d92f&x-expires=1775102400&x-signature=PYKZax%2F%2B1DcRWVflpsxv%2F0TgHRM%3D&t=4d5b0474&ps=13740610&shp=30310797&shcp=ff37627b&idc=my2,,,,,,,,,
I love a glowy mask! 😍,1,,2026-03-03T03:52:45.000Z,housewifehaymoor,https://www.tiktok.com/@housewifehaymoor/video/7612663327453465886,6554127048582873097,7612872250908050207,https://p16-common-sign.tiktokcdn.com/tos-maliva-avt-0068/ec41ba98c072a76094137acf20659742~tplv-tiktokx-cropcenter:100:100.jpg?dr=14579&refresh_token=18a80595&x-expires=1775102400&x-signature=OaDH4a2ytlIJ8njAOIZ03RHpXNQ%3D&t=4d5b0474&ps=13740610&shp=30310797&shcp=ff37627b&idc=my2,,,,,,,,,
Amazing 😍 skin looks fresh and so hydrated!,1,1,2026-03-02T23:42:13.000Z,korean.mom.skincare,https://www.tiktok.com/@housewifehaymoor/video/7612663327453465886,7542909708333581326,7612807662745502478,https://p16-sign-va.tiktokcdn.com/tos-maliva-avt-0068/019741a879bb966828c816066f2e985a~tplv-tiktokx-cropcenter:100:100.jpg?dr=14579&refresh_token=ba3a5ef1&x-expires=1775102400&x-signature=mQW5GOE6u2fXN10OTzWKJ5kSJjo%3D&t=4d5b0474&ps=13740610&shp=30310797&shcp=ff37627b&idc=my2,,,,,,,,,
Thank you love hydration 🥰,0,,2026-03-03T03:53:02.000Z,housewifehaymoor,https://www.tiktok.com/@housewifehaymoor/video/7612663327453465886,6554127048582873097,7612872331857462046,https://p16-common-sign.tiktokcdn.com/tos-maliva-avt-0068/ec41ba98c072a76094137acf20659742~tplv-tiktokx-cropcenter:100:100.jpg?dr=14579&refresh_token=18a80595&x-expires=1775102400&x-signature=OaDH4a2ytlIJ8njAOIZ03RHpXNQ%3D&t=4d5b0474&ps=13740610&shp=30310797&shcp=ff37627b&idc=my2,,,,,,,,,
You look so glowy and beautiful 🥰,1,1,2026-03-03T02:44:00.000Z,agsell80,https://www.tiktok.com/@housewifehaymoor/video/7612663327453465886,6974132107502388229,7612854547937346335,https://p16-sign-va.tiktokcdn.com/tos-maliva-avt-0068/e1a88ece8ff2378f0b6a2b38995302d0~tplv-tiktokx-cropcenter:100:100.jpg?dr=14579&refresh_token=1738b0d9&x-expires=1775102400&x-signature=q9cP6qoz2kVjVPB4NbpWp2CyuaU%3D&t=4d5b0474&ps=13740610&shp=30310797&shcp=ff37627b&idc=my2,,,,,,,,,
Thank you my bestie 🥰,0,,2026-03-03T03:53:19.000Z,housewifehaymoor,https://www.tiktok.com/@housewifehaymoor/video/7612663327453465886,6554127048582873097,7612872381187506974,https://p16-common-sign.tiktokcdn.com/tos-maliva-avt-0068/ec41ba98c072a76094137acf20659742~tplv-tiktokx-cropcenter:100:100.jpg?dr=14579&refresh_token=18a80595&x-expires=1775102400&x-signature=OaDH4a2ytlIJ8njAOIZ03RHpXNQ%3D&t=4d5b0474&ps=13740610&shp=30310797&shcp=ff37627b&idc=my2,,,,,,,,,
I love that packaging!! I need to try those!,1,1,2026-03-02T20:12:08.000Z,mari.melody1,https://www.tiktok.com/@housewifehaymoor/video/7612663327453465886,6785698901321335814,7612753468856861453,https://p16-common-sign.tiktokcdn.com/tos-maliva-avt-0068/36c41a73d07da3251a83925d06b474fc~tplv-tiktokx-cropcenter:100:100.jpg?dr=14579&refresh_token=f23bf434&x-expires=1775102400&x-signature=HanAyB2aHN%2FmXFy8YEjb%2F9usofg%3D&t=4d5b0474&ps=13740610&shp=30310797&shcp=ff37627b&idc=my2,,,,,,,,,
You would love this. 🥰,0,,2026-03-03T03:52:29.000Z,housewifehaymoor,https://www.tiktok.com/@housewifehaymoor/video/7612663327453465886,6554127048582873097,7612872148701807391,https://p16-common-sign.tiktokcdn.com/tos-maliva-avt-0068/ec41ba98c072a76094137acf20659742~tplv-tiktokx-cropcenter:100:100.jpg?dr=14579&refresh_token=18a80595&x-expires=1775102400&x-signature=OaDH4a2ytlIJ8njAOIZ03RHpXNQ%3D&t=4d5b0474&ps=13740610&shp=30310797&shcp=ff37627b&idc=my2,,,,,,,,,
Your skin looked so bright after you took it off😍,1,1,2026-03-02T18:47:29.000Z,hiitsmaddyyyy,https://www.tiktok.com/@housewifehaymoor/video/7612663327453465886,25852567,7612731525138989837,https://p16-sign-va.tiktokcdn.com/tos-maliva-avt-0068/f032a459a05013176f271fe1db937f3c~tplv-tiktokx-cropcenter:100:100.jpg?dr=14579&refresh_token=23a41d0f&x-expires=1775102400&x-signature=CcrJM4hnpCJ22spAyz1JD20AoV8%3D&t=4d5b0474&ps=13740610&shp=30310797&shcp=ff37627b&idc=my2,,,,,,,,,
Thank you friend. Gotta enjoy a mask Monday right 😍,0,,2026-03-03T03:52:12.000Z,housewifehaymoor,https://www.tiktok.com/@housewifehaymoor/video/7612663327453465886,6554127048582873097,7612872136822637343,https://p16-common-sign.tiktokcdn.com/tos-maliva-avt-0068/ec41ba98c072a76094137acf20659742~tplv-tiktokx-cropcenter:100:100.jpg?dr=14579&refresh_token=18a80595&x-expires=1775102400&x-signature=OaDH4a2ytlIJ8njAOIZ03RHpXNQ%3D&t=4d5b0474&ps=13740610&shp=30310797&shcp=ff37627b&idc=my2,,,,,,,,,
So pretty my friend ❤️❤️❤️,1,1,2026-03-03T02:18:16.000Z,thecozyvanity,https://www.tiktok.com/@housewifehaymoor/video/7612663327453465886,7492826335323472942,7612847895180509982,https://p16-sign-va.tiktokcdn.com/tos-maliva-avt-0068/c3c79f2d24c5d3d6ef0fa0a8469f99b6~tplv-tiktokx-cropcenter:100:100.jpg?dr=14579&refresh_token=b5059f06&x-expires=1775102400&x-signature=mhMkZCzbpgKTHCQokUYs0jRWU20%3D&t=4d5b0474&ps=13740610&shp=30310797&shcp=ff37627b&idc=my2,,,,,,,,,
Thank you so much 😍😍,0,,2026-03-03T03:53:10.000Z,housewifehaymoor,https://www.tiktok.com/@housewifehaymoor/video/7612663327453465886,6554127048582873097,7612872356558390047,https://p16-common-sign.tiktokcdn.com/tos-maliva-avt-0068/ec41ba98c072a76094137acf20659742~tplv-tiktokx-cropcenter:100:100.jpg?dr=14579&refresh_token=18a80595&x-expires=1775102400&x-signature=OaDH4a2ytlIJ8njAOIZ03RHpXNQ%3D&t=4d5b0474&ps=13740610&shp=30310797&shcp=ff37627b&idc=my2,,,,,,,,,
This looks so good 😍😍,1,1,2026-03-02T16:09:58.000Z,ainsleekbeauty,https://www.tiktok.com/@housewifehaymoor/video/7612663327453465886,7535277323395236895,7612691095055762207,https://p16-sign-va.tiktokcdn.com/tos-maliva-avt-0068/be072205f046f10945df670b317ec3cf~tplv-tiktokx-cropcenter:100:100.jpg?dr=14579&refresh_token=6594f305&x-expires=1775102400&x-signature=C%2FCD0edZR0GSpXEM3uwhiodE36M%3D&t=4d5b0474&ps=13740610&shp=30310797&shcp=ff37627b&idc=my2,,,,,,,,,
It’s really good 😍,0,,2026-03-03T03:51:37.000Z,housewifehaymoor,https://www.tiktok.com/@housewifehaymoor/video/7612663327453465886,6554127048582873097,7612871957192688414,https://p16-common-sign.tiktokcdn.com/tos-maliva-avt-0068/ec41ba98c072a76094137acf20659742~tplv-tiktokx-cropcenter:100:100.jpg?dr=14579&refresh_token=18a80595&x-expires=1775102400&x-signature=OaDH4a2ytlIJ8njAOIZ03RHpXNQ%3D&t=4d5b0474&ps=13740610&shp=30310797&shcp=ff37627b&idc=my2,,,,,,,,,
Love this!! ❤️❤️,1,1,2026-03-03T17:44:50.000Z,elizabethsterlin23,https://www.tiktok.com/@housewifehaymoor/video/7612663327453465886,6807106015599952902,7613086696288273182,https://p16-common-sign.tiktokcdn.com/tos-maliva-avt-0068/61922d45b342edc09f76595040913fd4~tplv-tiktokx-cropcenter:100:100.jpg?dr=14579&refresh_token=68bfe0b1&x-expires=1775102400&x-signature=mGanND4UR8y0TimAvFH8YaRu4tQ%3D&t=4d5b0474&ps=13740610&shp=30310797&shcp=ff37627b&idc=my2,,,,,,,,,
Thank you bestie 😍,1,,2026-03-06T05:23:25.000Z,housewifehaymoor,https://www.tiktok.com/@housewifehaymoor/video/7612663327453465886,6554127048582873097,7614008776311948063,https://p16-common-sign.tiktokcdn.com/tos-maliva-avt-0068/ec41ba98c072a76094137acf20659742~tplv-tiktokx-cropcenter:100:100.jpg?dr=14579&refresh_token=18a80595&x-expires=1775102400&x-signature=OaDH4a2ytlIJ8njAOIZ03RHpXNQ%3D&t=4d5b0474&ps=13740610&shp=30310797&shcp=ff37627b&idc=my2,,,,,,,,,
Omg this looks so cool 🥰,1,1,2026-03-02T20:01:05.000Z,kelzzbeauty,https://www.tiktok.com/@housewifehaymoor/video/7612663327453465886,7463374041271272479,7612750669522518815,https://p16-sign-va.tiktokcdn.com/tos-maliva-avt-0068/827a1a09b49b8590f31d1f90fa4d26e2~tplv-tiktokx-cropcenter:100:100.jpg?dr=14579&refresh_token=2e02e09f&x-expires=1775102400&x-signature=TcaWNMkZ839EpN%2BeXDDi7OgX03c%3D&t=4d5b0474&ps=13740610&shp=30310797&shcp=ff37627b&idc=my2,,,,,,,,,
It’s so good 😍,0,,2026-03-03T03:52:19.000Z,housewifehaymoor,https://www.tiktok.com/@housewifehaymoor/video/7612663327453465886,6554127048582873097,7612872098428420895,https://p16-common-sign.tiktokcdn.com/tos-maliva-avt-0068/ec41ba98c072a76094137acf20659742~tplv-tiktokx-cropcenter:100:100.jpg?dr=14579&refresh_token=18a80595&x-expires=1775102400&x-signature=OaDH4a2ytlIJ8njAOIZ03RHpXNQ%3D&t=4d5b0474&ps=13740610&shp=30310797&shcp=ff37627b&idc=my2,,,,,,,,,
That looks so cool.,1,2,2026-03-03T22:07:27.000Z,tamara..arellano,https://www.tiktok.com/@housewifehaymoor/video/7612663327453465886,6833506155705828357,7613154378807886623,https://p16-common-sign.tiktokcdn.com/tos-maliva-avt-0068/768ac34bf7954559e0307b23ac1c804d~tplv-tiktokx-cropcenter:100:100.jpg?dr=14579&refresh_token=668e64f4&x-expires=1775102400&x-signature=sxAUr82RWr2X%2Bjno7wZJg85uHEo%3D&t=4d5b0474&ps=13740610&shp=30310797&shcp=ff37627b&idc=my2,,,,,,,,,
It’s so neat!!!!,1,,2026-03-06T05:22:56.000Z,housewifehaymoor,https://www.tiktok.com/@housewifehaymoor/video/7612663327453465886,6554127048582873097,7614008688336028447,https://p16-common-sign.tiktokcdn.com/tos-maliva-avt-0068/ec41ba98c072a76094137acf20659742~tplv-tiktokx-cropcenter:100:100.jpg?dr=14579&refresh_token=18a80595&x-expires=1775102400&x-signature=OaDH4a2ytlIJ8njAOIZ03RHpXNQ%3D&t=4d5b0474&ps=13740610&shp=30310797&shcp=ff37627b&idc=my2,,,,,,,,,
That mask is so cool! I’ve never seen a mask like that! 🥰🥰🥰🥰,1,1,2026-03-04T00:36:08.000Z,kristinelynnmontello,https://www.tiktok.com/@housewifehaymoor/video/7612663327453465886,7136298085873173546,7613192635848098591,https://p16-sign-va.tiktokcdn.com/tos-maliva-avt-0068/d29acfb92adefd3e1f9702a3a7b2b057~tplv-tiktokx-cropcenter:100:100.jpg?dr=14579&refresh_token=7f0693a9&x-expires=1775102400&x-signature=uLT0U0qJ38cSc94ucARdmb7YeY8%3D&t=4d5b0474&ps=13740610&shp=30310797&shcp=ff37627b&idc=my2,,,,,,,,,
It’s so good 😍😍,1,,2026-03-06T05:22:21.000Z,housewifehaymoor,https://www.tiktok.com/@housewifehaymoor/video/7612663327453465886,6554127048582873097,7614008444161295134,https://p16-common-sign.tiktokcdn.com/tos-maliva-avt-0068/ec41ba98c072a76094137acf20659742~tplv-tiktokx-cropcenter:100:100.jpg?dr=14579&refresh_token=18a80595&x-expires=1775102400&x-signature=OaDH4a2ytlIJ8njAOIZ03RHpXNQ%3D&t=4d5b0474&ps=13740610&shp=30310797&shcp=ff37627b&idc=my2,,,,,,,,,
this looks so good!!!,1,1,2026-03-02T14:40:03.000Z,mollymmcqueen,https://www.tiktok.com/@housewifehaymoor/video/7612663327453465886,7272595591304447019,7612667762616714014,https://p19-common-sign.tiktokcdn.com/tos-maliva-avt-0068/4dbbe3b999d2953737a831d5d079c5d4~tplv-tiktokx-cropcenter:100:100.jpg?dr=14579&refresh_token=b33cf467&x-expires=1775102400&x-signature=0%2BqIU1TZ8%2Bv5%2FNhRjo1YT1mbn54%3D&t=4d5b0474&ps=13740610&shp=30310797&shcp=ff37627b&idc=my2,,,,,,,,,
It’s so good! Obsessed 😍with,0,,2026-03-03T03:51:16.000Z,housewifehaymoor,https://www.tiktok.com/@housewifehaymoor/video/7612663327453465886,6554127048582873097,7612871859826770719,https://p16-common-sign.tiktokcdn.com/tos-maliva-avt-0068/ec41ba98c072a76094137acf20659742~tplv-tiktokx-cropcenter:100:100.jpg?dr=14579&refresh_token=18a80595&x-expires=1775102400&x-signature=OaDH4a2ytlIJ8njAOIZ03RHpXNQ%3D&t=4d5b0474&ps=13740610&shp=30310797&shcp=ff37627b&idc=my2,,,,,,,,,
Omg!!! I want to try the @Kocostar US rose lip mask,1,1,2026-03-02T18:16:38.000Z,lovedaladies21,https://www.tiktok.com/@housewifehaymoor/video/7612663327453465886,6896699187540788229,7612723720755446559,https://p16-sign-va.tiktokcdn.com/tos-maliva-avt-0068/c626183901693381d28a329ee03dce0c~tplv-tiktokx-cropcenter:100:100.jpg?dr=14579&refresh_token=0fb75f7a&x-expires=1775102400&x-signature=N8EAB1w5S5rHW%2BhqIZD6%2FJNtooI%3D&t=4d5b0474&ps=13740610&shp=30310797&shcp=ff37627b&idc=my2,,,,,,,,,
You would like it 😍,1,,2026-03-03T03:51:53.000Z,housewifehaymoor,https://www.tiktok.com/@housewifehaymoor/video/7612663327453465886,6554127048582873097,7612871997547463454,https://p16-common-sign.tiktokcdn.com/tos-maliva-avt-0068/ec41ba98c072a76094137acf20659742~tplv-tiktokx-cropcenter:100:100.jpg?dr=14579&refresh_token=18a80595&x-expires=1775102400&x-signature=OaDH4a2ytlIJ8njAOIZ03RHpXNQ%3D&t=4d5b0474&ps=13740610&shp=30310797&shcp=ff37627b&idc=my2,,,,,,,,,
How fun is that lip treatment packaging??? 👄👄👄👄👄👄👄👄👄👄👄👄👄👄👄,1,4,2026-03-04T00:35:43.000Z,kristinelynnmontello,https://www.tiktok.com/@housewifehaymoor/video/7612663327453465886,7136298085873173546,7613192557141295902,https://p16-sign-va.tiktokcdn.com/tos-maliva-avt-0068/d29acfb92adefd3e1f9702a3a7b2b057~tplv-tiktokx-cropcenter:100:100.jpg?dr=14579&refresh_token=7f0693a9&x-expires=1775102400&x-signature=uLT0U0qJ38cSc94ucARdmb7YeY8%3D&t=4d5b0474&ps=13740610&shp=30310797&shcp=ff37627b&idc=my2,,,,,,,,,
Right I’m all about the packaging 😍🥰,1,,2026-03-06T05:22:40.000Z,housewifehaymoor,https://www.tiktok.com/@housewifehaymoor/video/7612663327453465886,6554127048582873097,7614008424549253918,https://p16-common-sign.tiktokcdn.com/tos-maliva-avt-0068/ec41ba98c072a76094137acf20659742~tplv-tiktokx-cropcenter:100:100.jpg?dr=14579&refresh_token=18a80595&x-expires=1775102400&x-signature=OaDH4a2ytlIJ8njAOIZ03RHpXNQ%3D&t=4d5b0474&ps=13740610&shp=30310797&shcp=ff37627b&idc=my2,,,,,,,,,
"I need to use whatever you do because girl, your skin!! 😍😍😍",0,0,2026-03-17T04:33:11.000Z,bryonna.bryant,https://www.tiktok.com/@itzz.deep08/video/7618054965197655317,6577910627658235910,7618077849647383309,https://p16-common-sign.tiktokcdn-us.com/tos-useast5-avt-0068-tx/b12772091b52410fc46e716c6a542bea~tplv-tiktokx-cropcenter:100:100.jpg?dr=9640&refresh_token=a22cac5e&x-expires=1775102400&x-signature=eh0um29H8PK6Wd1KWQM8uSX0d9o%3D&t=4d5b0474&ps=13740610&shp=30310797&shcp=ff37627b&idc=useast5,,,,,,,,,
Need this❤️,0,0,2026-03-17T04:56:40.000Z,erika_influencer,https://www.tiktok.com/@itzz.deep08/video/7618054965197655317,7461083380798948382,7618083820885066526,https://p16-common-sign.tiktokcdn-us.com/tos-useast8-avt-0068-tx2/dd5427ad27ce1463edfc3a20e6dedfe5~tplv-tiktokx-cropcenter:100:100.jpg?dr=9640&refresh_token=68dfff5c&x-expires=1775102400&x-signature=zrdin1RCzix8RP6vVsHdRAXy25w%3D&t=4d5b0474&ps=13740610&shp=30310797&shcp=ff37627b&idc=useast5,,,,,,,,,
omg looks so good 👍,0,0,2026-03-17T05:17:00.000Z,lushtrendz.ugccreator,https://www.tiktok.com/@itzz.deep08/video/7618054965197655317,7364000149112439809,7618089186478359304,https://p16-common-sign.tiktokcdn-us.com/tos-alisg-avt-0068/883d62fcaa1a95358c066761ef2d7534~tplv-tiktokx-cropcenter:100:100.jpg?dr=9640&refresh_token=c2401175&x-expires=1775102400&x-signature=NGZKmtB8JVUtaYLDKbJ8zpN81WY%3D&t=4d5b0474&ps=13740610&shp=30310797&shcp=ff37627b&idc=useast5,,,,,,,,,
I need to try this 😍,0,0,2026-03-17T05:49:42.000Z,ca.review03,https://www.tiktok.com/@itzz.deep08/video/7618054965197655317,7327557405515858950,7618097583580742407,https://p16-common-sign.tiktokcdn-us.com/tos-maliva-avt-0068/c34749cbafccf768a814f4875eebff86~tplv-tiktokx-cropcenter:100:100.jpg?dr=9640&refresh_token=90fd45f3&x-expires=1775102400&x-signature=BNFkADroSqOBBYXmA%2FL7C84RfcQ%3D&t=4d5b0474&ps=13740610&shp=30310797&shcp=ff37627b&idc=useast5,,,,,,,,,
Uuu hydration bomb indeed 😍🌟,0,0,2026-03-17T12:09:20.000Z,adrian.ugc,https://www.tiktok.com/@itzz.deep08/video/7618054965197655317,7374770069567980576,7618195368653095702,https://p16-common-sign.tiktokcdn-us.com/tos-maliva-avt-0068/9d28b5b2bea0f724d82bbe424e234935~tplv-tiktokx-cropcenter:100:100.jpg?dr=9640&refresh_token=5e2b81e5&x-expires=1775102400&x-signature=nf%2FiVgfZATn4cRi6Tc2XshxrUhg%3D&t=4d5b0474&ps=13740610&shp=30310797&shcp=ff37627b&idc=useast5,,,,,,,,,
Love it 🌸🌸🌸,0,0,2026-03-17T09:19:14.000Z,nadaugc_canada,https://www.tiktok.com/@itzz.deep08/video/7618054965197655317,7245765411005416453,7618151609113527047,https://p16-common-sign.tiktokcdn-us.com/tos-maliva-avt-0068/7f2fd14f93377249737f347cc239293c~tplv-tiktokx-cropcenter:100:100.jpg?dr=9640&refresh_token=c7b559da&x-expires=1775102400&x-signature=cXCh57F%2FIjiD%2BnZt%2FlgIVUOkACA%3D&t=4d5b0474&ps=13740610&shp=30310797&shcp=ff37627b&idc=useast5,,,,,,,,,
Looks great,1,0,2026-03-17T03:34:00.000Z,balkour10,https://www.tiktok.com/@itzz.deep08/video/7618054965197655317,7461550453546419217,7618062623657968401,https://p16-common-sign.tiktokcdn-us.com/tos-alisg-avt-0068/bb111aa3ecfe2a9ab409b41ab44ea49c~tplv-tiktokx-cropcenter:100:100.jpg?dr=9640&refresh_token=48484d6e&x-expires=1775102400&x-signature=gGAIgFdnecQCimnJpwkGV32Hrf0%3D&t=4d5b0474&ps=13740610&shp=30310797&shcp=ff37627b&idc=useast5,,,,,,,,,
Wanna try this🥰✨✨🥰,0,0,2026-03-17T05:38:20.000Z,im_firozaaa,https://www.tiktok.com/@itzz.deep08/video/7618054965197655317,6553510367297044486,7618094678701228818,https://p16-common-sign.tiktokcdn-us.com/tos-alisg-avt-0068/f0d4b069ccca88aeedc97b33709a6759~tplv-tiktokx-cropcenter:100:100.jpg?dr=9640&refresh_token=19bee4d5&x-expires=1775102400&x-signature=gYxQ6aBro0%2BFFWAEUKBrFhlU12E%3D&t=4d5b0474&ps=13740610&shp=30310797&shcp=ff37627b&idc=useast5,,,,,,,,,
looks amazi💜ng,0,0,2026-03-17T12:55:57.000Z,jd_meet22,https://www.tiktok.com/@itzz.deep08/video/7618054965197655317,6547707685108732928,7618207433622569748,https://p16-common-sign.tiktokcdn-us.com/tos-maliva-avt-0068/0e09007a367674964485dacd21dda0d0~tplv-tiktokx-cropcenter:100:100.jpg?dr=9640&refresh_token=f09a74ea&x-expires=1775102400&x-signature=5zNxgO%2FCQZhzJr65IXu%2FvwmJa9I%3D&t=4d5b0474&ps=13740610&shp=30310797&shcp=ff37627b&idc=useast5,,,,,,,,,
im new to this one 🤩,1,0,2026-03-17T03:05:59.000Z,princesshimayaxxx,https://www.tiktok.com/@itzz.deep08/video/7618054965197655317,6943085651654919170,7618055386478740232,https://p16-common-sign.tiktokcdn-us.com/tos-alisg-avt-0068/3de8b3c44587ff5db524e2e2a6b71c9a~tplv-tiktokx-cropcenter:100:100.jpg?dr=9640&refresh_token=0b596a74&x-expires=1775102400&x-signature=%2BrK235Vgifj2AdNr4OP8fHhKanE%3D&t=4d5b0474&ps=13740610&shp=30310797&shcp=ff37627b&idc=useast5,,,,,,,,,
Looks amazing 🤩,0,0,2026-03-17T15:45:33.000Z,.ugc.with.shikha,https://www.tiktok.com/@itzz.deep08/video/7618054965197655317,7488563011277702150,7618251167420384018,https://p16-common-sign.tiktokcdn-us.com/tos-maliva-avt-0068/9cced4facc1d9c3e4d291715475cbaf0~tplv-tiktokx-cropcenter:100:100.jpg?dr=9640&refresh_token=a43e0ca7&x-expires=1775102400&x-signature=MaWQhDA1qt8lt0kFag9n%2FmBDbHk%3D&t=4d5b0474&ps=13740610&shp=30310797&shcp=ff37627b&idc=useast5,,,,,,,,,
Looks good 😍,0,0,2026-03-18T05:29:23.000Z,priss9_,https://www.tiktok.com/@itzz.deep08/video/7618054965197655317,6941575558086247430,7618463436578865927,https://p16-common-sign.tiktokcdn-us.com/tos-maliva-avt-0068/7e8590146c5a39fd83475bbb78e20349~tplv-tiktokx-cropcenter:100:100.jpg?dr=9640&refresh_token=c0b8a045&x-expires=1775102400&x-signature=h3AHPk1W2EE9SfpVLnR7m58Waeg%3D&t=4d5b0474&ps=13740610&shp=30310797&shcp=ff37627b&idc=useast5,,,,,,,,,
Need this❤️❤️,0,0,2026-03-18T05:09:20.000Z,man_inder95,https://www.tiktok.com/@itzz.deep08/video/7618054965197655317,6638778072584110085,7618458257091232532,https://p16-common-sign.tiktokcdn-us.com/tos-alisg-avt-0068/00eb8532ee20c73176b1f3bc81a64bfa~tplv-tiktokx-cropcenter:100:100.jpg?dr=9640&refresh_token=5460d72b&x-expires=1775102400&x-signature=YB9XP5oixbyQ7q68uGwbTF14%2F3w%3D&t=4d5b0474&ps=13740610&shp=30310797&shcp=ff37627b&idc=useast5,,,,,,,,,
Amazing 😻,1,0,2026-03-17T03:36:34.000Z,manjuchaudhary1025,https://www.tiktok.com/@itzz.deep08/video/7618054965197655317,120957620164734977,7618063257610355477,https://p16-common-sign.tiktokcdn-us.com/tos-alisg-avt-0068/5b343bfd9df15d188f508fd3e20fe326~tplv-tiktokx-cropcenter:100:100.jpg?dr=9640&refresh_token=66a8c53f&x-expires=1775102400&x-signature=Oo%2FG7OTQn9KPelnJsVxPg1g6oVs%3D&t=4d5b0474&ps=13740610&shp=30310797&shcp=ff37627b&idc=useast5,,,,,,,,,
Amazing 💖💖💖,1,0,2026-03-17T03:06:18.000Z,dreamz098,https://www.tiktok.com/@itzz.deep08/video/7618054965197655317,6831883321296290818,7618055496792752904,https://p16-common-sign.tiktokcdn-us.com/tos-alisg-avt-0068/774cdda15bcb478b74bf686d2e2370b9~tplv-tiktokx-cropcenter:100:100.jpg?dr=9640&refresh_token=c02a82a4&x-expires=1775102400&x-signature=C%2FK5KzCAqBzhl7A221E45Y2h6vM%3D&t=4d5b0474&ps=13740610&shp=30310797&shcp=ff37627b&idc=useast5,,,,,,,,,
😍😍😍,0,0,2026-03-17T14:44:46.000Z,seema_pdl,https://www.tiktok.com/@itzz.deep08/video/7618054965197655317,7089022764157355013,7618235499874091796,https://p16-common-sign.tiktokcdn-us.com/tos-alisg-avt-0068/727e1e3d1c6a829f0fc45515bb385880~tplv-tiktokx-cropcenter:100:100.jpg?dr=9640&refresh_token=8a641452&x-expires=1775102400&x-signature=LsWFYilGgdJLsVqZ%2FehPm%2FUvVEQ%3D&t=4d5b0474&ps=13740610&shp=30310797&shcp=ff37627b&idc=useast5,,,,,,,,,
🥰,0,0,2026-03-18T22:08:25.000Z,gloryugccreator,https://www.tiktok.com/@itzz.deep08/video/7618054965197655317,7465188999126467590,7618720861163963156,https://p16-common-sign.tiktokcdn-us.com/tos-maliva-avt-0068/7c7db1b22cfad9cb7ebb32343ce6af38~tplv-tiktokx-cropcenter:100:100.jpg?dr=9640&refresh_token=4538b482&x-expires=1775102400&x-signature=jPZNjEdOod1cSCgYG8ptrGPzx5I%3D&t=4d5b0474&ps=13740610&shp=30310797&shcp=ff37627b&idc=useast5,,,,,,,,,
Everything looks so hydrating!,1,1,2026-03-15T03:50:25.000Z,cynsweeeetly,https://www.tiktok.com/@bykittymarie/video/7617314538941140237,7018049071378744325,7617324572203893518,https://p16-common-sign.tiktokcdn-us.com/tos-useast5-avt-0068-tx/05c11286467987f266f231b7e825bb0b~tplv-tiktokx-cropcenter:100:100.jpg?dr=9640&refresh_token=a88974b0&x-expires=1775102400&x-signature=9flEAPFEd0H6AW0EyL0gQqv4ctc%3D&t=4d5b0474&ps=13740610&shp=30310797&shcp=ff37627b&idc=useast5,,,,,,,,,
It really is! My skin felt so refreshed after using it ✨,0,,2026-03-15T04:25:38.000Z,bykittymarie,https://www.tiktok.com/@bykittymarie/video/7617314538941140237,6808327088903963654,7617333654663512845,https://p16-common-sign.tiktokcdn-us.com/tos-maliva-avt-0068/7324268623036121094~tplv-tiktokx-cropcenter:100:100.jpg?dr=9640&refresh_token=2f7d9e45&x-expires=1775102400&x-signature=IxbiTGYX3fvbzZ2NKUwTyrZXm1w%3D&t=4d5b0474&ps=13740610&shp=30310797&shcp=ff37627b&idc=useast5,,,,,,,,,
Oooo that looks refreshing!,1,1,2026-03-16T02:20:50.000Z,jabraham247,https://www.tiktok.com/@bykittymarie/video/7617314538941140237,6882498486639494150,7617672622863565598,https://p19-common-sign.tiktokcdn-us.com/tos-maliva-avt-0068/d2efba783f333f9d0700caf68395b168~tplv-tiktokx-cropcenter:100:100.jpg?dr=9640&refresh_token=fe1b0493&x-expires=1775102400&x-signature=F96L%2FKmEE4kUYnYkze0rGfK%2BCMY%3D&t=4d5b0474&ps=13740610&shp=30310797&shcp=ff37627b&idc=useast5,,,,,,,,,
This mask looks super hydrating!,1,1,2026-03-15T03:49:18.000Z,instylewithb,https://www.tiktok.com/@bykittymarie/video/7617314538941140237,6899288445681288198,7617324368792470285,https://p16-common-sign.tiktokcdn-us.com/tos-useast5-avt-0068-tx/9a62d43b2d7390b0e9cf3b7f71957876~tplv-tiktokx-cropcenter:100:100.jpg?dr=9640&refresh_token=777d0904&x-expires=1775102400&x-signature=Xiy7YBY9YLY2FHFoZuYUS2m5Jss%3D&t=4d5b0474&ps=13740610&shp=30310797&shcp=ff37627b&idc=useast5,,,,,,,,,
That mask I wanna try,0,0,2026-03-21T17:55:15.000Z,glowwithjasrn,https://www.tiktok.com/@bykittymarie/video/7617314538941140237,6829826669286704134,7619768806940295966,https://p16-common-sign.tiktokcdn-us.com/tos-useast8-avt-0068-tx2/9c05e2b89dbaca515c5399119ac3e2bf~tplv-tiktokx-cropcenter:100:100.jpg?dr=9640&refresh_token=ab036bbc&x-expires=1775102400&x-signature=xghVsJbNil3yMIKPZX%2FfjnjXcbs%3D&t=4d5b0474&ps=13740610&shp=30310797&shcp=ff37627b&idc=useast5,,,,,,,,,
It’s nice that it stays in place!,0,0,2026-03-16T12:10:05.000Z,jrita1,https://www.tiktok.com/@bykittymarie/video/7617314538941140237,6735270435791766534,7617824114648236831,https://p16-common-sign.tiktokcdn-us.com/musically-maliva-obj/1594805258216454~tplv-tiktokx-cropcenter:100:100.jpg?dr=9640&refresh_token=25475cfd&x-expires=1775102400&x-signature=CPOYycLevTZ8W3HjkM5ZHmUdHjE%3D&t=4d5b0474&ps=13740610&shp=30310797&shcp=ff37627b&idc=useast5,,,,,,,,,
ohhh this looks gorg 😍😍,0,0,2026-03-19T17:22:52.000Z,jesshue,https://www.tiktok.com/@bykittymarie/video/7617314538941140237,6813553609432171526,7619018224307127054,https://p16-common-sign.tiktokcdn-us.com/tos-useast5-avt-0068-tx/51ae961a6d969f1437dea164587b2c0a~tplv-tiktokx-cropcenter:100:100.jpg?dr=9640&refresh_token=89299c27&x-expires=1775102400&x-signature=8mt6kSP%2BbR6QrPhpjyi5Ec1AMxQ%3D&t=4d5b0474&ps=13740610&shp=30310797&shcp=ff37627b&idc=useast5,,,,,,,,,
these skincare picks sound divineeee ✨ the fact that they stay on so you can multitask 👏,1,1,2026-03-15T15:00:42.000Z,rachel.m.haynes,https://www.tiktok.com/@bykittymarie/video/7617314538941140237,6761283294425711621,7617497250458370830,https://p16-common-sign.tiktokcdn-us.com/tos-useast5-avt-0068-tx/2cecdb43b807c7b8ab9bcba8d581b5db~tplv-tiktokx-cropcenter:100:100.jpg?dr=9640&refresh_token=745ca851&x-expires=1775102400&x-signature=TtF%2Bq8GTd7YLO3R4D6B0hhdBRzM%3D&t=4d5b0474&ps=13740610&shp=30310797&shcp=ff37627b&idc=useast5,,,,,,,,,
You got me at “stay in place” a lot of the masks do not,0,0,2026-03-23T05:05:21.000Z,veena.nathan,https://www.tiktok.com/@bykittymarie/video/7617314538941140237,6627614507207573510,7620312560639116045,https://p16-common-sign.tiktokcdn-us.com/tos-useast5-avt-0068-tx/2723e2d3bf514db438e79f2326bfba1a~tplv-tiktokx-cropcenter:100:100.jpg?dr=9640&refresh_token=d000ff20&x-expires=1775102400&x-signature=DY2kJsexvXjwq%2BlqMW5yOIqYP8I%3D&t=4d5b0474&ps=13740610&shp=30310797&shcp=ff37627b&idc=useast5,,,,,,,,,
These masks look so cool!,0,0,2026-03-17T05:58:04.000Z,carefree_cass,https://www.tiktok.com/@bykittymarie/video/7617314538941140237,7507685525077460014,7618099438640972574,https://p16-common-sign.tiktokcdn-us.com/tos-useast8-avt-0068-tx2/17ffb3c34a352f680b15d18330a570c4~tplv-tiktokx-cropcenter:100:100.jpg?dr=9640&refresh_token=32accca7&x-expires=1775102400&x-signature=o%2BwtV19UV7ctcCQ5ETWJ3V%2FfuXs%3D&t=4d5b0474&ps=13740610&shp=30310797&shcp=ff37627b&idc=useast5,,,,,,,,,
wait I love that it’s a clear mask omgg,1,1,2026-03-15T04:42:18.000Z,michelleavilanyc,https://www.tiktok.com/@bykittymarie/video/7617314538941140237,6751536611136586757,7617337940422869790,https://p19-common-sign.tiktokcdn-us.com/tos-useast5-avt-0068-tx/ae2ebaee49c4f55bb3c4ae48d9c68534~tplv-tiktokx-cropcenter:100:100.jpg?dr=9640&refresh_token=2b409bbb&x-expires=1775102400&x-signature=ohwRWNhuE7Q%2Fu1EAihCrziPTov0%3D&t=4d5b0474&ps=13740610&shp=30310797&shcp=ff37627b&idc=useast5,,,,,,,,,
We love a mask that stays put!,1,1,2026-03-15T14:15:36.000Z,meeraphilip,https://www.tiktok.com/@bykittymarie/video/7617314538941140237,6777844601622840326,7617485721376555790,https://p16-common-sign.tiktokcdn-us.com/tos-useast5-avt-0068-tx/15c3b780cb98e875f876365218698dcc~tplv-tiktokx-cropcenter:100:100.jpg?dr=9640&refresh_token=0282ad2a&x-expires=1775102400&x-signature=GoDYHN2u0xBOWUgl9%2FFiPcuQqww%3D&t=4d5b0474&ps=13740610&shp=30310797&shcp=ff37627b&idc=useast5,,,,,,,,,
Exactly!! If it slides off I’m instantly annoyed 😂 this one stays put!,1,,2026-03-16T03:54:34.000Z,bykittymarie,https://www.tiktok.com/@bykittymarie/video/7617314538941140237,6808327088903963654,7617696789785248526,https://p16-common-sign.tiktokcdn-us.com/tos-maliva-avt-0068/7324268623036121094~tplv-tiktokx-cropcenter:100:100.jpg?dr=9640&refresh_token=2f7d9e45&x-expires=1775102400&x-signature=IxbiTGYX3fvbzZ2NKUwTyrZXm1w%3D&t=4d5b0474&ps=13740610&shp=30310797&shcp=ff37627b&idc=useast5,,,,,,,,,
That mask looks so good!,0,0,2026-03-17T02:21:04.000Z,olivia_skincare_us,https://www.tiktok.com/@bykittymarie/video/7617314538941140237,7489941857028310046,7618043788212765470,https://p19-common-sign.tiktokcdn-us.com/tos-useast8-avt-0068-tx2/e092cd3c5610b6fa401331bc7649d210~tplv-tiktokx-cropcenter:100:100.jpg?dr=9640&refresh_token=bbdaaaf2&x-expires=1775102400&x-signature=3ggoz4METbyHjBDTM%2B%2FtsGKP7xY%3D&t=4d5b0474&ps=13740610&shp=30310797&shcp=ff37627b&idc=useast5,,,,,,,,,
That looks like I need it now!!!,0,0,2026-03-19T20:03:57.000Z,beautymadeeasy__,https://www.tiktok.com/@bykittymarie/video/7617314538941140237,6774844085581874181,7619059840309527310,https://p16-common-sign.tiktokcdn-us.com/tos-useast8-avt-0068-tx2/60094e311f435a0f7f65a052ca838877~tplv-tiktokx-cropcenter:100:100.jpg?dr=9640&refresh_token=23204618&x-expires=1775102400&x-signature=emdFAVGKq8mEaNaSnk0r%2BNE2oOM%3D&t=4d5b0474&ps=13740610&shp=30310797&shcp=ff37627b&idc=useast5,,,,,,,,,
You always have the best skincare 😍😍😍,1,1,2026-03-15T03:14:53.000Z,heybestie_94,https://www.tiktok.com/@bykittymarie/video/7617314538941140237,6791153627329381382,7617315475874464525,https://p16-common-sign.tiktokcdn-us.com/tos-useast5-avt-0068-tx/554c7c0ed8de0b8c7926f79bcb52756f~tplv-tiktokx-cropcenter:100:100.jpg?dr=9640&refresh_token=a99b7668&x-expires=1775102400&x-signature=GiZVI1fReSoOrVC8FRMPJ67GSos%3D&t=4d5b0474&ps=13740610&shp=30310797&shcp=ff37627b&idc=useast5,,,,,,,,,
You’re the sweetest!! I love finding little skincare moments like this 😍,0,,2026-03-15T04:26:09.000Z,bykittymarie,https://www.tiktok.com/@bykittymarie/video/7617314538941140237,6808327088903963654,7617333817073943310,https://p16-common-sign.tiktokcdn-us.com/tos-maliva-avt-0068/7324268623036121094~tplv-tiktokx-cropcenter:100:100.jpg?dr=9640&refresh_token=2f7d9e45&x-expires=1775102400&x-signature=IxbiTGYX3fvbzZ2NKUwTyrZXm1w%3D&t=4d5b0474&ps=13740610&shp=30310797&shcp=ff37627b&idc=useast5,,,,,,,,,
Love a good reset 😍 skin looks amazing!,1,1,2026-03-15T03:40:34.000Z,christinasophiaxo,https://www.tiktok.com/@bykittymarie/video/7617314538941140237,7452804837337334827,7617322010485736223,https://p19-common-sign.tiktokcdn-us.com/tos-useast8-avt-0068-tx2/362fb29be91e9258517cdfde5c469a19~tplv-tiktokx-cropcenter:100:100.jpg?dr=9640&refresh_token=66dbd24e&x-expires=1775102400&x-signature=lcQEROOp7L7FhZaBssWkqolMCu4%3D&t=4d5b0474&ps=13740610&shp=30310797&shcp=ff37627b&idc=useast5,,,,,,,,,
A facemask that stays in place !!!,1,1,2026-03-15T13:35:28.000Z,extraspicybriyani,https://www.tiktok.com/@bykittymarie/video/7617314538941140237,6645468788471037957,7617475247097430815,https://p16-common-sign.tiktokcdn-us.com/tos-useast8-avt-0068-tx2/10e8c62c9d1ec05b473638fd1ee03fdd~tplv-tiktokx-cropcenter:100:100.jpg?dr=9640&refresh_token=be7f9c1e&x-expires=1775102400&x-signature=EFoHolI6q%2F17GuYsKVtATylYauo%3D&t=4d5b0474&ps=13740610&shp=30310797&shcp=ff37627b&idc=useast5,,,,,,,,,
Looks so hydrating!!,1,1,2026-03-15T04:25:32.000Z,itsbansaripatel,https://www.tiktok.com/@bykittymarie/video/7617314538941140237,6810138467282060293,7617333657318228750,https://p16-common-sign.tiktokcdn-us.com/tos-useast5-avt-0068-tx/06bc28dc3dff425b904cb5a5447c28d6~tplv-tiktokx-cropcenter:100:100.jpg?dr=9640&refresh_token=e8a5076f&x-expires=1775102400&x-signature=6rWz7leXPsm7ZGgDMeNUsV3jE1o%3D&t=4d5b0474&ps=13740610&shp=30310797&shcp=ff37627b&idc=useast5,,,,,,,,,
Love a good skin reset 😍😍😍,1,1,2026-03-15T05:41:28.000Z,christinebbbroker,https://www.tiktok.com/@bykittymarie/video/7617314538941140237,7465727201788281887,7617353188912399118,https://p16-common-sign.tiktokcdn-us.com/tos-useast5-avt-0068-tx/ac69f60fcb61e5ff9ae8a6850a9e6823~tplv-tiktokx-cropcenter:100:100.jpg?dr=9640&refresh_token=d941a03d&x-expires=1775102400&x-signature=5nK1%2FwmIQlJN0M6zDGxJU1NE%2Bes%3D&t=4d5b0474&ps=13740610&shp=30310797&shcp=ff37627b&idc=useast5,,,,,,,,,
Love a mask that stays in place ☺️,0,0,2026-03-24T04:39:27.000Z,kaavvyaaaa,https://www.tiktok.com/@bykittymarie/video/7617314538941140237,6774734606559790086,7620676989481665293,https://p16-common-sign.tiktokcdn-us.com/tos-useast8-avt-0068-tx2/79d6a2261a769621320b14121c8979f9~tplv-tiktokx-cropcenter:100:100.jpg?dr=9640&refresh_token=fb7b001d&x-expires=1775102400&x-signature=1I0H7v%2FIVR9tpJY8471VpkjVNok%3D&t=4d5b0474&ps=13740610&shp=30310797&shcp=ff37627b&idc=useast5,,,,,,,,,
💋,1,1,2026-03-15T06:38:58.000Z,arealwhizzler,https://www.tiktok.com/@bykittymarie/video/7617314538941140237,6751949544528872454,7617367832125473567,https://p16-common-sign.tiktokcdn-us.com/tos-useast5-avt-0068-tx/8ef820896fee9681ebf44eb9fdcb3f73~tplv-tiktokx-cropcenter:100:100.jpg?dr=9640&refresh_token=a37bf3bb&x-expires=1775102400&x-signature=7v4nW00oSxHZHENgE9V8J2Rtm8k%3D&t=4d5b0474&ps=13740610&shp=30310797&shcp=ff37627b&idc=useast5,,,,,,,,,
😍😍😍😍,0,0,2026-03-16T05:34:09.000Z,pooja_nyc,https://www.tiktok.com/@bykittymarie/video/7617314538941140237,6758279518144807942,7617722110744838943,https://p16-common-sign.tiktokcdn-us.com/tos-useast8-avt-0068-tx2/39292197e9fc79d30807b1680dd6a9b1~tplv-tiktokx-cropcenter:100:100.jpg?dr=9640&refresh_token=3bc0caa8&x-expires=1775102400&x-signature=lkUdEKl%2BDBV7BBDjoUkwwpnhCbA%3D&t=4d5b0474&ps=13740610&shp=30310797&shcp=ff37627b&idc=useast5,,,,,,,,,
Thank you!! Weekend skincare resets are my favorite little ritual 💖,0,,2026-03-15T04:26:00.000Z,bykittymarie,https://www.tiktok.com/@bykittymarie/video/7617314538941140237,6808327088903963654,7617333810858459918,https://p16-common-sign.tiktokcdn-eu.com/tos-maliva-avt-0068/7324268623036121094~tplv-tiktokx-cropcenter:100:100.jpg?dr=10399&refresh_token=ba7822bd&x-expires=1775102400&x-signature=LR8LH1TsLUUStoc6N3rly2c0l9g%3D&t=4d5b0474&ps=13740610&shp=30310797&shcp=ff37627b&idc=no1a,,,,,,,,,
It is!! And I love that it actually stays in place while you move around 😍,0,,2026-03-15T04:25:51.000Z,bykittymarie,https://www.tiktok.com/@bykittymarie/video/7617314538941140237,6808327088903963654,7617333726276698893,https://p16-common-sign.tiktokcdn-eu.com/tos-maliva-avt-0068/7324268623036121094~tplv-tiktokx-cropcenter:100:100.jpg?dr=10399&refresh_token=ba7822bd&x-expires=1775102400&x-signature=LR8LH1TsLUUStoc6N3rly2c0l9g%3D&t=4d5b0474&ps=13740610&shp=30310797&shcp=ff37627b&idc=no1a,,,,,,,,,
Yes!! That’s one of my favorite things about it — I can actually move around while wearing it 🙌✨,1,,2026-03-16T03:53:44.000Z,bykittymarie,https://www.tiktok.com/@bykittymarie/video/7617314538941140237,6808327088903963654,7617696592082649869,https://p16-common-sign.tiktokcdn-eu.com/tos-maliva-avt-0068/7324268623036121094~tplv-tiktokx-cropcenter:100:100.jpg?dr=10399&refresh_token=ba7822bd&x-expires=1775102400&x-signature=LR8LH1TsLUUStoc6N3rly2c0l9g%3D&t=4d5b0474&ps=13740610&shp=30310797&shcp=ff37627b&idc=no1a,,,,,,,,,
I know right!! It felt so refreshing on my skin 😌✨,0,,2026-03-16T03:52:39.000Z,bykittymarie,https://www.tiktok.com/@bykittymarie/video/7617314538941140237,6808327088903963654,7617696276495450894,https://p16-common-sign.tiktokcdn-eu.com/tos-maliva-avt-0068/7324268623036121094~tplv-tiktokx-cropcenter:100:100.jpg?dr=10399&refresh_token=ba7822bd&x-expires=1775102400&x-signature=LR8LH1TsLUUStoc6N3rly2c0l9g%3D&t=4d5b0474&ps=13740610&shp=30310797&shcp=ff37627b&idc=no1a,,,,,,,,,
Right!! That’s the best part — you can actually multitask with it on 🙌,0,,2026-03-16T03:54:56.000Z,bykittymarie,https://www.tiktok.com/@bykittymarie/video/7617314538941140237,6808327088903963654,7617696877421658894,https://p16-common-sign.tiktokcdn-eu.com/tos-maliva-avt-0068/7324268623036121094~tplv-tiktokx-cropcenter:100:100.jpg?dr=10399&refresh_token=ba7822bd&x-expires=1775102400&x-signature=LR8LH1TsLUUStoc6N3rly2c0l9g%3D&t=4d5b0474&ps=13740610&shp=30310797&shcp=ff37627b&idc=no1a,,,,,,,,,
Right?! The clear hydrogel makes it feel even cooler and refreshing 😍,0,,2026-03-16T03:55:28.000Z,bykittymarie,https://www.tiktok.com/@bykittymarie/video/7617314538941140237,6808327088903963654,7617696923811037966,https://p16-common-sign.tiktokcdn-eu.com/tos-maliva-avt-0068/7324268623036121094~tplv-tiktokx-cropcenter:100:100.jpg?dr=10399&refresh_token=ba7822bd&x-expires=1775102400&x-signature=LR8LH1TsLUUStoc6N3rly2c0l9g%3D&t=4d5b0474&ps=13740610&shp=30310797&shcp=ff37627b&idc=no1a,,,,,,,,,
Same!! A good skin reset always hits different 😍,0,,2026-03-16T03:55:19.000Z,bykittymarie,https://www.tiktok.com/@bykittymarie/video/7617314538941140237,6808327088903963654,7617696900490412813,https://p16-common-sign.tiktokcdn-eu.com/tos-maliva-avt-0068/7324268623036121094~tplv-tiktokx-cropcenter:100:100.jpg?dr=10399&refresh_token=ba7822bd&x-expires=1775102400&x-signature=LR8LH1TsLUUStoc6N3rly2c0l9g%3D&t=4d5b0474&ps=13740610&shp=30310797&shcp=ff37627b&idc=no1a,,,,,,,,,
It really is! My skin felt sooo hydrated after ✨,0,,2026-03-16T03:55:41.000Z,bykittymarie,https://www.tiktok.com/@bykittymarie/video/7617314538941140237,6808327088903963654,7617697034413490957,https://p16-common-sign.tiktokcdn-eu.com/tos-maliva-avt-0068/7324268623036121094~tplv-tiktokx-cropcenter:100:100.jpg?dr=10399&refresh_token=ba7822bd&x-expires=1775102400&x-signature=LR8LH1TsLUUStoc6N3rly2c0l9g%3D&t=4d5b0474&ps=13740610&shp=30310797&shcp=ff37627b&idc=no1a,,,,,,,,,
😘😘,0,,2026-03-16T03:55:09.000Z,bykittymarie,https://www.tiktok.com/@bykittymarie/video/7617314538941140237,6808327088903963654,7617696918366782221,https://p16-common-sign.tiktokcdn-eu.com/tos-maliva-avt-0068/7324268623036121094~tplv-tiktokx-cropcenter:100:100.jpg?dr=10399&refresh_token=ba7822bd&x-expires=1775102400&x-signature=LR8LH1TsLUUStoc6N3rly2c0l9g%3D&t=4d5b0474&ps=13740610&shp=30310797&shcp=ff37627b&idc=no1a,,,,,,,,,
okay this looks so fun and glowy! omg the glass skin is glassing! 😍,0,2,2026-03-13T23:40:56.000Z,highvibebeth_beauty,https://www.tiktok.com/@couchboundrealitytv/video/7616821250341522695,7020220883801981958,7616889249842103053,https://p16-sign-va.tiktokcdn.com/tos-maliva-avt-0068/ed698fae8301b1ce3166e68c4af9b951~tplv-tiktokx-cropcenter:100:100.jpg?dr=14579&refresh_token=5bdf03ec&x-expires=1775102400&x-signature=GP362PLPs6FN6gO9GoQPyDbSuZE%3D&t=4d5b0474&ps=13740610&shp=30310797&shcp=ff37627b&idc=my2,,,,,,,,,
😂😂😂❤️,1,,2026-03-14T01:10:21.000Z,couchboundrealitytv,https://www.tiktok.com/@couchboundrealitytv/video/7616821250341522695,7328470404870898694,7616912342568256263,https://p16-sign-va.tiktokcdn.com/tos-maliva-avt-0068/68dc9eea45c4b34d2a0bc40132e946e3~tplv-tiktokx-cropcenter:100:100.jpg?dr=14579&refresh_token=ea51cdb0&x-expires=1775102400&x-signature=rQuwGzEBJtfTatF5UG1jRmUmzWE%3D&t=4d5b0474&ps=13740610&shp=30310797&shcp=ff37627b&idc=my2,,,,,,,,,
Love a good Sunday reset 😍💜,1,1,2026-03-13T23:37:03.000Z,bella_ugc_xx,https://www.tiktok.com/@couchboundrealitytv/video/7616821250341522695,7355045588800554017,7616888258035565344,https://p16-common-sign.tiktokcdn.com/tos-useast2a-avt-0068-euttp/4c9171dd40d9c84424d1ced19166fd78~tplv-tiktokx-cropcenter:100:100.jpg?dr=14579&refresh_token=14c2786a&x-expires=1775102400&x-signature=7krn2l6B8Y0281aLYdDUtKBxGYQ%3D&t=4d5b0474&ps=13740610&shp=30310797&shcp=ff37627b&idc=my2,,,,,,,,,
I filmed it on a Sunday too 😂,0,,2026-03-14T01:11:10.000Z,couchboundrealitytv,https://www.tiktok.com/@couchboundrealitytv/video/7616821250341522695,7328470404870898694,7616912555315856146,https://p16-sign-va.tiktokcdn.com/tos-maliva-avt-0068/68dc9eea45c4b34d2a0bc40132e946e3~tplv-tiktokx-cropcenter:100:100.jpg?dr=14579&refresh_token=ea51cdb0&x-expires=1775102400&x-signature=rQuwGzEBJtfTatF5UG1jRmUmzWE%3D&t=4d5b0474&ps=13740610&shp=30310797&shcp=ff37627b&idc=my2,,,,,,,,,
i love the lips container,1,0,2026-03-14T14:58:44.000Z,curated.by.colsy,https://www.tiktok.com/@couchboundrealitytv/video/7616821250341522695,6924133796581311493,7617125808053912334,https://p16-sign-va.tiktokcdn.com/tos-maliva-avt-0068/623ff0814c58c588e1b0886fce839396~tplv-tiktokx-cropcenter:100:100.jpg?dr=14579&refresh_token=77a4bd41&x-expires=1775102400&x-signature=GWVgq5u97tHrgeyUFP2vdNUZlXc%3D&t=4d5b0474&ps=13740610&shp=30310797&shcp=ff37627b&idc=my2,,,,,,,,,
So interesting it’s plant based ❤️❤️,0,1,2026-03-13T22:51:40.000Z,dejournal8,https://www.tiktok.com/@couchboundrealitytv/video/7616821250341522695,7449960098332214318,7616876615502824205,https://p16-sign-va.tiktokcdn.com/tos-maliva-avt-0068/100eb08e8020ab1b645e1ddb225c0a4d~tplv-tiktokx-cropcenter:100:100.jpg?dr=14579&refresh_token=be626e3b&x-expires=1775102400&x-signature=CTy6QDIkRwAmEUUu95tjV1iD23g%3D&t=4d5b0474&ps=13740610&shp=30310797&shcp=ff37627b&idc=my2,,,,,,,,,
"Partially,marine collagen is not vegan - the sheet is vegan!🌱",1,,2026-03-14T01:14:06.000Z,couchboundrealitytv,https://www.tiktok.com/@couchboundrealitytv/video/7616821250341522695,7328470404870898694,7616913333790458642,https://p16-sign-va.tiktokcdn.com/tos-maliva-avt-0068/68dc9eea45c4b34d2a0bc40132e946e3~tplv-tiktokx-cropcenter:100:100.jpg?dr=14579&refresh_token=ea51cdb0&x-expires=1775102400&x-signature=rQuwGzEBJtfTatF5UG1jRmUmzWE%3D&t=4d5b0474&ps=13740610&shp=30310797&shcp=ff37627b&idc=my2,,,,,,,,,
You know I don’t think I’ve ever seen a clear face mask before,1,1,2026-03-13T20:37:15.000Z,jackieoncracki,https://www.tiktok.com/@couchboundrealitytv/video/7616821250341522695,8.38185E+16,7616841900134581006,https://p16-common-sign.tiktokcdn.com/tos-maliva-avt-0068/5804685e0ef2006a397d31c1178e2394~tplv-tiktokx-cropcenter:100:100.jpg?dr=14579&refresh_token=309d788f&x-expires=1775102400&x-signature=r%2FcLy6ae5qKP9UQ%2FSj%2FbsHqyrBs%3D&t=4d5b0474&ps=13740610&shp=30310797&shcp=ff37627b&idc=my2,,,,,,,,,
It was a interesting experience 🥰,0,,2026-03-14T01:16:20.000Z,couchboundrealitytv,https://www.tiktok.com/@couchboundrealitytv/video/7616821250341522695,7328470404870898694,7616913900843795208,https://p16-sign-va.tiktokcdn.com/tos-maliva-avt-0068/68dc9eea45c4b34d2a0bc40132e946e3~tplv-tiktokx-cropcenter:100:100.jpg?dr=14579&refresh_token=ea51cdb0&x-expires=1775102400&x-signature=rQuwGzEBJtfTatF5UG1jRmUmzWE%3D&t=4d5b0474&ps=13740610&shp=30310797&shcp=ff37627b&idc=my2,,,,,,,,,
In looove with the glow 🤩🤍,0,0,2026-03-15T18:06:33.000Z,siaza.k,https://www.tiktok.com/@couchboundrealitytv/video/7616821250341522695,7473377976458871814,7617545333088305938,https://p16-sign-va.tiktokcdn.com/tos-maliva-avt-0068/26999322f3a738600de961caf172ce7f~tplv-tiktokx-cropcenter:100:100.jpg?dr=14579&refresh_token=83ed2b94&x-expires=1775102400&x-signature=LzqLonofcLc%2FlA5IY6aWW%2BVePaE%3D&t=4d5b0474&ps=13740610&shp=30310797&shcp=ff37627b&idc=my2,,,,,,,,,
That one is new for me and I need it 😍,1,0,2026-03-14T18:04:36.000Z,glow_mami,https://www.tiktok.com/@couchboundrealitytv/video/7616821250341522695,7170622265103959046,7617173726056973078,https://p16-sign-va.tiktokcdn.com/tos-maliva-avt-0068/c93dc1b827f5b7d8f45c207f1ec9e2d9~tplv-tiktokx-cropcenter:100:100.jpg?dr=14579&refresh_token=eb3e3ce1&x-expires=1775102400&x-signature=YlW72IY%2Bfz9M94M84MPAQJ6zp0Q%3D&t=4d5b0474&ps=13740610&shp=30310797&shcp=ff37627b&idc=my2,,,,,,,,,
Such a nice mask! 😍😍 the glow 😍,1,1,2026-03-13T21:14:35.000Z,boobaaloobaa,https://www.tiktok.com/@couchboundrealitytv/video/7616821250341522695,6742091611725644806,7616851617480344342,https://p16-sign-va.tiktokcdn.com/tos-maliva-avt-0068/d734b2248feb7b1133ac1a0104441a6f~tplv-tiktokx-cropcenter:100:100.jpg?dr=14579&refresh_token=746d33e8&x-expires=1775102400&x-signature=GoX0cLIcYONar79TJWK20VxDu5M%3D&t=4d5b0474&ps=13740610&shp=30310797&shcp=ff37627b&idc=my2,,,,,,,,,
I love a glow ✨✨✨,0,,2026-03-14T01:15:12.000Z,couchboundrealitytv,https://www.tiktok.com/@couchboundrealitytv/video/7616821250341522695,7328470404870898694,7616913612732875528,https://p16-sign-va.tiktokcdn.com/tos-maliva-avt-0068/68dc9eea45c4b34d2a0bc40132e946e3~tplv-tiktokx-cropcenter:100:100.jpg?dr=14579&refresh_token=ea51cdb0&x-expires=1775102400&x-signature=rQuwGzEBJtfTatF5UG1jRmUmzWE%3D&t=4d5b0474&ps=13740610&shp=30310797&shcp=ff37627b&idc=my2,,,,,,,,,
that lip mask is so cute,1,0,2026-03-13T21:10:28.000Z,keeping_up_with_chrissy,https://www.tiktok.com/@couchboundrealitytv/video/7616821250341522695,6789215457569227781,7616850440546583327,https://p16-sign-va.tiktokcdn.com/tos-maliva-avt-0068/7310685137229283370~tplv-tiktokx-cropcenter:100:100.jpg?dr=14579&refresh_token=f7da7184&x-expires=1775102400&x-signature=gRroh1LCYnNWjJAI0U%2Fe47KnmO8%3D&t=4d5b0474&ps=13740610&shp=30310797&shcp=ff37627b&idc=my2,,,,,,,,,
"Looks very interesting,clear mask ❤️",1,0,2026-03-13T19:53:58.000Z,dziosefina,https://www.tiktok.com/@couchboundrealitytv/video/7616821250341522695,7078800126109697029,7616830830132609814,https://p16-sign-va.tiktokcdn.com/tos-maliva-avt-0068/265d8aca891aaa53f9350d4b8866fda6~tplv-tiktokx-cropcenter:100:100.jpg?dr=14579&refresh_token=a038b54f&x-expires=1775102400&x-signature=zBZm7SiefsVWyfxHlenWB8QvhzQ%3D&t=4d5b0474&ps=13740610&shp=30310797&shcp=ff37627b&idc=my2,,,,,,,,,
Pamper set is needed for a long week,1,0,2026-03-13T20:43:42.000Z,glowwithod,https://www.tiktok.com/@couchboundrealitytv/video/7616821250341522695,7296198243314353185,7616843665209770774,https://p16-sign-va.tiktokcdn.com/tos-maliva-avt-0068/a640282f3bbf2c743e320a358f5a2cf2~tplv-tiktokx-cropcenter:100:100.jpg?dr=14579&refresh_token=22bdbc6f&x-expires=1775102400&x-signature=44c53fl2vgNfR588ehP8IHUH9HY%3D&t=4d5b0474&ps=13740610&shp=30310797&shcp=ff37627b&idc=my2,,,,,,,,,
This looks amazing! I must try😳,0,0,2026-03-18T22:45:44.000Z,et3rnalglow,https://www.tiktok.com/@couchboundrealitytv/video/7616821250341522695,7396854964721697834,7618730489830195981,https://p16-common-sign.tiktokcdn.com/tos-maliva-avt-0068/b68d2f7e202f4c3ce77d45c78986fed0~tplv-tiktokx-cropcenter:100:100.jpg?dr=14579&refresh_token=8239f40e&x-expires=1775102400&x-signature=iW8k3RVbCAB7%2BkAv2OeTOuWEOP8%3D&t=4d5b0474&ps=13740610&shp=30310797&shcp=ff37627b&idc=my2,,,,,,,,,
I love that the mask is transparent,0,0,2026-03-15T17:43:18.000Z,luvlyn_colors,https://www.tiktok.com/@couchboundrealitytv/video/7616821250341522695,7359623883659936801,7617539320717230851,https://p16-sign-va.tiktokcdn.com/tos-maliva-avt-0068/9515204d59f8d3df72bebc2b4d3e34c3~tplv-tiktokx-cropcenter:100:100.jpg?dr=14579&refresh_token=003c980b&x-expires=1775102400&x-signature=c82T%2BPmOXt7JBbmEKue0PLXJszc%3D&t=4d5b0474&ps=13740610&shp=30310797&shcp=ff37627b&idc=my2,,,,,,,,,
Where can I get that mask?,0,0,2026-03-14T21:57:12.000Z,wendy_mariel22,https://www.tiktok.com/@couchboundrealitytv/video/7616821250341522695,6822569630058824710,7617233642641113876,https://p16-common-sign.tiktokcdn.com/tos-alisg-avt-0068/188633a55cd70e9193d40647fd9d5755~tplv-tiktokx-cropcenter:100:100.jpg?dr=14579&refresh_token=8cf57650&x-expires=1775102400&x-signature=NVXulf5eLYBtYnbMCAD1cJkPO6U%3D&t=4d5b0474&ps=13740610&shp=30310797&shcp=ff37627b&idc=my2,,,,,,,,,
Your skin looks amazing,1,0,2026-03-14T17:45:24.000Z,barespice,https://www.tiktok.com/@couchboundrealitytv/video/7616821250341522695,7467966464915932193,7617168798122443542,https://p16-sign-va.tiktokcdn.com/tos-maliva-avt-0068/a5d956146d6dd0860d1284abe6f802a7~tplv-tiktokx-cropcenter:100:100.jpg?dr=14579&refresh_token=d3f920c1&x-expires=1775102400&x-signature=kqH%2F30w8LyuWXSI%2FsrDtbKQiNM0%3D&t=4d5b0474&ps=13740610&shp=30310797&shcp=ff37627b&idc=my2,,,,,,,,,
that looks so fun. great for spa night,0,0,2026-03-13T23:31:02.000Z,christielashay,https://www.tiktok.com/@couchboundrealitytv/video/7616821250341522695,6794952952680956933,7616886685046260494,https://p16-sign-va.tiktokcdn.com/tos-maliva-avt-0068/bde75c9fb8e6ab3b26314bb7a9b516d2~tplv-tiktokx-cropcenter:100:100.jpg?dr=14579&refresh_token=42cb0009&x-expires=1775102400&x-signature=8GbMZYTRU9f29QrymbS%2By765cZI%3D&t=4d5b0474&ps=13740610&shp=30310797&shcp=ff37627b&idc=my2,,,,,,,,,
That looks it would be sooooo hydrating,0,1,2026-03-13T21:34:27.000Z,sashreport1,https://www.tiktok.com/@couchboundrealitytv/video/7616821250341522695,7368667626538812446,7616856622145225486,https://p16-sign-va.tiktokcdn.com/tos-maliva-avt-0068/f855697ed48b49bf04c1b7f1d6d380fb~tplv-tiktokx-cropcenter:100:100.jpg?dr=14579&refresh_token=0e22fcb5&x-expires=1775102400&x-signature=n6NLJ5CViPGWO3NlQCKSZQdZ1xg%3D&t=4d5b0474&ps=13740610&shp=30310797&shcp=ff37627b&idc=my2,,,,,,,,,
My skin felt so nice after,0,,2026-03-14T01:14:36.000Z,couchboundrealitytv,https://www.tiktok.com/@couchboundrealitytv/video/7616821250341522695,7328470404870898694,7616913459510428424,https://p16-sign-va.tiktokcdn.com/tos-maliva-avt-0068/68dc9eea45c4b34d2a0bc40132e946e3~tplv-tiktokx-cropcenter:100:100.jpg?dr=14579&refresh_token=ea51cdb0&x-expires=1775102400&x-signature=rQuwGzEBJtfTatF5UG1jRmUmzWE%3D&t=4d5b0474&ps=13740610&shp=30310797&shcp=ff37627b&idc=my2,,,,,,,,,
Oh yesss 😍 looks so cool ! Love it !,1,0,2026-03-13T20:43:06.000Z,fakehair_dntcare,https://www.tiktok.com/@couchboundrealitytv/video/7616821250341522695,7245454061264389166,7616843419410973453,https://p16-sign-va.tiktokcdn.com/tos-maliva-avt-0068/09d1028ec40282e2f6ed94b1c3bc06b9~tplv-tiktokx-cropcenter:100:100.jpg?dr=14579&refresh_token=2b512de4&x-expires=1775102400&x-signature=iz8CfjV5Nzc6DCcsb6%2Fk4S%2B9XRE%3D&t=4d5b0474&ps=13740610&shp=30310797&shcp=ff37627b&idc=my2,,,,,,,,,
"Wow, that mask just disappeared",0,1,2026-03-13T21:01:33.000Z,dr_narnah,https://www.tiktok.com/@couchboundrealitytv/video/7616821250341522695,6795641671382057990,7616848258744615702,https://p16-sign-va.tiktokcdn.com/tos-maliva-avt-0068/c1536b75cb51c8d37fd8cb2605568977~tplv-tiktokx-cropcenter:100:100.jpg?dr=14579&refresh_token=d779bf4b&x-expires=1775102400&x-signature=Ne9fJYfZC7wexYSJFS6%2FF7KKvkQ%3D&t=4d5b0474&ps=13740610&shp=30310797&shcp=ff37627b&idc=my2,,,,,,,,,
🤣 it was interesting,1,,2026-03-14T01:15:55.000Z,couchboundrealitytv,https://www.tiktok.com/@couchboundrealitytv/video/7616821250341522695,7328470404870898694,7616913779615843079,https://p16-sign-va.tiktokcdn.com/tos-maliva-avt-0068/68dc9eea45c4b34d2a0bc40132e946e3~tplv-tiktokx-cropcenter:100:100.jpg?dr=14579&refresh_token=ea51cdb0&x-expires=1775102400&x-signature=rQuwGzEBJtfTatF5UG1jRmUmzWE%3D&t=4d5b0474&ps=13740610&shp=30310797&shcp=ff37627b&idc=my2,,,,,,,,,
Wow💖,0,0,2026-03-14T09:33:30.000Z,l_torres,https://www.tiktok.com/@couchboundrealitytv/video/7616821250341522695,81199730248081408,7617041246889444127,https://p16-sign-va.tiktokcdn.com/tos-maliva-avt-0068/7e0438ab82c3b812b8612ea0823a7377~tplv-tiktokx-cropcenter:100:100.jpg?dr=14579&refresh_token=c0776f25&x-expires=1775102400&x-signature=fXukiXxMaQn%2F8EXcPq7Fb9dRE8A%3D&t=4d5b0474&ps=13740610&shp=30310797&shcp=ff37627b&idc=my2,,,,,,,,,
Amazing mask,0,0,2026-03-14T21:49:11.000Z,edyta_alice,https://www.tiktok.com/@couchboundrealitytv/video/7616821250341522695,7303562238990992416,7617231602192319254,https://p16-common-sign.tiktokcdn.com/tos-maliva-avt-0068/f3b144c8d64d107351ad3e25f3ab486a~tplv-tiktokx-cropcenter:100:100.jpg?dr=14579&refresh_token=40ad5c4a&x-expires=1775102400&x-signature=xRqWhoxwK3NAlkI61nDGzSiwEyg%3D&t=4d5b0474&ps=13740610&shp=30310797&shcp=ff37627b&idc=my2,,,,,,,,,
Very interesting and looks hydrating,1,0,2026-03-14T12:43:14.000Z,shonawignal26,https://www.tiktok.com/@couchboundrealitytv/video/7616821250341522695,7000698692982883333,7617090939755971349,https://p16-sign-va.tiktokcdn.com/tos-maliva-avt-0068/746947f38c29a6e5b484cabc12f8eb05~tplv-tiktokx-cropcenter:100:100.jpg?dr=14579&refresh_token=956102c9&x-expires=1775102400&x-signature=0k4B7a9WOMqOcVkq2%2FHa9Lxd%2BWw%3D&t=4d5b0474&ps=13740610&shp=30310797&shcp=ff37627b&idc=my2,,,,,,,,,
Wow love to try,1,0,2026-03-15T04:40:48.000Z,funmiomookun,https://www.tiktok.com/@couchboundrealitytv/video/7616821250341522695,6810285387089839109,7617337684939866896,https://p16-common-sign.tiktokcdn.com/tos-maliva-avt-0068/aafd41a3ab485ede3ee246b04aa81410~tplv-tiktokx-cropcenter:100:100.jpg?dr=14579&refresh_token=5156babb&x-expires=1775102400&x-signature=ZEqYDG14Xs0cQGz%2FhslLuq5PiJM%3D&t=4d5b0474&ps=13740610&shp=30310797&shcp=ff37627b&idc=my2,,,,,,,,,
Amazing masks🥰Need to try😻,0,0,2026-03-15T01:00:44.000Z,review.with.olya,https://www.tiktok.com/@couchboundrealitytv/video/7616821250341522695,7348581863387399211,7617280926997136159,https://p16-sign-va.tiktokcdn.com/tos-maliva-avt-0068/4406fb164136b55f2ae1603472a92d33~tplv-tiktokx-cropcenter:100:100.jpg?dr=14579&refresh_token=3caf155c&x-expires=1775102400&x-signature=hcV72dXLVzeiJTg20k2yJRprw8E%3D&t=4d5b0474&ps=13740610&shp=30310797&shcp=ff37627b&idc=my2,,,,,,,,,
Tengo muchas ganas de probar esa mascarilla,1,0,2026-03-13T21:18:35.000Z,kasssanchez21,https://www.tiktok.com/@couchboundrealitytv/video/7616821250341522695,7189144449086211078,7616852608783287057,https://p16-sign-sg.tiktokcdn.com/tos-alisg-avt-0068/56caa13b82e9f649d1da25a33e18a631~tplv-tiktokx-cropcenter:100:100.jpg?dr=14579&refresh_token=7ad2ed6c&x-expires=1775102400&x-signature=VCwVZbG95xytkkKkrfvFqWijT7I%3D&t=4d5b0474&ps=13740610&shp=30310797&shcp=ff37627b&idc=my2,,,,,,,,,
Ohhh I love a good skincare routine ❤️❤️,0,0,2026-03-19T19:46:10.000Z,thyzensunflower,https://www.tiktok.com/@couchboundrealitytv/video/7616821250341522695,6725110010784941062,7619055211479696159,https://p16-sign-va.tiktokcdn.com/tos-maliva-avt-0068/d05dbe641fef161cff513985c594ebf0~tplv-tiktokx-cropcenter:100:100.jpg?dr=14579&refresh_token=26d33ae4&x-expires=1775102400&x-signature=oQGEatodW4i2RDFlY5Ca7noAoDc%3D&t=4d5b0474&ps=13740610&shp=30310797&shcp=ff37627b&idc=my2,,,,,,,,,
I love the results gorgeous glowing,1,0,2026-03-14T16:18:03.000Z,k_slimzy,https://www.tiktok.com/@couchboundrealitytv/video/7616821250341522695,6811816343799120902,7617146256863494934,https://p16-sign-va.tiktokcdn.com/tos-maliva-avt-0068/df94c3dd014894e6d4daa37168ce19bd~tplv-tiktokx-cropcenter:100:100.jpg?dr=14579&refresh_token=a67d0aab&x-expires=1775102400&x-signature=mk3TJ4esm0IeMak1Q35XjB50CRM%3D&t=4d5b0474&ps=13740610&shp=30310797&shcp=ff37627b&idc=my2,,,,,,,,,
Never seen a transparent mask 🤩,0,0,2026-03-16T01:33:48.000Z,deeenma,https://www.tiktok.com/@couchboundrealitytv/video/7616821250341522695,7354382267463353377,7617660274917573398,https://p16-common-sign.tiktokcdn.com/tos-useast2a-avt-0068-euttp/e09b19600663a1efa8861767f496ce35~tplv-tiktokx-cropcenter:100:100.jpg?dr=14579&refresh_token=43230d16&x-expires=1775102400&x-signature=Hj90Njd5A%2BJBuVx7qDvrXdycv5M%3D&t=4d5b0474&ps=13740610&shp=30310797&shcp=ff37627b&idc=my2,,,,,,,,,
Ooo this looks so hydrating!!,0,1,2026-03-14T00:26:34.000Z,unboxwith_ke,https://www.tiktok.com/@couchboundrealitytv/video/7616821250341522695,7264612508429763616,7616900910208697110,https://p16-sign-va.tiktokcdn.com/tos-maliva-avt-0068/b2f93de34afc6208f26b1f34acd5f469~tplv-tiktokx-cropcenter:100:100.jpg?dr=14579&refresh_token=cd791bd8&x-expires=1775102400&x-signature=Gbvmy6lznlLH%2FSbvpBm3OcMFcH0%3D&t=4d5b0474&ps=13740610&shp=30310797&shcp=ff37627b&idc=my2,,,,,,,,,
It was!,0,,2026-03-14T01:09:51.000Z,couchboundrealitytv,https://www.tiktok.com/@couchboundrealitytv/video/7616821250341522695,7328470404870898694,7616912242529780498,https://p16-sign-va.tiktokcdn.com/tos-maliva-avt-0068/68dc9eea45c4b34d2a0bc40132e946e3~tplv-tiktokx-cropcenter:100:100.jpg?dr=14579&refresh_token=ea51cdb0&x-expires=1775102400&x-signature=rQuwGzEBJtfTatF5UG1jRmUmzWE%3D&t=4d5b0474&ps=13740610&shp=30310797&shcp=ff37627b&idc=my2,,,,,,,,,
I like this mask 🥰,0,0,2026-03-17T07:00:10.000Z,aroma_in_a_box,https://www.tiktok.com/@couchboundrealitytv/video/7616821250341522695,7248033558450783275,7618115428611048222,https://p16-sign-va.tiktokcdn.com/tos-maliva-avt-0068/780a0ecd0f77b2a3f373dd738c5f8922~tplv-tiktokx-cropcenter:100:100.jpg?dr=14579&refresh_token=50d55d87&x-expires=1775102400&x-signature=gvFfj9T09BRMaaz8iNSTcF86Flo%3D&t=4d5b0474&ps=13740610&shp=30310797&shcp=ff37627b&idc=my2,,,,,,,,,
Haven’t heard of this before but 👀👀,1,0,2026-03-13T23:00:32.000Z,sais787,https://www.tiktok.com/@kaylee.ugc_/video/7616728911161953554,6817623096342643717,7616878912517849872,https://p16-common-sign.tiktokcdn-us.com/tos-maliva-avt-0068/bf0d381947d4e3f7eb3f6529913d7594~tplv-tiktokx-cropcenter:100:100.jpg?dr=9640&refresh_token=16f19800&x-expires=1775102400&x-signature=Ro0iF8gqbkehnrjiGioW25%2Bt%2Bu4%3D&t=4d5b0474&ps=13740610&shp=30310797&shcp=ff37627b&idc=useast8,,,,,,,,,
These masks look great🤩,1,0,2026-03-13T23:54:03.000Z,beautyfanover40,https://www.tiktok.com/@kaylee.ugc_/video/7616728911161953554,7167897128570864646,7616892691310445330,https://p16-common-sign.tiktokcdn-us.com/tos-maliva-avt-0068/7ac1a274b6a826c35da42cb6a3fc6152~tplv-tiktokx-cropcenter:100:100.jpg?dr=9640&refresh_token=6e0ce8c9&x-expires=1775102400&x-signature=Bc0nCIiMNjE2cIm23gspuO7R%2FN8%3D&t=4d5b0474&ps=13740610&shp=30310797&shcp=ff37627b&idc=useast8,,,,,,,,,
New product to try 💕,0,0,2026-03-14T07:59:53.000Z,imsyneathita2,https://www.tiktok.com/@kaylee.ugc_/video/7616728911161953554,7422623835130889223,7617017891091514132,https://p16-common-sign.tiktokcdn-us.com/tos-alisg-avt-0068/1b98c0eff9e3df54a3d6944578fcec4d~tplv-tiktokx-cropcenter:100:100.jpg?dr=9640&refresh_token=bd84d080&x-expires=1775102400&x-signature=AzXOCuEK%2Fszlf2ZpsnBlqWwBL50%3D&t=4d5b0474&ps=13740610&shp=30310797&shcp=ff37627b&idc=useast8,,,,,,,,,
Oh lalaa 😍😍 i need to try it looks so good,0,0,2026-03-21T11:06:54.000Z,ugcbynari,https://www.tiktok.com/@couchboundrealitytv/video/7616821250341522695,7466116940626822166,7619663686462079766,https://p16-common-sign.tiktokcdn-us.com/tos-maliva-avt-0068/c4d591fc382e77e09d9324639e1246fd~tplv-tiktokx-cropcenter:100:100.jpg?dr=9640&refresh_token=96a87bb8&x-expires=1775102400&x-signature=NX9pHoNzoXaTX9lmfg2AoFPJHqk%3D&t=4d5b0474&ps=13740610&shp=30310797&shcp=ff37627b&idc=useast8,,,,,,,,,
I love the mask,0,0,2026-03-13T19:47:46.000Z,ashabieats_,https://www.tiktok.com/@couchboundrealitytv/video/7616821250341522695,6807479464458126342,7616829253035754258,https://p16-common-sign.tiktokcdn-us.com/tos-maliva-avt-0068/f7e8af1cb4d8cc88ab2e8ebc914f2b4e~tplv-tiktokx-cropcenter:100:100.jpg?dr=9640&refresh_token=caed6c12&x-expires=1775102400&x-signature=f679flBlJgg3zuxjy6H6gvNMzaY%3D&t=4d5b0474&ps=13740610&shp=30310797&shcp=ff37627b&idc=useast8,,,,,,,,,
Thats looks amazing,1,0,2026-03-14T09:44:02.000Z,beautyalvi,https://www.tiktok.com/@couchboundrealitytv/video/7616821250341522695,7122188705062175750,7617044703121769239,https://p16-common-sign.tiktokcdn-us.com/tos-maliva-avt-0068/20d6208003c85843e9d97626c1e3c1ad~tplv-tiktokx-cropcenter:100:100.jpg?dr=9640&refresh_token=eceae4b2&x-expires=1775102400&x-signature=7iAoiqreeaqHm2434GU4uIwQIqY%3D&t=4d5b0474&ps=13740610&shp=30310797&shcp=ff37627b&idc=useast8,,,,,,,,,
Such a cute set. Love the lip mask,1,1,2026-03-13T20:23:29.000Z,rebelkushie,https://www.tiktok.com/@couchboundrealitytv/video/7616821250341522695,7254256541384442886,7616838451484394262,https://p16-common-sign.tiktokcdn-us.com/tos-maliva-avt-0068/1e5c817a6b919d19647505ce15614f32~tplv-tiktokx-cropcenter:100:100.jpg?dr=9640&refresh_token=f534f951&x-expires=1775102400&x-signature=CrnYgu4EIpPkM4xFSlmJjkOJHew%3D&t=4d5b0474&ps=13740610&shp=30310797&shcp=ff37627b&idc=useast8,,,,,,,,,
Isn’t it adorable?,0,,2026-03-14T01:16:45.000Z,couchboundrealitytv,https://www.tiktok.com/@couchboundrealitytv/video/7616821250341522695,7328470404870898694,7616914007505240840,https://p19-common-sign.tiktokcdn-us.com/tos-maliva-avt-0068/68dc9eea45c4b34d2a0bc40132e946e3~tplv-tiktokx-cropcenter:100:100.jpg?dr=9640&refresh_token=54e0e9ae&x-expires=1775102400&x-signature=bRJaKQc7CubWY2Sb%2Bl2Leblafwg%3D&t=4d5b0474&ps=13740610&shp=30310797&shcp=ff37627b&idc=useast8,,,,,,,,,
So glowyy,1,1,2026-03-13T19:47:07.000Z,chukwuarapunam3,https://www.tiktok.com/@couchboundrealitytv/video/7616821250341522695,7395680861994370081,7616829084592849686,https://p16-common-sign.tiktokcdn-us.com/tos-maliva-avt-0068/a641646e4a1fac46f934ef9812f8efb3~tplv-tiktokx-cropcenter:100:100.jpg?dr=9640&refresh_token=013e60d9&x-expires=1775102400&x-signature=kY%2BFPzX17NcgtGRFWMWo1VxszR0%3D&t=4d5b0474&ps=13740610&shp=30310797&shcp=ff37627b&idc=useast8,,,,,,,,,
Love the ✨✨✨,0,,2026-03-14T01:17:31.000Z,couchboundrealitytv,https://www.tiktok.com/@couchboundrealitytv/video/7616821250341522695,7328470404870898694,7616914179098493714,https://p19-common-sign.tiktokcdn-us.com/tos-maliva-avt-0068/68dc9eea45c4b34d2a0bc40132e946e3~tplv-tiktokx-cropcenter:100:100.jpg?dr=9640&refresh_token=54e0e9ae&x-expires=1775102400&x-signature=bRJaKQc7CubWY2Sb%2Bl2Leblafwg%3D&t=4d5b0474&ps=13740610&shp=30310797&shcp=ff37627b&idc=useast8,,,,,,,,,
Super cute,1,0,2026-03-13T21:49:15.000Z,chinnybabe25,https://www.tiktok.com/@couchboundrealitytv/video/7616821250341522695,6991478445013009413,7616860539041481490,https://p16-common-sign.tiktokcdn-us.com/tos-alisg-avt-0068/7e10d29ba0fd52d569fd865ea85af8b7~tplv-tiktokx-cropcenter:100:100.jpg?dr=9640&refresh_token=954dde04&x-expires=1775102400&x-signature=xw%2FaZEZswgPwLKTxO8bClk6BGuI%3D&t=4d5b0474&ps=13740610&shp=30310797&shcp=ff37627b&idc=useast8,,,,,,,,,
I love a good mask sheet! Overall love the routine,1,0,2026-03-13T20:24:30.000Z,dblacdanni,https://www.tiktok.com/@couchboundrealitytv/video/7616821250341522695,7273217545192571936,7616838698651517718,https://p19-common-sign.tiktokcdn-us.com/tos-maliva-avt-0068/24ceed9023e59027fb1465bce04b3744~tplv-tiktokx-cropcenter:100:100.jpg?dr=9640&refresh_token=15897b89&x-expires=1775102400&x-signature=5b9PidQX0uwkNI03RYHwRsD5O1Y%3D&t=4d5b0474&ps=13740610&shp=30310797&shcp=ff37627b&idc=useast8,,,,,,,,,
"Woow looks so good , like the result after 😍😍",1,0,2026-03-14T00:26:08.000Z,zhara.el.hdrt,https://www.tiktok.com/@couchboundrealitytv/video/7616821250341522695,7334075341466256417,7616900843372266262,https://p16-common-sign.tiktokcdn-us.com/tos-maliva-avt-0068/5a3c1cb79554080cd77e4806936f73f6~tplv-tiktokx-cropcenter:100:100.jpg?dr=9640&refresh_token=c2b1ecf4&x-expires=1775102400&x-signature=g91hVc37DUpwQHwoqV2BIk1FPx8%3D&t=4d5b0474&ps=13740610&shp=30310797&shcp=ff37627b&idc=useast8,,,,,,,,,
"That’s a very good mask, I’d love to try it out",1,0,2026-03-14T13:33:47.000Z,thefoluwaolad,https://www.tiktok.com/@couchboundrealitytv/video/7616821250341522695,7338503035599930401,7617103929021137686,https://p16-common-sign.tiktokcdn-us.com/tos-maliva-avt-0068/553c1211f8cc579479335ee4d37426c9~tplv-tiktokx-cropcenter:100:100.jpg?dr=9640&refresh_token=60f31eed&x-expires=1775102400&x-signature=Z%2BH7818ejaWNcmuPhe%2F%2BE3QLWGs%3D&t=4d5b0474&ps=13740610&shp=30310797&shcp=ff37627b&idc=useast8,,,,,,,,,
It’s so hydrating!!,1,0,2026-03-14T09:54:08.000Z,lifestylewith_rae,https://www.tiktok.com/@couchboundrealitytv/video/7616821250341522695,6954502997007533062,7617047360337756946,https://p16-common-sign.tiktokcdn-us.com/tos-alisg-avt-0068/c46c4c63ff78f28afa15819199bb45c1~tplv-tiktokx-cropcenter:100:100.jpg?dr=9640&refresh_token=e7100b63&x-expires=1775102400&x-signature=LfTI3FtfBqNuENZpENtlVyY%2BzrI%3D&t=4d5b0474&ps=13740610&shp=30310797&shcp=ff37627b&idc=useast8,,,,,,,,,
Love that!!!!❤️,1,0,2026-03-13T20:23:27.000Z,peachesconnelly,https://www.tiktok.com/@couchboundrealitytv/video/7616821250341522695,7164722039520986158,7616838287991767821,https://p19-common-sign.tiktokcdn-us.com/tos-useast5-avt-0068-tx/e5db7cd1a4a63f04fa3da16e3d25665c~tplv-tiktokx-cropcenter:100:100.jpg?dr=9640&refresh_token=e68a02d7&x-expires=1775102400&x-signature=ppFx89YwpcSth2zl4sXdRJQoP%2Bs%3D&t=4d5b0474&ps=13740610&shp=30310797&shcp=ff37627b&idc=useast8,,,,,,,,,
Ohh this mask looks interesting 💜,1,0,2026-03-13T23:24:52.000Z,beautyndvlogs,https://www.tiktok.com/@couchboundrealitytv/video/7616821250341522695,7356920139415094277,7616885187091628801,https://p16-common-sign.tiktokcdn-us.com/tos-alisg-avt-0068/c20de9c7fcea3954378ae394f8af8bd0~tplv-tiktokx-cropcenter:100:100.jpg?dr=9640&refresh_token=4f99d0c6&x-expires=1775102400&x-signature=noXjKjHAy558d9KYjURtUdWzK3Q%3D&t=4d5b0474&ps=13740610&shp=30310797&shcp=ff37627b&idc=useast8,,,,,,,,,
love collagen masks🤩💖,1,0,2026-03-13T21:28:57.000Z,diarioditester,https://www.tiktok.com/@couchboundrealitytv/video/7616821250341522695,7538085565226730518,7616855319155131158,https://p16-common-sign.tiktokcdn-eu.com/tos-no1a-avt-0068c001-no/0361764e148ebf2125525671b27be0ce~tplv-tiktokx-cropcenter:100:100.jpg?dr=10399&refresh_token=1b1276ee&x-expires=1775102400&x-signature=W4PQJFPKsYldjn4GHZ7XSNvf490%3D&t=4d5b0474&ps=13740610&shp=30310797&shcp=ff37627b&idc=no1a,,,,,,,,,
Your skin looks amazing!,0,0,2026-03-17T18:21:32.000Z,lisa_unhingedbrain,https://www.tiktok.com/@couchboundrealitytv/video/7616821250341522695,7514034212199466027,7618291244792185630,https://p16-common-sign.tiktokcdn-eu.com/tos-maliva-avt-0068/e856099f86b37590aef5d0004503ddcc~tplv-tiktokx-cropcenter:100:100.jpg?dr=10399&refresh_token=6497579c&x-expires=1775102400&x-signature=wHpJygHAf4stQDZ9X9TAxStrVrA%3D&t=4d5b0474&ps=13740610&shp=30310797&shcp=ff37627b&idc=no1a,,,,,,,,,
I love using masks! This looks great 🤩,1,0,2026-03-13T19:45:13.000Z,thejoyinthings,https://www.tiktok.com/@couchboundrealitytv/video/7616821250341522695,7560526901664891917,7616828142289077023,https://p16-common-sign.tiktokcdn-eu.com/tos-maliva-avt-0068/5186f19d58116b85f5c0b6095255fdf4~tplv-tiktokx-cropcenter:100:100.jpg?dr=10399&refresh_token=2b1271c8&x-expires=1775102400&x-signature=rkuSLBfOrYu6s1Yzsn6E4Qnl4y4%3D&t=4d5b0474&ps=13740610&shp=30310797&shcp=ff37627b&idc=no1a,,,,,,,,,
Wow Glass skin😍😍 I need it ❤️,0,0,2026-03-15T11:26:02.000Z,oana23alexandra,https://www.tiktok.com/@couchboundrealitytv/video/7616821250341522695,6820821174625960965,7617442111558484758,https://p16-common-sign.tiktokcdn-eu.com/tos-no1a-avt-0068c001-no/50442780ea1e6deecebbbe1a88417f8c~tplv-tiktokx-cropcenter:100:100.jpg?dr=10399&refresh_token=47bb8e17&x-expires=1775102400&x-signature=ZbubU0knGrBTVG8V0SmXZSmXdpo%3D&t=4d5b0474&ps=13740610&shp=30310797&shcp=ff37627b&idc=no1a,,,,,,,,,
Can’t wait to try this,1,0,2026-03-14T00:51:53.000Z,mara_hunt88,https://www.tiktok.com/@couchboundrealitytv/video/7616821250341522695,6867958722368783365,7616907525620073233,https://p16-common-sign.tiktokcdn-eu.com/tos-maliva-avt-0068/b4571d860a919a43ecc1216d29fdfb6e~tplv-tiktokx-cropcenter:100:100.jpg?dr=10399&refresh_token=a3776b25&x-expires=1775102400&x-signature=WUIMStXbZkugDK%2FLEBDGrhUUzik%3D&t=4d5b0474&ps=13740610&shp=30310797&shcp=ff37627b&idc=no1a,,,,,,,,,
Wow great reset with great hydration,0,0,2026-03-14T04:20:49.000Z,lifewith_anna5,https://www.tiktok.com/@couchboundrealitytv/video/7616821250341522695,7371590707667502122,7616961027847406367,https://p16-common-sign.tiktokcdn-eu.com/tos-maliva-avt-0068/336407da1e078b1ac091b6154ef74c69~tplv-tiktokx-cropcenter:100:100.jpg?dr=10399&refresh_token=75c434e3&x-expires=1775102400&x-signature=VoCALqyuliDUFZzvzAiQ0wKwSxI%3D&t=4d5b0474&ps=13740610&shp=30310797&shcp=ff37627b&idc=no1a,,,,,,,,,
This is a very great mask 😏,0,0,2026-03-14T22:54:21.000Z,agathevdle,https://www.tiktok.com/@couchboundrealitytv/video/7616821250341522695,7384181428983170081,7617248363663131414,https://p16-common-sign.tiktokcdn-eu.com/tos-no1a-avt-0068c001-no/5339cd66a4fe1c32811ba4b0ce9bd41e~tplv-tiktokx-cropcenter:100:100.jpg?dr=10399&refresh_token=7a3eb626&x-expires=1775102400&x-signature=TSFZGKk7vAtJjivMdKgpQu9lixM%3D&t=4d5b0474&ps=13740610&shp=30310797&shcp=ff37627b&idc=no1a,,,,,,,,,
looks so good 😍,0,0,2026-03-14T03:36:55.000Z,lizmoons,https://www.tiktok.com/@couchboundrealitytv/video/7616821250341522695,6639979667581616133,7616950092654838549,https://p16-common-sign.tiktokcdn-eu.com/tos-alisg-avt-0068/df77c554e4fca0a6eac1350ef25a8122~tplv-tiktokx-cropcenter:100:100.jpg?dr=10399&refresh_token=9b18f6dc&x-expires=1775102400&x-signature=3DDgzmuvI6E2qNCcGJOowaiU1Qc%3D&t=4d5b0474&ps=13740610&shp=30310797&shcp=ff37627b&idc=no1a,,,,,,,,,
Son geniales las mascarilla,1,1,2026-03-29T04:18:12.000Z,halibelgonzalez,https://www.tiktok.com/@yess_cuevasr/video/7622524349504867598,6915053462188540933,7622527025106256670,https://p16-common-sign.tiktokcdn-us.com/tos-useast8-avt-0068-tx2/d852b5c4ecb5627c6229808174236998~tplv-tiktokx-cropcenter:100:100.jpg?dr=9640&refresh_token=3dea8b76&x-expires=1775102400&x-signature=Ny9szUPlJcLR2YyyLLfPy2zE4lE%3D&t=4d5b0474&ps=13740610&shp=30310797&shcp=ff37627b&idc=useast8,,,,,,,,,
Asi es,0,,2026-03-30T15:55:56.000Z,yess_cuevasr,https://www.tiktok.com/@yess_cuevasr/video/7622524349504867598,6806140872964572165,7623077763046818574,https://p16-common-sign.tiktokcdn-us.com/tos-maliva-avt-0068/8f41a26890c39f678a03f6c23929a98c~tplv-tiktokx-cropcenter:100:100.jpg?dr=9640&refresh_token=0e519a86&x-expires=1775102400&x-signature=FQsy7LY18R0dGsv5Ok2SVGkNgJ8%3D&t=4d5b0474&ps=13740610&shp=30310797&shcp=ff37627b&idc=useast8,,,,,,,,,
Uyss👌🤭✨,0,0,2026-03-29T16:16:13.000Z,donita.09,https://www.tiktok.com/@yess_cuevasr/video/7622524349504867598,63693620697,7622712065976156949,https://p16-common-sign.tiktokcdn-us.com/tos-maliva-avt-0068/3b42574c2f9267e1888af6e0e27a0b4d~tplv-tiktokx-cropcenter:100:100.jpg?dr=9640&refresh_token=227b6746&x-expires=1775102400&x-signature=8okCkKowlEMw2JsbnuyV2j%2BCdcs%3D&t=4d5b0474&ps=13740610&shp=30310797&shcp=ff37627b&idc=useast8,,,,,,,,,
it looks so hydrating 😍,0,0,2026-03-30T01:29:23.000Z,ela.dolsi,https://www.tiktok.com/@syeda0096/video/7622005975561587982,7591626477700137996,7622854592817677076,https://p19-common-sign.tiktokcdn-us.com/tos-alisg-avt-0068/04098c45535f4b5029fa6127fdcb288e~tplv-tiktokx-cropcenter:100:100.jpg?dr=9640&refresh_token=1b38a869&x-expires=1775102400&x-signature=fe6Fr1r3sl1dOFt%2BWlb0vMfTcgk%3D&t=4d5b0474&ps=13740610&shp=30310797&shcp=ff37627b&idc=useast8,,,,,,,,,
This is so good mask ❤️❤️❤️,0,0,2026-03-27T23:48:12.000Z,user98567894,https://www.tiktok.com/@syeda0096/video/7622005975561587982,6591152063580815366,7622086351165014791,https://p16-common-sign.tiktokcdn-us.com/tos-alisg-avt-0068/704950bd409d270bd08f6b9c275b4880~tplv-tiktokx-cropcenter:100:100.jpg?dr=9640&refresh_token=cadb2067&x-expires=1775102400&x-signature=wmzIUlLFEytROOkSsAVYjjWCUP4%3D&t=4d5b0474&ps=13740610&shp=30310797&shcp=ff37627b&idc=useast8,,,,,,,,,
Awesome hydratating lip mask 👄,0,0,2026-03-28T18:05:17.000Z,faraz9888,https://www.tiktok.com/@syeda0096/video/7622005975561587982,7502672897954235434,7622369005421265694,https://p16-common-sign.tiktokcdn-us.com/tos-useast8-avt-0068-tx2/c2d49e8cf13042630c7a441860224d76~tplv-tiktokx-cropcenter:100:100.jpg?dr=9640&refresh_token=f3eef58a&x-expires=1775102400&x-signature=W5K0BUfUQ8tiKyyOnoSrLR8fw4s%3D&t=4d5b0474&ps=13740610&shp=30310797&shcp=ff37627b&idc=useast8,,,,,,,,,
I love it 🥰❤️,0,0,2026-03-29T02:13:03.000Z,cinnylove30,https://www.tiktok.com/@syeda0096/video/7622005975561587982,54609886977761280,7622494794958652178,https://p16-common-sign.tiktokcdn-us.com/tos-alisg-avt-0068/2a37997c54f97040cc826364d58d4594~tplv-tiktokx-cropcenter:100:100.jpg?dr=9640&refresh_token=f6fc6948&x-expires=1775102400&x-signature=SZ8WOetV9zTc9o4VocLjwukkDlE%3D&t=4d5b0474&ps=13740610&shp=30310797&shcp=ff37627b&idc=useast8,,,,,,,,,
♥️♥️♥️,0,0,2026-03-28T14:41:13.000Z,uandm_arabcouture,https://www.tiktok.com/@syeda0096/video/7622005975561587982,7489135985280975879,7622316537390629640,https://p16-common-sign.tiktokcdn-us.com/tos-alisg-avt-0068/1c444d0d68783165928dc0ca3f54e065~tplv-tiktokx-cropcenter:100:100.jpg?dr=9640&refresh_token=86928776&x-expires=1775102400&x-signature=Y38hmbSCN6SdwB1fYkm%2BasGXN%2Bc%3D&t=4d5b0474&ps=13740610&shp=30310797&shcp=ff37627b&idc=useast8,,,,,,,,,
Ouuuuu i seee that glow sis😏✨,0,1,2026-03-10T15:13:25.000Z,kellygracaa,https://www.tiktok.com/@jesssmithxo__/video/7615618547645091093,17443750,7615645282504983314,https://p19-common-sign.tiktokcdn-us.com/tos-alisg-avt-0068/43ab042288fbd20027f4057c8b0cc0bc~tplv-tiktokx-cropcenter:100:100.jpg?dr=9640&refresh_token=6b25942e&x-expires=1775102400&x-signature=0kxz63f%2FRDsxJaCyravqmiaJSwk%3D&t=4d5b0474&ps=13740610&shp=30310797&shcp=ff37627b&idc=useast5,,,,,,,,,
Yesss🥰🥰,1,,2026-03-10T15:42:49.000Z,jesssmithxo__,https://www.tiktok.com/@jesssmithxo__/video/7615618547645091093,13523604,7615652840703836944,https://p16-common-sign.tiktokcdn-us.com/tos-alisg-avt-0068/12c2fbcac59ea4e5fa7d52e60746a629~tplv-tiktokx-cropcenter:100:100.jpg?dr=9640&refresh_token=60855629&x-expires=1775102400&x-signature=AkUibSWYm47XvAd%2F%2Fa6yjPxAKmQ%3D&t=4d5b0474&ps=13740610&shp=30310797&shcp=ff37627b&idc=useast5,,,,,,,,,
Love the mask!!!,0,1,2026-03-10T14:22:07.000Z,thatswhatgsaid,https://www.tiktok.com/@jesssmithxo__/video/7615618547645091093,7192661414304089093,7615632086619292424,https://p19-common-sign.tiktokcdn-us.com/tos-alisg-avt-0068/5b0de91e02d9a22cee819935b7432cc2~tplv-tiktokx-cropcenter:100:100.jpg?dr=9640&refresh_token=0586feae&x-expires=1775102400&x-signature=j4%2BniolbfGjmE6SyjfaGL5jLoJk%3D&t=4d5b0474&ps=13740610&shp=30310797&shcp=ff37627b&idc=useast5,,,,,,,,,
It’s so hydrating!!!😍😍,0,,2026-03-10T15:42:55.000Z,jesssmithxo__,https://www.tiktok.com/@jesssmithxo__/video/7615618547645091093,13523604,7615652895060476689,https://p16-common-sign.tiktokcdn-us.com/tos-alisg-avt-0068/12c2fbcac59ea4e5fa7d52e60746a629~tplv-tiktokx-cropcenter:100:100.jpg?dr=9640&refresh_token=60855629&x-expires=1775102400&x-signature=AkUibSWYm47XvAd%2F%2Fa6yjPxAKmQ%3D&t=4d5b0474&ps=13740610&shp=30310797&shcp=ff37627b&idc=useast5,,,,,,,,,
Oooo I need!,0,1,2026-03-11T18:26:13.000Z,juulieann,https://www.tiktok.com/@jesssmithxo__/video/7615618547645091093,6683250347169334278,7616066050853618450,https://p16-common-sign.tiktokcdn-us.com/tos-alisg-avt-0068/063e2b89b167f516146e2936a94acd08~tplv-tiktokx-cropcenter:100:100.jpg?dr=9640&refresh_token=5ad1af78&x-expires=1775102400&x-signature=%2F%2BBeRvI%2FrNgM9v9s8tJPmbOsIM4%3D&t=4d5b0474&ps=13740610&shp=30310797&shcp=ff37627b&idc=useast5,,,,,,,,,
"Girl, YES ❤️",0,,2026-03-13T00:32:16.000Z,jesssmithxo__,https://www.tiktok.com/@jesssmithxo__/video/7615618547645091093,13523604,7616531453320577809,https://p16-common-sign.tiktokcdn-us.com/tos-alisg-avt-0068/12c2fbcac59ea4e5fa7d52e60746a629~tplv-tiktokx-cropcenter:100:100.jpg?dr=9640&refresh_token=60855629&x-expires=1775102400&x-signature=AkUibSWYm47XvAd%2F%2Fa6yjPxAKmQ%3D&t=4d5b0474&ps=13740610&shp=30310797&shcp=ff37627b&idc=useast5,,,,,,,,,
Stunning ✨😍,0,1,2026-03-10T13:48:10.000Z,jillgillam,https://www.tiktok.com/@jesssmithxo__/video/7615618547645091093,7500183252025099270,7615623305379119893,https://p16-common-sign.tiktokcdn-us.com/tos-maliva-avt-0068/73b0ae78ead4dcfc707812e987839a05~tplv-tiktokx-cropcenter:100:100.jpg?dr=9640&refresh_token=76387acc&x-expires=1775102400&x-signature=wQ5DHpNRanxnlIb%2F6ocY7ziPQ4o%3D&t=4d5b0474&ps=13740610&shp=30310797&shcp=ff37627b&idc=useast5,,,,,,,,,
Oooo I love skincare time ❤️,1,1,2026-03-11T02:19:20.000Z,julie.m.10,https://www.tiktok.com/@jesssmithxo__/video/7615618547645091093,7278127296703202347,7615816842226074381,https://p16-common-sign.tiktokcdn-us.com/tos-useast5-avt-0068-tx/cf5e4dcfaba6da9c7a0129dd47469a5e~tplv-tiktokx-cropcenter:100:100.jpg?dr=9640&refresh_token=f1e422ab&x-expires=1775102400&x-signature=VRpj5vzpuIDDFtQ6RncFJObNqLo%3D&t=4d5b0474&ps=13740610&shp=30310797&shcp=ff37627b&idc=useast5,,,,,,,,,
I’m gladdd❤️,0,,2026-03-13T00:31:52.000Z,jesssmithxo__,https://www.tiktok.com/@jesssmithxo__/video/7615618547645091093,13523604,7616531315500270353,https://p16-common-sign.tiktokcdn-us.com/tos-alisg-avt-0068/12c2fbcac59ea4e5fa7d52e60746a629~tplv-tiktokx-cropcenter:100:100.jpg?dr=9640&refresh_token=60855629&x-expires=1775102400&x-signature=AkUibSWYm47XvAd%2F%2Fa6yjPxAKmQ%3D&t=4d5b0474&ps=13740610&shp=30310797&shcp=ff37627b&idc=useast5,,,,,,,,,
OOOOO😍 Love a good lip and face mask🥰,0,1,2026-03-11T05:58:59.000Z,with.love.leana_xoxo,https://www.tiktok.com/@jesssmithxo__/video/7615618547645091093,7037556895770919942,7615873177038324493,https://p16-common-sign.tiktokcdn-us.com/tos-useast5-avt-0068-tx/7b87ec014a723f729fef122f769ba9b9~tplv-tiktokx-cropcenter:100:100.jpg?dr=9640&refresh_token=717a0c9c&x-expires=1775102400&x-signature=eMkzFFt%2FpZcs9Eq%2FA1VIAPr3P04%3D&t=4d5b0474&ps=13740610&shp=30310797&shcp=ff37627b&idc=useast5,,,,,,,,,
Yassss🥰,1,,2026-03-13T00:32:10.000Z,jesssmithxo__,https://www.tiktok.com/@jesssmithxo__/video/7615618547645091093,13523604,7616531438216708880,https://p16-common-sign.tiktokcdn-us.com/tos-alisg-avt-0068/12c2fbcac59ea4e5fa7d52e60746a629~tplv-tiktokx-cropcenter:100:100.jpg?dr=9640&refresh_token=60855629&x-expires=1775102400&x-signature=AkUibSWYm47XvAd%2F%2Fa6yjPxAKmQ%3D&t=4d5b0474&ps=13740610&shp=30310797&shcp=ff37627b&idc=useast5,,,,,,,,,
That’s so cool!!,0,1,2026-03-11T18:03:42.000Z,jackedupp,https://www.tiktok.com/@jesssmithxo__/video/7615618547645091093,6808203797920367621,7616060138802086670,https://p16-common-sign.tiktokcdn-us.com/tos-useast5-avt-0068-tx/27b232c49bb7ae8fb704bcb7d3a6b699~tplv-tiktokx-cropcenter:100:100.jpg?dr=9640&refresh_token=ef5307c3&x-expires=1775102400&x-signature=XsivmpEZnhEnAxSJFtn86wntLUg%3D&t=4d5b0474&ps=13740610&shp=30310797&shcp=ff37627b&idc=useast5,,,,,,,,,
The glowwww!!!! 👏😍✨️💕,0,1,2026-03-11T12:35:45.000Z,chantelinlululemon,https://www.tiktok.com/@jesssmithxo__/video/7615618547645091093,70731287090610176,7615975726131299093,https://p19-common-sign.tiktokcdn-us.com/tos-alisg-avt-0068/992fc3f31eed580d7905e4ad168d5db3~tplv-tiktokx-cropcenter:100:100.jpg?dr=9640&refresh_token=a210a230&x-expires=1775102400&x-signature=YVRV9nCfLuNg0N50BXMLL4yiijA%3D&t=4d5b0474&ps=13740610&shp=30310797&shcp=ff37627b&idc=useast5,,,,,,,,,
glowing😍,0,1,2026-03-12T13:15:28.000Z,elexusj,https://www.tiktok.com/@jesssmithxo__/video/7615618547645091093,7482471810396898309,7616357067876713217,https://p16-common-sign.tiktokcdn-us.com/tos-alisg-avt-0068/5e2eb1414fa04a3d9246774582e80574~tplv-tiktokx-cropcenter:100:100.jpg?dr=9640&refresh_token=a92cd93c&x-expires=1775102400&x-signature=qxqO328pEtbwRhCTtN9MlDRG7aA%3D&t=4d5b0474&ps=13740610&shp=30310797&shcp=ff37627b&idc=useast5,,,,,,,,,
Thank you🥰,0,,2026-03-13T00:32:00.000Z,jesssmithxo__,https://www.tiktok.com/@jesssmithxo__/video/7615618547645091093,13523604,7616531333333926673,https://p16-common-sign.tiktokcdn-us.com/tos-alisg-avt-0068/12c2fbcac59ea4e5fa7d52e60746a629~tplv-tiktokx-cropcenter:100:100.jpg?dr=9640&refresh_token=60855629&x-expires=1775102400&x-signature=AkUibSWYm47XvAd%2F%2Fa6yjPxAKmQ%3D&t=4d5b0474&ps=13740610&shp=30310797&shcp=ff37627b&idc=useast5,,,,,,,,,
Glowing!,0,1,2026-03-10T14:50:19.000Z,medistik_inc,https://www.tiktok.com/@jesssmithxo__/video/7615618547645091093,7077636134092768261,7615639358489985810,https://p16-common-sign.tiktokcdn-us.com/tos-maliva-avt-0068/bf4ea528e43b6e20c47ac4afe616380c~tplv-tiktokx-cropcenter:100:100.jpg?dr=9640&refresh_token=5dccd800&x-expires=1775102400&x-signature=Vhf5Y9y7zIxxwQtTXELXRmFyB48%3D&t=4d5b0474&ps=13740610&shp=30310797&shcp=ff37627b&idc=useast5,,,,,,,,,
Thank youuu❤️,0,,2026-03-10T15:42:46.000Z,jesssmithxo__,https://www.tiktok.com/@jesssmithxo__/video/7615618547645091093,13523604,7615652854761571088,https://p16-common-sign.tiktokcdn-us.com/tos-alisg-avt-0068/12c2fbcac59ea4e5fa7d52e60746a629~tplv-tiktokx-cropcenter:100:100.jpg?dr=9640&refresh_token=60855629&x-expires=1775102400&x-signature=AkUibSWYm47XvAd%2F%2Fa6yjPxAKmQ%3D&t=4d5b0474&ps=13740610&shp=30310797&shcp=ff37627b&idc=useast5,,,,,,,,,
So fun! ❤️❤️❤️,1,1,2026-03-07T16:22:02.000Z,katespacemt,https://www.tiktok.com/@atrophicbeauty/video/7612478702894501133,7350087054241612843,7614549617296491294,https://p16-common-sign.tiktokcdn-us.com/tos-useast5-avt-0068-tx/14ad115e6a9322eccb6d0f610f4d7d60~tplv-tiktokx-cropcenter:100:100.jpg?dr=9640&refresh_token=fb242eef&x-expires=1775102400&x-signature=FpKkpauv91zuiANUOdAkamLNJg8%3D&t=4d5b0474&ps=13740610&shp=30310797&shcp=ff37627b&idc=useast8,,,,,,,,,
thank you 🥰🥰🥰,1,,2026-03-10T16:23:55.000Z,atrophicbeauty,https://www.tiktok.com/@atrophicbeauty/video/7612478702894501133,7259871589888476202,7615663199392957215,https://p16-common-sign.tiktokcdn-us.com/tos-useast8-avt-0068-tx2/6f8ac5732bc5cd12c45e71391a19bc0b~tplv-tiktokx-cropcenter:100:100.jpg?dr=9640&refresh_token=410587e2&x-expires=1775102400&x-signature=M9mgwyqr2%2FwG1G%2F9RZmEOVNC0Tg%3D&t=4d5b0474&ps=13740610&shp=30310797&shcp=ff37627b&idc=useast8,,,,,,,,,
Would you be open for a collab?🥰🥰🥰,0,0,2026-03-19T22:28:35.000Z,ms.isabella7,https://www.tiktok.com/@tamarmerebashviili/video/7618327807705369877,7592377441038795797,7619097150618108693,https://p16-common-sign.tiktokcdn-us.com/tos-alisg-avt-0068/4d8774901d7bc2f018c9ba2a6cab28c8~tplv-tiktokx-cropcenter:100:100.jpg?dr=9640&refresh_token=5069e8e9&x-expires=1775102400&x-signature=u9Hg1pXmzF1ciP2Q9nq1Eqdy9qA%3D&t=4d5b0474&ps=13740610&shp=30310797&shcp=ff37627b&idc=useast5,,,,,,,,,
Oooh yessss 😍😍😍 we love hydrated lippies 🤭,1,1,2026-03-29T17:14:36.000Z,alexandracaterina_,https://www.tiktok.com/@pamela.reads07/video/7622428399541226783,6781604810397500422,7622727042002141983,https://p16-common-sign.tiktokcdn-us.com/tos-useast8-avt-0068-tx2/9bc21776e91d228fef3f727290521efc~tplv-tiktokx-cropcenter:100:100.jpg?dr=9640&refresh_token=cc0227d9&x-expires=1775102400&x-signature=hHbenmG3L32JzpgRsCHJBiJdMH8%3D&t=4d5b0474&ps=13740610&shp=30310797&shcp=ff37627b&idc=useast5,,,,,,,,,
Yesss🙌🏻 can’t deal with cracked lips anymore 😅,0,,2026-03-31T15:36:27.000Z,pamela.reads07,https://www.tiktok.com/@pamela.reads07/video/7622428399541226783,6992007717491246086,7623443762695258894,https://p16-common-sign.tiktokcdn-us.com/tos-useast8-avt-0068-tx2/3de7d9155ea6cd10033eb775e9c512bf~tplv-tiktokx-cropcenter:100:100.jpg?dr=9640&refresh_token=2d0acf8e&x-expires=1775102400&x-signature=2Z32yKf%2FJPWSRGLKkxDAY00bazo%3D&t=4d5b0474&ps=13740610&shp=30310797&shcp=ff37627b&idc=useast5,,,,,,,,,
Lip mask is so smart 🥰 i want to try itttt,1,1,2026-03-29T06:13:20.000Z,_embenhi11,https://www.tiktok.com/@pamela.reads07/video/7622428399541226783,23994869,7622556692883342101,https://p16-common-sign.tiktokcdn-us.com/tos-alisg-avt-0068/52c70445ae17f89b463e36d1d9f97d01~tplv-tiktokx-cropcenter:100:100.jpg?dr=9640&refresh_token=5ed161f5&x-expires=1775102400&x-signature=aMFnz53FNJLGJ1RJd7ZvkHGicZc%3D&t=4d5b0474&ps=13740610&shp=30310797&shcp=ff37627b&idc=useast5,,,,,,,,,
Yesss bestie! And it literally smelled sooo good🤩,0,,2026-03-31T15:36:54.000Z,pamela.reads07,https://www.tiktok.com/@pamela.reads07/video/7622428399541226783,6992007717491246086,7623443991820124941,https://p16-common-sign.tiktokcdn-us.com/tos-useast8-avt-0068-tx2/3de7d9155ea6cd10033eb775e9c512bf~tplv-tiktokx-cropcenter:100:100.jpg?dr=9640&refresh_token=2d0acf8e&x-expires=1775102400&x-signature=2Z32yKf%2FJPWSRGLKkxDAY00bazo%3D&t=4d5b0474&ps=13740610&shp=30310797&shcp=ff37627b&idc=useast5,,,,,,,,,
This is such a self-care vibe 😍,1,1,2026-03-29T00:10:45.000Z,lifewith.bea,https://www.tiktok.com/@pamela.reads07/video/7622428399541226783,7481697107305907205,7622463256656872213,https://p19-common-sign.tiktokcdn-us.com/tos-alisg-avt-0068/698e3245a84ae4386adac0d8087fe262~tplv-tiktokx-cropcenter:100:100.jpg?dr=9640&refresh_token=1843e7ce&x-expires=1775102400&x-signature=zIDOKJvRc5TXgX8ffba7VNHgPYQ%3D&t=4d5b0474&ps=13740610&shp=30310797&shcp=ff37627b&idc=useast5,,,,,,,,,
Yesss! Loved the lip mask sm!🥹💗🫧,0,,2026-03-31T15:38:17.000Z,pamela.reads07,https://www.tiktok.com/@pamela.reads07/video/7622428399541226783,6992007717491246086,7623444259996402446,https://p16-common-sign.tiktokcdn-us.com/tos-useast8-avt-0068-tx2/3de7d9155ea6cd10033eb775e9c512bf~tplv-tiktokx-cropcenter:100:100.jpg?dr=9640&refresh_token=2d0acf8e&x-expires=1775102400&x-signature=2Z32yKf%2FJPWSRGLKkxDAY00bazo%3D&t=4d5b0474&ps=13740610&shp=30310797&shcp=ff37627b&idc=useast5,,,,,,,,,
[Sticker] Glowy and radiant !!,1,1,2026-03-29T01:56:53.000Z,mchh.blyy,https://www.tiktok.com/@pamela.reads07/video/7622428399541226783,7357265733800428550,7622490603482366728,https://p16-common-sign.tiktokcdn-us.com/tos-alisg-avt-0068/bf2b9dbdff01979d70bc687b4e71c521~tplv-tiktokx-cropcenter:100:100.jpg?dr=9640&refresh_token=13aa7603&x-expires=1775102400&x-signature=Aq1dX7XIwgTNln2HnxltSVdjXoI%3D&t=4d5b0474&ps=13740610&shp=30310797&shcp=ff37627b&idc=useast5,,,,,,,,,
Aww thank you!!🥰🥹🥹,0,,2026-03-31T15:33:23.000Z,pamela.reads07,https://www.tiktok.com/@pamela.reads07/video/7622428399541226783,6992007717491246086,7623443153462362893,https://p16-common-sign.tiktokcdn-us.com/tos-useast8-avt-0068-tx2/3de7d9155ea6cd10033eb775e9c512bf~tplv-tiktokx-cropcenter:100:100.jpg?dr=9640&refresh_token=2d0acf8e&x-expires=1775102400&x-signature=2Z32yKf%2FJPWSRGLKkxDAY00bazo%3D&t=4d5b0474&ps=13740610&shp=30310797&shcp=ff37627b&idc=useast5,,,,,,,,,
Omg wowww 🤭🤭🤭🫶🏻,1,1,2026-03-28T23:00:56.000Z,ugcbyyhibuh._1,https://www.tiktok.com/@pamela.reads07/video/7622428399541226783,8729876,7622445173491221261,https://p16-common-sign.tiktokcdn-us.com/tos-useast5-avt-0068-tx/6d54cc612c29d83f802a287ad4483a54~tplv-tiktokx-cropcenter:100:100.jpg?dr=9640&refresh_token=95420ea6&x-expires=1775102400&x-signature=cqIxqkF6%2BDoU6nkr%2FIfOmKngazs%3D&t=4d5b0474&ps=13740610&shp=30310797&shcp=ff37627b&idc=useast5,,,,,,,,,
☺️💕🫶🏻,1,,2026-03-31T15:38:23.000Z,pamela.reads07,https://www.tiktok.com/@pamela.reads07/video/7622428399541226783,6992007717491246086,7623444317256975117,https://p16-common-sign.tiktokcdn-us.com/tos-useast8-avt-0068-tx2/3de7d9155ea6cd10033eb775e9c512bf~tplv-tiktokx-cropcenter:100:100.jpg?dr=9640&refresh_token=2d0acf8e&x-expires=1775102400&x-signature=2Z32yKf%2FJPWSRGLKkxDAY00bazo%3D&t=4d5b0474&ps=13740610&shp=30310797&shcp=ff37627b&idc=useast5,,,,,,,,,
this mask looks amazing! 😍,1,1,2026-03-28T22:39:52.000Z,diaryofkaycee,https://www.tiktok.com/@pamela.reads07/video/7622428399541226783,7310352979796935723,7622439812705452813,https://p16-common-sign.tiktokcdn-us.com/tos-useast5-avt-0068-tx/076aa27d683fd06e15f6e5eb293bfbb2~tplv-tiktokx-cropcenter:100:100.jpg?dr=9640&refresh_token=ad8dc31b&x-expires=1775102400&x-signature=sdLtvPmW%2FQxfgdmz7PZzvQ%2FwDu4%3D&t=4d5b0474&ps=13740610&shp=30310797&shcp=ff37627b&idc=useast5,,,,,,,,,
Yess bestie its very hydrating!🫧,0,,2026-03-31T15:38:39.000Z,pamela.reads07,https://www.tiktok.com/@pamela.reads07/video/7622428399541226783,6992007717491246086,7623444404708508430,https://p16-common-sign.tiktokcdn-us.com/tos-useast8-avt-0068-tx2/3de7d9155ea6cd10033eb775e9c512bf~tplv-tiktokx-cropcenter:100:100.jpg?dr=9640&refresh_token=2d0acf8e&x-expires=1775102400&x-signature=2Z32yKf%2FJPWSRGLKkxDAY00bazo%3D&t=4d5b0474&ps=13740610&shp=30310797&shcp=ff37627b&idc=useast5,,,,,,,,,
i would love these. I dont like sheet masks but sometimes I don't want tonwait hours for the collagen ones to dry,0,1,2026-03-28T23:25:25.000Z,skindeepmegan,https://www.tiktok.com/@pamela.reads07/video/7622428399541226783,6772777156923851781,7622451519413207822,https://p16-common-sign.tiktokcdn-us.com/tos-useast5-avt-0068-tx/f82e30c92d3ef53e9d954e401ff7c34f~tplv-tiktokx-cropcenter:100:100.jpg?dr=9640&refresh_token=ac7e9559&x-expires=1775102400&x-signature=bFdTlZry6AeCnFrk6VJXgRNesN4%3D&t=4d5b0474&ps=13740610&shp=30310797&shcp=ff37627b&idc=useast5,,,,,,,,,
"I enjoy them every now and then, but for this one I definitely enjoyed the lip mask more!☺️The scent is amazing and very soothing 🥹",0,,2026-03-31T15:40:43.000Z,pamela.reads07,https://www.tiktok.com/@pamela.reads07/video/7622428399541226783,6992007717491246086,7623444984511955725,https://p16-common-sign.tiktokcdn-us.com/tos-useast8-avt-0068-tx2/3de7d9155ea6cd10033eb775e9c512bf~tplv-tiktokx-cropcenter:100:100.jpg?dr=9640&refresh_token=2d0acf8e&x-expires=1775102400&x-signature=2Z32yKf%2FJPWSRGLKkxDAY00bazo%3D&t=4d5b0474&ps=13740610&shp=30310797&shcp=ff37627b&idc=useast5,,,,,,,,,
Thats amazing,1,0,2026-03-29T03:29:40.000Z,huneza21,https://www.tiktok.com/@pamela.reads07/video/7622428399541226783,6544055550252946432,7622514504585200414,https://p16-common-sign.tiktokcdn-us.com/tos-useast8-avt-0068-tx2/43e1106bcefac00cee4e27a4e59e4acb~tplv-tiktokx-cropcenter:100:100.jpg?dr=9640&refresh_token=f015fa87&x-expires=1775102400&x-signature=e9PF2NtNVQh7%2BcrKOKUnnbCeEHo%3D&t=4d5b0474&ps=13740610&shp=30310797&shcp=ff37627b&idc=useast5,,,,,,,,,
Wow😍🫧,1,0,2026-03-28T22:23:14.000Z,ryeena.vibes,https://www.tiktok.com/@pamela.reads07/video/7622428399541226783,7595701195572806679,7622435585768112918,https://p16-common-sign.tiktokcdn-us.com/tos-maliva-avt-0068/99bd3ac7b871a219d4a1d8d4990613e9~tplv-tiktokx-cropcenter:100:100.jpg?dr=9640&refresh_token=ccc0a336&x-expires=1775102400&x-signature=fymEg8wcAyiBe1vSR9I6flzu%2FvY%3D&t=4d5b0474&ps=13740610&shp=30310797&shcp=ff37627b&idc=useast5,,,,,,,,,
That is really cool!❤️,0,0,2026-03-14T16:01:35.000Z,georgiakay228,https://www.tiktok.com/@hippychik21532/video/7616940763972209951,7461834126901298207,7617141937242342175,https://p16-common-sign.tiktokcdn-us.com/tos-useast5-avt-0068-tx/c7897f4a80bbd2d7c554be72931a8bab~tplv-tiktokx-cropcenter:100:100.jpg?dr=9640&refresh_token=7dd37516&x-expires=1775102400&x-signature=h4gX1dGr%2BVJ051vI0PDTiNM1HpU%3D&t=4d5b0474&ps=13740610&shp=30310797&shcp=ff37627b&idc=useast8,,,,,,,,,
Looks good,1,0,2026-03-28T23:54:44.000Z,glam.girl.us,https://www.tiktok.com/@pamela.reads07/video/7622428399541226783,7158481827004482606,7622459106682553118,https://p16-sign-va.tiktokcdn.com/tos-maliva-avt-0068/15c3328473865913799c3ebd5d26f051~tplv-tiktokx-cropcenter:100:100.jpg?dr=14579&refresh_token=69a32af3&x-expires=1775102400&x-signature=VONy5pTsxcyxafhdPJuDzVTcCOI%3D&t=4d5b0474&ps=13740610&shp=30310797&shcp=ff37627b&idc=my2,,,,,,,,,
sounds amazing!!!!,0,1,2026-03-30T09:20:22.000Z,mollymmcqueen,https://www.tiktok.com/@amerella177/video/7622974309417422093,7272595591304447019,7622975761791583007,https://p16-common-sign.tiktokcdn-us.com/tos-useast8-avt-0068-tx2/4dbbe3b999d2953737a831d5d079c5d4~tplv-tiktokx-cropcenter:100:100.jpg?dr=9640&refresh_token=5978659f&x-expires=1775102400&x-signature=GVEa8nWaPWM4VPWxrb2ynUYL66U%3D&t=4d5b0474&ps=13740610&shp=30310797&shcp=ff37627b&idc=useast8,,,,,,,,,
They’re both so good!,0,,2026-03-30T20:02:39.000Z,amerella177,https://www.tiktok.com/@amerella177/video/7622974309417422093,6799292607673336837,7623141442421326605,https://p16-common-sign.tiktokcdn-us.com/tos-useast5-avt-0068-tx/09b4352f237a90faa188bfaf5afe962f~tplv-tiktokx-cropcenter:100:100.jpg?dr=9640&refresh_token=432389c8&x-expires=1775102400&x-signature=x1JSHkDI7dvVkrnEPbHL404iQWA%3D&t=4d5b0474&ps=13740610&shp=30310797&shcp=ff37627b&idc=useast8,,,,,,,,,
Love a good hydrating mask so glowy 🥰,0,0,2026-03-31T10:34:48.000Z,glowwithkimfnp,https://www.tiktok.com/@amerella177/video/7622974309417422093,7358209324407833646,7623365885500375838,https://p16-common-sign.tiktokcdn-us.com/tos-useast8-avt-0068-tx2/3618dc9aa1df0dc06d5ead736b0d7a5b~tplv-tiktokx-cropcenter:100:100.jpg?dr=9640&refresh_token=8622e918&x-expires=1775102400&x-signature=UDPUj2ks4ZnF1DrFxBG4fjGle2w%3D&t=4d5b0474&ps=13740610&shp=30310797&shcp=ff37627b&idc=useast8,,,,,,,,,
mask,1,1,2026-03-06T01:16:24.000Z,slamglobal,https://www.tiktok.com/@uncovered_diaries/video/7613513826499136799,6870773892530406402,7613945202764808968,https://p16-common-sign.tiktokcdn-us.com/tos-alisg-avt-0068/a822c23ad17ba4bf90e36c78ff0905fe~tplv-tiktokx-cropcenter:100:100.jpg?dr=9640&refresh_token=e459df60&x-expires=1775102400&x-signature=BYEDTGYtpRSIkqEGVjMcW3V2dTQ%3D&t=4d5b0474&ps=13740610&shp=30310797&shcp=ff37627b&idc=useast5,,,,,,,,,
plz check your messages,1,,2026-03-06T21:45:21.000Z,uncovered_diaries,https://www.tiktok.com/@uncovered_diaries/video/7613513826499136799,7149014258281350190,7614261763329262367,https://p16-common-sign.tiktokcdn-us.com/tos-useast8-avt-0068-tx2/5f6561a1d95b24def8a83b467fcba46e~tplv-tiktokx-cropcenter:100:100.jpg?dr=9640&refresh_token=804bcb89&x-expires=1775102400&x-signature=KpkcPkPuqPxdngZPf1OFgl1QHL4%3D&t=4d5b0474&ps=13740610&shp=30310797&shcp=ff37627b&idc=useast5,,,,,,,,,
Comment “MASK” if you want the link.,1,0,2026-03-04T21:22:30.000Z,uncovered_diaries,https://www.tiktok.com/@uncovered_diaries/video/7613513826499136799,7149014258281350190,7613513890592375582,https://p16-common-sign.tiktokcdn-us.com/tos-useast8-avt-0068-tx2/5f6561a1d95b24def8a83b467fcba46e~tplv-tiktokx-cropcenter:100:100.jpg?dr=9640&refresh_token=804bcb89&x-expires=1775102400&x-signature=KpkcPkPuqPxdngZPf1OFgl1QHL4%3D&t=4d5b0474&ps=13740610&shp=30310797&shcp=ff37627b&idc=useast5,,,,,,,,,
"The best, right!??? 😍",0,,2026-03-13T00:32:22.000Z,jesssmithxo__,https://www.tiktok.com/@jesssmithxo__/video/7615618547645091093,13523604,7616531417934578449,https://p16-common-sign.tiktokcdn-eu.com/tos-alisg-avt-0068/12c2fbcac59ea4e5fa7d52e60746a629~tplv-tiktokx-cropcenter:100:100.jpg?dr=10399&refresh_token=518f4a53&x-expires=1775102400&x-signature=2FACcXfOuN9J5Q69bg1sPibKuvs%3D&t=4d5b0474&ps=13740610&shp=30310797&shcp=ff37627b&idc=no1a,,,,,,,,,
Hehe thank you😍,0,,2026-03-13T00:32:06.000Z,jesssmithxo__,https://www.tiktok.com/@jesssmithxo__/video/7615618547645091093,13523604,7616531340180390673,https://p16-common-sign.tiktokcdn-eu.com/tos-alisg-avt-0068/12c2fbcac59ea4e5fa7d52e60746a629~tplv-tiktokx-cropcenter:100:100.jpg?dr=10399&refresh_token=518f4a53&x-expires=1775102400&x-signature=2FACcXfOuN9J5Q69bg1sPibKuvs%3D&t=4d5b0474&ps=13740610&shp=30310797&shcp=ff37627b&idc=no1a,,,,,,,,,
Thank you girlieee😍,0,,2026-03-10T15:42:43.000Z,jesssmithxo__,https://www.tiktok.com/@jesssmithxo__/video/7615618547645091093,13523604,7615652835304588033,https://p16-common-sign.tiktokcdn-eu.com/tos-alisg-avt-0068/12c2fbcac59ea4e5fa7d52e60746a629~tplv-tiktokx-cropcenter:100:100.jpg?dr=10399&refresh_token=518f4a53&x-expires=1775102400&x-signature=2FACcXfOuN9J5Q69bg1sPibKuvs%3D&t=4d5b0474&ps=13740610&shp=30310797&shcp=ff37627b&idc=no1a,,,,,,,,,
Would you be open for a collab?🥰🥰🥰,1,0,2026-03-20T17:04:44.000Z,ms.isabella7,https://www.tiktok.com/@ana.by.ugc/video/7619367476706413845,7592377441038795797,7619384796314239764,https://p16-common-sign.tiktokcdn-us.com/tos-alisg-avt-0068/4d8774901d7bc2f018c9ba2a6cab28c8~tplv-tiktokx-cropcenter:100:100.jpg?dr=9640&refresh_token=5069e8e9&x-expires=1775102400&x-signature=u9Hg1pXmzF1ciP2Q9nq1Eqdy9qA%3D&t=4d5b0474&ps=13740610&shp=30310797&shcp=ff37627b&idc=useast5,,,,,,,,,
"Es espectacular , a mi me encanta",0,0,2026-03-12T20:59:25.000Z,laugja13,https://www.tiktok.com/@ygomez132/video/7616014521727044877,7209752119816127534,7616476568327963406,https://p16-common-sign.tiktokcdn-us.com/tos-useast5-avt-0068-tx/7a51d7a50b1f5c4412f76105f27212f1~tplv-tiktokx-cropcenter:100:100.jpg?dr=9640&refresh_token=27da1a4a&x-expires=1775102400&x-signature=dQCcUWb8znZsaII5PMtM4gAT7Uc%3D&t=4d5b0474&ps=13740610&shp=30310797&shcp=ff37627b&idc=useast5,,,,,,,,,
"Amor lo sumamente hidratada que te dejo la piel, tengo que tenerlo",1,0,2026-03-11T21:35:46.000Z,danielaespinal813,https://www.tiktok.com/@ygomez132/video/7616014521727044877,7148978781317874693,7616114847479366417,https://p16-common-sign.tiktokcdn-us.com/tos-maliva-avt-0068/e1e7280b9691820bbde3a10c0a1287de~tplv-tiktokx-cropcenter:100:100.jpg?dr=9640&refresh_token=77d36a45&x-expires=1775102400&x-signature=cKnlK30r6yAnPTIrmNKni8NEq9o%3D&t=4d5b0474&ps=13740610&shp=30310797&shcp=ff37627b&idc=useast5,,,,,,,,,
Me gusto lo hidratada que te quedo la piel 🥰😌,0,0,2026-03-11T16:59:08.000Z,oneidy2425,https://www.tiktok.com/@ygomez132/video/7616014521727044877,7049159658343154693,7616043616750469908,https://p16-common-sign.tiktokcdn-us.com/tos-alisg-avt-0068/e087aa1adadc485a0b86c7df63048a76~tplv-tiktokx-cropcenter:100:100.jpg?dr=9640&refresh_token=32a184a0&x-expires=1775102400&x-signature=WT1kWFtAK%2FvKTdDDV7Sac5B%2B4lY%3D&t=4d5b0474&ps=13740610&shp=30310797&shcp=ff37627b&idc=useast5,,,,,,,,,
"Me encanto la hidratación que dejo en tu piel, y qué satisfacción como es su textura",0,0,2026-03-11T17:20:02.000Z,ashlymledesma,https://www.tiktok.com/@ygomez132/video/7616014521727044877,7508468209914528824,7616049014760751880,https://p16-common-sign.tiktokcdn-us.com/tos-alisg-avt-0068/2b11fdc02b643df1a8f7d986b59ac415~tplv-tiktokx-cropcenter:100:100.jpg?dr=9640&refresh_token=3ddd5c07&x-expires=1775102400&x-signature=6THgHxATR6XMzDZ5H8NJXfhL0l8%3D&t=4d5b0474&ps=13740610&shp=30310797&shcp=ff37627b&idc=useast5,,,,,,,,,
omgggg esas mascarillas se ve que si hidratan las quisiera probar donde las consigues,0,0,2026-03-11T15:23:19.000Z,yazzy_.ugc,https://www.tiktok.com/@ygomez132/video/7616014521727044877,7164938884332127238,7616018928423207688,https://p16-common-sign.tiktokcdn-us.com/tos-alisg-avt-0068/f2c6c5a7a05ecee842bc26c9e92ac688~tplv-tiktokx-cropcenter:100:100.jpg?dr=9640&refresh_token=6930903d&x-expires=1775102400&x-signature=IY0hUdumdOUQUi4oWfZInJjhlbw%3D&t=4d5b0474&ps=13740610&shp=30310797&shcp=ff37627b&idc=useast5,,,,,,,,,
Nada de andar con el hocico secoo,0,0,2026-03-13T11:53:26.000Z,chrisanny05,https://www.tiktok.com/@ygomez132/video/7616014521727044877,6787054275480404997,7616707013099488021,https://p19-common-sign.tiktokcdn-us.com/tos-alisg-avt-0068/26991319675ec3eb4bd80c41b9ecbbcf~tplv-tiktokx-cropcenter:100:100.jpg?dr=9640&refresh_token=9865fa3d&x-expires=1775102400&x-signature=KqMhvbMpJvwEB2guAZKMq7xxuyc%3D&t=4d5b0474&ps=13740610&shp=30310797&shcp=ff37627b&idc=useast5,,,,,,,,,
Ok then it gives the whole face n lips that has got to be a good one❤️,1,1,2026-03-08T12:08:19.000Z,mkforever543,https://www.tiktok.com/@annabrown842/video/7614854342063033630,7156530426868171819,7614854737665590047,https://p16-common-sign.tiktokcdn-us.com/tos-useast8-avt-0068-tx2/e7f56894fe0089cd31d2e8d752a14240~tplv-tiktokx-cropcenter:100:100.jpg?dr=9640&refresh_token=54c2aae9&x-expires=1775102400&x-signature=0onTn7K%2FHPNsvxxIYSLngz1qnhY%3D&t=4d5b0474&ps=13740610&shp=30310797&shcp=ff37627b&idc=useast5,,,,,,,,,
It issss 🥰🥰🥰,1,,2026-03-08T19:58:29.000Z,annabrown842,https://www.tiktok.com/@annabrown842/video/7614854342063033630,6643084349132587013,7614976504350671646,https://p16-common-sign.tiktokcdn-us.com/tos-useast8-avt-0068-tx2/61a9f0f3d298c110e06b4ee5b76e90bf~tplv-tiktokx-cropcenter:100:100.jpg?dr=9640&refresh_token=421b8018&x-expires=1775102400&x-signature=99wMyFEgb14S6Hm6hvUmZyQU7LQ%3D&t=4d5b0474&ps=13740610&shp=30310797&shcp=ff37627b&idc=useast5,,,,,,,,,
🥰🥰🥰,0,0,2026-03-08T12:05:26.000Z,annabrown842,https://www.tiktok.com/@annabrown842/video/7614854342063033630,6643084349132587013,7614854204833841950,https://p16-common-sign.tiktokcdn-us.com/tos-useast8-avt-0068-tx2/61a9f0f3d298c110e06b4ee5b76e90bf~tplv-tiktokx-cropcenter:100:100.jpg?dr=9640&refresh_token=421b8018&x-expires=1775102400&x-signature=99wMyFEgb14S6Hm6hvUmZyQU7LQ%3D&t=4d5b0474&ps=13740610&shp=30310797&shcp=ff37627b&idc=useast5,,,,,,,,,
Nepal ma kata pauxa dd??,0,0,2026-03-30T18:19:10.000Z,sisamraee,https://www.tiktok.com/@moon_creates0/video/7622644444059241748,6567602928209723398,7623114850517025552,https://p16-common-sign.tiktokcdn-us.com/tos-alisg-avt-0068/928e3f62530d185756e207ba0f703c19~tplv-tiktokx-cropcenter:100:100.jpg?dr=9640&refresh_token=b134099f&x-expires=1775102400&x-signature=WXZOmOMFvsL2oDhxve%2BMREK9KAA%3D&t=4d5b0474&ps=13740610&shp=30310797&shcp=ff37627b&idc=useast8,,,,,,,,,
🥰🥰🥰🥰,0,1,2026-03-29T12:42:12.000Z,so_onam1,https://www.tiktok.com/@moon_creates0/video/7622644444059241748,6675614222157612038,7622656937453257473,https://p16-common-sign.tiktokcdn-us.com/tos-alisg-avt-0068/7328900397089685522~tplv-tiktokx-cropcenter:100:100.jpg?dr=9640&refresh_token=389fcab3&x-expires=1775102400&x-signature=B4uDpaIgcR7oC8QQxYJyL%2F6NyWI%3D&t=4d5b0474&ps=13740610&shp=30310797&shcp=ff37627b&idc=useast8,,,,,,,,,
😍😍😍,0,1,2026-03-29T12:18:37.000Z,aartii15n_,https://www.tiktok.com/@moon_creates0/video/7622644444059241748,6517165240109503503,7622650859269210887,https://p19-common-sign.tiktokcdn-us.com/tos-alisg-avt-0068/d504729297f8b4c0673d5aa63c1befa7~tplv-tiktokx-cropcenter:100:100.jpg?dr=9640&refresh_token=f5a9b7c3&x-expires=1775102400&x-signature=3c0Hiqb7cou6j19QgCB1PiWoIEY%3D&t=4d5b0474&ps=13740610&shp=30310797&shcp=ff37627b&idc=useast8,,,,,,,,,
❤️,0,,2026-03-29T12:39:12.000Z,moon_creates0,https://www.tiktok.com/@moon_creates0/video/7622644444059241748,7527204791081862162,7622656168800387861,https://p16-common-sign.tiktokcdn-us.com/tos-alisg-avt-0068/0216b4f96614cc09cc19bf5b04eb2c38~tplv-tiktokx-cropcenter:100:100.jpg?dr=9640&refresh_token=97c8ea17&x-expires=1775102400&x-signature=bMCx0dzh6NykzTRkh5LB%2BAdeYiA%3D&t=4d5b0474&ps=13740610&shp=30310797&shcp=ff37627b&idc=useast8,,,,,,,,,
🥰,0,,2026-03-29T17:03:39.000Z,moon_creates0,https://www.tiktok.com/@moon_creates0/video/7622644444059241748,7527204791081862162,7622724290274886420,https://p77-sign-sg.tiktokcdn.com/tos-alisg-avt-0068/0216b4f96614cc09cc19bf5b04eb2c38~tplv-tiktokx-cropcenter:100:100.jpg?dr=14579&refresh_token=89019d0a&x-expires=1775102400&x-signature=C0lftnaXZAzj5EQ97dibK7YJVZU%3D&t=4d5b0474&ps=13740610&shp=30310797&shcp=ff37627b&idc=my,,,,,,,,,
This looks amazing,0,0,2026-03-21T03:53:26.000Z,kiheartedkaty,https://www.tiktok.com/@reviewsbybinthia/video/7619504364943625486,6800021940116898822,7619551970336080654,https://p16-common-sign.tiktokcdn-us.com/tos-useast5-avt-0068-tx/cea0b69e185c478f3fbf6e4639eca475~tplv-tiktokx-cropcenter:100:100.jpg?dr=9640&refresh_token=971acf86&x-expires=1775102400&x-signature=vt%2F0rd6ag%2B6EJZxFLNLugy7A5H4%3D&t=4d5b0474&ps=13740610&shp=30310797&shcp=ff37627b&idc=useast8,,,,,,,,,
I love this mask ahhh,0,0,2026-03-21T03:02:41.000Z,milky.time1,https://www.tiktok.com/@reviewsbybinthia/video/7619504364943625486,7353124464241345582,7619538877929882382,https://p16-common-sign.tiktokcdn-us.com/tos-useast5-avt-0068-tx/49f88bda1cf91610e55bee8bb06d375b~tplv-tiktokx-cropcenter:100:100.jpg?dr=9640&refresh_token=903f4b34&x-expires=1775102400&x-signature=9wiPmPIFbK4FPN6kb0Jfb2QiboQ%3D&t=4d5b0474&ps=13740610&shp=30310797&shcp=ff37627b&idc=useast8,,,,,,,,,
Wow🔥,0,0,2026-03-21T13:09:32.000Z,augustj5,https://www.tiktok.com/@reviewsbybinthia/video/7619504364943625486,6856862298675151877,7619695240936440589,https://p16-common-sign.tiktokcdn-us.com/tos-maliva-avt-0068/85a790d5a0e6486c95ad62dea45284e9~tplv-tiktokx-cropcenter:100:100.jpg?dr=9640&refresh_token=5ab4fe66&x-expires=1775102400&x-signature=gIhA4LrsDyPV22sCrslPZogJ2Xo%3D&t=4d5b0474&ps=13740610&shp=30310797&shcp=ff37627b&idc=useast8,,,,,,,,,
does look light,0,0,2026-03-21T01:47:09.000Z,rosebeautybuy,https://www.tiktok.com/@reviewsbybinthia/video/7619504364943625486,7200861175541023749,7619519051920950038,https://p16-common-sign.tiktokcdn-us.com/tos-maliva-avt-0068/5c70aceef5a8fff43f6192a098bd9d9d~tplv-tiktokx-cropcenter:100:100.jpg?dr=9640&refresh_token=c00d686f&x-expires=1775102400&x-signature=HSnkMh3W74vYn3hJfwh%2BtwIMOSM%3D&t=4d5b0474&ps=13740610&shp=30310797&shcp=ff37627b&idc=useast8,,,,,,,,,
Looks amazing 😍😍😍😍😍😍,0,0,2026-03-21T01:29:28.000Z,gabyyoshikawaa,https://www.tiktok.com/@reviewsbybinthia/video/7619504364943625486,7355355981491012651,7619514754143535902,https://p16-common-sign.tiktokcdn-us.com/tos-useast5-avt-0068-tx/4c578b18fde3eee6c6930e37741102b1~tplv-tiktokx-cropcenter:100:100.jpg?dr=9640&refresh_token=730c1ead&x-expires=1775102400&x-signature=qI23If8BlpMnw33DsH%2FUUF2%2F3X0%3D&t=4d5b0474&ps=13740610&shp=30310797&shcp=ff37627b&idc=useast8,,,,,,,,,
😍😍😍,0,0,2026-03-21T02:06:10.000Z,amal_ghias,https://www.tiktok.com/@reviewsbybinthia/video/7619504364943625486,6768307455291393029,7619524222004691726,https://p16-common-sign.tiktokcdn-us.com/tos-useast5-avt-0068-tx/6e7511d796c128387ef4ac19fafd4351~tplv-tiktokx-cropcenter:100:100.jpg?dr=9640&refresh_token=d3dbfe66&x-expires=1775102400&x-signature=iVZLVEbxdMB82eSGQ0Yj0nLPamM%3D&t=4d5b0474&ps=13740610&shp=30310797&shcp=ff37627b&idc=useast8,,,,,,,,,
Круто❤️❤️❤️,0,1,2026-03-29T15:26:39.000Z,oksanareshetytska,https://www.tiktok.com/@olena_aheieva/video/7622694741066779925,7283565138232443910,7622699325730456341,https://p19-common-sign.tiktokcdn-us.com/tos-maliva-avt-0068/7283565236819329030~tplv-tiktokx-cropcenter:100:100.jpg?dr=9640&refresh_token=a23df8b3&x-expires=1775102400&x-signature=nrFPYhTWOvYy9in0kZhfis88dn0%3D&t=4d5b0474&ps=13740610&shp=30310797&shcp=ff37627b&idc=useast5,,,,,,,,,
Дякую❤️,0,,2026-03-29T15:34:39.000Z,olena_aheieva,https://www.tiktok.com/@olena_aheieva/video/7622694741066779925,7498372527963522054,7622701388593808149,https://p16-common-sign.tiktokcdn-us.com/tos-maliva-avt-0068/93556ceb852f0a36acfbafbbac50181d~tplv-tiktokx-cropcenter:100:100.jpg?dr=9640&refresh_token=be151fa8&x-expires=1775102400&x-signature=mcIXRASA%2BN1ZTHqrD1KezeBbzgI%3D&t=4d5b0474&ps=13740610&shp=30310797&shcp=ff37627b&idc=useast5,,,,,,,,,
😍😍😍 love this lip mask,0,0,2026-03-29T20:25:02.000Z,ugcgina,https://www.tiktok.com/@olena_aheieva/video/7622694741066779925,7252359300005790762,7622776134090736397,https://p16-common-sign.tiktokcdn-us.com/tos-useast5-avt-0068-tx/1485f95c90f42089fb92e6b3163ea8b8~tplv-tiktokx-cropcenter:100:100.jpg?dr=9640&refresh_token=f05e9f17&x-expires=1775102400&x-signature=W7Yikw65sg9ytleZGAo7MNbMSlc%3D&t=4d5b0474&ps=13740610&shp=30310797&shcp=ff37627b&idc=useast5,,,,,,,,,
This is so good 😍😍😍,0,0,2026-03-17T11:24:39.000Z,lareinevlogs,https://www.tiktok.com/@life_of_carly_212/video/7617619038004448532,7434659831232922679,7618183912259420935,https://p16-common-sign.tiktokcdn-us.com/tos-alisg-avt-0068/9f3bd2cdfd5eb94bfa1cb43f8d8daa36~tplv-tiktokx-cropcenter:100:100.jpg?dr=9640&refresh_token=f48cdbea&x-expires=1775102400&x-signature=nwKXE40LaMRHVcG3aEABYDd9AO4%3D&t=4d5b0474&ps=13740610&shp=30310797&shcp=ff37627b&idc=useast5,,,,,,,,,
😍😍😍,0,0,2026-03-16T18:03:56.000Z,hellokatyaa,https://www.tiktok.com/@life_of_carly_212/video/7617619038004448532,6804782101633713157,7617915490740650782,https://p16-common-sign.tiktokcdn-us.com/tos-useast8-avt-0068-tx2/95bcaf94c1e159ea73a20f1faf9a8fbc~tplv-tiktokx-cropcenter:100:100.jpg?dr=9640&refresh_token=b8a5a0b1&x-expires=1775102400&x-signature=ZW%2F9ogq8B0ALus%2FRK2Sf4PvzcJQ%3D&t=4d5b0474&ps=13740610&shp=30310797&shcp=ff37627b&idc=useast5,,,,,,,,,
😍😍😍😍😍😍,1,0,2026-03-07T17:28:32.000Z,lulianaana,https://www.tiktok.com/@modelabby1/video/7614406151072959757,6725590948179739654,7614566586981171998,https://p16-common-sign.tiktokcdn-us.com/tos-useast8-avt-0068-tx2/b2378654a7c58c693800877cdde9ae04~tplv-tiktokx-cropcenter:100:100.jpg?dr=9640&refresh_token=8f74799e&x-expires=1775102400&x-signature=VOMU1i2WU2Gu5VmIj01c2f4Ftbw%3D&t=4d5b0474&ps=13740610&shp=30310797&shcp=ff37627b&idc=useast5,,,,,,,,,
Me encanto la hidratación que dejó en tu piel 😍😍,0,0,2026-03-18T19:20:42.000Z,ashlymledesma,https://www.tiktok.com/@itswilmaris/video/7618211404801232135,7508468209914528824,7618677667575595783,https://p16-common-sign.tiktokcdn-us.com/tos-alisg-avt-0068/2b11fdc02b643df1a8f7d986b59ac415~tplv-tiktokx-cropcenter:100:100.jpg?dr=9640&refresh_token=3ddd5c07&x-expires=1775102400&x-signature=6THgHxATR6XMzDZ5H8NJXfhL0l8%3D&t=4d5b0474&ps=13740610&shp=30310797&shcp=ff37627b&idc=useast5,,,,,,,,,
Dónde puedo adquirir esos productos? Ame como dejaron tu piel 😍,0,0,2026-03-30T01:37:10.000Z,cin.thiaxo,https://www.tiktok.com/@itswilmaris/video/7618211404801232135,7465520365117342741,7622856603868332808,https://p16-common-sign.tiktokcdn-us.com/tos-alisg-avt-0068/f913441cccf2cdfaf19099bea7d7780c~tplv-tiktokx-cropcenter:100:100.jpg?dr=9640&refresh_token=e8f0abbf&x-expires=1775102400&x-signature=9MCsCMiF2jv9Gb0ojKIAvL6BppU%3D&t=4d5b0474&ps=13740610&shp=30310797&shcp=ff37627b&idc=useast5,,,,,,,,,
Que lindo PR 😍,0,0,2026-03-19T00:06:54.000Z,mayi_vlogs,https://www.tiktok.com/@itswilmaris/video/7618211404801232135,7445873546582508550,7618751429267718932,https://p16-common-sign.tiktokcdn-us.com/tos-alisg-avt-0068/37972aec06c64e9b8651fe083de533d6~tplv-tiktokx-cropcenter:100:100.jpg?dr=9640&refresh_token=62e618ec&x-expires=1775102400&x-signature=7olZwQQbue30DrcgMMyZYfyQOCA%3D&t=4d5b0474&ps=13740610&shp=30310797&shcp=ff37627b&idc=useast5,,,,,,,,,
"Amé este video, esa mascarilla se ve superhidratante. Te dejó una piel muy radiante.",0,0,2026-03-24T11:58:54.000Z,goepsia92,https://www.tiktok.com/@itswilmaris/video/7618211404801232135,6801449145599542278,7620790348273500949,https://p16-common-sign.tiktokcdn-us.com/tos-alisg-avt-0068/3d5cf0790a1592ca1d2ef72b0b14ec9f~tplv-tiktokx-cropcenter:100:100.jpg?dr=9640&refresh_token=27a2cd33&x-expires=1775102400&x-signature=aNJnAGgaPZi9i54z%2BePK3%2FxZ868%3D&t=4d5b0474&ps=13740610&shp=30310797&shcp=ff37627b&idc=useast5,,,,,,,,,
Esas mascarillas en ese formato 😻 amo,0,0,2026-03-24T17:32:05.000Z,zuleykaquevedo,https://www.tiktok.com/@itswilmaris/video/7618211404801232135,6765585461151810565,7620876221106848520,https://p16-common-sign.tiktokcdn-us.com/tos-alisg-avt-0068/dcd1e09aea3d510073319b0481899154~tplv-tiktokx-cropcenter:100:100.jpg?dr=9640&refresh_token=bd99f440&x-expires=1775102400&x-signature=QWfIazNP%2FLsxM2tNJE0KSwT6ka8%3D&t=4d5b0474&ps=13740610&shp=30310797&shcp=ff37627b&idc=useast5,,,,,,,,,
Que linda te dejó la piel,0,0,2026-03-18T11:11:48.000Z,sol_curly_,https://www.tiktok.com/@itswilmaris/video/7618211404801232135,6783865153517863942,7618551723971363601,https://p16-common-sign.tiktokcdn-us.com/tos-alisg-avt-0068/7af353adbc5caab7ad98cdf09a3ac9a0~tplv-tiktokx-cropcenter:100:100.jpg?dr=9640&refresh_token=4e71197e&x-expires=1775102400&x-signature=5THFNhz8eTHtPkz%2Fzxew3kJZMeE%3D&t=4d5b0474&ps=13740610&shp=30310797&shcp=ff37627b&idc=useast5,,,,,,,,,
Te dejo la piel muy linda,0,0,2026-03-18T16:17:36.000Z,npsv_,https://www.tiktok.com/@itswilmaris/video/7618211404801232135,6781922429204874245,7618630497099154197,https://p16-common-sign.tiktokcdn-us.com/tos-alisg-avt-0068/8ebb9bf2a6358e001fd77bce9f8a24ac~tplv-tiktokx-cropcenter:100:100.jpg?dr=9640&refresh_token=6c07d94f&x-expires=1775102400&x-signature=UrP4TEQskjTVnV0LpxIXIT0Nzpc%3D&t=4d5b0474&ps=13740610&shp=30310797&shcp=ff37627b&idc=useast5,,,,,,,,,
Que linda queda la piel,0,0,2026-03-17T14:59:45.000Z,jovanna_16,https://www.tiktok.com/@itswilmaris/video/7618211404801232135,7112241609819653126,7618239370121888533,https://p16-common-sign.tiktokcdn-us.com/tos-alisg-avt-0068/68550a34fbad2f69c3ff1a73fbe7b79e~tplv-tiktokx-cropcenter:100:100.jpg?dr=9640&refresh_token=7ea9f9ad&x-expires=1775102400&x-signature=50805%2FU4LSobO0Qx5xbqz1dtOOs%3D&t=4d5b0474&ps=13740610&shp=30310797&shcp=ff37627b&idc=useast5,,,,,,,,,
te dejó super linda la piel,0,0,2026-03-18T04:26:08.000Z,marisleidy1702,https://www.tiktok.com/@itswilmaris/video/7618211404801232135,7269565635063219205,7618447170840249106,https://p16-common-sign.tiktokcdn-us.com/tos-alisg-avt-0068/b90077e32548573958ca62b36cd2abe4~tplv-tiktokx-cropcenter:100:100.jpg?dr=9640&refresh_token=e025dcad&x-expires=1775102400&x-signature=1tjEg7nHqoVP6lYXIANhyNWHJNw%3D&t=4d5b0474&ps=13740610&shp=30310797&shcp=ff37627b&idc=useast5,,,,,,,,,
Qué hermoso resultado te dejo en la piel 😍😍😍 esa mascarilla,0,0,2026-03-17T22:57:34.000Z,afrolaciard,https://www.tiktok.com/@itswilmaris/video/7618211404801232135,7022863652869719045,7618362363285652255,https://p19-common-sign.tiktokcdn-us.com/tos-useast8-avt-0068-tx2/99354a4595438ff203f8d2d59ebe0de9~tplv-tiktokx-cropcenter:100:100.jpg?dr=9640&refresh_token=466361d1&x-expires=1775102400&x-signature=b8zICjyvEnZrmII9qRqXe4iUV2E%3D&t=4d5b0474&ps=13740610&shp=30310797&shcp=ff37627b&idc=useast5,,,,,,,,,
Ameee 😍,0,0,2026-03-18T15:00:19.000Z,melroblesc,https://www.tiktok.com/@itswilmaris/video/7618211404801232135,6757493830784353285,7618610600586986261,https://p16-common-sign.tiktokcdn-us.com/tos-alisg-avt-0068/7f5550098456536d6148efa58917ab6e~tplv-tiktokx-cropcenter:100:100.jpg?dr=9640&refresh_token=65efba46&x-expires=1775102400&x-signature=y%2FepAtLYR39T6%2F%2BiJ00ufA17CR4%3D&t=4d5b0474&ps=13740610&shp=30310797&shcp=ff37627b&idc=useast5,,,,,,,,,
Manxe lai chup launa Lai chai besr raixa 🤣❤️,1,1,2026-03-16T16:43:41.000Z,the_cat_billi,https://www.tiktok.com/@sosti125/video/7616205969684499733,6933604468035027973,7617895055789851413,https://p16-common-sign.tiktokcdn-us.com/tos-useast2a-avt-0068-giso/2b6c6b675f68722a616f0574890a131d~tplv-tiktokx-cropcenter:100:100.jpg?dr=9640&refresh_token=8e517f07&x-expires=1775102400&x-signature=%2BkkGKmz4Rhb0OOl2P0lJaTHgAS0%3D&t=4d5b0474&ps=13740610&shp=30310797&shcp=ff37627b&idc=useast8,,,,,,,,,
😁😁,0,,2026-03-16T16:59:41.000Z,sosti125,https://www.tiktok.com/@sosti125/video/7616205969684499733,6852259212577653766,7617899197911778056,https://p16-common-sign.tiktokcdn-us.com/tos-alisg-avt-0068/1199b56117ff056efbf798a014273b87~tplv-tiktokx-cropcenter:100:100.jpg?dr=9640&refresh_token=f4b40ba3&x-expires=1775102400&x-signature=%2F5v8PB%2FsSIgSyqSF%2FXHGr8LwLuQ%3D&t=4d5b0474&ps=13740610&shp=30310797&shcp=ff37627b&idc=useast8,,,,,,,,,
🥰🥰🥰,0,0,2026-03-12T03:57:34.000Z,krishh1974,https://www.tiktok.com/@sosti125/video/7616205969684499733,7072041663430149162,7616213154754331423,https://p16-common-sign.tiktokcdn-us.com/tos-useast5-avt-0068-tx/0ecdf4dd0ee9fd895038304d705a199f~tplv-tiktokx-cropcenter:100:100.jpg?dr=9640&refresh_token=c480c0d1&x-expires=1775102400&x-signature=zVkGMVNeU5yZSiCyKg0g8oXBGuk%3D&t=4d5b0474&ps=13740610&shp=30310797&shcp=ff37627b&idc=useast8,,,,,,,,,
🥰🥰🥰,0,0,2026-03-12T14:29:16.000Z,pujabaltamang,https://www.tiktok.com/@sosti125/video/7616205969684499733,6802886203000882181,7616376062612914964,https://p16-common-sign.tiktokcdn-us.com/tos-alisg-avt-0068/b84fee197aa97788e9c0e6fc58f1b4a3~tplv-tiktokx-cropcenter:100:100.jpg?dr=9640&refresh_token=fdde16ff&x-expires=1775102400&x-signature=1dLQE7Mbm1qK3yjULX9Uh5Yui5o%3D&t=4d5b0474&ps=13740610&shp=30310797&shcp=ff37627b&idc=useast8,,,,,,,,,
I loved 😍😍,0,0,2026-03-10T19:36:08.000Z,ferreira_thai_,https://www.tiktok.com/@ferreira_larisssa/video/7615433877401750814,159922982008610816,7615712818655019806,https://p16-sign-va.tiktokcdn.com/tos-maliva-avt-0068/0232371ef5083f6c54ba8e5ce18585e1~tplv-tiktokx-cropcenter:100:100.jpg?dr=14579&refresh_token=d4d3bba3&x-expires=1775102400&x-signature=Fksb9Uhw9wkA6TRFPlIgSyZWNqI%3D&t=4d5b0474&ps=13740610&shp=30310797&shcp=ff37627b&idc=my2,,,,,,,,,
😍😍😍😍,0,0,2026-03-12T02:31:01.000Z,grazielecmartins_,https://www.tiktok.com/@ferreira_larisssa/video/7615433877401750814,7268323135014536198,7616190959177122580,https://p16-common-sign.tiktokcdn.com/tos-maliva-avt-0068/1ddd783d5afabbd80e4cfffaef4816f5~tplv-tiktokx-cropcenter:100:100.jpg?dr=14579&refresh_token=22d6a3d8&x-expires=1775102400&x-signature=YgiZWGx3ShSTBOLQpClfe2JJaL4%3D&t=4d5b0474&ps=13740610&shp=30310797&shcp=ff37627b&idc=my2,,,,,,,,,
👏👏👏,0,0,2026-03-10T19:36:11.000Z,ferreira_thai_,https://www.tiktok.com/@ferreira_larisssa/video/7615433877401750814,159922982008610816,7615712791460397854,https://p16-sign-va.tiktokcdn.com/tos-maliva-avt-0068/0232371ef5083f6c54ba8e5ce18585e1~tplv-tiktokx-cropcenter:100:100.jpg?dr=14579&refresh_token=d4d3bba3&x-expires=1775102400&x-signature=Fksb9Uhw9wkA6TRFPlIgSyZWNqI%3D&t=4d5b0474&ps=13740610&shp=30310797&shcp=ff37627b&idc=my2,,,,,,,,,
"#kocostar_bs
#KOCOSTAR #amSundayMask #GlassSkin #CrystalSkin #GlowRoutine #CollagenMask #GlutathioneMask #LipMask #KBeauty",0,0,2026-03-15T12:53:04.000Z,ninni0001,https://www.tiktok.com/@ninni0001/video/7617464100813114645,6646417962697310213,7617464539504493333,https://p16-common-sign.tiktokcdn-us.com/tos-maliva-avt-0068/d91214d2da18817b556fe10aa7b9870b~tplv-tiktokx-cropcenter:100:100.jpg?dr=9640&refresh_token=0d7d1560&x-expires=1775102400&x-signature=zpyerRW4drzSrU2QurDn93E%2BReg%3D&t=4d5b0474&ps=13740610&shp=30310797&shcp=ff37627b&idc=useast5,,,,,,,,,
That lip mask leaves no question as to where it goes! What nice products!,0,0,2026-03-17T22:06:13.000Z,r.d.isabell,https://www.tiktok.com/@purple_passion18/video/7616942884771728653,6891133648842605573,7618349160341521182,https://p16-common-sign.tiktokcdn-us.com/tos-useast8-avt-0068-tx2/78a3dd04b88b12a16a163a99d76d1adc~tplv-tiktokx-cropcenter:100:100.jpg?dr=9640&refresh_token=35051708&x-expires=1775102400&x-signature=mSmqJKS8Bk9M4%2BlweuUQg%2FSthi4%3D&t=4d5b0474&ps=13740610&shp=30310797&shcp=ff37627b&idc=useast8,,,,,,,,,
Something 🆕 to try … looks hydrating 🥰,1,0,2026-03-14T20:20:59.000Z,earth43107,https://www.tiktok.com/@purple_passion18/video/7616942884771728653,7330806256610886661,7617208862219027218,https://p16-common-sign.tiktokcdn-us.com/tos-alisg-avt-0068/933d53297a9d3ff6c73223d9479950ce~tplv-tiktokx-cropcenter:100:100.jpg?dr=9640&refresh_token=91a2dc84&x-expires=1775102400&x-signature=O7U7pJjfHbw4KE7uBtxkNk5rWGA%3D&t=4d5b0474&ps=13740610&shp=30310797&shcp=ff37627b&idc=useast8,,,,,,,,,
Looks so hydrating,0,0,2026-03-15T14:27:12.000Z,ayeshshahnawaz,https://www.tiktok.com/@purple_passion18/video/7616942884771728653,7293527568962683936,7617488803074966274,https://p19-common-sign.tiktokcdn-us.com/tos-useast2a-avt-0068-euttp/eed32c8a6e362e4fb77fb4ab9c86e325~tplv-tiktokx-cropcenter:100:100.jpg?dr=9640&refresh_token=8ed81c76&x-expires=1775102400&x-signature=DhiWDVFpRd31PlyOfYmx5mdzvDk%3D&t=4d5b0474&ps=13740610&shp=30310797&shcp=ff37627b&idc=useast8,,,,,,,,,
Ooo definitely need to try this out,1,0,2026-03-17T03:14:02.000Z,chels18266,https://www.tiktok.com/@purple_passion18/video/7616942884771728653,6821988088525685765,7618057328298918687,https://p16-common-sign.tiktokcdn-us.com/tos-useast5-avt-0068-tx/7348873011099303978~tplv-tiktokx-cropcenter:100:100.jpg?dr=9640&refresh_token=07dc980a&x-expires=1775102400&x-signature=9QKA%2FHPcNVWuTtxO8hXr7AN1VbM%3D&t=4d5b0474&ps=13740610&shp=30310797&shcp=ff37627b&idc=useast8,,,,,,,,,
the glow is real! ✨,0,0,2026-03-17T01:24:57.000Z,lonelyinfp,https://www.tiktok.com/@purple_passion18/video/7616942884771728653,6736596623718253573,7618029206584558366,https://p16-common-sign.tiktokcdn-us.com/tos-useast5-avt-0068-tx/9a563c74c794255ce4f0c2ca992a0ffd~tplv-tiktokx-cropcenter:100:100.jpg?dr=9640&refresh_token=17061c34&x-expires=1775102400&x-signature=nJRNO%2BywYPSroyNWyKqg6VzUy1o%3D&t=4d5b0474&ps=13740610&shp=30310797&shcp=ff37627b&idc=useast8,,,,,,,,,
I need these!,0,0,2026-03-16T04:48:09.000Z,alovelyflame,https://www.tiktok.com/@purple_passion18/video/7616942884771728653,6814300917544092677,7617710480081257247,https://p16-common-sign.tiktokcdn-us.com/tos-useast8-avt-0068-tx2/718ef3237c378b02a3d6a373da1dbd2f~tplv-tiktokx-cropcenter:100:100.jpg?dr=9640&refresh_token=d8c4f8ee&x-expires=1775102400&x-signature=rB2QfgGD1skFRJhU%2BJBdFnRCMZg%3D&t=4d5b0474&ps=13740610&shp=30310797&shcp=ff37627b&idc=useast8,,,,,,,,,
The best duo. The mask look so hydrating,0,0,2026-03-14T19:47:10.000Z,rokeya087,https://www.tiktok.com/@purple_passion18/video/7616942884771728653,2231338,7617200080223175438,https://p16-common-sign.tiktokcdn-us.com/tos-useast5-avt-0068-tx/c07f12fd430386fcb418d33b6ac93423~tplv-tiktokx-cropcenter:100:100.jpg?dr=9640&refresh_token=ab172834&x-expires=1775102400&x-signature=8jA%2F1Amiprs8yvM6fmO%2BtorNt5w%3D&t=4d5b0474&ps=13740610&shp=30310797&shcp=ff37627b&idc=useast8,,,,,,,,,
Love these mask,1,0,2026-03-15T03:15:33.000Z,ugc_withleila,https://www.tiktok.com/@purple_passion18/video/7616942884771728653,7335093312415646766,7617315581419488014,https://p16-common-sign.tiktokcdn-us.com/tos-useast5-avt-0068-tx/96faa5b5dcb78ab720be3478e539106d~tplv-tiktokx-cropcenter:100:100.jpg?dr=9640&refresh_token=ae62e0df&x-expires=1775102400&x-signature=w55gZI000mTIveYef3MLIeW9VSA%3D&t=4d5b0474&ps=13740610&shp=30310797&shcp=ff37627b&idc=useast8,,,,,,,,,
very smooth result!,0,0,2026-03-15T09:07:21.000Z,beccyandbrands_ugc,https://www.tiktok.com/@purple_passion18/video/7616942884771728653,7542854459039794198,7617406380139528992,https://p16-common-sign.tiktokcdn-us.com/tos-useast2a-avt-0068-euttp/1e211a27325fdd43e5b8eb294544b563~tplv-tiktokx-cropcenter:100:100.jpg?dr=9640&refresh_token=21f8ccc5&x-expires=1775102400&x-signature=QaqozKZXiU1qb1i4TJ8ibqSMR0k%3D&t=4d5b0474&ps=13740610&shp=30310797&shcp=ff37627b&idc=useast8,,,,,,,,,
Definitely need to try this combo 💕💕💕,1,0,2026-03-14T07:36:29.000Z,_shellseeker,https://www.tiktok.com/@purple_passion18/video/7616942884771728653,7249437396390528026,7617011854149878549,https://p16-common-sign.tiktokcdn-us.com/tos-alisg-avt-0068/0d350e190f5c943044d766d56c622f82~tplv-tiktokx-cropcenter:100:100.jpg?dr=9640&refresh_token=8d073d00&x-expires=1775102400&x-signature=pHCVvlOlZ8i9dhiiFSdr80yJFNA%3D&t=4d5b0474&ps=13740610&shp=30310797&shcp=ff37627b&idc=useast8,,,,,,,,,
Soo hydrating 😍😍,0,0,2026-03-17T14:51:39.000Z,life_onloop,https://www.tiktok.com/@purple_passion18/video/7616942884771728653,7174265310206854190,7618237127403537182,https://p16-common-sign.tiktokcdn-us.com/tos-useast8-avt-0068-tx2/75c3c91509d4aa51c3a74ed30c389375~tplv-tiktokx-cropcenter:100:100.jpg?dr=9640&refresh_token=220afec3&x-expires=1775102400&x-signature=TIvCU5T%2B%2FQwK8%2BCjUPDPc%2F6cdNo%3D&t=4d5b0474&ps=13740610&shp=30310797&shcp=ff37627b&idc=useast8,,,,,,,,,
"Okay, had to slid into my life to show me the hydration 😭😭😭",1,1,2026-03-18T16:12:32.000Z,whitney._.shakira,https://www.tiktok.com/@iamprincesstay/video/7618306151876218125,7477695003348796462,7618629091244065567,https://p16-common-sign.tiktokcdn-us.com/tos-useast8-avt-0068-tx2/038ff864c4fce96e834317d65d1c208d~tplv-tiktokx-cropcenter:100:100.jpg?dr=9640&refresh_token=2d5e3e0e&x-expires=1775102400&x-signature=FirIbz9RqFFz9AMzqtgCY7ENM4w%3D&t=4d5b0474&ps=13740610&shp=30310797&shcp=ff37627b&idc=useast5,,,,,,,,,
😘😘😘,1,1,2026-03-20T16:25:41.000Z,bimmyyy7,https://www.tiktok.com/@iamprincesstay/video/7618306151876218125,6954788418870985734,7619374731384603423,https://p19-common-sign.tiktokcdn-us.com/tos-useast8-avt-0068-tx2/b45b7bf909eaf62dbb412c5c28dbc905~tplv-tiktokx-cropcenter:100:100.jpg?dr=9640&refresh_token=9b074218&x-expires=1775102400&x-signature=0cjpxowqSGd0b%2Bgjy4vjpAdB%2F%2FU%3D&t=4d5b0474&ps=13740610&shp=30310797&shcp=ff37627b&idc=useast5,,,,,,,,,
🥰🥰🥰🥰,1,,2026-03-20T18:31:29.000Z,iamprincesstay,https://www.tiktok.com/@iamprincesstay/video/7618306151876218125,6563027597089341446,7619407142470124301,https://p19-common-sign.tiktokcdn-us.com/tos-useast5-avt-0068-tx/8f876fb4b55cc775d38392d89925fd7b~tplv-tiktokx-cropcenter:100:100.jpg?dr=9640&refresh_token=21b407d3&x-expires=1775102400&x-signature=mXcdPF3708rmdFMOk9q8QnxiD3Q%3D&t=4d5b0474&ps=13740610&shp=30310797&shcp=ff37627b&idc=useast5,,,,,,,,,
Yessss!🤣🥰,1,,2026-03-19T01:39:40.000Z,iamprincesstay,https://www.tiktok.com/@iamprincesstay/video/7618306151876218125,6563027597089341446,7618775325287842573,https://p16-sign-va.tiktokcdn.com/tos-maliva-avt-0068/8f876fb4b55cc775d38392d89925fd7b~tplv-tiktokx-cropcenter:100:100.jpg?dr=14579&refresh_token=67cf96b2&x-expires=1775102400&x-signature=hHqoMAPAqB%2BbuTnQ6pltoGCnfU0%3D&t=4d5b0474&ps=13740610&shp=30310797&shcp=ff37627b&idc=my2,,,,,,,,,
Love these mask 😍,1,0,2026-03-15T02:59:14.000Z,ngocboni,https://www.tiktok.com/@purple_passion18/video/7616942884771728653,6631561276463349761,7617311505662968584,https://p16-common-sign.tiktokcdn-us.com/tos-alisg-avt-0068/67ef841a4d69597f334fec12e2247176~tplv-tiktokx-cropcenter:100:100.jpg?dr=9640&refresh_token=7e7553c2&x-expires=1775102400&x-signature=Y%2FtoNyX7HD8P%2BmVVjFedGO5100w%3D&t=4d5b0474&ps=13740610&shp=30310797&shcp=ff37627b&idc=useast5,,,,,,,,,
Love the combo💖,1,0,2026-03-14T17:23:26.000Z,sonamdemsel,https://www.tiktok.com/@purple_passion18/video/7616942884771728653,113239576831213568,7617163112253653767,https://p16-common-sign.tiktokcdn-us.com/tos-alisg-avt-0068/fb33aec3bb631b8150a535f90239d23f~tplv-tiktokx-cropcenter:100:100.jpg?dr=9640&refresh_token=959b7277&x-expires=1775102400&x-signature=QCeBZQH%2F4OqjabO%2FzrzHqWAeeHI%3D&t=4d5b0474&ps=13740610&shp=30310797&shcp=ff37627b&idc=useast5,,,,,,,,,
wanna try that lip mask,1,0,2026-03-15T10:38:17.000Z,mina.ugc86,https://www.tiktok.com/@purple_passion18/video/7616942884771728653,7474529554687443976,7617429778292015892,https://p16-common-sign.tiktokcdn-us.com/tos-alisg-avt-0068/12ef9ca85efd767dec41be7ffd1ab9ee~tplv-tiktokx-cropcenter:100:100.jpg?dr=9640&refresh_token=d6ff2062&x-expires=1775102400&x-signature=ibcbtpIBHpNqLl30x3r86YKw4sY%3D&t=4d5b0474&ps=13740610&shp=30310797&shcp=ff37627b&idc=useast5,,,,,,,,,
This looks amazing 🥰,0,0,2026-03-16T12:12:20.000Z,shomeskincare,https://www.tiktok.com/@purple_passion18/video/7616942884771728653,6825069884012610565,7617825143272162066,https://p16-common-sign.tiktokcdn-us.com/tos-alisg-avt-0068/b332154a01aae03805e8a53371b8d98e~tplv-tiktokx-cropcenter:100:100.jpg?dr=9640&refresh_token=c84299d0&x-expires=1775102400&x-signature=8mFtjvtHvrLNy0YKLK07RUG2b2g%3D&t=4d5b0474&ps=13740610&shp=30310797&shcp=ff37627b&idc=useast5,,,,,,,,,
The way I love selfcare is unreal! I love this. New follower here from Md 😍😍😍,0,0,2026-03-21T12:23:51.000Z,sye_selfcare_sis,https://www.tiktok.com/@purple_passion18/video/7616942884771728653,6879076391973159941,7619683381416952589,https://p16-common-sign.tiktokcdn-us.com/tos-useast5-avt-0068-tx/e7a85e1188b595bdba420c5d8ed34b09~tplv-tiktokx-cropcenter:100:100.jpg?dr=9640&refresh_token=c482741e&x-expires=1775102400&x-signature=z1C533Z0%2BewoDnk96JerJbcF8Mk%3D&t=4d5b0474&ps=13740610&shp=30310797&shcp=ff37627b&idc=useast5,,,,,,,,,
Love good routine 😍,1,0,2026-03-13T04:57:37.000Z,ajchanggg,https://www.tiktok.com/@janicelovesyouu/video/7616451454135504149,7449081731128411179,7616599232150307615,https://p16-common-sign.tiktokcdn-eu.com/tos-maliva-avt-0068/76d26f886ebce0152e33d72e34841a05~tplv-tiktokx-cropcenter:100:100.jpg?dr=10399&refresh_token=bd7b2379&x-expires=1775102400&x-signature=3NB5j7ULKFbrb7ryzI3QeZ2ckzs%3D&t=4d5b0474&ps=13740610&shp=30310797&shcp=ff37627b&idc=no1a,,,,,,,,,
nakakapagod maging babae dami nating kaartehan 😭😭😭,1,0,2026-03-13T21:38:02.000Z,ugcbyelgie,https://www.tiktok.com/@janicelovesyouu/video/7616451454135504149,7525515823826846751,7616857573660230431,https://p16-common-sign.tiktokcdn-eu.com/tos-maliva-avt-0068/594b337b6311341df11be70ec90c4159~tplv-tiktokx-cropcenter:100:100.jpg?dr=10399&refresh_token=bd533649&x-expires=1775102400&x-signature=Bsps92v6l0NFf2eIHao1ylcRpOk%3D&t=4d5b0474&ps=13740610&shp=30310797&shcp=ff37627b&idc=no1a,,,,,,,,,
wow so nice relaxing ❤️❤️,1,0,2026-03-13T10:08:31.000Z,arlynang,https://www.tiktok.com/@janicelovesyouu/video/7616451454135504149,55083065538023424,7616679650395636494,https://p16-common-sign.tiktokcdn-eu.com/tos-maliva-avt-0068/e5bdacd3fbbbd1b0dc4a2824ef1c1f0f~tplv-tiktokx-cropcenter:100:100.jpg?dr=10399&refresh_token=c2fbe59d&x-expires=1775102400&x-signature=Mm35heL6MPi53jCR6DzJN6yXdhA%3D&t=4d5b0474&ps=13740610&shp=30310797&shcp=ff37627b&idc=no1a,,,,,,,,,
i want this type of relaxing skincare,1,0,2026-03-12T22:19:43.000Z,aura.ugc.creator,https://www.tiktok.com/@janicelovesyouu/video/7616451454135504149,7440280512252871735,7616497299531678482,https://p19-common-sign.tiktokcdn-eu.com/tos-alisg-avt-0068/e601a0a5d922e4974d9128c0253b0e3f~tplv-tiktokx-cropcenter:100:100.jpg?dr=10399&refresh_token=82bd7598&x-expires=1775102400&x-signature=ilFya37R32p31QTCsJFqQTejA5c%3D&t=4d5b0474&ps=13740610&shp=30310797&shcp=ff37627b&idc=no1a,,,,,,,,,
Really want to try these masks! ❤️,1,0,2026-03-13T19:36:58.000Z,orihime010,https://www.tiktok.com/@janicelovesyouu/video/7616451454135504149,7158932686883210286,7616826309591712543,https://p16-common-sign.tiktokcdn-eu.com/tos-maliva-avt-0068/d833b181a483cfaa0fe37682880f5dea~tplv-tiktokx-cropcenter:100:100.jpg?dr=10399&refresh_token=60cacf59&x-expires=1775102400&x-signature=EeSvtFebplZkgyns%2FAELUuyVCJY%3D&t=4d5b0474&ps=13740610&shp=30310797&shcp=ff37627b&idc=no1a,,,,,,,,,
Omg my lips has been cracking!! I need that lip mask 🙋🏼‍♀️🙊,1,0,2026-03-12T19:28:49.000Z,genobskii,https://www.tiktok.com/@janicelovesyouu/video/7616451454135504149,6806148512523289602,7616453162626925342,https://p16-common-sign.tiktokcdn-eu.com/tos-alisg-avt-0068/9d8abdb8e281e8182d8f6289d9c5281b~tplv-tiktokx-cropcenter:100:100.jpg?dr=10399&refresh_token=1bc7219b&x-expires=1775102400&x-signature=kxxYJ16ijvvD2UlB8yTGYXr3UgE%3D&t=4d5b0474&ps=13740610&shp=30310797&shcp=ff37627b&idc=no1a,,,,,,,,,
I need to try the lip mask I have super dry lips and this looks so hydrating 🥰,1,0,2026-03-12T19:38:10.000Z,beauty.by.sonia.xo,https://www.tiktok.com/@janicelovesyouu/video/7616451454135504149,7567062818303018006,7616455695428682518,https://p16-common-sign.tiktokcdn-eu.com/tos-no1a-avt-0068c001-no/f4a2f11679e63d370c46fb8b2e7bda4c~tplv-tiktokx-cropcenter:100:100.jpg?dr=10399&refresh_token=58914d9c&x-expires=1775102400&x-signature=8wDv99UVSblEcoggysRfkRGkGbg%3D&t=4d5b0474&ps=13740610&shp=30310797&shcp=ff37627b&idc=no1a,,,,,,,,,
Love a good skincare routine ❤️,0,0,2026-03-16T02:47:32.000Z,ladyshulammite016,https://www.tiktok.com/@janicelovesyouu/video/7616451454135504149,110200731650912256,7617679494015206175,https://p16-common-sign.tiktokcdn-eu.com/tos-maliva-avt-0068/bf71b417fc65b40ace488344d40ef591~tplv-tiktokx-cropcenter:100:100.jpg?dr=10399&refresh_token=f1e8f3c1&x-expires=1775102400&x-signature=a2yM48CRs%2BZ4BAq2CYuMSDmkcmQ%3D&t=4d5b0474&ps=13740610&shp=30310797&shcp=ff37627b&idc=no1a,,,,,,,,,
What a sunday reset!💕💕💕,1,0,2026-03-12T22:34:01.000Z,glowithsarahlee,https://www.tiktok.com/@janicelovesyouu/video/7616451454135504149,66566370578,7616500902179226381,https://p16-common-sign.tiktokcdn-eu.com/tos-maliva-avt-0068/7deaa1bae2f1a72f0fdb173813eea09e~tplv-tiktokx-cropcenter:100:100.jpg?dr=10399&refresh_token=a34c069c&x-expires=1775102400&x-signature=0xNuZfhYmnmczF4RWa5V31Y8onM%3D&t=4d5b0474&ps=13740610&shp=30310797&shcp=ff37627b&idc=no1a,,,,,,,,,
Love this mask😍😍,0,0,2026-03-17T00:37:34.000Z,javinarellano,https://www.tiktok.com/@janicelovesyouu/video/7616451454135504149,6553572702824333313,7618017147672167175,https://p16-common-sign.tiktokcdn-eu.com/tos-alisg-avt-0068/7335447837695541249~tplv-tiktokx-cropcenter:100:100.jpg?dr=10399&refresh_token=e8b58b85&x-expires=1775102400&x-signature=UKUs3vMQ%2BMcTAtrjC27uA6SR92w%3D&t=4d5b0474&ps=13740610&shp=30310797&shcp=ff37627b&idc=no1a,,,,,,,,,
Such a nice skincare 😍😍😍,1,0,2026-03-12T22:45:40.000Z,tineola_,https://www.tiktok.com/@janicelovesyouu/video/7616451454135504149,6809695393715274757,7616503870391649054,https://p19-common-sign.tiktokcdn-eu.com/tos-maliva-avt-0068/77c43aac164f818748f3fddd1696633c~tplv-tiktokx-cropcenter:100:100.jpg?dr=10399&refresh_token=bd736a5f&x-expires=1775102400&x-signature=vHoEGXxEaEEsxXA3Hd%2FbtsytY80%3D&t=4d5b0474&ps=13740610&shp=30310797&shcp=ff37627b&idc=no1a,,,,,,,,,
Love the essentials sis😍😍,1,0,2026-03-12T19:41:40.000Z,itspinayinwashington,https://www.tiktok.com/@janicelovesyouu/video/7616451454135504149,7417498789303141419,7616456513687585550,https://p16-common-sign.tiktokcdn-eu.com/tos-maliva-avt-0068/2bfca93d9ce0330f025a0fef64960d9c~tplv-tiktokx-cropcenter:100:100.jpg?dr=10399&refresh_token=c1fa0022&x-expires=1775102400&x-signature=aZvMvqiLdp7%2BiDSc1q9yYj0UIrc%3D&t=4d5b0474&ps=13740610&shp=30310797&shcp=ff37627b&idc=no1a,,,,,,,,,
Love Sundays to take care of ourselves 😍,1,0,2026-03-14T19:30:58.000Z,caroraa2,https://www.tiktok.com/@janicelovesyouu/video/7616451454135504149,7573178032392324110,7617195861891662623,https://p16-common-sign.tiktokcdn-eu.com/tos-maliva-avt-0068/99602435b813093a96fcefe09563d293~tplv-tiktokx-cropcenter:100:100.jpg?dr=10399&refresh_token=926c7a2c&x-expires=1775102400&x-signature=SO0S9CHzuQapPdzUFcxd46j3pGU%3D&t=4d5b0474&ps=13740610&shp=30310797&shcp=ff37627b&idc=no1a,,,,,,,,,
added to my shopping cart 😁,0,0,2026-03-15T21:17:43.000Z,mitipuu,https://www.tiktok.com/@janicelovesyouu/video/7616451454135504149,6997214905271862278,7617594497287701279,https://p19-common-sign.tiktokcdn-eu.com/tos-maliva-avt-0068/e26d8de5ebec7aa22163edd1c4fc093a~tplv-tiktokx-cropcenter:100:100.jpg?dr=10399&refresh_token=5a239080&x-expires=1775102400&x-signature=uCQwEtBFstTjqL9pg3G2iM4Fzmg%3D&t=4d5b0474&ps=13740610&shp=30310797&shcp=ff37627b&idc=no1a,,,,,,,,,
Ang cute nung lip mask 😭💖,1,0,2026-03-13T07:29:35.000Z,euniceincalifornia,https://www.tiktok.com/@janicelovesyouu/video/7616451454135504149,7570661014498411575,7616638605590905614,https://p19-common-sign.tiktokcdn-eu.com/tos-maliva-avt-0068/5433be57fd935c09c230a0f228a465c0~tplv-tiktokx-cropcenter:100:100.jpg?dr=10399&refresh_token=ea306d8f&x-expires=1775102400&x-signature=5N2tewZqQHh2Uj3IkxqaDqr2%2B74%3D&t=4d5b0474&ps=13740610&shp=30310797&shcp=ff37627b&idc=no1a,,,,,,,,,
Skincare is a must❤️,1,0,2026-03-12T21:06:01.000Z,leaauring12,https://www.tiktok.com/@janicelovesyouu/video/7616451454135504149,7448083246317356049,7616478247094305567,https://p16-common-sign.tiktokcdn-eu.com/tos-maliva-avt-0068/3fafcd0a787de871adaed70fae7acc83~tplv-tiktokx-cropcenter:100:100.jpg?dr=10399&refresh_token=5ec83ba2&x-expires=1775102400&x-signature=CooeJsYsxqm0PlBfT%2FY0Sjfop1Y%3D&t=4d5b0474&ps=13740610&shp=30310797&shcp=ff37627b&idc=no1a,,,,,,,,,
bet na bet ko ung pa lips sis! 💋,1,0,2026-03-13T06:26:07.000Z,faithinca,https://www.tiktok.com/@janicelovesyouu/video/7616451454135504149,6779962836242170881,7616622030385890079,https://p19-common-sign.tiktokcdn-eu.com/tos-maliva-avt-0068/e419075273f05c96f58aca7fb3da857a~tplv-tiktokx-cropcenter:100:100.jpg?dr=10399&refresh_token=d3c8de7b&x-expires=1775102400&x-signature=3fARkcozmmRr6vw8bBGGv4OxSag%3D&t=4d5b0474&ps=13740610&shp=30310797&shcp=ff37627b&idc=no1a,,,,,,,,,
So relaxing ✨,1,0,2026-03-14T14:09:01.000Z,iluvliceth,https://www.tiktok.com/@janicelovesyouu/video/7616451454135504149,7056769512293188614,7617112906669703949,https://p16-common-sign.tiktokcdn-eu.com/tos-maliva-avt-0068/6bb893b0daa0d97d759e9f18b8d89ac8~tplv-tiktokx-cropcenter:100:100.jpg?dr=10399&refresh_token=51122567&x-expires=1775102400&x-signature=BbszsHDjVrU4l52547r3CPVbKhI%3D&t=4d5b0474&ps=13740610&shp=30310797&shcp=ff37627b&idc=no1a,,,,,,,,,
Love your routine!,1,0,2026-03-14T07:53:52.000Z,f.mixersweets,https://www.tiktok.com/@janicelovesyouu/video/7616451454135504149,6791307097054774277,7617016151616668430,https://p16-common-sign.tiktokcdn-eu.com/tos-maliva-avt-0068/7334922312205369350~tplv-tiktokx-cropcenter:100:100.jpg?dr=10399&refresh_token=98043383&x-expires=1775102400&x-signature=4SqNe8yT858CYxhn30WE1GaeZQo%3D&t=4d5b0474&ps=13740610&shp=30310797&shcp=ff37627b&idc=no1a,,,,,,,,,
Love your self care💗💗,0,0,2026-03-16T08:21:45.000Z,chesafabp,https://www.tiktok.com/@janicelovesyouu/video/7616451454135504149,7294511213391791150,7617765254499582734,https://p16-common-sign.tiktokcdn-eu.com/tos-maliva-avt-0068/361573dff41eb1c672e5c2177b18b7d2~tplv-tiktokx-cropcenter:100:100.jpg?dr=10399&refresh_token=80ec1fed&x-expires=1775102400&x-signature=UihYi16VlyoK7cjUnoFLi9cXZlE%3D&t=4d5b0474&ps=13740610&shp=30310797&shcp=ff37627b&idc=no1a,,,,,,,,,
love a good mask ❤️,1,0,2026-03-15T19:33:05.000Z,beautywithlydia,https://www.tiktok.com/@janicelovesyouu/video/7616451454135504149,6990235716110451718,7617567511131144991,https://p16-common-sign.tiktokcdn-eu.com/tos-maliva-avt-0068/81aae574315ac7381d9ca6f1654f7869~tplv-tiktokx-cropcenter:100:100.jpg?dr=10399&refresh_token=00a2e653&x-expires=1775102400&x-signature=ELEBdkbuabmlw51OjwXjv5ds15c%3D&t=4d5b0474&ps=13740610&shp=30310797&shcp=ff37627b&idc=no1a,,,,,,,,,
Love this routine,1,0,2026-03-13T06:10:02.000Z,lopchen_beautyglo,https://www.tiktok.com/@janicelovesyouu/video/7616451454135504149,7498876510817141790,7616618214424740638,https://p16-common-sign.tiktokcdn-eu.com/tos-maliva-avt-0068/20d46c94af80944aa87a741060efdafd~tplv-tiktokx-cropcenter:100:100.jpg?dr=10399&refresh_token=1590c3bc&x-expires=1775102400&x-signature=12VH4PEeD%2FmkyQGinFAle8jZCUA%3D&t=4d5b0474&ps=13740610&shp=30310797&shcp=ff37627b&idc=no1a,,,,,,,,,
Love this🥰💖💖💖,1,0,2026-03-13T21:04:36.000Z,tia.beautyy,https://www.tiktok.com/@janicelovesyouu/video/7616451454135504149,6776824518318277638,7616848962612675342,https://p16-common-sign.tiktokcdn-eu.com/tos-maliva-avt-0068/3053ada3ee1f96cc2ab83af1736fe968~tplv-tiktokx-cropcenter:100:100.jpg?dr=10399&refresh_token=ebbbf531&x-expires=1775102400&x-signature=eqjST1X8WW6AwEtuMaS%2Fz6GfCGo%3D&t=4d5b0474&ps=13740610&shp=30310797&shcp=ff37627b&idc=no1a,,,,,,,,,
Love it 🥰 🥰🥰,1,0,2026-03-13T04:02:57.000Z,ugc.sweetstudio,https://www.tiktok.com/@janicelovesyouu/video/7616451454135504149,7516575764188840991,7616585542114149151,https://p16-common-sign.tiktokcdn-eu.com/tos-maliva-avt-0068/cbd20a1a59cba7d42aa81a8e3295da61~tplv-tiktokx-cropcenter:100:100.jpg?dr=10399&refresh_token=e47dd052&x-expires=1775102400&x-signature=AJgHbAouJWoUdZRxBhH8MLZw3YI%3D&t=4d5b0474&ps=13740610&shp=30310797&shcp=ff37627b&idc=no1a,,,,,,,,,
Ohh nice 😍,1,0,2026-03-12T22:54:41.000Z,mrsinsler15,https://www.tiktok.com/@janicelovesyouu/video/7616451454135504149,6567152807412613121,7616506251316806414,https://p16-common-sign.tiktokcdn-eu.com/tos-maliva-avt-0068/fb8f2e8217045a2f43cb946c8c4eccb6~tplv-tiktokx-cropcenter:100:100.jpg?dr=10399&refresh_token=214ac7f9&x-expires=1775102400&x-signature=WWXt%2BVXyrdeff5ZGZn91y9aP%2FVU%3D&t=4d5b0474&ps=13740610&shp=30310797&shcp=ff37627b&idc=no1a,,,,,,,,,
nice routine ✨✨,1,0,2026-03-13T16:23:31.000Z,lollyskin2,https://www.tiktok.com/@janicelovesyouu/video/7616451454135504149,7453573915950203922,7616776620087313169,https://p16-common-sign.tiktokcdn-eu.com/tos-alisg-avt-0068/890f4219c6b6cad124390f59aee90bcb~tplv-tiktokx-cropcenter:100:100.jpg?dr=10399&refresh_token=c0374498&x-expires=1775102400&x-signature=O3fcs57g7o%2BKSCApgRsh%2FWS4snw%3D&t=4d5b0474&ps=13740610&shp=30310797&shcp=ff37627b&idc=no1a,,,,,,,,,
Skinnnnnn😍,1,0,2026-03-12T20:43:27.000Z,b3ckyekoma,https://www.tiktok.com/@janicelovesyouu/video/7616451454135504149,7569625471579849750,7616472482468496150,https://p16-common-sign.tiktokcdn-eu.com/tos-no1a-avt-0068c001-no/9fc78108cf68fa1f8541f2738d607c95~tplv-tiktokx-cropcenter:100:100.jpg?dr=10399&refresh_token=c3b0c9a3&x-expires=1775102400&x-signature=SK3PECbRkodpCj7i4%2BAnM5GF4JE%3D&t=4d5b0474&ps=13740610&shp=30310797&shcp=ff37627b&idc=no1a,,,,,,,,,
Lovely routine 😍,1,0,2026-03-13T07:10:55.000Z,babyfr3saa,https://www.tiktok.com/@janicelovesyouu/video/7616451454135504149,7105971437446349870,7616633746137875213,https://p16-common-sign.tiktokcdn-eu.com/tos-maliva-avt-0068/c8e743d44d87421e5b62f9cf49f8d4a9~tplv-tiktokx-cropcenter:100:100.jpg?dr=10399&refresh_token=99fa53ea&x-expires=1775102400&x-signature=EI%2BFqvJnVEFp88csncM3a5Gnrqw%3D&t=4d5b0474&ps=13740610&shp=30310797&shcp=ff37627b&idc=no1a,,,,,,,,,
Wow,1,0,2026-03-14T01:49:59.000Z,hyitsarsh18,https://www.tiktok.com/@janicelovesyouu/video/7616451454135504149,7348249508449747974,7616922560073122567,https://p19-common-sign.tiktokcdn-eu.com/tos-alisg-avt-0068/65f6bd423b41fc63e4effcf42b9e9242~tplv-tiktokx-cropcenter:100:100.jpg?dr=10399&refresh_token=c14bd855&x-expires=1775102400&x-signature=3Wu%2BTICohTsyUVZdqxhiwROV%2Fo8%3D&t=4d5b0474&ps=13740610&shp=30310797&shcp=ff37627b&idc=no1a,,,,,,,,,
Ohh this is nice 😍,1,0,2026-03-12T19:37:24.000Z,mrsinsler2,https://www.tiktok.com/@janicelovesyouu/video/7616451454135504149,7342499915500667946,7616455454750835470,https://p16-common-sign.tiktokcdn-eu.com/tos-maliva-avt-0068/39e517f2505211d8842468102127d0b7~tplv-tiktokx-cropcenter:100:100.jpg?dr=10399&refresh_token=cdefe17c&x-expires=1775102400&x-signature=r8%2B2Naxnr5mpKIC4WHuUmDpLPR0%3D&t=4d5b0474&ps=13740610&shp=30310797&shcp=ff37627b&idc=no1a,,,,,,,,,
🔥🔥🔥,1,0,2026-03-09T14:51:08.000Z,yulduz_ugc,https://www.tiktok.com/@ollymolly_usa/video/7614680498509581582,7193207855367947306,7615268212465156877,https://p16-common-sign.tiktokcdn-us.com/tos-useast5-avt-0068-tx/60c8b2773a8845712346e911f90a6ad6~tplv-tiktokx-cropcenter:100:100.jpg?dr=9640&refresh_token=aff74ec0&x-expires=1775102400&x-signature=eIaylEL99lYmELcrREBz3QSbczs%3D&t=4d5b0474&ps=13740610&shp=30310797&shcp=ff37627b&idc=useast8,,,,,,,,,
🥰🥰🥰 l loved,0,2,2026-03-08T02:31:06.000Z,dakexs_accesoriosymas,https://www.tiktok.com/@yanetortegaugc/video/7614700680699350293,6904766295147201538,7614706623656051472,https://p16-common-sign.tiktokcdn-eu.com/tos-alisg-avt-0068/f64b4aa4a3f06d58f67807bcce5362b7~tplv-tiktokx-cropcenter:100:100.jpg?dr=10399&refresh_token=3224af38&x-expires=1775102400&x-signature=utNDiENVJSCtjADwLAdg5MeZ8po%3D&t=4d5b0474&ps=13740610&shp=30310797&shcp=ff37627b&idc=no1a,,,,,,,,,
🥰,1,,2026-03-08T02:58:36.000Z,yanetortegaugc,https://www.tiktok.com/@yanetortegaugc/video/7614700680699350293,7488102821499733000,7614713731440722708,https://p16-common-sign.tiktokcdn-eu.com/tos-alisg-avt-0068/5e1d68874f7b4a8d61a70d0f98bd87ce~tplv-tiktokx-cropcenter:100:100.jpg?dr=10399&refresh_token=106f07ce&x-expires=1775102400&x-signature=8BgxYbHKdaxKj8fIrn2I5IAuULY%3D&t=4d5b0474&ps=13740610&shp=30310797&shcp=ff37627b&idc=no1a,,,,,,,,,
Wow 🥰,0,0,2026-03-08T23:38:08.000Z,ashley.amarante.r,https://www.tiktok.com/@yanetortegaugc/video/7614700680699350293,7496296706410726418,7615033145742344981,https://p19-common-sign.tiktokcdn-eu.com/tos-alisg-avt-0068/16161b18645ca6b19557e3171afc4dd2~tplv-tiktokx-cropcenter:100:100.jpg?dr=10399&refresh_token=48a1cc8a&x-expires=1775102400&x-signature=UM1fsOmdphUaSd1IpEX%2BArzVdto%3D&t=4d5b0474&ps=13740610&shp=30310797&shcp=ff37627b&idc=no1a,,,,,,,,,
una buena rutina para la piel y labios 🥰,1,1,2026-03-10T12:57:21.000Z,keniamejia131,https://www.tiktok.com/@yanetortegaugc/video/7614700680699350293,6727252419803907077,7615610237194093330,https://p16-common-sign.tiktokcdn-eu.com/tos-alisg-avt-0068/7cd0fefb799421e0f5475eea13223737~tplv-tiktokx-cropcenter:100:100.jpg?dr=10399&refresh_token=de6c82eb&x-expires=1775102400&x-signature=FsxFCnagan16JQ3XZtqC5IfUjro%3D&t=4d5b0474&ps=13740610&shp=30310797&shcp=ff37627b&idc=no1a,,,,,,,,,
🥰🥰🥰Si,0,,2026-03-10T17:11:54.000Z,yanetortegaugc,https://www.tiktok.com/@yanetortegaugc/video/7614700680699350293,7488102821499733000,7615675809883210516,https://p16-common-sign.tiktokcdn-eu.com/tos-alisg-avt-0068/5e1d68874f7b4a8d61a70d0f98bd87ce~tplv-tiktokx-cropcenter:100:100.jpg?dr=10399&refresh_token=106f07ce&x-expires=1775102400&x-signature=8BgxYbHKdaxKj8fIrn2I5IAuULY%3D&t=4d5b0474&ps=13740610&shp=30310797&shcp=ff37627b&idc=no1a,,,,,,,,,
Love this routine 😍,0,0,2026-03-13T04:08:31.000Z,chrischellenicole07,https://www.tiktok.com/@janicelovesyouu/video/7616451454135504149,7027256940368643077,7616587117049643790,https://p16-common-sign.tiktokcdn-us.com/tos-useast5-avt-0068-tx/7e0ac3db5a708e00f4324a5581f590fc~tplv-tiktokx-cropcenter:100:100.jpg?dr=9640&refresh_token=4b8b3f1e&x-expires=1775102400&x-signature=zDIQ%2FdvifEtadUsNuQArSH%2BvZCY%3D&t=4d5b0474&ps=13740610&shp=30310797&shcp=ff37627b&idc=useast8,,,,,,,,,
Love this 😍😍😍,1,0,2026-03-12T20:03:15.000Z,jes_collette,https://www.tiktok.com/@janicelovesyouu/video/7616451454135504149,7363151656744666158,7616462022993822495,https://p16-common-sign.tiktokcdn-us.com/tos-useast8-avt-0068-tx2/ddf5a67cf83b435575e1b3fb6d5587d2~tplv-tiktokx-cropcenter:100:100.jpg?dr=9640&refresh_token=f76b02a9&x-expires=1775102400&x-signature=EcWKIlRPwwxFQkg4JRZjXeqtGS8%3D&t=4d5b0474&ps=13740610&shp=30310797&shcp=ff37627b&idc=useast8,,,,,,,,,
Love it 😍,0,0,2026-03-12T20:17:16.000Z,whoisjaxly,https://www.tiktok.com/@janicelovesyouu/video/7616451454135504149,7485030439720059950,7616465712579953421,https://p16-common-sign.tiktokcdn-us.com/tos-useast5-avt-0068-tx/71df821dd538b46d8ea88a2dedad40ca~tplv-tiktokx-cropcenter:100:100.jpg?dr=9640&refresh_token=949a74a1&x-expires=1775102400&x-signature=K0bmrP7VqaOfyVmILNMS62EWemE%3D&t=4d5b0474&ps=13740610&shp=30310797&shcp=ff37627b&idc=useast8,,,,,,,,,
🥰🥰🥰 Great start of the day,0,0,2026-03-16T09:02:04.000Z,ffardouse,https://www.tiktok.com/@makeupbypriyankasoni/video/7617282524204502280,7345140520308261920,7617776028098036502,https://p19-common-sign.tiktokcdn-us.com/tos-useast2a-avt-0068-euttp/499664f10404797e2f9a252cf69e2f36~tplv-tiktokx-cropcenter:100:100.jpg?dr=9640&refresh_token=bff132ca&x-expires=1775102400&x-signature=FkgUDtPMEfbxAkow1i4PxKjrSUg%3D&t=4d5b0474&ps=13740610&shp=30310797&shcp=ff37627b&idc=useast8,,,,,,,,,
🥰🥰🥰🥰🥰🥰🥰🥰🥰🥰🥰🥰🥰🥰🥰🥰🥰🥰🥰🥰🥰🥰🥰🥰🥰🥰🥰🥰🥰🥰🥰🥰🥰🥰🥰,0,0,2026-03-16T07:13:14.000Z,oleksandrstasiv1,https://www.tiktok.com/@chaoswithvlada/video/7617731126005730581,7043013641818620934,7617748028359934738,https://p16-sign-va.tiktokcdn.com/tos-maliva-avt-0068/7163278259789463558~tplv-tiktokx-cropcenter:100:100.jpg?dr=14579&refresh_token=300cf6b6&x-expires=1775102400&x-signature=sL6AzqboH%2BSl0Q4otN8Fya28%2B5s%3D&t=4d5b0474&ps=13740610&shp=30310797&shcp=ff37627b&idc=my2,,,,,,,,,
🥰🥰🥰,0,0,2026-03-16T07:12:36.000Z,oleksandrstasiv1,https://www.tiktok.com/@chaoswithvlada/video/7617731126005730581,7043013641818620934,7617747868623504136,https://p16-sign-va.tiktokcdn.com/tos-maliva-avt-0068/7163278259789463558~tplv-tiktokx-cropcenter:100:100.jpg?dr=14579&refresh_token=300cf6b6&x-expires=1775102400&x-signature=sL6AzqboH%2BSl0Q4otN8Fya28%2B5s%3D&t=4d5b0474&ps=13740610&shp=30310797&shcp=ff37627b&idc=my2,,,,,,,,,
🥰🥰🥰,0,0,2026-03-19T10:52:39.000Z,yohanet99,https://www.tiktok.com/@_isarobaina/video/7614891664729001246,7146278816154862635,7618917651129090830,https://p16-common-sign.tiktokcdn-us.com/tos-useast5-avt-0068-tx/6bd7d2f131729368757d3f145ed8c55f~tplv-tiktokx-cropcenter:100:100.jpg?dr=9640&refresh_token=aaafe0b1&x-expires=1775102400&x-signature=qVj2EGrH4eE%2FJXYzZ1TK3crryCc%3D&t=4d5b0474&ps=13740610&shp=30310797&shcp=ff37627b&idc=useast8,,,,,,,,,
😍😍😍,0,0,2026-03-08T19:02:53.000Z,katy45378,https://www.tiktok.com/@alliemary07/video/7614958793503296775,7397414151234470917,7614962239917441812,https://p16-common-sign.tiktokcdn-us.com/tos-alisg-avt-0068/10a14f6d6d2c104de9e32dbe515e1935~tplv-tiktokx-cropcenter:100:100.jpg?dr=9640&refresh_token=dca441f7&x-expires=1775102400&x-signature=naU9Fb3sJZfyajMtksnb%2BNBGkZs%3D&t=4d5b0474&ps=13740610&shp=30310797&shcp=ff37627b&idc=useast5,,,,,,,,,
Super cute naman nung lip mask 😍💖,0,0,2026-03-19T18:18:21.000Z,ysanadine,https://www.tiktok.com/@janicelovesyouu/video/7616451454135504149,6555467002118619137,7619032718403519239,https://p16-sign-va.tiktokcdn.com/tos-maliva-avt-0068/0b46f2b9ab931c038cdbd8c140dd9f3f~tplv-tiktokx-cropcenter:100:100.jpg?dr=14579&refresh_token=16912284&x-expires=1775102400&x-signature=uaufKVqvFJQiyqxpmU4gBxBi5to%3D&t=4d5b0474&ps=13740610&shp=30310797&shcp=ff37627b&idc=sg1,,,,,,,,,
Must have 🥰❤️,0,0,2026-03-19T04:21:32.000Z,imperfectlyanjie,https://www.tiktok.com/@janicelovesyouu/video/7616451454135504149,121900366870315008,7618816937426928397,https://p16-common-sign.tiktokcdn-eu.com/tos-maliva-avt-0068/b9951a801b0b76a859d35541b7eecc8a~tplv-tiktokx-cropcenter:100:100.jpg?dr=10399&refresh_token=e7210f16&x-expires=1775102400&x-signature=JRtTap%2FMtufPjhvWO72mji1FLVE%3D&t=4d5b0474&ps=13740610&shp=30310797&shcp=ff37627b&idc=no1a,,,,,,,,,
Wow❤️,0,0,2026-03-20T00:08:30.000Z,dmnxkaur,https://www.tiktok.com/@janicelovesyouu/video/7616451454135504149,7223986936884642821,7619122898997183248,https://p16-common-sign.tiktokcdn-eu.com/tos-alisg-avt-0068/8fbf2e8562e1619cd53e442b6be66869~tplv-tiktokx-cropcenter:100:100.jpg?dr=10399&refresh_token=4de6a808&x-expires=1775102400&x-signature=129jjdY8oEOqi57qtuusJxRLPho%3D&t=4d5b0474&ps=13740610&shp=30310797&shcp=ff37627b&idc=no1a,,,,,,,,,
I'm coming now to pock these😂,1,1,2026-03-10T14:29:36.000Z,s.s.noore,https://www.tiktok.com/@makeupby_ain/video/7615499475875941640,6797411223882302470,7615633997318685460,https://p16-common-sign.tiktokcdn.com/tos-maliva-avt-0068/29b404dc05133b8cc9a19f61c6adf138~tplv-tiktokx-cropcenter:100:100.jpg?dr=14579&refresh_token=be7e683d&x-expires=1775102400&x-signature=KuK24ZLAVSX6KRog3u41NwDVxsg%3D&t=4d5b0474&ps=13740610&shp=30310797&shcp=ff37627b&idc=my,,,,,,,,,
ok,0,,2026-03-11T01:20:06.000Z,makeupby_ain,https://www.tiktok.com/@makeupby_ain/video/7615499475875941640,6730561157150835718,7615801605905154824,https://p16-common-sign.tiktokcdn.com/tos-maliva-avt-0068/41907acbcca486cefc1b4e4c35e5cf06~tplv-tiktokx-cropcenter:100:100.jpg?dr=14579&refresh_token=64e48e3b&x-expires=1775102400&x-signature=7mACaNN7xJY4hpwDW3uOLfRhB%2FQ%3D&t=4d5b0474&ps=13740610&shp=30310797&shcp=ff37627b&idc=my,,,,,,,,,
🥰🥰🥰,1,0,2026-03-10T14:29:12.000Z,s.s.noore,https://www.tiktok.com/@makeupby_ain/video/7615499475875941640,6797411223882302470,7615633879760978709,https://p16-common-sign.tiktokcdn.com/tos-maliva-avt-0068/29b404dc05133b8cc9a19f61c6adf138~tplv-tiktokx-cropcenter:100:100.jpg?dr=14579&refresh_token=be7e683d&x-expires=1775102400&x-signature=KuK24ZLAVSX6KRog3u41NwDVxsg%3D&t=4d5b0474&ps=13740610&shp=30310797&shcp=ff37627b&idc=my,,,,,,,,,
Looks like a great mask 💙💙💙,0,0,2026-03-15T20:40:45.000Z,curlygirl932,https://www.tiktok.com/@sabrinabergeronbo/video/7617284341885914389,7276124440777671686,7617585067116610322,https://p16-common-sign.tiktokcdn-us.com/tos-alisg-avt-0068/a30a2c841328b35dd9f2ce3c0cae7afc~tplv-tiktokx-cropcenter:100:100.jpg?dr=9640&refresh_token=d16673f1&x-expires=1775102400&x-signature=Mhs%2FDhjly4wN8hLWsI2YXTxihWY%3D&t=4d5b0474&ps=13740610&shp=30310797&shcp=ff37627b&idc=useast5,,,,,,,,,
Какая красивая 🥰,0,0,2026-03-11T14:46:15.000Z,asya_i95,https://www.tiktok.com/@tamila.galay/video/7615712230075616542,7303897470022419498,7616009153417560863,https://p16-common-sign.tiktokcdn-us.com/tos-useast8-avt-0068-tx2/0ec4c489b730e7b391d0ac1513c83f82~tplv-tiktokx-cropcenter:100:100.jpg?dr=9640&refresh_token=0b340901&x-expires=1775102400&x-signature=hTGLcHJjN0Chzj1e9eII6mIVe1Q%3D&t=4d5b0474&ps=13740610&shp=30310797&shcp=ff37627b&idc=useast8,,,,,,,,,
Солнышко 😘😘😘,0,0,2026-03-10T19:52:15.000Z,user201366300785,https://www.tiktok.com/@tamila.galay/video/7615712230075616542,6956808619167319046,7615717100379898625,https://p16-common-sign.tiktokcdn-us.com/musically-maliva-obj/1594805258216454~tplv-tiktokx-cropcenter:100:100.jpg?dr=9640&refresh_token=25475cfd&x-expires=1775102400&x-signature=CPOYycLevTZ8W3HjkM5ZHmUdHjE%3D&t=4d5b0474&ps=13740610&shp=30310797&shcp=ff37627b&idc=useast8,,,,,,,,,
Красиваяяяяяяяяяяяяяя❤️,0,0,2026-03-10T21:45:22.000Z,visiting_khanum,https://www.tiktok.com/@tamila.galay/video/7615712230075616542,6842225955538289670,7615746288616801031,https://p16-common-sign.tiktokcdn-us.com/tos-alisg-avt-0068/a4ab6ae96c36c33f968f977d1eacb135~tplv-tiktokx-cropcenter:100:100.jpg?dr=9640&refresh_token=8de40147&x-expires=1775102400&x-signature=4eYxXchUzP5%2BeyC%2BdFpxw1eX5KA%3D&t=4d5b0474&ps=13740610&shp=30310797&shcp=ff37627b&idc=useast8,,,,,,,,,
🥰,0,0,2026-03-11T03:12:48.000Z,hava_1987,https://www.tiktok.com/@tamila.galay/video/7615712230075616542,6983318042117735425,7615830580295549727,https://p16-common-sign.tiktokcdn-us.com/tos-useast8-avt-0068-tx2/46035a17e3785a91747fe94b24f5a324~tplv-tiktokx-cropcenter:100:100.jpg?dr=9640&refresh_token=e3d39e1b&x-expires=1775102400&x-signature=HWGe9r5mGGXQ57aPD9%2FpQrqTWk4%3D&t=4d5b0474&ps=13740610&shp=30310797&shcp=ff37627b&idc=useast8,,,,,,,,,
Love this,1,0,2026-03-13T20:30:13.000Z,rabyaaai,https://www.tiktok.com/@ngocboni/video/7616506417796730120,7566667394833646647,7616840124248982285,https://p16-common-sign.tiktokcdn-us.com/tos-useast5-avt-0068-tx/3164edb765d136e0ad7204ed57d4d736~tplv-tiktokx-cropcenter:100:100.jpg?dr=9640&refresh_token=b151dc17&x-expires=1775102400&x-signature=jibKaIjtU22e75fi0JE5iVHiqX8%3D&t=4d5b0474&ps=13740610&shp=30310797&shcp=ff37627b&idc=useast5,,,,,,,,,
gorgeous 😍😍👌,1,0,2026-03-13T07:39:14.000Z,andreeacipria,https://www.tiktok.com/@ngocboni/video/7616506417796730120,7572984597123908630,7616641438353294082,https://p16-common-sign.tiktokcdn-us.com/tos-maliva-avt-0068/efb4bcb9fef4cbe49b85b504bfe29a38~tplv-tiktokx-cropcenter:100:100.jpg?dr=9640&refresh_token=13f63760&x-expires=1775102400&x-signature=0tNdfq78Een05PEnoQ9Z31CbeAc%3D&t=4d5b0474&ps=13740610&shp=30310797&shcp=ff37627b&idc=useast5,,,,,,,,,
Such an interesting products 💕,0,0,2026-03-13T02:26:08.000Z,oliviawalvoort.ugc,https://www.tiktok.com/@ngocboni/video/7616506417796730120,6781348614583108609,7616560773595661063,https://p16-common-sign.tiktokcdn-us.com/tos-alisg-avt-0068/8415945536ad88066f4befb2d8ff867c~tplv-tiktokx-cropcenter:100:100.jpg?dr=9640&refresh_token=5b66bbf7&x-expires=1775102400&x-signature=O2mWe5OE62UrxIWiETHMFYFoFHY%3D&t=4d5b0474&ps=13740610&shp=30310797&shcp=ff37627b&idc=useast5,,,,,,,,,
Need to try these ✨,0,0,2026-03-12T23:41:08.000Z,myglowygoals,https://www.tiktok.com/@ngocboni/video/7616506417796730120,6840575197525115910,7616518288491283217,https://p16-common-sign.tiktokcdn-us.com/tos-maliva-avt-0068/c708a37c623bde39535238286feb3c7a~tplv-tiktokx-cropcenter:100:100.jpg?dr=9640&refresh_token=78d716cb&x-expires=1775102400&x-signature=7pa5Yp8jUhwSi1IQjI8kAG%2FamcU%3D&t=4d5b0474&ps=13740610&shp=30310797&shcp=ff37627b&idc=useast5,,,,,,,,,
love the lip mask!!,0,0,2026-03-12T23:21:57.000Z,purple_passion18,https://www.tiktok.com/@ngocboni/video/7616506417796730120,6841590554397606918,7616513235538133773,https://p16-common-sign.tiktokcdn-us.com/tos-useast5-avt-0068-tx/7352248872086798379~tplv-tiktokx-cropcenter:100:100.jpg?dr=9640&refresh_token=5090f7b3&x-expires=1775102400&x-signature=DoZ8%2F1%2BV3YsC3ifOaHGMypALetc%3D&t=4d5b0474&ps=13740610&shp=30310797&shcp=ff37627b&idc=useast5,,,,,,,,,
Nice combo ✨,0,0,2026-03-14T16:55:39.000Z,ugcnatali,https://www.tiktok.com/@ngocboni/video/7616506417796730120,7326617951041176581,7617155978111714065,https://p19-common-sign.tiktokcdn-us.com/tos-alisg-avt-0068/e4fa05d26f3b7c68642d3b1b70a16bc2~tplv-tiktokx-cropcenter:100:100.jpg?dr=9640&refresh_token=1403c293&x-expires=1775102400&x-signature=0%2BvtMOpcNjinMO3i99lQQjzGjEM%3D&t=4d5b0474&ps=13740610&shp=30310797&shcp=ff37627b&idc=useast5,,,,,,,,,
😍😍😍😍So great,0,0,2026-03-13T03:32:25.000Z,umiugc,https://www.tiktok.com/@ngocboni/video/7616506417796730120,7554462260518142990,7616577796958208798,https://p16-common-sign.tiktokcdn-us.com/tos-useast8-avt-0068-tx2/b9659728122fc5f6b0ac30f9d29b759b~tplv-tiktokx-cropcenter:100:100.jpg?dr=9640&refresh_token=bc5d024e&x-expires=1775102400&x-signature=rWxo1jithOICLxSmO1zhUMjO%2BOg%3D&t=4d5b0474&ps=13740610&shp=30310797&shcp=ff37627b&idc=useast5,,,,,,,,,
once im done with those lip masks I would definitely keep the little box 💯💯,1,0,2026-03-13T04:32:42.000Z,skindeepmegan,https://www.tiktok.com/@ngocboni/video/7616506417796730120,6772777156923851781,7616593300028818189,https://p16-common-sign.tiktokcdn-us.com/tos-useast5-avt-0068-tx/f82e30c92d3ef53e9d954e401ff7c34f~tplv-tiktokx-cropcenter:100:100.jpg?dr=9640&refresh_token=ac7e9559&x-expires=1775102400&x-signature=bFdTlZry6AeCnFrk6VJXgRNesN4%3D&t=4d5b0474&ps=13740610&shp=30310797&shcp=ff37627b&idc=useast5,,,,,,,,,
Wow transparent mask😍,0,0,2026-03-12T23:26:18.000Z,babyfishhxx,https://www.tiktok.com/@ngocboni/video/7616506417796730120,7431594831955084289,7616514441891676945,https://p16-common-sign.tiktokcdn-us.com/tos-alisg-avt-0068/886ab138d7715ba3b2928a62f7e02ffc~tplv-tiktokx-cropcenter:100:100.jpg?dr=9640&refresh_token=ee40f85c&x-expires=1775102400&x-signature=lV4p9vyIZv8YoE0vN0dV0XFTg%2Bc%3D&t=4d5b0474&ps=13740610&shp=30310797&shcp=ff37627b&idc=useast5,,,,,,,,,
Love this 😍😍😍,0,0,2026-03-15T20:42:56.000Z,lulianaana,https://www.tiktok.com/@ngocboni/video/7616506417796730120,6725590948179739654,7617585522856477471,https://p16-common-sign.tiktokcdn-us.com/tos-useast8-avt-0068-tx2/b2378654a7c58c693800877cdde9ae04~tplv-tiktokx-cropcenter:100:100.jpg?dr=9640&refresh_token=8f74799e&x-expires=1775102400&x-signature=VOMU1i2WU2Gu5VmIj01c2f4Ftbw%3D&t=4d5b0474&ps=13740610&shp=30310797&shcp=ff37627b&idc=useast5,,,,,,,,,
dear check your inbox for free products,0,0,2026-03-14T17:37:15.000Z,rachel.j.enriquez,https://www.tiktok.com/@ngocboni/video/7616506417796730120,7514670618785432594,7617166682969080597,https://p16-common-sign.tiktokcdn-us.com/tos-alisg-avt-0068/b7aba24236ab24471690b5d0e0092c31~tplv-tiktokx-cropcenter:100:100.jpg?dr=9640&refresh_token=1499ab17&x-expires=1775102400&x-signature=0cg%2BQ9mlavni1jvyoaGmR802MXM%3D&t=4d5b0474&ps=13740610&shp=30310797&shcp=ff37627b&idc=useast5,,,,,,,,,
😍😍😍😍👍👍👍,0,0,2026-03-13T03:32:02.000Z,umiugc,https://www.tiktok.com/@ngocboni/video/7616506417796730120,7554462260518142990,7616577704234599198,https://p16-common-sign.tiktokcdn-us.com/tos-useast8-avt-0068-tx2/b9659728122fc5f6b0ac30f9d29b759b~tplv-tiktokx-cropcenter:100:100.jpg?dr=9640&refresh_token=bc5d024e&x-expires=1775102400&x-signature=rWxo1jithOICLxSmO1zhUMjO%2BOg%3D&t=4d5b0474&ps=13740610&shp=30310797&shcp=ff37627b&idc=useast5,,,,,,,,,
🤩,0,0,2026-03-13T07:24:51.000Z,beccyandbrands_ugc,https://www.tiktok.com/@ngocboni/video/7616506417796730120,7542854459039794198,7616637731762586401,https://p16-common-sign.tiktokcdn-us.com/tos-useast2a-avt-0068-euttp/1e211a27325fdd43e5b8eb294544b563~tplv-tiktokx-cropcenter:100:100.jpg?dr=9640&refresh_token=21f8ccc5&x-expires=1775102400&x-signature=QaqozKZXiU1qb1i4TJ8ibqSMR0k%3D&t=4d5b0474&ps=13740610&shp=30310797&shcp=ff37627b&idc=useast5,,,,,,,,,
Your skin looks so hydrated after this mask.,1,1,2026-03-09T04:47:58.000Z,aldihully,https://www.tiktok.com/@tia.lindsay/video/7615057950490610965,6812137920792265734,7615112801954759446,https://p16-common-sign.tiktokcdn-us.com/tos-maliva-avt-0068/ac3da6a3d51603cb20f916895d7fe67e~tplv-tiktokx-cropcenter:100:100.jpg?dr=9640&refresh_token=a9f4dd45&x-expires=1775102400&x-signature=TNcF9qolsJWqqj5Ue2xZQ8ck0J8%3D&t=4d5b0474&ps=13740610&shp=30310797&shcp=ff37627b&idc=useast8,,,,,,,,,
It felt that way too 😍,0,,2026-03-09T21:16:49.000Z,tia.lindsay,https://www.tiktok.com/@tia.lindsay/video/7615057950490610965,6785706760093336582,7615367825339351828,https://p16-common-sign.tiktokcdn-us.com/tos-alisg-avt-0068/3c52e8a1366cd33c9bf2d943b9511a4c~tplv-tiktokx-cropcenter:100:100.jpg?dr=9640&refresh_token=636374fc&x-expires=1775102400&x-signature=Fj7GgjCVRla1SVJQFUTE6ilJMJQ%3D&t=4d5b0474&ps=13740610&shp=30310797&shcp=ff37627b&idc=useast8,,,,,,,,,
"I love those masks, need to start using again.",1,1,2026-03-13T04:25:21.000Z,lifeeasyology,https://www.tiktok.com/@carol.map.mkt/video/7616546574709132574,7122595046150538283,7616591446501950238,https://p16-common-sign.tiktokcdn-us.com/tos-useast8-avt-0068-tx2/c1f74343a8b893941f4698f712103c47~tplv-tiktokx-cropcenter:100:100.jpg?dr=9640&refresh_token=061e415a&x-expires=1775102400&x-signature=6DslBgrM%2Bd9GS3TbtUg%2FlyYNPQA%3D&t=4d5b0474&ps=13740610&shp=30310797&shcp=ff37627b&idc=useast5,,,,,,,,,
You’ll love the results 🥰,0,,2026-03-13T12:33:03.000Z,carol.map.mkt,https://www.tiktok.com/@carol.map.mkt/video/7616546574709132574,7466558029636060190,7616717020587049759,https://p16-common-sign.tiktokcdn-us.com/tos-useast8-avt-0068-tx2/5a69fad140ce583e66fea64ea5089933~tplv-tiktokx-cropcenter:100:100.jpg?dr=9640&refresh_token=abbdd49f&x-expires=1775102400&x-signature=O8NqSvSMFKqdtjt226y5t3yovUk%3D&t=4d5b0474&ps=13740610&shp=30310797&shcp=ff37627b&idc=useast5,,,,,,,,,
Great mask! Love it,1,1,2026-03-13T10:33:50.000Z,littlesparkjourney,https://www.tiktok.com/@carol.map.mkt/video/7616546574709132574,7583912221479257143,7616685885996745485,https://p16-common-sign.tiktokcdn-us.com/tos-useast5-avt-0068-tx/92d0b74970eb55c4045069eb268e8a52~tplv-tiktokx-cropcenter:100:100.jpg?dr=9640&refresh_token=ced1d4b1&x-expires=1775102400&x-signature=Fk2FUiR8w454PrkjA7nDHo4fkYI%3D&t=4d5b0474&ps=13740610&shp=30310797&shcp=ff37627b&idc=useast5,,,,,,,,,
Me too!🥰,0,,2026-03-13T12:33:21.000Z,carol.map.mkt,https://www.tiktok.com/@carol.map.mkt/video/7616546574709132574,7466558029636060190,7616717090892776223,https://p16-common-sign.tiktokcdn-us.com/tos-useast8-avt-0068-tx2/5a69fad140ce583e66fea64ea5089933~tplv-tiktokx-cropcenter:100:100.jpg?dr=9640&refresh_token=abbdd49f&x-expires=1775102400&x-signature=O8NqSvSMFKqdtjt226y5t3yovUk%3D&t=4d5b0474&ps=13740610&shp=30310797&shcp=ff37627b&idc=useast5,,,,,,,,,
I absolutely love that glow! A must have 😍,1,1,2026-03-13T08:51:36.000Z,tanniaamaro,https://www.tiktok.com/@carol.map.mkt/video/7616546574709132574,6808903518087922693,7616660014708065046,https://p16-common-sign.tiktokcdn-us.com/tos-maliva-avt-0068/4b3696258a344c9de23ba58d898392ef~tplv-tiktokx-cropcenter:100:100.jpg?dr=9640&refresh_token=c9e54ffc&x-expires=1775102400&x-signature=ShDYci96lQpakdqHO1xb1JJ4CGM%3D&t=4d5b0474&ps=13740610&shp=30310797&shcp=ff37627b&idc=useast5,,,,,,,,,
It looks really good.,0,0,2026-03-14T01:07:57.000Z,priscila.trindade735,https://www.tiktok.com/@carol.map.mkt/video/7616546574709132574,7519694232551769143,7616911678933271309,https://p16-common-sign.tiktokcdn-us.com/tos-useast5-avt-0068-tx/fbe849be98339f2223ade7d904bcb767~tplv-tiktokx-cropcenter:100:100.jpg?dr=9640&refresh_token=0a0d2372&x-expires=1775102400&x-signature=jOg2n9zTIop3H3ncJaOhxGh9KWs%3D&t=4d5b0474&ps=13740610&shp=30310797&shcp=ff37627b&idc=useast5,,,,,,,,,
I need this product.🤩,1,1,2026-03-13T02:20:27.000Z,lorrainealbernazugc,https://www.tiktok.com/@carol.map.mkt/video/7616546574709132574,7494027889307780126,7616559192443388685,https://p16-common-sign.tiktokcdn-us.com/tos-useast5-avt-0068-tx/985d370c104ae775223a02056341c870~tplv-tiktokx-cropcenter:100:100.jpg?dr=9640&refresh_token=06afed67&x-expires=1775102400&x-signature=DhNB%2FrdvzQ4HhUyZ8wRBxYxuCUk%3D&t=4d5b0474&ps=13740610&shp=30310797&shcp=ff37627b&idc=useast5,,,,,,,,,
Great mask I love it 😻,1,1,2026-03-13T01:44:23.000Z,nelmaaiello9,https://www.tiktok.com/@carol.map.mkt/video/7616546574709132574,6932563251633685510,7616549958842778382,https://p16-common-sign.tiktokcdn-us.com/tos-useast5-avt-0068-tx/7344819250835488810~tplv-tiktokx-cropcenter:100:100.jpg?dr=9640&refresh_token=1490c1c1&x-expires=1775102400&x-signature=PGVO4ihVNtrBmgvylo4p%2FFBGWGs%3D&t=4d5b0474&ps=13740610&shp=30310797&shcp=ff37627b&idc=useast5,,,,,,,,,
Me too🥰,0,,2026-03-13T12:32:41.000Z,carol.map.mkt,https://www.tiktok.com/@carol.map.mkt/video/7616546574709132574,7466558029636060190,7616716563337610015,https://p16-common-sign.tiktokcdn-us.com/tos-useast8-avt-0068-tx2/5a69fad140ce583e66fea64ea5089933~tplv-tiktokx-cropcenter:100:100.jpg?dr=9640&refresh_token=abbdd49f&x-expires=1775102400&x-signature=O8NqSvSMFKqdtjt226y5t3yovUk%3D&t=4d5b0474&ps=13740610&shp=30310797&shcp=ff37627b&idc=useast5,,,,,,,,,
"I absolutely love these kind os masks ! It’s so refreshing, I usually leave it overnight and my skin in the morning looks divine 🥰",0,0,2026-03-13T16:41:06.000Z,anurbr1911,https://www.tiktok.com/@carol.map.mkt/video/7616546574709132574,6732806172216869894,7616781050803045133,https://p16-common-sign.tiktokcdn-us.com/tos-useast5-avt-0068-tx/d542bfb55a37b78d4d6d1693952fb24d~tplv-tiktokx-cropcenter:100:100.jpg?dr=9640&refresh_token=718359ba&x-expires=1775102400&x-signature=%2Bfp5sUOuXEA%2Bn6LYpUq2wEb0meM%3D&t=4d5b0474&ps=13740610&shp=30310797&shcp=ff37627b&idc=useast5,,,,,,,,,
"I love these masks, the feeling of hydrated skin is wonderful.",0,0,2026-03-13T17:08:15.000Z,carolcoutinhougc,https://www.tiktok.com/@carol.map.mkt/video/7616546574709132574,7435682846768383019,7616788035309257486,https://p16-common-sign.tiktokcdn-us.com/tos-useast5-avt-0068-tx/89fba9a0dfbb13c7b66021895439ce91~tplv-tiktokx-cropcenter:100:100.jpg?dr=9640&refresh_token=b4175860&x-expires=1775102400&x-signature=i3wxbizomYNqrfK3cBNXby5L%2FJk%3D&t=4d5b0474&ps=13740610&shp=30310797&shcp=ff37627b&idc=useast5,,,,,,,,,
That looks very good.,0,0,2026-03-13T19:25:58.000Z,laysmairink,https://www.tiktok.com/@carol.map.mkt/video/7616546574709132574,7411282101631009838,7616823576985043742,https://p19-common-sign.tiktokcdn-us.com/tos-useast8-avt-0068-tx2/3d0a12ec941b614b403eeb76e844d8b6~tplv-tiktokx-cropcenter:100:100.jpg?dr=9640&refresh_token=0efc0e13&x-expires=1775102400&x-signature=R%2FASsvWqSAl6hEyb0ts82oRg7GU%3D&t=4d5b0474&ps=13740610&shp=30310797&shcp=ff37627b&idc=useast5,,,,,,,,,
Who doesn’t love a good mask ? 🥰🥰,0,0,2026-03-14T11:00:00.000Z,ugc_bymudita,https://www.tiktok.com/@carol.map.mkt/video/7616546574709132574,7528242941740303374,7617063835526611726,https://p19-common-sign.tiktokcdn-us.com/tos-useast5-avt-0068-tx/e0e7faa37d0c6e565a5c1089553dfb12~tplv-tiktokx-cropcenter:100:100.jpg?dr=9640&refresh_token=d586b21a&x-expires=1775102400&x-signature=priMkww%2F1myFYydTTgo6J%2FxFrZE%3D&t=4d5b0474&ps=13740610&shp=30310797&shcp=ff37627b&idc=useast5,,,,,,,,,
Skin looks so smooth and lips so juicy,0,0,2026-03-25T04:31:32.000Z,dii._.aguii,https://www.tiktok.com/@honest_reviewstt/video/7620897927807946004,7232338202379142150,7621046136019895058,https://p16-sign-sg.tiktokcdn.com/tos-alisg-avt-0068/e6a64cefb975d41443ba72af1405c148~tplv-tiktokx-cropcenter:100:100.jpg?dr=14579&refresh_token=9799abe3&x-expires=1775102400&x-signature=am6kTLCsQIQBsdCyqSJLIeqiyF8%3D&t=4d5b0474&ps=13740610&shp=30310797&shcp=ff37627b&idc=my2,,,,,,,,,
😍nice,0,0,2026-03-10T06:52:40.000Z,jessihnm,https://www.tiktok.com/@velvetvibes002/video/7615445148733951250,7235599208773207046,7615516151599612705,https://p19-common-sign.tiktokcdn-us.com/tos-maliva-avt-0068/a16dd798131310606e6bf764f7b725a5~tplv-tiktokx-cropcenter:100:100.jpg?dr=9640&refresh_token=d4b85815&x-expires=1775102400&x-signature=l%2FBnnloEkYaMaLCn%2B7o6ZbXgw9A%3D&t=4d5b0474&ps=13740610&shp=30310797&shcp=ff37627b&idc=useast8,,,,,,,,,
Looks so fun and hydrating,0,0,2026-03-10T05:58:26.000Z,curlygirl932,https://www.tiktok.com/@velvetvibes002/video/7615445148733951250,7276124440777671686,7615502266698990344,https://p16-common-sign.tiktokcdn-us.com/tos-alisg-avt-0068/a30a2c841328b35dd9f2ce3c0cae7afc~tplv-tiktokx-cropcenter:100:100.jpg?dr=9640&refresh_token=d16673f1&x-expires=1775102400&x-signature=Mhs%2FDhjly4wN8hLWsI2YXTxihWY%3D&t=4d5b0474&ps=13740610&shp=30310797&shcp=ff37627b&idc=useast8,,,,,,,,,
love it,0,0,2026-03-12T06:25:45.000Z,yourishaaaa,https://www.tiktok.com/@velvetvibes002/video/7615445148733951250,6807644309950776322,7616251435815093012,https://p16-common-sign.tiktokcdn-us.com/tos-alisg-avt-0068/63edea8b6ff9b4b65dd4a3ec414f8e7d~tplv-tiktokx-cropcenter:100:100.jpg?dr=9640&refresh_token=6bbfa797&x-expires=1775102400&x-signature=hqvA1DhhFT51CiNJs2H87iI6q80%3D&t=4d5b0474&ps=13740610&shp=30310797&shcp=ff37627b&idc=useast8,,,,,,,,,
🥰🥰🥰,1,0,2026-03-14T11:22:47.000Z,blonde7621,https://www.tiktok.com/@ti_boutey_malta/video/7616922811755547911,6970459881217737733,7617070190069072661,https://p16-common-sign.tiktokcdn.com/tos-alisg-avt-0068/7c7123960a39d736eaed511c84c2fc63~tplv-tiktokx-cropcenter:100:100.jpg?dr=14579&refresh_token=106033c0&x-expires=1775102400&x-signature=2R10XkXQEnwsOPSIfgKorLaqkb0%3D&t=4d5b0474&ps=13740610&shp=30310797&shcp=ff37627b&idc=my,,,,,,,,,
[Sticker] ,0,0,2026-03-16T17:15:33.000Z,mikekey948,https://www.tiktok.com/@lovejamm/video/7617749157125704991,7517163129056166926,7617902983129907998,https://p16-common-sign.tiktokcdn-us.com/tos-useast8-avt-0068-tx2/8ba33a976b9367196db1fc34510b5842~tplv-tiktokx-cropcenter:100:100.jpg?dr=9640&refresh_token=93d0a2c9&x-expires=1775102400&x-signature=bqYcm3hEUpZsgSEmgyqptnBG%2BTY%3D&t=4d5b0474&ps=13740610&shp=30310797&shcp=ff37627b&idc=useast8,,,,,,,,,
[Sticker] dog,0,0,2026-03-16T17:16:25.000Z,mikekey948,https://www.tiktok.com/@lovejamm/video/7617749157125704991,7517163129056166926,7617903354786562847,https://p16-common-sign.tiktokcdn-us.com/tos-useast8-avt-0068-tx2/8ba33a976b9367196db1fc34510b5842~tplv-tiktokx-cropcenter:100:100.jpg?dr=9640&refresh_token=93d0a2c9&x-expires=1775102400&x-signature=bqYcm3hEUpZsgSEmgyqptnBG%2BTY%3D&t=4d5b0474&ps=13740610&shp=30310797&shcp=ff37627b&idc=useast8,,,,,,,,,
Me encanta 😍,1,1,2026-03-12T17:32:22.000Z,crisleidyl,https://www.tiktok.com/@yainivictoria03/video/7616381678046465301,6809091157193278469,7616423275170431745,https://p16-common-sign.tiktokcdn-us.com/tos-maliva-avt-0068/828e97599199f33fecfc9d95ed8c2201~tplv-tiktokx-cropcenter:100:100.jpg?dr=9640&refresh_token=b5b3541a&x-expires=1775102400&x-signature=gew56d5k5wjldzXIoflBrizKhY4%3D&t=4d5b0474&ps=13740610&shp=30310797&shcp=ff37627b&idc=useast5,,,,,,,,,
🥰🥰🥰,1,,2026-03-12T17:38:55.000Z,yainivictoria03,https://www.tiktok.com/@yainivictoria03/video/7616381678046465301,6856233604319724549,7616424951268819719,https://p16-common-sign.tiktokcdn-us.com/tos-maliva-avt-0068/3533421fb37544390d0f3c113bf2a1e9~tplv-tiktokx-cropcenter:100:100.jpg?dr=9640&refresh_token=eccf970b&x-expires=1775102400&x-signature=9AMJs4AzYJa57haKOuGl4i8EXmg%3D&t=4d5b0474&ps=13740610&shp=30310797&shcp=ff37627b&idc=useast5,,,,,,,,,
Paz ✌️🥰🥰 piel hidratada lo es todo,1,1,2026-03-12T15:00:23.000Z,franchescagomez1,https://www.tiktok.com/@yainivictoria03/video/7616381678046465301,6822838557515793414,7616384126228333320,https://p16-common-sign.tiktokcdn-us.com/tos-alisg-avt-0068/afaf34c5cb453f66d02701bdbdeee791~tplv-tiktokx-cropcenter:100:100.jpg?dr=9640&refresh_token=887b7d28&x-expires=1775102400&x-signature=5rl%2BJm7nEqASgwWX79VE7QGiC1I%3D&t=4d5b0474&ps=13740610&shp=30310797&shcp=ff37627b&idc=useast5,,,,,,,,,
Siii 🥰,0,,2026-03-12T16:03:32.000Z,yainivictoria03,https://www.tiktok.com/@yainivictoria03/video/7616381678046465301,6856233604319724549,7616400381832266504,https://p16-common-sign.tiktokcdn-us.com/tos-maliva-avt-0068/3533421fb37544390d0f3c113bf2a1e9~tplv-tiktokx-cropcenter:100:100.jpg?dr=9640&refresh_token=eccf970b&x-expires=1775102400&x-signature=9AMJs4AzYJa57haKOuGl4i8EXmg%3D&t=4d5b0474&ps=13740610&shp=30310797&shcp=ff37627b&idc=useast5,,,,,,,,,
"Yafre me encantó la que me regalaste, cuando vuelva y compre me avisas para comprarte una 👌🏼 😉 porque me dejó la cara bella e hidratada y suave como la de un bebé 👶 😍",1,1,2026-03-18T17:51:11.000Z,holdalizayepe,https://www.tiktok.com/@yafreisymendez1/video/7618303081943715093,7112217470827529221,7618654611301532436,https://p16-common-sign.tiktokcdn-us.com/tos-alisg-avt-0068/e441197b14355ad76da0522943c6bd19~tplv-tiktokx-cropcenter:100:100.jpg?dr=9640&refresh_token=6e3aea33&x-expires=1775102400&x-signature=H1NdRKe%2Fat%2BHEtY8cqwiga3NWIY%3D&t=4d5b0474&ps=13740610&shp=30310797&shcp=ff37627b&idc=useast5,,,,,,,,,
Me encantó que te haya gustado 🫶🏽,0,,2026-03-18T17:53:40.000Z,yafreisymendez1,https://www.tiktok.com/@yafreisymendez1/video/7618303081943715093,6874340210118329350,7618655216129753877,https://p16-common-sign.tiktokcdn-us.com/tos-alisg-avt-0068/3f888954310bd989bb07de66baf34d46~tplv-tiktokx-cropcenter:100:100.jpg?dr=9640&refresh_token=db1e64a0&x-expires=1775102400&x-signature=GtbbaH1zCazQn1FUMHYQlegtNOE%3D&t=4d5b0474&ps=13740610&shp=30310797&shcp=ff37627b&idc=useast5,,,,,,,,,
Esos productos son un 10/10,1,1,2026-03-17T20:08:53.000Z,l.cuevas03,https://www.tiktok.com/@yafreisymendez1/video/7618303081943715093,6650282164489650181,7618319008445563669,https://p16-common-sign.tiktokcdn-us.com/tos-alisg-avt-0068/8c2c0923b55cbf51f33fbd6f08d08351~tplv-tiktokx-cropcenter:100:100.jpg?dr=9640&refresh_token=3ad5e379&x-expires=1775102400&x-signature=ncZaEpyFOeW9bwbG5pQystMAwnI%3D&t=4d5b0474&ps=13740610&shp=30310797&shcp=ff37627b&idc=useast5,,,,,,,,,
Las mejores que he probado 😍,0,,2026-03-17T20:20:19.000Z,yafreisymendez1,https://www.tiktok.com/@yafreisymendez1/video/7618303081943715093,6874340210118329350,7618321940176143125,https://p16-common-sign.tiktokcdn-us.com/tos-alisg-avt-0068/3f888954310bd989bb07de66baf34d46~tplv-tiktokx-cropcenter:100:100.jpg?dr=9640&refresh_token=db1e64a0&x-expires=1775102400&x-signature=GtbbaH1zCazQn1FUMHYQlegtNOE%3D&t=4d5b0474&ps=13740610&shp=30310797&shcp=ff37627b&idc=useast5,,,,,,,,,
Combinada con todo 😏 me encantó se ve súper hidratante,1,0,2026-03-20T01:17:11.000Z,rocecil,https://www.tiktok.com/@yafreisymendez1/video/7618303081943715093,6799993315136865282,7619140612977541909,https://p16-common-sign.tiktokcdn-us.com/tos-alisg-avt-0068/8930022cf7157b4b1821aa790ecfb589~tplv-tiktokx-cropcenter:100:100.jpg?dr=9640&refresh_token=ff87db04&x-expires=1775102400&x-signature=8GMb1K7cyvEx%2FY6wvEq9OCg50Vk%3D&t=4d5b0474&ps=13740610&shp=30310797&shcp=ff37627b&idc=useast5,,,,,,,,,
Pero bien,1,0,2026-03-18T12:22:52.000Z,nairobi0604,https://www.tiktok.com/@yafreisymendez1/video/7618303081943715093,7204484559902098437,7618570001105109781,https://p16-common-sign.tiktokcdn-us.com/tos-alisg-avt-0068/6c18791b0cdd6f665dc79e84dbc07988~tplv-tiktokx-cropcenter:100:100.jpg?dr=9640&refresh_token=ef7db797&x-expires=1775102400&x-signature=pfRFGIIKrxxokEBw8vfdEqNhb5w%3D&t=4d5b0474&ps=13740610&shp=30310797&shcp=ff37627b&idc=useast5,,,,,,,,,
Mi negra😍,1,1,2026-03-17T22:29:14.000Z,ashmf_01,https://www.tiktok.com/@yafreisymendez1/video/7618303081943715093,165781096771723264,7618355174859440917,https://p16-common-sign.tiktokcdn-us.com/tos-alisg-avt-0068/8f002f0320ed54ed776c1b36eebb63fa~tplv-tiktokx-cropcenter:100:100.jpg?dr=9640&refresh_token=3646e591&x-expires=1775102400&x-signature=Lw7luGS4jLAcwBWZNcV%2FY7P8COo%3D&t=4d5b0474&ps=13740610&shp=30310797&shcp=ff37627b&idc=useast5,,,,,,,,,
🥰🥰🥰,1,0,2026-03-17T19:20:50.000Z,rosarodriguez.ww,https://www.tiktok.com/@yafreisymendez1/video/7618303081943715093,7126208920179753989,7618306625477280520,https://p19-common-sign.tiktokcdn-us.com/tos-maliva-avt-0068/8deaed15bb60e966e64f8d249e0e5932~tplv-tiktokx-cropcenter:100:100.jpg?dr=9640&refresh_token=63ef6fa5&x-expires=1775102400&x-signature=CGAaEm3EO8QX9dbA5bZlMvSkjqs%3D&t=4d5b0474&ps=13740610&shp=30310797&shcp=ff37627b&idc=useast5,,,,,,,,,
que ricas son esas mascarilla 🥰,1,0,2026-03-24T23:32:42.000Z,itsmekarenh,https://www.tiktok.com/@halibelgonzalez/video/7620927734750907679,7586138673063035959,7620969038513046302,https://p16-common-sign.tiktokcdn-us.com/tos-useast8-avt-0068-tx2/5231f83a1c493ce6c8da98aa3fe1f8ef~tplv-tiktokx-cropcenter:100:100.jpg?dr=9640&refresh_token=84caac21&x-expires=1775102400&x-signature=VKzrB3vArmAZO7xM3KXaityTZnY%3D&t=4d5b0474&ps=13740610&shp=30310797&shcp=ff37627b&idc=useast8,,,,,,,,,
quedo bien hidratada esa piel,1,0,2026-03-26T16:59:08.000Z,liadeavila01,https://www.tiktok.com/@halibelgonzalez/video/7620927734750907679,7131412764794635306,7621609748895712031,https://p16-common-sign.tiktokcdn-us.com/tos-useast8-avt-0068-tx2/d76f3c9828604f3671fcb49e164223fe~tplv-tiktokx-cropcenter:100:100.jpg?dr=9640&refresh_token=6b733188&x-expires=1775102400&x-signature=nkNFi3%2FzJvlvw3KqROY416P9owo%3D&t=4d5b0474&ps=13740610&shp=30310797&shcp=ff37627b&idc=useast8,,,,,,,,,
"Queeee mascarilla de glutation ? 😳 Me has creado una necesidad, el glutation es mi ingrediente favorito amiga",1,1,2026-03-25T04:31:57.000Z,cristinaevans49,https://www.tiktok.com/@halibelgonzalez/video/7620927734750907679,7235403622094963718,7621046263592583957,https://p16-common-sign.tiktokcdn-us.com/tos-maliva-avt-0068/e2c99afa0f9c7ccf253fb57c2a379ee2~tplv-tiktokx-cropcenter:100:100.jpg?dr=9640&refresh_token=f874fa58&x-expires=1775102400&x-signature=DOF7sCxv567TA6jFGgB7J5GO8UQ%3D&t=4d5b0474&ps=13740610&shp=30310797&shcp=ff37627b&idc=useast8,,,,,,,,,
"Yo uso mascarillas casi todos los dias, me relaja mucho💖",1,0,2026-03-24T22:50:17.000Z,marochaconsanchez,https://www.tiktok.com/@halibelgonzalez/video/7620927734750907679,18040413,7620958160669590302,https://p16-common-sign.tiktokcdn-us.com/tos-useast8-avt-0068-tx2/77b22211114e51d2a62309b17fcec059~tplv-tiktokx-cropcenter:100:100.jpg?dr=9640&refresh_token=ae744881&x-expires=1775102400&x-signature=YRcm9Of5q%2BNHEnw0EbrV9v7ATz0%3D&t=4d5b0474&ps=13740610&shp=30310797&shcp=ff37627b&idc=useast8,,,,,,,,,
Wao amiga está espectacular esa mascarilla,1,0,2026-03-26T00:21:17.000Z,yanesantos236,https://www.tiktok.com/@halibelgonzalez/video/7620927734750907679,7488909761539327018,7621352699502641934,https://p16-common-sign.tiktokcdn-us.com/tos-useast5-avt-0068-tx/f9f91b8bfb3b623940f91ac5b4b90530~tplv-tiktokx-cropcenter:100:100.jpg?dr=9640&refresh_token=60cce0c5&x-expires=1775102400&x-signature=LXxE0BhimR0kaXcXn2JSL0tN7qM%3D&t=4d5b0474&ps=13740610&shp=30310797&shcp=ff37627b&idc=useast8,,,,,,,,,
Se ve súper 🤩,1,0,2026-03-26T18:17:30.000Z,mineereyna,https://www.tiktok.com/@halibelgonzalez/video/7620927734750907679,6812592527217525766,7621629951632638733,https://p16-common-sign.tiktokcdn-us.com/tos-useast5-avt-0068-tx/e12c9b1da1624ad1876ead4e29958034~tplv-tiktokx-cropcenter:100:100.jpg?dr=9640&refresh_token=97967059&x-expires=1775102400&x-signature=t8jwXOB%2BvKHELWRoGgKslTw%2B968%3D&t=4d5b0474&ps=13740610&shp=30310797&shcp=ff37627b&idc=useast8,,,,,,,,,
Me encanta usar mascarillas 🥰,1,0,2026-03-26T03:28:37.000Z,helenaurora_ugc,https://www.tiktok.com/@halibelgonzalez/video/7620927734750907679,7141130104935433262,7621400914121048863,https://p16-common-sign.tiktokcdn-us.com/tos-useast8-avt-0068-tx2/288e33566c59060ee62e74f6d0a8414d~tplv-tiktokx-cropcenter:100:100.jpg?dr=9640&refresh_token=c8fe3bf6&x-expires=1775102400&x-signature=rnwbyNYQ2ss2w3BaIT3OOB2phf8%3D&t=4d5b0474&ps=13740610&shp=30310797&shcp=ff37627b&idc=useast8,,,,,,,,,
Así mismo mami,1,0,2026-03-25T18:23:41.000Z,lilianesthermejia,https://www.tiktok.com/@halibelgonzalez/video/7620927734750907679,6808677396382106630,7621260489192751903,https://p16-common-sign.tiktokcdn-us.com/tos-useast8-avt-0068-tx2/5bc5280ab18162c781d223b1f4f1ae81~tplv-tiktokx-cropcenter:100:100.jpg?dr=9640&refresh_token=09789be6&x-expires=1775102400&x-signature=BRU7K456gdgmJoOopSwYQEuenSs%3D&t=4d5b0474&ps=13740610&shp=30310797&shcp=ff37627b&idc=useast8,,,,,,,,,
Asi mismo desean ese amor,1,0,2026-03-25T23:05:01.000Z,enchanted.glam.beauty,https://www.tiktok.com/@halibelgonzalez/video/7620927734750907679,60719200507265024,7621333019530216222,https://p16-common-sign.tiktokcdn-us.com/tos-useast8-avt-0068-tx2/d9812417d150bd4702b91268bd5674fe~tplv-tiktokx-cropcenter:100:100.jpg?dr=9640&refresh_token=dd8ae735&x-expires=1775102400&x-signature=ZM5jOUL6rM%2BD1pSQfVktc1tdRWQ%3D&t=4d5b0474&ps=13740610&shp=30310797&shcp=ff37627b&idc=useast8,,,,,,,,,
Quiero probarla ✨✨✨,1,0,2026-03-26T01:02:35.000Z,jessjessam,https://www.tiktok.com/@halibelgonzalez/video/7620927734750907679,6790874123976557573,7621363329957888798,https://p19-common-sign.tiktokcdn-us.com/tos-useast8-avt-0068-tx2/c666ecd76a5462873bc9f542021eda2d~tplv-tiktokx-cropcenter:100:100.jpg?dr=9640&refresh_token=97c0a69f&x-expires=1775102400&x-signature=eBq9mygM8N3yLZxOHzum8oUSs1g%3D&t=4d5b0474&ps=13740610&shp=30310797&shcp=ff37627b&idc=useast8,,,,,,,,,
"Me encanta esa tipo de mascarilla, porque hidrata súper bien a la piel. Sino que también, queda muy fresca",1,0,2026-03-26T01:52:25.000Z,alexgaxiola19,https://www.tiktok.com/@halibelgonzalez/video/7620927734750907679,309410180646293504,7621376177849320213,https://p16-common-sign.tiktokcdn-us.com/tos-maliva-avt-0068/0e49e290335e64c5dd3bd424b7dd7d26~tplv-tiktokx-cropcenter:100:100.jpg?dr=9640&refresh_token=8a244c8a&x-expires=1775102400&x-signature=l3k3v4i57M%2FN7mmsIs6N%2F%2FroOU0%3D&t=4d5b0474&ps=13740610&shp=30310797&shcp=ff37627b&idc=useast8,,,,,,,,,
"Me encantaría usar esas mascarillas🥰🥰 con solo escuchar los beneficios y el resultado en tu rostro se ve que es muy buena, y la de labios está súper increíble",1,0,2026-03-26T02:44:47.000Z,bydanayris,https://www.tiktok.com/@halibelgonzalez/video/7620927734750907679,7522265325006947335,7621389717993800456,https://p16-common-sign.tiktokcdn-us.com/tos-alisg-avt-0068/95de62b9c228a331cba8934b8c3d7011~tplv-tiktokx-cropcenter:100:100.jpg?dr=9640&refresh_token=c062821a&x-expires=1775102400&x-signature=wTyu3XKfwTHAxYk7Odr9V7AIn%2BA%3D&t=4d5b0474&ps=13740610&shp=30310797&shcp=ff37627b&idc=useast8,,,,,,,,,
Mi mentó favorito del día 🥰🥰 cuando me consiento ! Ame la súper hidratación que dejó,1,0,2026-03-25T07:36:47.000Z,mariela.gamez87,https://www.tiktok.com/@halibelgonzalez/video/7620927734750907679,7468774980823434270,7621093525539193631,https://p16-common-sign.tiktokcdn-us.com/tos-useast8-avt-0068-tx2/82631d601416b7e8329459d6907bdc38~tplv-tiktokx-cropcenter:100:100.jpg?dr=9640&refresh_token=2151d530&x-expires=1775102400&x-signature=CwlFzeyEPlYHuADRPFZdNT0xVY4%3D&t=4d5b0474&ps=13740610&shp=30310797&shcp=ff37627b&idc=useast8,,,,,,,,,
Omg la compraré necesito la mascarilla de labios Porqueee los tengo deshidratados,1,1,2026-03-25T05:45:42.000Z,keyhernandez_r20,https://www.tiktok.com/@halibelgonzalez/video/7620927734750907679,7000740106727015429,7621065257490514706,https://p16-common-sign.tiktokcdn-us.com/tos-maliva-avt-0068/50078a093bd7499377919a0510f789b1~tplv-tiktokx-cropcenter:100:100.jpg?dr=9640&refresh_token=d02b0e8a&x-expires=1775102400&x-signature=JRhavuk9B8VmwQv8NwvKceBA3oo%3D&t=4d5b0474&ps=13740610&shp=30310797&shcp=ff37627b&idc=useast8,,,,,,,,,
La necesita amiga es tan rica,0,,2026-03-25T13:08:05.000Z,halibelgonzalez,https://www.tiktok.com/@halibelgonzalez/video/7620927734750907679,6915053462188540933,7621179179446567711,https://p16-common-sign.tiktokcdn-us.com/tos-useast8-avt-0068-tx2/d852b5c4ecb5627c6229808174236998~tplv-tiktokx-cropcenter:100:100.jpg?dr=9640&refresh_token=3dea8b76&x-expires=1775102400&x-signature=Ny9szUPlJcLR2YyyLLfPy2zE4lE%3D&t=4d5b0474&ps=13740610&shp=30310797&shcp=ff37627b&idc=useast8,,,,,,,,,
yo ameee esta mascarilla,1,0,2026-03-25T13:04:04.000Z,soynayvic,https://www.tiktok.com/@halibelgonzalez/video/7620927734750907679,7505929668613243935,7621178012902802189,https://p16-common-sign.tiktokcdn-us.com/tos-useast5-avt-0068-tx/780c2935771479f1ba2c7244a5f89b28~tplv-tiktokx-cropcenter:100:100.jpg?dr=9640&refresh_token=3ca1405f&x-expires=1775102400&x-signature=VA%2FqqHeDM9bP9d%2B656JUxNcgQSo%3D&t=4d5b0474&ps=13740610&shp=30310797&shcp=ff37627b&idc=useast8,,,,,,,,,
"Ya empecé a cuidar mi carita, me encantaría probarla 🥰",0,1,2026-03-25T13:59:04.000Z,oneidy2425,https://www.tiktok.com/@halibelgonzalez/video/7620927734750907679,7049159658343154693,7621192419559834389,https://p16-common-sign.tiktokcdn-us.com/tos-alisg-avt-0068/e087aa1adadc485a0b86c7df63048a76~tplv-tiktokx-cropcenter:100:100.jpg?dr=9640&refresh_token=32a184a0&x-expires=1775102400&x-signature=WT1kWFtAK%2FvKTdDDV7Sac5B%2B4lY%3D&t=4d5b0474&ps=13740610&shp=30310797&shcp=ff37627b&idc=useast8,,,,,,,,,
Sii,0,,2026-03-25T14:37:40.000Z,halibelgonzalez,https://www.tiktok.com/@halibelgonzalez/video/7620927734750907679,6915053462188540933,7621202172353807134,https://p16-common-sign.tiktokcdn-us.com/tos-useast8-avt-0068-tx2/d852b5c4ecb5627c6229808174236998~tplv-tiktokx-cropcenter:100:100.jpg?dr=9640&refresh_token=3dea8b76&x-expires=1775102400&x-signature=Ny9szUPlJcLR2YyyLLfPy2zE4lE%3D&t=4d5b0474&ps=13740610&shp=30310797&shcp=ff37627b&idc=useast8,,,,,,,,,
Love it 🥰,1,0,2026-03-25T19:03:43.000Z,iammunecaa,https://www.tiktok.com/@halibelgonzalez/video/7620927734750907679,6925512724614398981,7621270837203813134,https://p16-common-sign.tiktokcdn-us.com/tos-useast5-avt-0068-tx/8e78c51798c8fd54a29e95390591a229~tplv-tiktokx-cropcenter:100:100.jpg?dr=9640&refresh_token=d6c1ee34&x-expires=1775102400&x-signature=zpTbSygVD7Rubzbj50i40xjl0IA%3D&t=4d5b0474&ps=13740610&shp=30310797&shcp=ff37627b&idc=useast8,,,,,,,,,
mascarillas me encantan y sobretodo su hidratación increíble 💜,0,0,2026-03-27T12:53:14.000Z,martha.febres.ace,https://www.tiktok.com/@halibelgonzalez/video/7620927734750907679,7270673878262514693,7621917612293604103,https://p16-common-sign.tiktokcdn-us.com/tos-maliva-avt-0068/4d9638275b9807ea62212b22b7d67d44~tplv-tiktokx-cropcenter:100:100.jpg?dr=9640&refresh_token=a18cc589&x-expires=1775102400&x-signature=Wupp6yn8yWb56omDjeHT4Thpy%2Fc%3D&t=4d5b0474&ps=13740610&shp=30310797&shcp=ff37627b&idc=useast8,,,,,,,,,
Me encanta el glow y este producto es puro glow! ❤️,1,0,2026-03-25T01:25:12.000Z,yannicrea.tiktokshop,https://www.tiktok.com/@halibelgonzalez/video/7620927734750907679,7462642215329924138,7620998102745187103,https://p16-common-sign.tiktokcdn-us.com/tos-useast5-avt-0068-tx/4c80cb350bea3a67ccaeaf11ecb718f6~tplv-tiktokx-cropcenter:100:100.jpg?dr=9640&refresh_token=8900e2f7&x-expires=1775102400&x-signature=hKB7oQxPeiiLBpsDE44vghKU%2FrQ%3D&t=4d5b0474&ps=13740610&shp=30310797&shcp=ff37627b&idc=useast8,,,,,,,,,
Waooo amiga,1,0,2026-03-25T01:06:47.000Z,norkelys1,https://www.tiktok.com/@halibelgonzalez/video/7620927734750907679,6788253329618600966,7620993274317669151,https://p16-common-sign.tiktokcdn-us.com/tos-useast8-avt-0068-tx2/b878d2561d3a78642c31feb722a62fa0~tplv-tiktokx-cropcenter:100:100.jpg?dr=9640&refresh_token=bfcbd0e9&x-expires=1775102400&x-signature=yHlP%2BANk0y3A6M1F0YO0WLKZNlA%3D&t=4d5b0474&ps=13740610&shp=30310797&shcp=ff37627b&idc=useast8,,,,,,,,,
Ese tiempo de paz para hacernos nuestros cuidados ❤️,1,0,2026-03-25T12:31:27.000Z,yinettpaulino,https://www.tiktok.com/@halibelgonzalez/video/7620927734750907679,6842865662990828550,7621169835951211285,https://p16-common-sign.tiktokcdn-us.com/tos-alisg-avt-0068/7294a0f7ddf35033466305d5ab9ce2d4~tplv-tiktokx-cropcenter:100:100.jpg?dr=9640&refresh_token=a5f0cf2f&x-expires=1775102400&x-signature=XVzYrtZuTrhqXGOfsG7hp9881EQ%3D&t=4d5b0474&ps=13740610&shp=30310797&shcp=ff37627b&idc=useast8,,,,,,,,,
Me encanta 😍,1,0,2026-03-25T01:25:22.000Z,niurka_rdriguez,https://www.tiktok.com/@halibelgonzalez/video/7620927734750907679,73227556254085120,7620998133701067533,https://p16-common-sign.tiktokcdn-us.com/tos-useast5-avt-0068-tx/1617445ac16e13db97b0a27069c6d020~tplv-tiktokx-cropcenter:100:100.jpg?dr=9640&refresh_token=2e63c6b7&x-expires=1775102400&x-signature=oqBySQzXWZBzf6P7u%2BpC3pht9CI%3D&t=4d5b0474&ps=13740610&shp=30310797&shcp=ff37627b&idc=useast8,,,,,,,,,
"Amiga esa mascarilla es top , de una hidratación instantánea",1,0,2026-03-24T23:09:08.000Z,laugja13,https://www.tiktok.com/@halibelgonzalez/video/7620927734750907679,7209752119816127534,7620963039697109773,https://p16-common-sign.tiktokcdn-us.com/tos-useast5-avt-0068-tx/7a51d7a50b1f5c4412f76105f27212f1~tplv-tiktokx-cropcenter:100:100.jpg?dr=9640&refresh_token=27da1a4a&x-expires=1775102400&x-signature=dQCcUWb8znZsaII5PMtM4gAT7Uc%3D&t=4d5b0474&ps=13740610&shp=30310797&shcp=ff37627b&idc=useast8,,,,,,,,,
Te dejo la piel hermosa,1,0,2026-03-24T23:03:10.000Z,vale_dailylife,https://www.tiktok.com/@halibelgonzalez/video/7620927734750907679,7495159082473800710,7620961364694582033,https://p16-common-sign.tiktokcdn-us.com/tos-maliva-avt-0068/e886cd88895111cbd0f947761335e068~tplv-tiktokx-cropcenter:100:100.jpg?dr=9640&refresh_token=375e9064&x-expires=1775102400&x-signature=sxzOeDvzkutJMo%2FjL%2B28qPcVaJs%3D&t=4d5b0474&ps=13740610&shp=30310797&shcp=ff37627b&idc=useast8,,,,,,,,,
Amo los días de auto cuidado 😍,1,0,2026-03-24T22:40:45.000Z,indiraaguilar1999,https://www.tiktok.com/@halibelgonzalez/video/7620927734750907679,6806749829017453573,7620955708774974221,https://p16-common-sign.tiktokcdn-us.com/tos-useast5-avt-0068-tx/cd748c6dd9f7e835d9a82af48de331d9~tplv-tiktokx-cropcenter:100:100.jpg?dr=9640&refresh_token=89d0f434&x-expires=1775102400&x-signature=%2BFWzUZNjxA1fRLPVdv2DW9QAuXY%3D&t=4d5b0474&ps=13740610&shp=30310797&shcp=ff37627b&idc=useast8,,,,,,,,,
Esas mascarillas me encantan como dejan la piel 🌸,1,0,2026-03-25T00:21:08.000Z,carlacb_,https://www.tiktok.com/@halibelgonzalez/video/7620927734750907679,6898484684059411462,7620981505700365072,https://p16-common-sign.tiktokcdn-us.com/tos-alisg-avt-0068/e3f7a0cd91a89cd56ee7142193e9d33b~tplv-tiktokx-cropcenter:100:100.jpg?dr=9640&refresh_token=8f960371&x-expires=1775102400&x-signature=MeA8%2FViZsVy9yk98zWpQzlxfeCM%3D&t=4d5b0474&ps=13740610&shp=30310797&shcp=ff37627b&idc=useast8,,,,,,,,,
Looks cool!,1,0,2026-03-26T14:01:07.000Z,meghagandhi355,https://www.tiktok.com/@halibelgonzalez/video/7620927734750907679,7187496889386271790,7621563798781133581,https://p16-common-sign.tiktokcdn-us.com/tos-useast5-avt-0068-tx/7349879364999184430~tplv-tiktokx-cropcenter:100:100.jpg?dr=9640&refresh_token=eacc1e64&x-expires=1775102400&x-signature=tS7vVDdVF2cj9f8VptcWCCbcQdc%3D&t=4d5b0474&ps=13740610&shp=30310797&shcp=ff37627b&idc=useast8,,,,,,,,,
Amiga me gustó mucho esa mascarilla,1,0,2026-03-25T14:21:45.000Z,lorenazapata36,https://www.tiktok.com/@halibelgonzalez/video/7620927734750907679,7535557224492450829,7621198125257229070,https://p16-common-sign.tiktokcdn-us.com/tos-useast5-avt-0068-tx/153416d41f0136a17ee2e4a304a234ed~tplv-tiktokx-cropcenter:100:100.jpg?dr=9640&refresh_token=33ab8d31&x-expires=1775102400&x-signature=1iYfGvbcKiZedbvvcIL9YEfwmxE%3D&t=4d5b0474&ps=13740610&shp=30310797&shcp=ff37627b&idc=useast8,,,,,,,,,
Amo las mascarillas 😍 tu piel se ve espectacular,1,0,2026-03-24T21:52:08.000Z,maricruz_makeup,https://www.tiktok.com/@halibelgonzalez/video/7620927734750907679,6801523914562225158,7620943149531808526,https://p16-common-sign.tiktokcdn-us.com/tos-useast5-avt-0068-tx/c27b8a3e76a5123fcf6077b993e3968c~tplv-tiktokx-cropcenter:100:100.jpg?dr=9640&refresh_token=245714f2&x-expires=1775102400&x-signature=e5uQFhLtU23KJ3r2YdqpRg3eqK4%3D&t=4d5b0474&ps=13740610&shp=30310797&shcp=ff37627b&idc=useast8,,,,,,,,,
Amamos el self care! Y más con skincare tan bueno 😍😍😍,1,0,2026-03-24T20:57:20.000Z,jessvelazquezzz,https://www.tiktok.com/@halibelgonzalez/video/7620927734750907679,6903616214782968837,7620929059397206815,https://p16-common-sign.tiktokcdn-us.com/tos-useast8-avt-0068-tx2/d902d8434bcecba22d06e33e4fcba578~tplv-tiktokx-cropcenter:100:100.jpg?dr=9640&refresh_token=a1fe6f3b&x-expires=1775102400&x-signature=1QEaL%2Bs%2BxTnT%2FM2EwceaSmiD7kc%3D&t=4d5b0474&ps=13740610&shp=30310797&shcp=ff37627b&idc=useast8,,,,,,,,,
Esas mascarillas son súper hidratantes 😍,0,0,2026-03-24T22:46:42.000Z,aslamadem,https://www.tiktok.com/@halibelgonzalez/video/7620927734750907679,98688453172678657,7620957203168854804,https://p16-common-sign.tiktokcdn-us.com/tos-alisg-avt-0068/e07a940144652f1bd2e8267526c7ec3e~tplv-tiktokx-cropcenter:100:100.jpg?dr=9640&refresh_token=f6ed9248&x-expires=1775102400&x-signature=yd2f9PrpeOxbzVIFkZKJgQ1ObGI%3D&t=4d5b0474&ps=13740610&shp=30310797&shcp=ff37627b&idc=useast8,,,,,,,,,
Me gustan mucho esas mascarillas yo las uso y me encanta el resultado me deja la piel super glow,1,0,2026-03-27T23:02:02.000Z,ashlyrp12,https://www.tiktok.com/@halibelgonzalez/video/7620927734750907679,6564365185753759749,7622074420874576660,https://p16-common-sign.tiktokcdn-us.com/tos-alisg-avt-0068/1a10a3b91ba8b846751569945de53e12~tplv-tiktokx-cropcenter:100:100.jpg?dr=9640&refresh_token=75a093bb&x-expires=1775102400&x-signature=G7ODvXt%2FO73WFJIeji%2F3v63j6SQ%3D&t=4d5b0474&ps=13740610&shp=30310797&shcp=ff37627b&idc=useast8,,,,,,,,,
Piel glass skin con esta mascarilla ✨ me encanta el efecto.,0,0,2026-03-26T15:05:32.000Z,yannicrea.ugc,https://www.tiktok.com/@halibelgonzalez/video/7620927734750907679,7540782138381091870,7621580466567594766,https://p16-common-sign.tiktokcdn-us.com/tos-useast5-avt-0068-tx/96725e714f203aa2a87ecb4de9aa894e~tplv-tiktokx-cropcenter:100:100.jpg?dr=9640&refresh_token=02c74abd&x-expires=1775102400&x-signature=BuuKKomkDGpFCjeaFRO4yGTIXvc%3D&t=4d5b0474&ps=13740610&shp=30310797&shcp=ff37627b&idc=useast8,,,,,,,,,
Quiero usar mascarilla ahora ya se ❤️,1,0,2026-03-25T00:16:19.000Z,jessicavizn3,https://www.tiktok.com/@halibelgonzalez/video/7620927734750907679,6702964401035068421,7620980297337930510,https://p16-common-sign.tiktokcdn-us.com/tos-useast5-avt-0068-tx/07a31f461c805a2b6d089550bbb6cb0c~tplv-tiktokx-cropcenter:100:100.jpg?dr=9640&refresh_token=12f5bd5c&x-expires=1775102400&x-signature=N7lhawLUJewKggdBX7bhZYx7%2BeU%3D&t=4d5b0474&ps=13740610&shp=30310797&shcp=ff37627b&idc=useast8,,,,,,,,,
Me encanta 😍,1,0,2026-03-24T22:07:43.000Z,a.pimentel_,https://www.tiktok.com/@halibelgonzalez/video/7620927734750907679,164168,7620947161740428046,https://p16-common-sign.tiktokcdn-us.com/tos-useast5-avt-0068-tx/3209b9ccc15889b8ec0d4b945a7a9b94~tplv-tiktokx-cropcenter:100:100.jpg?dr=9640&refresh_token=bce68b65&x-expires=1775102400&x-signature=cHRx6So%2FMuX%2BI%2FvGla8KIj1HRsA%3D&t=4d5b0474&ps=13740610&shp=30310797&shcp=ff37627b&idc=useast8,,,,,,,,,
Me encanta todo lo que tenga que ver con pads y mascarillas para el rostro 💯,0,0,2026-03-25T18:09:47.000Z,iconic_jazmin,https://www.tiktok.com/@halibelgonzalez/video/7620927734750907679,6790865806354039814,7621257017764135688,https://p19-common-sign.tiktokcdn-us.com/tos-alisg-avt-0068/ebaa14249753f70dcfee687dab2824e8~tplv-tiktokx-cropcenter:100:100.jpg?dr=9640&refresh_token=2b836aa5&x-expires=1775102400&x-signature=SfnFgAHkQ9Y2xWu2duve6%2Blkx6w%3D&t=4d5b0474&ps=13740610&shp=30310797&shcp=ff37627b&idc=useast8,,,,,,,,,
Wow quiero probar esta mascarilla se ve muy buena te dejo la piel muy glowy ✨,1,0,2026-03-25T03:11:53.000Z,baeinati,https://www.tiktok.com/@halibelgonzalez/video/7620927734750907679,7515714471538672662,7621025277833478934,https://p16-common-sign.tiktokcdn-us.com/tos-maliva-avt-0068/36f106f2d91e6a2c16aa35eedf16ccab~tplv-tiktokx-cropcenter:100:100.jpg?dr=9640&refresh_token=e67c284c&x-expires=1775102400&x-signature=XQJccpugA10YTaOtqu2%2F83qTk78%3D&t=4d5b0474&ps=13740610&shp=30310797&shcp=ff37627b&idc=useast8,,,,,,,,,
Amiga la vas amar,1,,2026-03-25T13:08:30.000Z,halibelgonzalez,https://www.tiktok.com/@halibelgonzalez/video/7620927734750907679,6915053462188540933,7621179229913695007,https://p16-common-sign.tiktokcdn.com/tos-maliva-avt-0068/d852b5c4ecb5627c6229808174236998~tplv-tiktokx-cropcenter:100:100.jpg?dr=14579&refresh_token=de0036d9&x-expires=1775102400&x-signature=qFWiTpgI2wHFS0oYShPAClmw41c%3D&t=4d5b0474&ps=13740610&shp=30310797&shcp=ff37627b&idc=my3,,,,,,,,,
Me encantan las mascarillas de colageno 🥰,1,0,2026-03-24T21:06:35.000Z,byale.co,https://www.tiktok.com/@halibelgonzalez/video/7620927734750907679,7461699065152586795,7620931457972175629,https://p16-sign-va.tiktokcdn.com/tos-maliva-avt-0068/a35463dba97be088c846793c5a31548d~tplv-tiktokx-cropcenter:100:100.jpg?dr=14579&refresh_token=53c7cc03&x-expires=1775102400&x-signature=gUqQQfiXttqOyn%2BUT2ckbzSLTIw%3D&t=4d5b0474&ps=13740610&shp=30310797&shcp=ff37627b&idc=my3,,,,,,,,,
#GlowRoutine #CollagenMask #GlutathioneMask #LipMask #KBeauty,0,0,2026-03-12T05:34:12.000Z,kimberlyvcruz,https://www.tiktok.com/@kimberlyvcruz/video/7614363470225542413,6940432311184753669,7616237930512745229,https://p16-common-sign.tiktokcdn-us.com/tos-useast5-avt-0068-tx/84657e60631724bcc7643df039053a25~tplv-tiktokx-cropcenter:100:100.jpg?dr=9640&refresh_token=a94b81c2&x-expires=1775102400&x-signature=g1%2BsSv4oL9P4EhYzJubWtHv1rpY%3D&t=4d5b0474&ps=13740610&shp=30310797&shcp=ff37627b&idc=useast8,,,,,,,,,
🥰🥰🥰,0,0,2026-03-08T14:43:48.000Z,ishmeal6171397260855,https://www.tiktok.com/@kimberlyvcruz/video/7614363470225542413,7165848450445640709,7614895499582079762,https://p19-common-sign.tiktokcdn-us.com/tos-maliva-avt-0068/c2f556a4e67f1bdf6f261657991f9075~tplv-tiktokx-cropcenter:100:100.jpg?dr=9640&refresh_token=f9de682d&x-expires=1775102400&x-signature=fpIWJ%2Bjbjky%2FgRGbRBwuKANc5mI%3D&t=4d5b0474&ps=13740610&shp=30310797&shcp=ff37627b&idc=useast8,,,,,,,,,
Love the masks 🥰,1,0,2026-03-16T09:43:47.000Z,olaitan_a,https://www.tiktok.com/@aishadollarz/video/7617683565102320914,6934362007299703813,7617786740519240470,https://p19-common-sign.tiktokcdn-us.com/tos-maliva-avt-0068/af22e1388d0d1e4e2b9aecddae0da50f~tplv-tiktokx-cropcenter:100:100.jpg?dr=9640&refresh_token=6f1a4c38&x-expires=1775102400&x-signature=08FuEn1f1WyZlOikYY2q0r9jXCQ%3D&t=4d5b0474&ps=13740610&shp=30310797&shcp=ff37627b&idc=useast5,,,,,,,,,
Girl am jealous of all these products you are using,0,0,2026-03-17T14:50:10.000Z,sandynas52,https://www.tiktok.com/@aishadollarz/video/7617683565102320914,7178433823808783365,7618236885576991508,https://p16-common-sign.tiktokcdn-us.com/tos-maliva-avt-0068/1998ce1a1be820c2924936c8191b9035~tplv-tiktokx-cropcenter:100:100.jpg?dr=9640&refresh_token=66877f26&x-expires=1775102400&x-signature=woY85XwMKkSwQdjPbyWU2uZ8KI4%3D&t=4d5b0474&ps=13740610&shp=30310797&shcp=ff37627b&idc=useast5,,,,,,,,,
Love it 🥰,1,0,2026-03-16T14:07:02.000Z,lavida_luxe_event,https://www.tiktok.com/@aishadollarz/video/7617683565102320914,7047179332888347654,7617854684741223188,https://p16-common-sign.tiktokcdn-us.com/tos-alisg-avt-0068/d559706c58d806df42aa0ef932ad6856~tplv-tiktokx-cropcenter:100:100.jpg?dr=9640&refresh_token=c16da8f8&x-expires=1775102400&x-signature=hf1%2BB9HuOGgRGxexrOmQ3elNeaE%3D&t=4d5b0474&ps=13740610&shp=30310797&shcp=ff37627b&idc=useast5,,,,,,,,,
Your skin must be soo so healthy 🥰,1,0,2026-03-16T05:30:16.000Z,motuns_essentials01,https://www.tiktok.com/@aishadollarz/video/7617683565102320914,6989279584034669574,7617721452960580353,https://p19-common-sign.tiktokcdn-us.com/tos-alisg-avt-0068/2cc9ee66fc928bc0dc946bd86e3b8efb~tplv-tiktokx-cropcenter:100:100.jpg?dr=9640&refresh_token=e38bea98&x-expires=1775102400&x-signature=10XOdR1sy7CVQY5BNeyqkDGpRv0%3D&t=4d5b0474&ps=13740610&shp=30310797&shcp=ff37627b&idc=useast5,,,,,,,,,
Woosh🥰🥰,1,0,2026-03-16T14:06:54.000Z,lavida_luxe_event,https://www.tiktok.com/@aishadollarz/video/7617683565102320914,7047179332888347654,7617854636983108373,https://p16-common-sign.tiktokcdn-us.com/tos-alisg-avt-0068/d559706c58d806df42aa0ef932ad6856~tplv-tiktokx-cropcenter:100:100.jpg?dr=9640&refresh_token=c16da8f8&x-expires=1775102400&x-signature=hf1%2BB9HuOGgRGxexrOmQ3elNeaE%3D&t=4d5b0474&ps=13740610&shp=30310797&shcp=ff37627b&idc=useast5,,,,,,,,,
[Sticker] ,0,0,2026-03-16T02:52:14.000Z,_.1power,https://www.tiktok.com/@ti_boutey_malta/video/7616922811755547911,7341504275359450155,7617680542402577183,https://p16-common-sign.tiktokcdn-us.com/tos-useast8-avt-0068-tx2/be87e08724e4f1cba50ab62c32c2a35e~tplv-tiktokx-cropcenter:100:100.jpg?dr=9640&refresh_token=c7a5c80b&x-expires=1775102400&x-signature=KxOa03NuXPU80xKKEjIGv84GQNk%3D&t=4d5b0474&ps=13740610&shp=30310797&shcp=ff37627b&idc=useast8,,,,,,,,,
🤎✨,1,,2026-03-17T23:03:48.000Z,yafreisymendez1,https://www.tiktok.com/@yafreisymendez1/video/7618303081943715093,6874340210118329350,7618364026041828117,https://p16-common-sign.tiktokcdn.com/tos-alisg-avt-0068/3f888954310bd989bb07de66baf34d46~tplv-tiktokx-cropcenter:100:100.jpg?dr=14579&refresh_token=946c65b5&x-expires=1775102400&x-signature=3C00mh3dOjsj%2FJSD2uxYJJmuJCo%3D&t=4d5b0474&ps=13740610&shp=30310797&shcp=ff37627b&idc=my2,,,,,,,,,
Looks great gorgeous skin ❤️,0,0,2026-03-14T12:53:12.000Z,carameldrzle,https://www.tiktok.com/@yayas.realm/video/7615390348226972942,7486568098733655082,7617093311253988127,https://p16-common-sign.tiktokcdn-us.com/tos-useast8-avt-0068-tx2/0d05822976f52efe3be2d229515892c8~tplv-tiktokx-cropcenter:100:100.jpg?dr=9640&refresh_token=59fc6c0a&x-expires=1775102400&x-signature=KkJhvuVgGH63errpXIsonlFp9%2BE%3D&t=4d5b0474&ps=13740610&shp=30310797&shcp=ff37627b&idc=useast8,,,,,,,,,
Looks amazing 😍,1,1,2026-03-09T23:01:59.000Z,jackie_just_,https://www.tiktok.com/@yayas.realm/video/7615390348226972942,7272138279441024046,7615394893238305550,https://p16-common-sign.tiktokcdn-us.com/tos-useast5-avt-0068-tx/909df4d7579db0365aad9c697cea7cec~tplv-tiktokx-cropcenter:100:100.jpg?dr=9640&refresh_token=8473392c&x-expires=1775102400&x-signature=rpJDzr1etGKCSaB2CZJ%2FBym2R9E%3D&t=4d5b0474&ps=13740610&shp=30310797&shcp=ff37627b&idc=useast8,,,,,,,,,
🥰🥰🥰,1,1,2026-03-09T22:52:54.000Z,stasy.finds,https://www.tiktok.com/@yayas.realm/video/7615390348226972942,7211993648439952430,7615392458759422750,https://p16-common-sign.tiktokcdn-us.com/tos-useast8-avt-0068-tx2/a36a8999475b5db097c639dfc1b05385~tplv-tiktokx-cropcenter:100:100.jpg?dr=9640&refresh_token=2f3a8d59&x-expires=1775102400&x-signature=qEfudkY1ZzFy7ItXIF1J1Pr2xqQ%3D&t=4d5b0474&ps=13740610&shp=30310797&shcp=ff37627b&idc=useast8,,,,,,,,,
the transition was smoothh😎💖 the lip basks are super cute!😍♥️your hair and skin is GORGEOUS!!,3,1,2026-03-23T03:58:50.000Z,softserveglam,https://www.tiktok.com/@natalia.pitei12/video/7620178000012725525,7379163586863760390,7620295566995538695,https://p16-common-sign.tiktokcdn-us.com/tos-alisg-avt-0068/b0e9d18f2a78311ee6e7461567df3921~tplv-tiktokx-cropcenter:100:100.jpg?dr=9640&refresh_token=04319fa0&x-expires=1775102400&x-signature=c1YdiDhL3milgNpvDZsKm3SbHgs%3D&t=4d5b0474&ps=13740610&shp=30310797&shcp=ff37627b&idc=useast5,,,,,,,,,
firstt ily,2,1,2026-03-22T23:03:12.000Z,um8109,https://www.tiktok.com/@natalia.pitei12/video/7620178000012725525,7341610523459617797,7620219346480825109,https://p16-common-sign.tiktokcdn-us.com/tos-alisg-avt-0068/a647a9c27bcf9e1caa279d77181ec454~tplv-tiktokx-cropcenter:100:100.jpg?dr=9640&refresh_token=433bcd63&x-expires=1775102400&x-signature=jWqLeZUuPXCuiD3LSrcv3xUBXnc%3D&t=4d5b0474&ps=13740610&shp=30310797&shcp=ff37627b&idc=useast5,,,,,,,,,
🥰🥰🥰,0,,2026-03-22T23:47:21.000Z,natalia.pitei12,https://www.tiktok.com/@natalia.pitei12/video/7620178000012725525,80434098271309824,7620230705268884242,https://p16-common-sign.tiktokcdn-us.com/tos-maliva-avt-0068/1f2cc8cd56cfb80134aeb54362750eb8~tplv-tiktokx-cropcenter:100:100.jpg?dr=9640&refresh_token=32d4ae6e&x-expires=1775102400&x-signature=gdIOkwYgdxbE9sIBxUm2vNu%2B10E%3D&t=4d5b0474&ps=13740610&shp=30310797&shcp=ff37627b&idc=useast5,,,,,,,,,
Stoppp omg Hahahha the transition,1,1,2026-03-25T03:47:57.000Z,sydneybrander4,https://www.tiktok.com/@natalia.pitei12/video/7620178000012725525,6568238966855647238,7621034872306451220,https://p16-common-sign.tiktokcdn-us.com/tos-maliva-avt-0068/7db76b906f9f12c08fe159555b0c352d~tplv-tiktokx-cropcenter:100:100.jpg?dr=9640&refresh_token=7874773d&x-expires=1775102400&x-signature=CrZapGVJbVb%2FKN0Ff1iJ4h%2F34RQ%3D&t=4d5b0474&ps=13740610&shp=30310797&shcp=ff37627b&idc=useast5,,,,,,,,,
HAHAHAH,0,,2026-03-25T04:13:58.000Z,natalia.pitei12,https://www.tiktok.com/@natalia.pitei12/video/7620178000012725525,80434098271309824,7621041628426060562,https://p16-common-sign.tiktokcdn-us.com/tos-maliva-avt-0068/1f2cc8cd56cfb80134aeb54362750eb8~tplv-tiktokx-cropcenter:100:100.jpg?dr=9640&refresh_token=32d4ae6e&x-expires=1775102400&x-signature=gdIOkwYgdxbE9sIBxUm2vNu%2B10E%3D&t=4d5b0474&ps=13740610&shp=30310797&shcp=ff37627b&idc=useast5,,,,,,,,,
AHHHHHHHHHHHHHHH,1,1,2026-03-26T01:21:31.000Z,dandyrootwellness,https://www.tiktok.com/@natalia.pitei12/video/7620178000012725525,7286517432809243654,7621368261548262152,https://p16-common-sign.tiktokcdn-us.com/tos-alisg-avt-0068/94b7120ed13ff82c2b3b72eee85fe4d6~tplv-tiktokx-cropcenter:100:100.jpg?dr=9640&refresh_token=0ff38f08&x-expires=1775102400&x-signature=T%2BLiiZv%2BGnXxeyHpAg%2B4Tf161lg%3D&t=4d5b0474&ps=13740610&shp=30310797&shcp=ff37627b&idc=useast5,,,,,,,,,
Thank you,0,,2026-03-26T01:21:50.000Z,natalia.pitei12,https://www.tiktok.com/@natalia.pitei12/video/7620178000012725525,80434098271309824,7621368318608376584,https://p16-common-sign.tiktokcdn-us.com/tos-maliva-avt-0068/1f2cc8cd56cfb80134aeb54362750eb8~tplv-tiktokx-cropcenter:100:100.jpg?dr=9640&refresh_token=32d4ae6e&x-expires=1775102400&x-signature=gdIOkwYgdxbE9sIBxUm2vNu%2B10E%3D&t=4d5b0474&ps=13740610&shp=30310797&shcp=ff37627b&idc=useast5,,,,,,,,,
Thank you!!🥰,0,,2026-03-09T23:04:33.000Z,yayas.realm,https://www.tiktok.com/@yayas.realm/video/7615390348226972942,6625249527349657605,7615395540151419662,https://p16-sign-va.tiktokcdn.com/tos-maliva-avt-0068/ee50402e0259df7e12e8c64d16e150ab~tplv-tiktokx-cropcenter:100:100.jpg?dr=14579&refresh_token=6427524e&x-expires=1775102400&x-signature=pckjYxHUyP8BjGDAXs6n8trhbq4%3D&t=4d5b0474&ps=13740610&shp=30310797&shcp=ff37627b&idc=my,,,,,,,,,
🥰🥰☺️,1,,2026-03-09T23:04:26.000Z,yayas.realm,https://www.tiktok.com/@yayas.realm/video/7615390348226972942,6625249527349657605,7615395554382021389,https://p16-sign-va.tiktokcdn.com/tos-maliva-avt-0068/ee50402e0259df7e12e8c64d16e150ab~tplv-tiktokx-cropcenter:100:100.jpg?dr=14579&refresh_token=6427524e&x-expires=1775102400&x-signature=pckjYxHUyP8BjGDAXs6n8trhbq4%3D&t=4d5b0474&ps=13740610&shp=30310797&shcp=ff37627b&idc=my,,,,,,,,,
Thanks for noticing;)) and thanks my love 🥰🥰🥰 I love the lip mask it’s so fun,3,,2026-03-23T04:39:17.000Z,natalia.pitei12,https://www.tiktok.com/@natalia.pitei12/video/7620178000012725525,80434098271309824,7620305965955220242,https://p16-common-sign.tiktokcdn-eu.com/tos-maliva-avt-0068/1f2cc8cd56cfb80134aeb54362750eb8~tplv-tiktokx-cropcenter:100:100.jpg?dr=10399&refresh_token=e3e907e4&x-expires=1775102400&x-signature=w1zi4fPiHZO%2BrLx%2FitBkr9k3ZRg%3D&t=4d5b0474&ps=13740610&shp=30310797&shcp=ff37627b&idc=no1a,,,,,,,,,
saluditos hermosa,0,0,2026-03-28T02:44:26.000Z,yennyrocacholima,https://www.tiktok.com/@its.lolitamr/video/7622123708307508501,7134022164856079365,7622131755458380565,https://p16-common-sign.tiktokcdn-us.com/tos-maliva-avt-0068/c230f79cdc2d104dd48ddbc5bb90010d~tplv-tiktokx-cropcenter:100:100.jpg?dr=9640&refresh_token=895d67e4&x-expires=1775102400&x-signature=3wc3Jq7Fnlx%2BTI2A6F9JfKkYQ6k%3D&t=4d5b0474&ps=13740610&shp=30310797&shcp=ff37627b&idc=useast5,,,,,,,,,
Esa piel súper hidratada 🥰🥰🥰🥰,0,0,2026-03-29T02:27:23.000Z,andreinamichell08,https://www.tiktok.com/@its.lolitamr/video/7622123708307508501,6934021282350564358,7622498492371714837,https://p16-common-sign.tiktokcdn-us.com/tos-alisg-avt-0068/7db8bdb33ee2abe8d317ba9cdc51f7d1~tplv-tiktokx-cropcenter:100:100.jpg?dr=9640&refresh_token=f00d71eb&x-expires=1775102400&x-signature=Aw%2B2bw%2BBSBPoBbUVop2bd4WUqwo%3D&t=4d5b0474&ps=13740610&shp=30310797&shcp=ff37627b&idc=useast5,,,,,,,,,
You are glowing friend ☺️the mask 🥰,1,0,2026-03-22T00:47:49.000Z,tiptoesaturn69,https://www.tiktok.com/@juliethortiz19942/video/7619757981994913054,6877690224827565062,7619875150066926366,https://p16-common-sign.tiktokcdn-us.com/tos-useast8-avt-0068-tx2/89d469406b946c8ad283e5c6a92954a5~tplv-tiktokx-cropcenter:100:100.jpg?dr=9640&refresh_token=a1474ac1&x-expires=1775102400&x-signature=jEZeIK6DyqH0B%2BBQBW6AD%2FIPDUA%3D&t=4d5b0474&ps=13740610&shp=30310797&shcp=ff37627b&idc=useast5,,,,,,,,,
you are glowing❤️❤️❤️,1,0,2026-03-21T18:50:51.000Z,shilpa0sapkota,https://www.tiktok.com/@juliethortiz19942/video/7619757981994913054,6576235978992746502,7619783229939991313,https://p16-common-sign.tiktokcdn-us.com/tos-alisg-avt-0068/111b9c50b349624eaf1a328b4ad2fdf2~tplv-tiktokx-cropcenter:100:100.jpg?dr=9640&refresh_token=3f5adec6&x-expires=1775102400&x-signature=H%2F4oTL%2BbIJcKntc0VPOk0rNuHg4%3D&t=4d5b0474&ps=13740610&shp=30310797&shcp=ff37627b&idc=useast5,,,,,,,,,
"This is so cute and fun reel😍i like this full face mask, it’s new to me and I would love to try it❤️❤️",1,1,2026-03-10T15:52:50.000Z,aria04440,https://www.tiktok.com/@andidiazoficial/video/7615079681754238215,6617295866788085766,7615655377182950158,https://p16-common-sign.tiktokcdn-us.com/tos-useast5-avt-0068-tx/be2f41d82874b132a1c39251b609af29~tplv-tiktokx-cropcenter:100:100.jpg?dr=9640&refresh_token=d8825536&x-expires=1775102400&x-signature=Lt3avccelVasgDQnFm1NKZZqkDg%3D&t=4d5b0474&ps=13740610&shp=30310797&shcp=ff37627b&idc=useast5,,,,,,,,,
❤️❤️❤️❤️,0,,2026-03-10T22:23:30.000Z,andidiazoficial,https://www.tiktok.com/@andidiazoficial/video/7615079681754238215,136982094903304193,7615756069315773191,https://p16-common-sign.tiktokcdn-us.com/tos-alisg-avt-0068/303375223af2bda2815d460e023c523b~tplv-tiktokx-cropcenter:100:100.jpg?dr=9640&refresh_token=6a8f52b5&x-expires=1775102400&x-signature=eMvmdUQ7%2BKV0YdrEP84daN4n678%3D&t=4d5b0474&ps=13740610&shp=30310797&shcp=ff37627b&idc=useast5,,,,,,,,,
Great results,1,1,2026-03-10T05:00:29.000Z,sherees277,https://www.tiktok.com/@andidiazoficial/video/7615079681754238215,7045148110709261318,7615487001258148622,https://p16-common-sign.tiktokcdn-us.com/tos-useast5-avt-0068-tx/c3f15cc10cbe85be3702731e6ac7d4f3~tplv-tiktokx-cropcenter:100:100.jpg?dr=9640&refresh_token=ca2484ff&x-expires=1775102400&x-signature=o8dBXaKRdG7KFE0AXQyF3DUU62k%3D&t=4d5b0474&ps=13740610&shp=30310797&shcp=ff37627b&idc=useast5,,,,,,,,,
❤️❤️❤️❤️,1,,2026-03-10T22:23:32.000Z,andidiazoficial,https://www.tiktok.com/@andidiazoficial/video/7615079681754238215,136982094903304193,7615756110750860040,https://p16-common-sign.tiktokcdn-us.com/tos-alisg-avt-0068/303375223af2bda2815d460e023c523b~tplv-tiktokx-cropcenter:100:100.jpg?dr=9640&refresh_token=6a8f52b5&x-expires=1775102400&x-signature=eMvmdUQ7%2BKV0YdrEP84daN4n678%3D&t=4d5b0474&ps=13740610&shp=30310797&shcp=ff37627b&idc=useast5,,,,,,,,,
🥰love this type of video,1,1,2026-03-10T16:31:58.000Z,tarana.afn,https://www.tiktok.com/@andidiazoficial/video/7615079681754238215,6778579776468304902,7615665412046914318,https://p16-common-sign.tiktokcdn-us.com/tos-useast5-avt-0068-tx/2366df4a1d7f1a68527b99b8f2ab3771~tplv-tiktokx-cropcenter:100:100.jpg?dr=9640&refresh_token=3bcb8032&x-expires=1775102400&x-signature=gN6knghaj3vXKhMpKTseSkCDhQk%3D&t=4d5b0474&ps=13740610&shp=30310797&shcp=ff37627b&idc=useast5,,,,,,,,,
❤️❤️❤️,0,,2026-03-10T22:23:22.000Z,andidiazoficial,https://www.tiktok.com/@andidiazoficial/video/7615079681754238215,136982094903304193,7615756054530491143,https://p16-common-sign.tiktokcdn-us.com/tos-alisg-avt-0068/303375223af2bda2815d460e023c523b~tplv-tiktokx-cropcenter:100:100.jpg?dr=9640&refresh_token=6a8f52b5&x-expires=1775102400&x-signature=eMvmdUQ7%2BKV0YdrEP84daN4n678%3D&t=4d5b0474&ps=13740610&shp=30310797&shcp=ff37627b&idc=useast5,,,,,,,,,
"Love this, love the final results 😍😍😍",1,1,2026-03-10T04:19:24.000Z,mk_reviews8,https://www.tiktok.com/@andidiazoficial/video/7615079681754238215,7355940775136183339,7615476617327297310,https://p19-common-sign.tiktokcdn-us.com/tos-useast8-avt-0068-tx2/c08f3592064e682b7a81176920ab5f8d~tplv-tiktokx-cropcenter:100:100.jpg?dr=9640&refresh_token=d50239a7&x-expires=1775102400&x-signature=FKnYysh6YIE6hnSzxB%2BrjCFEAAA%3D&t=4d5b0474&ps=13740610&shp=30310797&shcp=ff37627b&idc=useast5,,,,,,,,,
❤️❤️❤️❤️,0,,2026-03-10T22:23:36.000Z,andidiazoficial,https://www.tiktok.com/@andidiazoficial/video/7615079681754238215,136982094903304193,7615756114094162695,https://p16-common-sign.tiktokcdn-us.com/tos-alisg-avt-0068/303375223af2bda2815d460e023c523b~tplv-tiktokx-cropcenter:100:100.jpg?dr=9640&refresh_token=6a8f52b5&x-expires=1775102400&x-signature=eMvmdUQ7%2BKV0YdrEP84daN4n678%3D&t=4d5b0474&ps=13740610&shp=30310797&shcp=ff37627b&idc=useast5,,,,,,,,,
Hahahaa this is so accurate,1,1,2026-03-10T04:49:26.000Z,maaferal,https://www.tiktok.com/@andidiazoficial/video/7615079681754238215,257467124779044864,7615484486385500949,https://p16-common-sign.tiktokcdn-us.com/tos-alisg-avt-0068/846813734b4329afcf0ea36aeb3b4258~tplv-tiktokx-cropcenter:100:100.jpg?dr=9640&refresh_token=93b0b643&x-expires=1775102400&x-signature=scA8ZcDutFkVJ46P%2FurmJHUgwqo%3D&t=4d5b0474&ps=13740610&shp=30310797&shcp=ff37627b&idc=useast5,,,,,,,,,
❤️❤️❤️❤️,0,,2026-03-10T22:23:24.000Z,andidiazoficial,https://www.tiktok.com/@andidiazoficial/video/7615079681754238215,136982094903304193,7615756098649195282,https://p16-common-sign.tiktokcdn-us.com/tos-alisg-avt-0068/303375223af2bda2815d460e023c523b~tplv-tiktokx-cropcenter:100:100.jpg?dr=9640&refresh_token=6a8f52b5&x-expires=1775102400&x-signature=eMvmdUQ7%2BKV0YdrEP84daN4n678%3D&t=4d5b0474&ps=13740610&shp=30310797&shcp=ff37627b&idc=useast5,,,,,,,,,
La necesito 💖💖💖,1,1,2026-03-25T23:36:37.000Z,byfranciss,https://www.tiktok.com/@diomarybeauty/video/7621327493139565845,284353697508364288,7621341204022444808,https://p16-common-sign.tiktokcdn-us.com/tos-maliva-avt-0068/c67013366f65fc5b955a230f89352f1b~tplv-tiktokx-cropcenter:100:100.jpg?dr=9640&refresh_token=c586216e&x-expires=1775102400&x-signature=CbNylZ2ODN29%2FFStsXEKbqAd%2BXo%3D&t=4d5b0474&ps=13740610&shp=30310797&shcp=ff37627b&idc=useast8,,,,,,,,,
siii🥰🥰🥰,0,,2026-03-27T13:53:09.000Z,diomarybeauty,https://www.tiktok.com/@diomarybeauty/video/7621327493139565845,7164819070142645254,7621933024037765904,https://p16-common-sign.tiktokcdn-us.com/tos-alisg-avt-0068/3fad1132277103d1d872bd87774602b3~tplv-tiktokx-cropcenter:100:100.jpg?dr=9640&refresh_token=00f493c2&x-expires=1775102400&x-signature=jqVH8oSDnzREST%2BQxyxnOtP0HyE%3D&t=4d5b0474&ps=13740610&shp=30310797&shcp=ff37627b&idc=useast8,,,,,,,,,
😍😍😍,1,0,2026-03-25T23:36:34.000Z,byfranciss,https://www.tiktok.com/@diomarybeauty/video/7621327493139565845,284353697508364288,7621341191116407570,https://p16-common-sign.tiktokcdn-us.com/tos-maliva-avt-0068/c67013366f65fc5b955a230f89352f1b~tplv-tiktokx-cropcenter:100:100.jpg?dr=9640&refresh_token=c586216e&x-expires=1775102400&x-signature=CbNylZ2ODN29%2FFStsXEKbqAd%2BXo%3D&t=4d5b0474&ps=13740610&shp=30310797&shcp=ff37627b&idc=useast8,,,,,,,,,
that mask looks cool 😍,1,0,2026-03-31T06:21:43.000Z,elexusj,https://www.tiktok.com/@fercreatesugc/video/7622944869392076054,7482471810396898309,7623301063344505616,https://p16-common-sign.tiktokcdn-us.com/tos-alisg-avt-0068/5e2eb1414fa04a3d9246774582e80574~tplv-tiktokx-cropcenter:100:100.jpg?dr=9640&refresh_token=a92cd93c&x-expires=1775102400&x-signature=qxqO328pEtbwRhCTtN9MlDRG7aA%3D&t=4d5b0474&ps=13740610&shp=30310797&shcp=ff37627b&idc=useast8,,,,,,,,,
love 💗,1,0,2026-03-30T09:42:54.000Z,once_upon_alifetime,https://www.tiktok.com/@fercreatesugc/video/7622944869392076054,6796680700545664006,7622981766882525974,https://p19-common-sign.tiktokcdn-us.com/tos-maliva-avt-0068/b2edeab3e2df6ef1b1d2e9777b580051~tplv-tiktokx-cropcenter:100:100.jpg?dr=9640&refresh_token=106045c9&x-expires=1775102400&x-signature=X6Qn6rkvExGurq8%2BPkLoxCnLf1M%3D&t=4d5b0474&ps=13740610&shp=30310797&shcp=ff37627b&idc=useast8,,,,,,,,,
omg i love it,1,0,2026-03-30T20:56:29.000Z,kiki_kawaii_tita,https://www.tiktok.com/@fercreatesugc/video/7622944869392076054,7035720578482242565,7623155305716073236,https://p16-common-sign.tiktokcdn-us.com/tos-alisg-avt-0068/635ee03dc7fe0f71f08fd5e14a2ff281~tplv-tiktokx-cropcenter:100:100.jpg?dr=9640&refresh_token=e11aaa1a&x-expires=1775102400&x-signature=q8n%2BySV5nxHaXvHYCISpHz8vXRQ%3D&t=4d5b0474&ps=13740610&shp=30310797&shcp=ff37627b&idc=useast8,,,,,,,,,
So cute can’t wait to try!,1,0,2026-03-30T18:10:36.000Z,askmims,https://www.tiktok.com/@fercreatesugc/video/7622944869392076054,7459283935421301803,7623112526155268894,https://p16-common-sign.tiktokcdn-us.com/tos-useast8-avt-0068-tx2/84d023f9b81608a60e866e60fe59eeae~tplv-tiktokx-cropcenter:100:100.jpg?dr=9640&refresh_token=9df34200&x-expires=1775102400&x-signature=hz2Oj2d3JoVD0dUAqcDms76heQg%3D&t=4d5b0474&ps=13740610&shp=30310797&shcp=ff37627b&idc=useast8,,,,,,,,,
Amazing ♥️♥️,1,0,2026-03-30T17:22:29.000Z,nerminragab0,https://www.tiktok.com/@fercreatesugc/video/7622944869392076054,6925706711693952005,7623100231152943894,https://p19-common-sign.tiktokcdn-us.com/tos-maliva-avt-0068/de9f95021ed21336462349d47b1adfa6~tplv-tiktokx-cropcenter:100:100.jpg?dr=9640&refresh_token=2694844c&x-expires=1775102400&x-signature=ckBVuMy8B3F5UpkpO5PA4uZqZzU%3D&t=4d5b0474&ps=13740610&shp=30310797&shcp=ff37627b&idc=useast8,,,,,,,,,
Great💜,1,0,2026-03-30T21:26:47.000Z,endzili1,https://www.tiktok.com/@fercreatesugc/video/7622944869392076054,7113624595739624453,7623163183029879585,https://p16-common-sign.tiktokcdn-us.com/tos-maliva-avt-0068/e0e17dacb0b783cb97c26f2968866e33~tplv-tiktokx-cropcenter:100:100.jpg?dr=9640&refresh_token=6d78264e&x-expires=1775102400&x-signature=vSbKQikxbeMUf41WH6eqDvKHxQA%3D&t=4d5b0474&ps=13740610&shp=30310797&shcp=ff37627b&idc=useast8,,,,,,,,,
Looks amazing,1,0,2026-03-31T02:36:08.000Z,rbkdevelasco,https://www.tiktok.com/@fercreatesugc/video/7622944869392076054,6808757372908782597,7623242915497820949,https://p16-common-sign.tiktokcdn-us.com/tos-maliva-avt-0068/9c7e6e3d6748b6ac7906a628006d1c61~tplv-tiktokx-cropcenter:100:100.jpg?dr=9640&refresh_token=821b35ea&x-expires=1775102400&x-signature=AQlt1JCPdLIA5E3l85O5EKEia7s%3D&t=4d5b0474&ps=13740610&shp=30310797&shcp=ff37627b&idc=useast8,,,,,,,,,
Ohhhh I need that lip mask 😍,1,0,2026-03-31T10:40:16.000Z,taylorpringle1,https://www.tiktok.com/@fercreatesugc/video/7622944869392076054,242858113144627200,7623367639650452246,https://p16-common-sign.tiktokcdn-us.com/tos-maliva-avt-0068/50794667dedbc4b15e3716235e6cf6e2~tplv-tiktokx-cropcenter:100:100.jpg?dr=9640&refresh_token=d159d0d1&x-expires=1775102400&x-signature=%2Fpba%2FRvzm0HyrcmpJDXlKowECv4%3D&t=4d5b0474&ps=13740610&shp=30310797&shcp=ff37627b&idc=useast8,,,,,,,,,
Wow amazing 🔥🔥🔥,1,0,2026-03-30T07:40:21.000Z,r93.photo,https://www.tiktok.com/@fercreatesugc/video/7622944869392076054,6868666176043746310,7622950216626995989,https://p16-common-sign.tiktokcdn-us.com/tos-alisg-avt-0068/a780fc1e317f0bed3bda111c30efa3ff~tplv-tiktokx-cropcenter:100:100.jpg?dr=9640&refresh_token=cde14ae4&x-expires=1775102400&x-signature=9rmEiLhWJ43NiUWJAQrMynh1vZs%3D&t=4d5b0474&ps=13740610&shp=30310797&shcp=ff37627b&idc=useast8,,,,,,,,,
Oh so lovely xx,1,0,2026-03-30T08:34:50.000Z,porschabeautyroom,https://www.tiktok.com/@fercreatesugc/video/7622944869392076054,6804022587891762182,7622964236633178902,https://p16-common-sign.tiktokcdn-us.com/tos-maliva-avt-0068/ae615eaeb24ba1e1e866665fc365c211~tplv-tiktokx-cropcenter:100:100.jpg?dr=9640&refresh_token=46e73349&x-expires=1775102400&x-signature=yEpVG%2BUkTBvyzAnAscdUCEcJfrs%3D&t=4d5b0474&ps=13740610&shp=30310797&shcp=ff37627b&idc=useast8,,,,,,,,,
oooo super nice✨🥰 new goodies to me,1,0,2026-03-30T10:52:18.000Z,marbeautytips,https://www.tiktok.com/@fercreatesugc/video/7622944869392076054,7414618963390432289,7622999675453637409,https://p16-common-sign.tiktokcdn-us.com/tos-maliva-avt-0068/734e47a075947d8014da11dedaa0fe11~tplv-tiktokx-cropcenter:100:100.jpg?dr=9640&refresh_token=7385856b&x-expires=1775102400&x-signature=DYJBwlhFpm3lPYqs82j0b5NnJ5Y%3D&t=4d5b0474&ps=13740610&shp=30310797&shcp=ff37627b&idc=useast8,,,,,,,,,
Your skin looks so plump😍❤️,1,0,2026-03-30T17:27:12.000Z,noufraveen,https://www.tiktok.com/@fercreatesugc/video/7622944869392076054,7522318158784169015,7623101351714882317,https://p16-common-sign.tiktokcdn-us.com/tos-useast5-avt-0068-tx/5f686d04c2386be77256faf19c15b133~tplv-tiktokx-cropcenter:100:100.jpg?dr=9640&refresh_token=e33ec7be&x-expires=1775102400&x-signature=wwNoH4emAszQUOE%2FFrsfWSOEv1s%3D&t=4d5b0474&ps=13740610&shp=30310797&shcp=ff37627b&idc=useast8,,,,,,,,,
Love it omg😍,1,0,2026-03-30T19:39:43.000Z,vehherman.ugc,https://www.tiktok.com/@fercreatesugc/video/7622944869392076054,7379447493105353774,7623135582264394526,https://p16-common-sign.tiktokcdn-us.com/tos-useast5-avt-0068-tx/8333f9dfa0f3b8496a22610aaddd9163~tplv-tiktokx-cropcenter:100:100.jpg?dr=9640&refresh_token=d1641cf5&x-expires=1775102400&x-signature=5G3zLZmTfQjL8dizAUqKXKAbitI%3D&t=4d5b0474&ps=13740610&shp=30310797&shcp=ff37627b&idc=useast8,,,,,,,,,
that lip mask looks interesting 🥰,1,1,2026-03-30T07:53:31.000Z,nohasbenson,https://www.tiktok.com/@fercreatesugc/video/7622944869392076054,6820490978026963974,7622953511937393430,https://p16-common-sign.tiktokcdn-us.com/tos-maliva-avt-0068/7334369480506048518~tplv-tiktokx-cropcenter:100:100.jpg?dr=9640&refresh_token=d1125e8d&x-expires=1775102400&x-signature=a%2B%2BYrOyMyGc7QQND%2FijqRoTQ1c0%3D&t=4d5b0474&ps=13740610&shp=30310797&shcp=ff37627b&idc=useast8,,,,,,,,,
its the first time I tried a mask like this and its nice!,0,,2026-03-30T08:00:46.000Z,fercreatesugc,https://www.tiktok.com/@fercreatesugc/video/7622944869392076054,7481254133899494422,7622955400996979478,https://p16-common-sign.tiktokcdn-us.com/tos-maliva-avt-0068/6e964e91c7ffa03004705382501c5d2b~tplv-tiktokx-cropcenter:100:100.jpg?dr=9640&refresh_token=70095851&x-expires=1775102400&x-signature=wqicCc9Loftx5Q8rmYn%2BYXQcqhM%3D&t=4d5b0474&ps=13740610&shp=30310797&shcp=ff37627b&idc=useast8,,,,,,,,,
such a good routine 💖,1,1,2026-03-30T08:19:45.000Z,empty_wendy,https://www.tiktok.com/@fercreatesugc/video/7622944869392076054,7495081345111344160,7622960290418967318,https://p16-common-sign.tiktokcdn-us.com/tos-maliva-avt-0068/ec044ff5cc53252ad21794f1554b623d~tplv-tiktokx-cropcenter:100:100.jpg?dr=9640&refresh_token=d9c8e548&x-expires=1775102400&x-signature=8ywX1kyTtTjwrptcVcOwxeYWT60%3D&t=4d5b0474&ps=13740610&shp=30310797&shcp=ff37627b&idc=useast8,,,,,,,,,
I love it 🥰,1,,2026-03-30T09:38:10.000Z,fercreatesugc,https://www.tiktok.com/@fercreatesugc/video/7622944869392076054,7481254133899494422,7622980546372977430,https://p16-common-sign.tiktokcdn-us.com/tos-maliva-avt-0068/6e964e91c7ffa03004705382501c5d2b~tplv-tiktokx-cropcenter:100:100.jpg?dr=9640&refresh_token=70095851&x-expires=1775102400&x-signature=wqicCc9Loftx5Q8rmYn%2BYXQcqhM%3D&t=4d5b0474&ps=13740610&shp=30310797&shcp=ff37627b&idc=useast8,,,,,,,,,
Wow! It looks like it def softens the skin! So nice! And the lips are so fun! 😆,1,0,2026-03-30T14:14:31.000Z,worldschoolmama,https://www.tiktok.com/@fercreatesugc/video/7622944869392076054,7540142286924317709,7623051609279546142,https://p16-common-sign.tiktokcdn-us.com/tos-useast8-avt-0068-tx2/a967d4eb14369aca3a99df2a7775996f~tplv-tiktokx-cropcenter:100:100.jpg?dr=9640&refresh_token=f0429e65&x-expires=1775102400&x-signature=dopFOeZUrtlTiWscCoojvLuzrSI%3D&t=4d5b0474&ps=13740610&shp=30310797&shcp=ff37627b&idc=useast8,,,,,,,,,
I love the lip mask,1,0,2026-03-31T05:23:31.000Z,auroxra2,https://www.tiktok.com/@fercreatesugc/video/7622944869392076054,7521591874911945734,7623286044834988808,https://p16-common-sign.tiktokcdn-us.com/tos-maliva-avt-0068/e26b0fa4022ec117d00bb0a62a2ab01a~tplv-tiktokx-cropcenter:100:100.jpg?dr=9640&refresh_token=3f4f51a2&x-expires=1775102400&x-signature=oyzF%2BZm%2F3nsUSefO5%2FCahYgl30s%3D&t=4d5b0474&ps=13740610&shp=30310797&shcp=ff37627b&idc=useast8,,,,,,,,,
I love this duo,1,0,2026-03-30T14:10:20.000Z,the0nlyymiracle,https://www.tiktok.com/@fercreatesugc/video/7622944869392076054,106603767780773888,7623050544249127694,https://p16-common-sign.tiktokcdn-us.com/tos-useast5-avt-0068-tx/0c48a17e0f17801fa9ebbb6717fa55b9~tplv-tiktokx-cropcenter:100:100.jpg?dr=9640&refresh_token=ae5e42d6&x-expires=1775102400&x-signature=6qOQMXn2sx1D7qbym0zWqhj0%2F7w%3D&t=4d5b0474&ps=13740610&shp=30310797&shcp=ff37627b&idc=useast8,,,,,,,,,
Perfect routine 😍,0,0,2026-03-30T10:52:36.000Z,createdbykatia,https://www.tiktok.com/@fercreatesugc/video/7622944869392076054,7322028623908275232,7622999764371620611,https://p16-common-sign.tiktokcdn-us.com/tos-maliva-avt-0068/b539ceaf5891c77f36592fd91b583448~tplv-tiktokx-cropcenter:100:100.jpg?dr=9640&refresh_token=bb59c163&x-expires=1775102400&x-signature=MnUg3WTaWbCJMvDc3yEAsFQ4Ya0%3D&t=4d5b0474&ps=13740610&shp=30310797&shcp=ff37627b&idc=useast8,,,,,,,,,
Amei a máscara para os lábios,1,0,2026-03-30T22:39:43.000Z,curatedbyflavia,https://www.tiktok.com/@fercreatesugc/video/7622944869392076054,7445618738830771233,7623181937512252192,https://p16-common-sign.tiktokcdn-us.com/tos-useast2a-avt-0068-euttp/5e3fceaf5112e68b6c651f4bec5a8908~tplv-tiktokx-cropcenter:100:100.jpg?dr=9640&refresh_token=a87f6d5d&x-expires=1775102400&x-signature=%2FyUr29p0G47%2BHaOwJo31rnC4ReQ%3D&t=4d5b0474&ps=13740610&shp=30310797&shcp=ff37627b&idc=useast8,,,,,,,,,
Aww love your videos,0,0,2026-03-31T22:45:32.000Z,alishasadiqx,https://www.tiktok.com/@fercreatesugc/video/7622944869392076054,6800438095584134149,7623554543473083158,https://p16-common-sign.tiktokcdn-us.com/tos-maliva-avt-0068/9c2bf4a614ea78283015405ebd8a90d3~tplv-tiktokx-cropcenter:100:100.jpg?dr=9640&refresh_token=93ffa927&x-expires=1775102400&x-signature=gjNy7WhHiGju8ZesCMZpXIVZIs4%3D&t=4d5b0474&ps=13740610&shp=30310797&shcp=ff37627b&idc=useast8,,,,,,,,,
Ohh your skin is beautiful,0,0,2026-03-31T10:59:54.000Z,beautyndvlogs,https://www.tiktok.com/@fercreatesugc/video/7622944869392076054,7356920139415094277,7623372740230267664,https://p16-common-sign.tiktokcdn-us.com/tos-alisg-avt-0068/c20de9c7fcea3954378ae394f8af8bd0~tplv-tiktokx-cropcenter:100:100.jpg?dr=9640&refresh_token=4f99d0c6&x-expires=1775102400&x-signature=noXjKjHAy558d9KYjURtUdWzK3Q%3D&t=4d5b0474&ps=13740610&shp=30310797&shcp=ff37627b&idc=useast8,,,,,,,,,
Love this 😍,0,0,2026-03-31T20:11:26.000Z,reine_vanessa18,https://www.tiktok.com/@fercreatesugc/video/7622944869392076054,6654599832500879366,7623514874035192598,https://p19-common-sign.tiktokcdn-us.com/tos-useast2a-avt-0068-euttp/2f48874f7823d997b83700537f534d81~tplv-tiktokx-cropcenter:100:100.jpg?dr=9640&refresh_token=bc7a01c6&x-expires=1775102400&x-signature=tDkD89pC2EXk8BJiU6hP6INjoSU%3D&t=4d5b0474&ps=13740610&shp=30310797&shcp=ff37627b&idc=useast8,,,,,,,,,
Your skin is GLOWING! Stunning 😍💖🤩,0,0,2026-03-31T23:48:37.000Z,vantisybeauty,https://www.tiktok.com/@fercreatesugc/video/7622944869392076054,6716359370256565253,7623570711836377870,https://p16-common-sign.tiktokcdn-us.com/tos-useast5-avt-0068-tx/8a0019c46ec631f41c76a0e271d182b7~tplv-tiktokx-cropcenter:100:100.jpg?dr=9640&refresh_token=df997e62&x-expires=1775102400&x-signature=fguYHaERaZZCGPzW750mhWjI86w%3D&t=4d5b0474&ps=13740610&shp=30310797&shcp=ff37627b&idc=useast8,,,,,,,,,
Love those products!,0,0,2026-03-30T15:40:08.000Z,auroxra2,https://www.tiktok.com/@fercreatesugc/video/7622944869392076054,7521591874911945734,7623073873207051016,https://p16-common-sign.tiktokcdn-us.com/tos-maliva-avt-0068/e26b0fa4022ec117d00bb0a62a2ab01a~tplv-tiktokx-cropcenter:100:100.jpg?dr=9640&refresh_token=3f4f51a2&x-expires=1775102400&x-signature=oyzF%2BZm%2F3nsUSefO5%2FCahYgl30s%3D&t=4d5b0474&ps=13740610&shp=30310797&shcp=ff37627b&idc=useast8,,,,,,,,,
Love the face mask 🤩🤩,0,0,2026-03-30T13:48:02.000Z,tchi__,https://www.tiktok.com/@fercreatesugc/video/7622944869392076054,65511122321059840,7623044863407964941,https://p16-common-sign.tiktokcdn-us.com/tos-useast5-avt-0068-tx/ff29583d97311744db55480f9828ba32~tplv-tiktokx-cropcenter:100:100.jpg?dr=9640&refresh_token=f3d2f840&x-expires=1775102400&x-signature=mtZVAL0ZB%2Fx6qAC0s17TraKJH%2FI%3D&t=4d5b0474&ps=13740610&shp=30310797&shcp=ff37627b&idc=useast8,,,,,,,,,
I need a lip mask!!,0,0,2026-03-30T12:12:05.000Z,latashakewley,https://www.tiktok.com/@fercreatesugc/video/7622944869392076054,7453872695873651717,7623020244748223252,https://p16-common-sign.tiktokcdn-us.com/tos-maliva-avt-0068/2604578e677f420fe97b19432af5f58d~tplv-tiktokx-cropcenter:100:100.jpg?dr=9640&refresh_token=95029fdf&x-expires=1775102400&x-signature=3YELxIFsjJ06XqmTzvtxH5nqK1c%3D&t=4d5b0474&ps=13740610&shp=30310797&shcp=ff37627b&idc=useast8,,,,,,,,,
💗💗💗,1,0,2026-03-30T18:23:45.000Z,chloecorr12,https://www.tiktok.com/@fercreatesugc/video/7622944869392076054,6532058695944142849,7623116051890357014,https://p16-common-sign.tiktokcdn-us.com/tos-useast2a-avt-0068-euttp/78a311c789b162474215bcab57bc61d2~tplv-tiktokx-cropcenter:100:100.jpg?dr=9640&refresh_token=5d796810&x-expires=1775102400&x-signature=a%2BPrDsaVl3Ii38BMjA%2BSdfR9jME%3D&t=4d5b0474&ps=13740610&shp=30310797&shcp=ff37627b&idc=useast8,,,,,,,,,
😍😍😍,1,0,2026-03-30T15:26:49.000Z,taylorpringle1,https://www.tiktok.com/@fercreatesugc/video/7622944869392076054,242858113144627200,7623070443083498262,https://p16-common-sign.tiktokcdn-us.com/tos-maliva-avt-0068/50794667dedbc4b15e3716235e6cf6e2~tplv-tiktokx-cropcenter:100:100.jpg?dr=9640&refresh_token=d159d0d1&x-expires=1775102400&x-signature=%2Fpba%2FRvzm0HyrcmpJDXlKowECv4%3D&t=4d5b0474&ps=13740610&shp=30310797&shcp=ff37627b&idc=useast8,,,,,,,,,
so good love it 😍,1,0,2026-03-30T07:54:17.000Z,skin.obsessive,https://www.tiktok.com/@fercreatesugc/video/7622944869392076054,7190305232529310726,7622953795802661664,https://p16-common-sign.tiktokcdn-eu.com/tos-no1a-avt-0068c001-no/1c76f12025cc7316b0580178bf1d3edb~tplv-tiktokx-cropcenter:100:100.jpg?dr=10399&refresh_token=62572cde&x-expires=1775102400&x-signature=vYO3WG8eEnq20XR1jDAtWXsj7Cc%3D&t=4d5b0474&ps=13740610&shp=30310797&shcp=ff37627b&idc=useast2b,,,,,,,,,
Yes self care is so important,1,1,2026-03-13T17:51:29.000Z,bris_m01,https://www.tiktok.com/@jriverraa/video/7616052845980257550,6700371085618250757,7616799035843674911,https://p16-common-sign.tiktokcdn-us.com/tos-useast8-avt-0068-tx2/802643fc11835e795f55f4013b6e2530~tplv-tiktokx-cropcenter:100:100.jpg?dr=9640&refresh_token=0c0ecb8c&x-expires=1775102400&x-signature=ZoqiCE7p4bqJzCyc%2Fx%2FmzurbTzQ%3D&t=4d5b0474&ps=13740610&shp=30310797&shcp=ff37627b&idc=useast8,,,,,,,,,
yes girl! 🥰🥰🥰,0,,2026-03-13T18:55:46.000Z,jriverraa,https://www.tiktok.com/@jriverraa/video/7616052845980257550,6780219572374635526,7616815784497103629,https://p16-common-sign.tiktokcdn-us.com/tos-useast5-avt-0068-tx/3e7f24ab95c37f62d110b405c1743955~tplv-tiktokx-cropcenter:100:100.jpg?dr=9640&refresh_token=fc8c23bb&x-expires=1775102400&x-signature=K%2F7rn7afPP31GNq8LkSflt4EhcQ%3D&t=4d5b0474&ps=13740610&shp=30310797&shcp=ff37627b&idc=useast8,,,,,,,,,
I NEED THE LIP one because my lips have been ridiculously dry for some reason lately 😭,0,1,2026-03-11T20:00:27.000Z,ashlynbrivera,https://www.tiktok.com/@jriverraa/video/7616052845980257550,7563731665299080206,7616090140571058974,https://p16-common-sign.tiktokcdn-us.com/tos-useast8-avt-0068-tx2/102cef3c79621d6205a10d0b55884a57~tplv-tiktokx-cropcenter:100:100.jpg?dr=9640&refresh_token=87cb62e7&x-expires=1775102400&x-signature=5JM2H3hgt6DBR9N39yOW03x4ZlE%3D&t=4d5b0474&ps=13740610&shp=30310797&shcp=ff37627b&idc=useast8,,,,,,,,,
Love self care as well.,1,3,2026-03-11T19:17:23.000Z,tquets,https://www.tiktok.com/@jriverraa/video/7616052845980257550,6980086664488125445,7616079105712653086,https://p16-common-sign.tiktokcdn-us.com/tos-useast8-avt-0068-tx2/818e3cc2550b7c28926b19612655153c~tplv-tiktokx-cropcenter:100:100.jpg?dr=9640&refresh_token=4d9264a6&x-expires=1775102400&x-signature=bVjAieeEBfUXUhQFHxD5850zIyM%3D&t=4d5b0474&ps=13740610&shp=30310797&shcp=ff37627b&idc=useast8,,,,,,,,,
your skin looks so good 😍,1,1,2026-03-14T02:17:55.000Z,lifewithkari91,https://www.tiktok.com/@jriverraa/video/7616052845980257550,7395528744938554410,7616929476811539231,https://p16-common-sign.tiktokcdn-us.com/tos-useast8-avt-0068-tx2/e985d71db0bc23f4f5118f763cb7f9f4~tplv-tiktokx-cropcenter:100:100.jpg?dr=9640&refresh_token=04fd509a&x-expires=1775102400&x-signature=xQpu69hqzMiWRYwi25x7IZx19GU%3D&t=4d5b0474&ps=13740610&shp=30310797&shcp=ff37627b&idc=useast8,,,,,,,,,
omg thank you bestie! 💓,0,,2026-03-14T03:55:04.000Z,jriverraa,https://www.tiktok.com/@jriverraa/video/7616052845980257550,6780219572374635526,7616954691511780109,https://p16-common-sign.tiktokcdn-us.com/tos-useast5-avt-0068-tx/3e7f24ab95c37f62d110b405c1743955~tplv-tiktokx-cropcenter:100:100.jpg?dr=9640&refresh_token=fc8c23bb&x-expires=1775102400&x-signature=K%2F7rn7afPP31GNq8LkSflt4EhcQ%3D&t=4d5b0474&ps=13740610&shp=30310797&shcp=ff37627b&idc=useast8,,,,,,,,,
I need to try the lips ASAP,1,1,2026-03-11T23:20:02.000Z,iman.dayeh,https://www.tiktok.com/@jriverraa/video/7616052845980257550,7554878832550970399,7616141718878077727,https://p19-common-sign.tiktokcdn-us.com/tos-useast8-avt-0068-tx2/1e60cd7be0bc1054f738f7d0ddcb7cc4~tplv-tiktokx-cropcenter:100:100.jpg?dr=9640&refresh_token=bb5330a9&x-expires=1775102400&x-signature=oosKCisF%2B88SsupB8cRSHaWJLxs%3D&t=4d5b0474&ps=13740610&shp=30310797&shcp=ff37627b&idc=useast8,,,,,,,,,
Ohhhh I love the lip masks ❤️I need them!!,1,1,2026-03-13T20:47:58.000Z,sewlfcarebymik,https://www.tiktok.com/@jriverraa/video/7616052845980257550,7245878084121445419,7616844680152679181,https://p19-common-sign.tiktokcdn-us.com/tos-useast5-avt-0068-tx/de3fb4bf3ac164f66fdb2d19103f8ec9~tplv-tiktokx-cropcenter:100:100.jpg?dr=9640&refresh_token=89f77646&x-expires=1775102400&x-signature=XoCOMcJdoTFCpmXZbmQ7BwxeEBA%3D&t=4d5b0474&ps=13740610&shp=30310797&shcp=ff37627b&idc=useast8,,,,,,,,,
This looks amazing 😩 I’m a sucker for face masks haha,1,1,2026-03-12T02:36:10.000Z,ariarhode,https://www.tiktok.com/@jriverraa/video/7616052845980257550,6532023523081191425,7616192219981284127,https://p16-common-sign.tiktokcdn-us.com/tos-useast8-avt-0068-tx2/b9b018c493397616e5ec83e6d96156cf~tplv-tiktokx-cropcenter:100:100.jpg?dr=9640&refresh_token=e1dc749c&x-expires=1775102400&x-signature=OktWeGj0zEAkzBiqUFnGjslx8kE%3D&t=4d5b0474&ps=13740610&shp=30310797&shcp=ff37627b&idc=useast8,,,,,,,,,
I need to try those lip mask! Your skin looked fabulous,1,1,2026-03-12T22:23:03.000Z,virginiaaaxo_,https://www.tiktok.com/@jriverraa/video/7616052845980257550,15347544,7616498104469209869,https://p19-common-sign.tiktokcdn-us.com/tos-maliva-avt-0068/7336498957344292870~tplv-tiktokx-cropcenter:100:100.jpg?dr=9640&refresh_token=4cae1392&x-expires=1775102400&x-signature=%2B4Glrttfj1CAPw%2Fe03C3QrxULl0%3D&t=4d5b0474&ps=13740610&shp=30310797&shcp=ff37627b&idc=useast8,,,,,,,,,
they’re sooo good! i love them! 🥰🥰🥰,0,,2026-03-13T12:23:45.000Z,jriverraa,https://www.tiktok.com/@jriverraa/video/7616052845980257550,6780219572374635526,7616714587224867597,https://p16-common-sign.tiktokcdn-us.com/tos-useast5-avt-0068-tx/3e7f24ab95c37f62d110b405c1743955~tplv-tiktokx-cropcenter:100:100.jpg?dr=9640&refresh_token=fc8c23bb&x-expires=1775102400&x-signature=K%2F7rn7afPP31GNq8LkSflt4EhcQ%3D&t=4d5b0474&ps=13740610&shp=30310797&shcp=ff37627b&idc=useast8,,,,,,,,,
Girl your skin ! 🤩🤩,1,1,2026-03-14T20:52:02.000Z,guajardo.leydij,https://www.tiktok.com/@jriverraa/video/7616052845980257550,6572764266436673541,7617216788040565517,https://p16-common-sign.tiktokcdn-us.com/tos-useast5-avt-0068-tx/fa9f6e1bd0b20cb568087943c9875ea3~tplv-tiktokx-cropcenter:100:100.jpg?dr=9640&refresh_token=2812446c&x-expires=1775102400&x-signature=CzOHevNNApCDeVORJ2pSnB33jRs%3D&t=4d5b0474&ps=13740610&shp=30310797&shcp=ff37627b&idc=useast8,,,,,,,,,
Yes I love it 🥰 just used mine,0,1,2026-03-15T02:35:40.000Z,liz.alvaradorivas,https://www.tiktok.com/@jriverraa/video/7616052845980257550,6954398233347146757,7617305402543686413,https://p16-common-sign.tiktokcdn-us.com/tos-useast5-avt-0068-tx/ecebe7e88aae7720f0e19daaa93a6ab8~tplv-tiktokx-cropcenter:100:100.jpg?dr=9640&refresh_token=271bd6e7&x-expires=1775102400&x-signature=01DJrdj3%2FOG8zlngvFX0e8%2BwWAo%3D&t=4d5b0474&ps=13740610&shp=30310797&shcp=ff37627b&idc=useast8,,,,,,,,,
sooo good!!,1,,2026-03-16T15:14:54.000Z,jriverraa,https://www.tiktok.com/@jriverraa/video/7616052845980257550,6780219572374635526,7617872057934119694,https://p16-common-sign.tiktokcdn-us.com/tos-useast5-avt-0068-tx/3e7f24ab95c37f62d110b405c1743955~tplv-tiktokx-cropcenter:100:100.jpg?dr=9640&refresh_token=fc8c23bb&x-expires=1775102400&x-signature=K%2F7rn7afPP31GNq8LkSflt4EhcQ%3D&t=4d5b0474&ps=13740610&shp=30310797&shcp=ff37627b&idc=useast8,,,,,,,,,
Omg this he packaging is so cute!! It left your skin so glowy 😍,1,1,2026-03-12T16:54:45.000Z,cindycobian,https://www.tiktok.com/@jriverraa/video/7616052845980257550,6867969427516212229,7616413484602901279,https://p16-common-sign.tiktokcdn-us.com/tos-useast8-avt-0068-tx2/5f2a436d4c6aae4225d37db43a83c7e2~tplv-tiktokx-cropcenter:100:100.jpg?dr=9640&refresh_token=027bce67&x-expires=1775102400&x-signature=RHd%2FsT19yZo1tiEOcJ%2FAzGNLoFc%3D&t=4d5b0474&ps=13740610&shp=30310797&shcp=ff37627b&idc=useast8,,,,,,,,,
Your face is glowing win💕,1,1,2026-03-14T22:59:26.000Z,mariaer123_,https://www.tiktok.com/@jriverraa/video/7616052845980257550,6807170763968349190,7617249680112042765,https://p16-common-sign.tiktokcdn-us.com/tos-useast5-avt-0068-tx/d749f96a735a98bd7da994787843a17f~tplv-tiktokx-cropcenter:100:100.jpg?dr=9640&refresh_token=b13ecf27&x-expires=1775102400&x-signature=2TxAx2lRLvoilZMHR%2F5eHJAJjyQ%3D&t=4d5b0474&ps=13740610&shp=30310797&shcp=ff37627b&idc=useast8,,,,,,,,,
I been looking for good face mask will definitely need to try this one 💋,1,1,2026-03-12T16:42:52.000Z,makeupbyleslieee_,https://www.tiktok.com/@jriverraa/video/7616052845980257550,6699141185862665222,7616410324283867934,https://p16-common-sign.tiktokcdn-us.com/tos-useast8-avt-0068-tx2/fa285f78a4dfa1968ac850c844d54fb0~tplv-tiktokx-cropcenter:100:100.jpg?dr=9640&refresh_token=8dd1ab32&x-expires=1775102400&x-signature=5j%2BJ%2FO3vxB1JHU5FO%2BKErQW%2BuLw%3D&t=4d5b0474&ps=13740610&shp=30310797&shcp=ff37627b&idc=useast8,,,,,,,,,
Skin looks amazing ♥️♥️,1,1,2026-03-16T10:34:20.000Z,nia_yakub,https://www.tiktok.com/@jriverraa/video/7616052845980257550,6812814385099572230,7617799602443502350,https://p16-common-sign.tiktokcdn-us.com/tos-useast5-avt-0068-tx/e2914180cc3e87ccd847b53a78434f66~tplv-tiktokx-cropcenter:100:100.jpg?dr=9640&refresh_token=019543a8&x-expires=1775102400&x-signature=3On%2FEFsvtWGq6mVGoJtpPPKKnqw%3D&t=4d5b0474&ps=13740610&shp=30310797&shcp=ff37627b&idc=useast8,,,,,,,,,
thank you 🥹🫶🏽,0,,2026-03-16T15:17:25.000Z,jriverraa,https://www.tiktok.com/@jriverraa/video/7616052845980257550,6780219572374635526,7617872748459361037,https://p16-common-sign.tiktokcdn-us.com/tos-useast5-avt-0068-tx/3e7f24ab95c37f62d110b405c1743955~tplv-tiktokx-cropcenter:100:100.jpg?dr=9640&refresh_token=fc8c23bb&x-expires=1775102400&x-signature=K%2F7rn7afPP31GNq8LkSflt4EhcQ%3D&t=4d5b0474&ps=13740610&shp=30310797&shcp=ff37627b&idc=useast8,,,,,,,,,
I love that that mask is so clear!!!!,1,1,2026-03-12T12:09:09.000Z,brookeannlay,https://www.tiktok.com/@jriverraa/video/7616052845980257550,6670951803020247046,7616339790035993375,https://p16-common-sign.tiktokcdn-us.com/tos-useast8-avt-0068-tx2/685db37b6ae5ccbb25353f06baab7695~tplv-tiktokx-cropcenter:100:100.jpg?dr=9640&refresh_token=b5842f23&x-expires=1775102400&x-signature=33dsnhAMj8gXVDpxHsEBxWwCwqY%3D&t=4d5b0474&ps=13740610&shp=30310797&shcp=ff37627b&idc=useast8,,,,,,,,,
These masks look so gooddd,1,1,2026-03-13T02:40:05.000Z,vibrantlyvanessa,https://www.tiktok.com/@jriverraa/video/7616052845980257550,7377659621094212650,7616564378267206413,https://p16-common-sign.tiktokcdn-us.com/tos-useast8-avt-0068-tx2/22835dbe3d9ea2a53c917ac4d7f881fb~tplv-tiktokx-cropcenter:100:100.jpg?dr=9640&refresh_token=70e8b3ae&x-expires=1775102400&x-signature=eL3f%2Bc47bu7nvICxEKRfVFtIGWo%3D&t=4d5b0474&ps=13740610&shp=30310797&shcp=ff37627b&idc=useast8,,,,,,,,,
The way I NEED that mask!!😍,0,1,2026-03-12T18:36:42.000Z,daniaestefanyyy,https://www.tiktok.com/@jriverraa/video/7616052845980257550,6814626184325760006,7616439625658598174,https://p19-common-sign.tiktokcdn-us.com/tos-useast5-avt-0068-tx/55e4c911d50b75fbc632989527badb53~tplv-tiktokx-cropcenter:100:100.jpg?dr=9640&refresh_token=7358a183&x-expires=1775102400&x-signature=MRQ7seBfYuELa9mlTFy8SCYRgr4%3D&t=4d5b0474&ps=13740610&shp=30310797&shcp=ff37627b&idc=useast8,,,,,,,,,
So relaxing ❤️,1,1,2026-03-13T13:25:25.000Z,danipinkflower,https://www.tiktok.com/@jriverraa/video/7616052845980257550,6767814327150068741,7616730530725856014,https://p16-common-sign.tiktokcdn-us.com/tos-useast5-avt-0068-tx/c2f82d68e2fe7d0a92b1cc76be0cd7f1~tplv-tiktokx-cropcenter:100:100.jpg?dr=9640&refresh_token=4a9babde&x-expires=1775102400&x-signature=MZqhcMhJpCOT9c03ahEeQ9XIrAg%3D&t=4d5b0474&ps=13740610&shp=30310797&shcp=ff37627b&idc=useast8,,,,,,,,,
So glowy and hydrating I know you feel refreshed 😍,1,1,2026-03-12T16:51:49.000Z,tabathaleal,https://www.tiktok.com/@jriverraa/video/7616052845980257550,6787803561172239365,7616412591909225246,https://p16-common-sign.tiktokcdn-us.com/tos-useast8-avt-0068-tx2/6aaddea14901e3028edd7a6f4cfc8bdd~tplv-tiktokx-cropcenter:100:100.jpg?dr=9640&refresh_token=c269e15c&x-expires=1775102400&x-signature=9y3DSKqGhOz39yo8ekiKzAJUYQo%3D&t=4d5b0474&ps=13740610&shp=30310797&shcp=ff37627b&idc=useast8,,,,,,,,,
absolutely girl! it was much needed 🥰🥰🥰,0,,2026-03-12T17:40:49.000Z,jriverraa,https://www.tiktok.com/@jriverraa/video/7616052845980257550,6780219572374635526,7616425221289657102,https://p16-common-sign.tiktokcdn-us.com/tos-useast5-avt-0068-tx/3e7f24ab95c37f62d110b405c1743955~tplv-tiktokx-cropcenter:100:100.jpg?dr=9640&refresh_token=fc8c23bb&x-expires=1775102400&x-signature=K%2F7rn7afPP31GNq8LkSflt4EhcQ%3D&t=4d5b0474&ps=13740610&shp=30310797&shcp=ff37627b&idc=useast8,,,,,,,,,
wait 😍😍😍 the results!! left you so glowy! adding to my cart love love face mask right before bed💗,1,1,2026-03-12T06:28:06.000Z,ohhheygabi,https://www.tiktok.com/@jriverraa/video/7616052845980257550,755829,7616251828959478558,https://p16-common-sign.tiktokcdn-us.com/tos-useast8-avt-0068-tx2/c594e32ddbf326fbe49600f8642fc295~tplv-tiktokx-cropcenter:100:100.jpg?dr=9640&refresh_token=537ff42d&x-expires=1775102400&x-signature=IVMS1%2FA5mUDikCybwipkJboxzZU%3D&t=4d5b0474&ps=13740610&shp=30310797&shcp=ff37627b&idc=useast8,,,,,,,,,
faces masks before bed are ELITE 😍😍,0,,2026-03-12T17:42:02.000Z,jriverraa,https://www.tiktok.com/@jriverraa/video/7616052845980257550,6780219572374635526,7616425678863549197,https://p16-common-sign.tiktokcdn-us.com/tos-useast5-avt-0068-tx/3e7f24ab95c37f62d110b405c1743955~tplv-tiktokx-cropcenter:100:100.jpg?dr=9640&refresh_token=fc8c23bb&x-expires=1775102400&x-signature=K%2F7rn7afPP31GNq8LkSflt4EhcQ%3D&t=4d5b0474&ps=13740610&shp=30310797&shcp=ff37627b&idc=useast8,,,,,,,,,
Oooo so glowy girl ✨ I love how the mask is clear 🤩,1,1,2026-03-12T09:47:08.000Z,lesliesglamlife,https://www.tiktok.com/@jriverraa/video/7616052845980257550,6781599100225160198,7616302705687003935,https://p16-common-sign.tiktokcdn-us.com/tos-useast8-avt-0068-tx2/1a8ab7fa213c6c5cf1a92a54cce2b47c~tplv-tiktokx-cropcenter:100:100.jpg?dr=9640&refresh_token=61c22c14&x-expires=1775102400&x-signature=3ZOcoOLxkx5NjFBuXe%2FxsNlFMRA%3D&t=4d5b0474&ps=13740610&shp=30310797&shcp=ff37627b&idc=useast8,,,,,,,,,
me too girl!! and it’s SO lightweight! which surprised me 👀🫶🏽,0,,2026-03-12T17:44:16.000Z,jriverraa,https://www.tiktok.com/@jriverraa/video/7616052845980257550,6780219572374635526,7616426223770338061,https://p16-common-sign.tiktokcdn-us.com/tos-useast5-avt-0068-tx/3e7f24ab95c37f62d110b405c1743955~tplv-tiktokx-cropcenter:100:100.jpg?dr=9640&refresh_token=fc8c23bb&x-expires=1775102400&x-signature=K%2F7rn7afPP31GNq8LkSflt4EhcQ%3D&t=4d5b0474&ps=13740610&shp=30310797&shcp=ff37627b&idc=useast8,,,,,,,,,
i’ve never seen a lip mask like this!! i need to include these masks into my self care routine 🥰,1,1,2026-03-12T16:27:28.000Z,arxcely.g,https://www.tiktok.com/@jriverraa/video/7616052845980257550,6768266189972292614,7616406452152320782,https://p16-common-sign.tiktokcdn-us.com/tos-useast5-avt-0068-tx/737e497c8deb672a2ee1b1fc92904cf9~tplv-tiktokx-cropcenter:100:100.jpg?dr=9640&refresh_token=e47f49d3&x-expires=1775102400&x-signature=yUhR9%2FWlcq9qlQHSqttpjwKcHDc%3D&t=4d5b0474&ps=13740610&shp=30310797&shcp=ff37627b&idc=useast8,,,,,,,,,
Your skin looks sooo glossy I love 😍😍it,1,1,2026-03-11T23:10:33.000Z,.karinaaaaa.15,https://www.tiktok.com/@jriverraa/video/7616052845980257550,7073323625449358378,7616139267811525390,https://p16-common-sign.tiktokcdn-us.com/tos-useast5-avt-0068-tx/bbc3da742adae975d298a9050b375a32~tplv-tiktokx-cropcenter:100:100.jpg?dr=9640&refresh_token=ffe97ae2&x-expires=1775102400&x-signature=4088be3aj85tKT7cjrsS%2Bjy9uWA%3D&t=4d5b0474&ps=13740610&shp=30310797&shcp=ff37627b&idc=useast8,,,,,,,,,
I love self care! 😍,0,1,2026-03-11T20:42:45.000Z,madelineamiraaa,https://www.tiktok.com/@jriverraa/video/7616052845980257550,6534890805461521423,7616101182524146445,https://p16-common-sign.tiktokcdn-us.com/tos-useast5-avt-0068-tx/0f3fa4dd90d425f75e0ae1c5367d3f1b~tplv-tiktokx-cropcenter:100:100.jpg?dr=9640&refresh_token=e4e5b3b6&x-expires=1775102400&x-signature=qJgaKQHs8Nvzr7F7SMGBqOqqVsk%3D&t=4d5b0474&ps=13740610&shp=30310797&shcp=ff37627b&idc=useast8,,,,,,,,,
it’s everything 😍😍,0,,2026-03-11T22:27:47.000Z,jriverraa,https://www.tiktok.com/@jriverraa/video/7616052845980257550,6780219572374635526,7616128195469116173,https://p16-common-sign.tiktokcdn-us.com/tos-useast5-avt-0068-tx/3e7f24ab95c37f62d110b405c1743955~tplv-tiktokx-cropcenter:100:100.jpg?dr=9640&refresh_token=fc8c23bb&x-expires=1775102400&x-signature=K%2F7rn7afPP31GNq8LkSflt4EhcQ%3D&t=4d5b0474&ps=13740610&shp=30310797&shcp=ff37627b&idc=useast8,,,,,,,,,
Your skin looks so good 😍 I need to try these!,1,1,2026-03-12T10:33:58.000Z,cheyennecarias,https://www.tiktok.com/@jriverraa/video/7616052845980257550,6767533340275835910,7616315150714897165,https://p16-common-sign.tiktokcdn-us.com/tos-useast5-avt-0068-tx/4f493aedb77664b3a2d35ec315544d5c~tplv-tiktokx-cropcenter:100:100.jpg?dr=9640&refresh_token=a24b94c3&x-expires=1775102400&x-signature=5F%2F%2FJ4i5m25tO1lEoBguZ3ylaeA%3D&t=4d5b0474&ps=13740610&shp=30310797&shcp=ff37627b&idc=useast8,,,,,,,,,
"That INSTANTTTTT refresh, hydrating glow you got is everything 😍😍😍 I know your skin is happy 🥰",1,1,2026-03-12T12:01:34.000Z,itslifewithjasmin,https://www.tiktok.com/@jriverraa/video/7616052845980257550,6745695414442279941,7616337708529255198,https://p16-common-sign.tiktokcdn-us.com/tos-useast8-avt-0068-tx2/dae99f219fededbd4d46f0e28cb53da4~tplv-tiktokx-cropcenter:100:100.jpg?dr=9640&refresh_token=4bfcf6b4&x-expires=1775102400&x-signature=mAxf7vTyZpNmlOauXO%2B0irH1Dng%3D&t=4d5b0474&ps=13740610&shp=30310797&shcp=ff37627b&idc=useast8,,,,,,,,,
my skin was having such a great time 🥰🥰🥰,0,,2026-03-12T17:40:37.000Z,jriverraa,https://www.tiktok.com/@jriverraa/video/7616052845980257550,6780219572374635526,7616425281910555405,https://p16-common-sign.tiktokcdn-us.com/tos-useast5-avt-0068-tx/3e7f24ab95c37f62d110b405c1743955~tplv-tiktokx-cropcenter:100:100.jpg?dr=9640&refresh_token=fc8c23bb&x-expires=1775102400&x-signature=K%2F7rn7afPP31GNq8LkSflt4EhcQ%3D&t=4d5b0474&ps=13740610&shp=30310797&shcp=ff37627b&idc=useast8,,,,,,,,,
Awesome skincare 🤩The lip mask looks so cool! I want this!! 👄,1,1,2026-03-12T07:28:04.000Z,candacegmama,https://www.tiktok.com/@jriverraa/video/7616052845980257550,7100753754164905002,7616267068938633998,https://p16-common-sign.tiktokcdn-us.com/tos-useast5-avt-0068-tx/c43899eac9e7674b5b3fa70aac8d4d3c~tplv-tiktokx-cropcenter:100:100.jpg?dr=9640&refresh_token=abbca1b0&x-expires=1775102400&x-signature=E6fj9dHrbYKRw70wWsF%2BBFU%2FCsE%3D&t=4d5b0474&ps=13740610&shp=30310797&shcp=ff37627b&idc=useast8,,,,,,,,,
The glow 😍😍,1,1,2026-03-12T16:01:19.000Z,byfabiiza,https://www.tiktok.com/@jriverraa/video/7616052845980257550,6938755855413576710,7616399601864573710,https://p16-common-sign.tiktokcdn-us.com/tos-useast5-avt-0068-tx/1f19e5c5058d4afc84a8d127dad0c0ec~tplv-tiktokx-cropcenter:100:100.jpg?dr=9640&refresh_token=95b92cbb&x-expires=1775102400&x-signature=wlPjizdMUVJMvPZ1CqgY9sy77nY%3D&t=4d5b0474&ps=13740610&shp=30310797&shcp=ff37627b&idc=useast8,,,,,,,,,
Ohhh your skin looks so glowy !,1,1,2026-03-12T15:13:07.000Z,_theglamghoul,https://www.tiktok.com/@jriverraa/video/7616052845980257550,7285897762556724270,7616387145645851423,https://p16-common-sign.tiktokcdn-us.com/tos-useast8-avt-0068-tx2/dd2d848d3d851490557c0027ebad4a18~tplv-tiktokx-cropcenter:100:100.jpg?dr=9640&refresh_token=b59e27c9&x-expires=1775102400&x-signature=cnstTA8s%2Fcngo45KsZf%2B5evJY%2F0%3D&t=4d5b0474&ps=13740610&shp=30310797&shcp=ff37627b&idc=useast8,,,,,,,,,
Ooh this looks like it just feels so good 🧊,1,1,2026-03-12T01:08:48.000Z,msashleytaylor,https://www.tiktok.com/@jriverraa/video/7616052845980257550,6804222587176158214,7616169718899573517,https://p16-common-sign.tiktokcdn-us.com/tos-useast5-avt-0068-tx/eb16e3ca58f6ac5bbb6083dafe9a79f3~tplv-tiktokx-cropcenter:100:100.jpg?dr=9640&refresh_token=4f001bed&x-expires=1775102400&x-signature=dmLQHuU1kBkv1srIPLPJxFYu%2Bps%3D&t=4d5b0474&ps=13740610&shp=30310797&shcp=ff37627b&idc=useast8,,,,,,,,,
it definitely does!! i love that it’s clear and not soo thick compared to other masks!,0,,2026-03-12T02:24:28.000Z,jriverraa,https://www.tiktok.com/@jriverraa/video/7616052845980257550,6780219572374635526,7616189211503067917,https://p16-common-sign.tiktokcdn-us.com/tos-useast5-avt-0068-tx/3e7f24ab95c37f62d110b405c1743955~tplv-tiktokx-cropcenter:100:100.jpg?dr=9640&refresh_token=fc8c23bb&x-expires=1775102400&x-signature=K%2F7rn7afPP31GNq8LkSflt4EhcQ%3D&t=4d5b0474&ps=13740610&shp=30310797&shcp=ff37627b&idc=useast8,,,,,,,,,
so important! 🥰,0,,2026-03-11T22:13:33.000Z,jriverraa,https://www.tiktok.com/@jriverraa/video/7616052845980257550,6780219572374635526,7616124605455516429,https://p77-sign-va.tiktokcdn.com/tos-maliva-avt-0068/3e7f24ab95c37f62d110b405c1743955~tplv-tiktokx-cropcenter:100:100.jpg?dr=14579&refresh_token=4ecf9b9b&x-expires=1775102400&x-signature=APqpkJjUTCB2mJGm%2Bm6STAlgqqI%3D&t=4d5b0474&ps=13740610&shp=30310797&shcp=ff37627b&idc=my,,,,,,,,,
Sunday reset skincare edition I’m here for it! Looks so hydrating 😍😍,1,1,2026-03-11T23:27:29.000Z,kelsey___garner,https://www.tiktok.com/@jriverraa/video/7616052845980257550,7115050988656788526,7616143639085761294,https://p77-sign-va.tiktokcdn.com/tos-maliva-avt-0068/76f4fe51650b0d4638a8ca8d691702f0~tplv-tiktokx-cropcenter:100:100.jpg?dr=14579&refresh_token=35af962c&x-expires=1775102400&x-signature=fUWaQgS%2FUN%2Bn6WESZpTJehdwCMo%3D&t=4d5b0474&ps=13740610&shp=30310797&shcp=ff37627b&idc=my,,,,,,,,,
its the besttttttt with a book and a little snack while the kids are asleep 😍😩,0,,2026-03-12T02:23:01.000Z,jriverraa,https://www.tiktok.com/@jriverraa/video/7616052845980257550,6780219572374635526,7616188893586735886,https://p77-sign-va.tiktokcdn.com/tos-maliva-avt-0068/3e7f24ab95c37f62d110b405c1743955~tplv-tiktokx-cropcenter:100:100.jpg?dr=14579&refresh_token=4ecf9b9b&x-expires=1775102400&x-signature=APqpkJjUTCB2mJGm%2Bm6STAlgqqI%3D&t=4d5b0474&ps=13740610&shp=30310797&shcp=ff37627b&idc=my,,,,,,,,,
This after an everything shower would be a musttttt 😻,1,1,2026-03-12T01:52:24.000Z,e.michellee96,https://www.tiktok.com/@jriverraa/video/7616052845980257550,6558209404763914241,7616180947343950623,https://p16-common-sign.tiktokcdn.com/tos-maliva-avt-0068/edb02542477f4180a420564d518ef1e9~tplv-tiktokx-cropcenter:100:100.jpg?dr=14579&refresh_token=79f4b61d&x-expires=1775102400&x-signature=EysxPVmieyV33WCkJJE495mHxx0%3D&t=4d5b0474&ps=13740610&shp=30310797&shcp=ff37627b&idc=my,,,,,,,,,
GIRL OMG. it’s the BEST. 😩,0,,2026-03-12T02:25:27.000Z,jriverraa,https://www.tiktok.com/@jriverraa/video/7616052845980257550,6780219572374635526,7616189424679207694,https://p77-sign-va.tiktokcdn.com/tos-maliva-avt-0068/3e7f24ab95c37f62d110b405c1743955~tplv-tiktokx-cropcenter:100:100.jpg?dr=14579&refresh_token=4ecf9b9b&x-expires=1775102400&x-signature=APqpkJjUTCB2mJGm%2Bm6STAlgqqI%3D&t=4d5b0474&ps=13740610&shp=30310797&shcp=ff37627b&idc=my,,,,,,,,,
Collagen mask??? Say less 😍,1,1,2026-03-11T18:25:35.000Z,itslaila.x,https://www.tiktok.com/@jriverraa/video/7616052845980257550,6842576359107609606,7616065721873433375,https://p77-sign-va.tiktokcdn.com/tos-maliva-avt-0068/87413e134fe2e9d3089908a606b9cd8f~tplv-tiktokx-cropcenter:100:100.jpg?dr=14579&refresh_token=ad9319bc&x-expires=1775102400&x-signature=%2FQJf3fmsOz3G352140GLeaUgAv8%3D&t=4d5b0474&ps=13740610&shp=30310797&shcp=ff37627b&idc=my,,,,,,,,,
so good bestie 😍😍,0,,2026-03-11T22:15:03.000Z,jriverraa,https://www.tiktok.com/@jriverraa/video/7616052845980257550,6780219572374635526,7616124815574074126,https://p77-sign-va.tiktokcdn.com/tos-maliva-avt-0068/3e7f24ab95c37f62d110b405c1743955~tplv-tiktokx-cropcenter:100:100.jpg?dr=14579&refresh_token=4ecf9b9b&x-expires=1775102400&x-signature=APqpkJjUTCB2mJGm%2Bm6STAlgqqI%3D&t=4d5b0474&ps=13740610&shp=30310797&shcp=ff37627b&idc=my,,,,,,,,,
The face mask and lip mask left you GLOWINGGGG! I could tell you really enjoyed it! 😍,1,1,2026-03-12T03:40:28.000Z,iitselyyyfoo,https://www.tiktok.com/@jriverraa/video/7616052845980257550,6793526150926124037,7616208811833426701,https://p19-common-sign.tiktokcdn.com/tos-maliva-avt-0068/94f1ae396977038fcee288869dd264f9~tplv-tiktokx-cropcenter:100:100.jpg?dr=14579&refresh_token=0f8c0353&x-expires=1775102400&x-signature=sNm1zJ3dF7%2FuRUX5fS9Hd%2FQmsA8%3D&t=4d5b0474&ps=13740610&shp=30310797&shcp=ff37627b&idc=my,,,,,,,,,
i loved it! the rose scent from the lip mask wasn’t my favorite but it did the job and i’ll be purchasing again 😮‍💨💓💓,0,,2026-03-12T17:45:44.000Z,jriverraa,https://www.tiktok.com/@jriverraa/video/7616052845980257550,6780219572374635526,7616426531086271246,https://p77-sign-va.tiktokcdn.com/tos-maliva-avt-0068/3e7f24ab95c37f62d110b405c1743955~tplv-tiktokx-cropcenter:100:100.jpg?dr=14579&refresh_token=4ecf9b9b&x-expires=1775102400&x-signature=APqpkJjUTCB2mJGm%2Bm6STAlgqqI%3D&t=4d5b0474&ps=13740610&shp=30310797&shcp=ff37627b&idc=my,,,,,,,,,
right omg! i was like im keeping the lips after 😂😂,0,,2026-03-12T17:46:05.000Z,jriverraa,https://www.tiktok.com/@jriverraa/video/7616052845980257550,6780219572374635526,7616426712763679502,https://p77-sign-va.tiktokcdn.com/tos-maliva-avt-0068/3e7f24ab95c37f62d110b405c1743955~tplv-tiktokx-cropcenter:100:100.jpg?dr=14579&refresh_token=4ecf9b9b&x-expires=1775102400&x-signature=APqpkJjUTCB2mJGm%2Bm6STAlgqqI%3D&t=4d5b0474&ps=13740610&shp=30310797&shcp=ff37627b&idc=my,,,,,,,,,
This looks so hydrating and relaxing 😍,1,1,2026-03-11T20:50:03.000Z,gabyserrano20,https://www.tiktok.com/@jriverraa/video/7616052845980257550,6787086879257117701,7616102926808908575,https://p77-sign-va.tiktokcdn.com/tos-maliva-avt-0068/6e4fe865a0222808e6923072f02253e9~tplv-tiktokx-cropcenter:100:100.jpg?dr=14579&refresh_token=14a87f41&x-expires=1775102400&x-signature=mO4xVzth1Z0dXUOze55brpuLPfs%3D&t=4d5b0474&ps=13740610&shp=30310797&shcp=ff37627b&idc=my,,,,,,,,,
it’s so perf with a book and the kids are in bed! 🤩,0,,2026-03-11T22:13:56.000Z,jriverraa,https://www.tiktok.com/@jriverraa/video/7616052845980257550,6780219572374635526,7616124641316586253,https://p77-sign-va.tiktokcdn.com/tos-maliva-avt-0068/3e7f24ab95c37f62d110b405c1743955~tplv-tiktokx-cropcenter:100:100.jpg?dr=14579&refresh_token=4ecf9b9b&x-expires=1775102400&x-signature=APqpkJjUTCB2mJGm%2Bm6STAlgqqI%3D&t=4d5b0474&ps=13740610&shp=30310797&shcp=ff37627b&idc=my,,,,,,,,,
eeeeeeek thanks girl 🥰🥰🥰,0,,2026-03-14T21:02:48.000Z,jriverraa,https://www.tiktok.com/@jriverraa/video/7616052845980257550,6780219572374635526,7617219608944231181,https://p77-sign-va.tiktokcdn.com/tos-maliva-avt-0068/3e7f24ab95c37f62d110b405c1743955~tplv-tiktokx-cropcenter:100:100.jpg?dr=14579&refresh_token=4ecf9b9b&x-expires=1775102400&x-signature=APqpkJjUTCB2mJGm%2Bm6STAlgqqI%3D&t=4d5b0474&ps=13740610&shp=30310797&shcp=ff37627b&idc=my,,,,,,,,,
this looks so fun to use🥰 and left you glowing bestie 🥰,1,1,2026-03-12T08:59:00.000Z,thedomesticedit,https://www.tiktok.com/@jriverraa/video/7616052845980257550,6815745703102104582,7616290431692964639,https://p77-sign-va.tiktokcdn.com/tos-maliva-avt-0068/1712d99748ecf3dee165fc362908a013~tplv-tiktokx-cropcenter:100:100.jpg?dr=14579&refresh_token=3537057b&x-expires=1775102400&x-signature=fIQAegiTSoMmMXw7h0kC5firod8%3D&t=4d5b0474&ps=13740610&shp=30310797&shcp=ff37627b&idc=my,,,,,,,,,
it was! so fun and super easy! 🫶🏽🫶🏽,0,,2026-03-12T17:40:24.000Z,jriverraa,https://www.tiktok.com/@jriverraa/video/7616052845980257550,6780219572374635526,7616425281909572365,https://p77-sign-va.tiktokcdn.com/tos-maliva-avt-0068/3e7f24ab95c37f62d110b405c1743955~tplv-tiktokx-cropcenter:100:100.jpg?dr=14579&refresh_token=4ecf9b9b&x-expires=1775102400&x-signature=APqpkJjUTCB2mJGm%2Bm6STAlgqqI%3D&t=4d5b0474&ps=13740610&shp=30310797&shcp=ff37627b&idc=my,,,,,,,,,
eeeek thank you bestie 🥰🥰🥰,0,,2026-03-12T02:22:25.000Z,jriverraa,https://www.tiktok.com/@jriverraa/video/7616052845980257550,6780219572374635526,7616188737601209101,https://p77-sign-va.tiktokcdn.com/tos-maliva-avt-0068/3e7f24ab95c37f62d110b405c1743955~tplv-tiktokx-cropcenter:100:100.jpg?dr=14579&refresh_token=4ecf9b9b&x-expires=1775102400&x-signature=APqpkJjUTCB2mJGm%2Bm6STAlgqqI%3D&t=4d5b0474&ps=13740610&shp=30310797&shcp=ff37627b&idc=my,,,,,,,,,
I love that this mask is clearrr yes 😍😍,1,1,2026-03-11T18:02:40.000Z,nayxo77,https://www.tiktok.com/@jriverraa/video/7616052845980257550,7559809290322052151,7616059784106623757,https://p19-common-sign.tiktokcdn.com/tos-maliva-avt-0068/de53ee9e86cab2b988ae66cbacb2c287~tplv-tiktokx-cropcenter:100:100.jpg?dr=14579&refresh_token=0b56f942&x-expires=1775102400&x-signature=VhXDFURriYZKJdAZI8clKUi4AYM%3D&t=4d5b0474&ps=13740610&shp=30310797&shcp=ff37627b&idc=my,,,,,,,,,
RIGHT?! me too! i was actually so excited that it was clear 😂😂😂,1,,2026-03-11T22:14:47.000Z,jriverraa,https://www.tiktok.com/@jriverraa/video/7616052845980257550,6780219572374635526,7616124911539454734,https://p77-sign-va.tiktokcdn.com/tos-maliva-avt-0068/3e7f24ab95c37f62d110b405c1743955~tplv-tiktokx-cropcenter:100:100.jpg?dr=14579&refresh_token=4ecf9b9b&x-expires=1775102400&x-signature=APqpkJjUTCB2mJGm%2Bm6STAlgqqI%3D&t=4d5b0474&ps=13740610&shp=30310797&shcp=ff37627b&idc=my,,,,,,,,,
i love it! i have the worst dry lips so i recommend! 😍🫶🏽,0,,2026-03-12T17:43:19.000Z,jriverraa,https://www.tiktok.com/@jriverraa/video/7616052845980257550,6780219572374635526,7616425887270437646,https://p77-sign-va.tiktokcdn.com/tos-maliva-avt-0068/3e7f24ab95c37f62d110b405c1743955~tplv-tiktokx-cropcenter:100:100.jpg?dr=14579&refresh_token=4ecf9b9b&x-expires=1775102400&x-signature=APqpkJjUTCB2mJGm%2Bm6STAlgqqI%3D&t=4d5b0474&ps=13740610&shp=30310797&shcp=ff37627b&idc=my,,,,,,,,,
this one isn’t as heavy as others and it’s quick for us mamas! which i LOVE. 🫶🏽🫶🏽 and same thing for the lip one! super quick!,0,,2026-03-12T17:43:49.000Z,jriverraa,https://www.tiktok.com/@jriverraa/video/7616052845980257550,6780219572374635526,7616426052257088270,https://p77-sign-va.tiktokcdn.com/tos-maliva-avt-0068/3e7f24ab95c37f62d110b405c1743955~tplv-tiktokx-cropcenter:100:100.jpg?dr=14579&refresh_token=4ecf9b9b&x-expires=1775102400&x-signature=APqpkJjUTCB2mJGm%2Bm6STAlgqqI%3D&t=4d5b0474&ps=13740610&shp=30310797&shcp=ff37627b&idc=my,,,,,,,,,
Need this and some chill time 🥰,1,1,2026-03-11T21:09:45.000Z,mara.biesek3,https://www.tiktok.com/@jriverraa/video/7616052845980257550,7309248374519120938,7616108111477474062,https://p77-sign-va.tiktokcdn.com/tos-maliva-avt-0068/b84cef49ff06c06dbf806c8798830078~tplv-tiktokx-cropcenter:100:100.jpg?dr=14579&refresh_token=cbe95217&x-expires=1775102400&x-signature=0AzItHdUla3Its2nIrulKwq%2BVk8%3D&t=4d5b0474&ps=13740610&shp=30310797&shcp=ff37627b&idc=my,,,,,,,,,
this and a book hits different when the kids are sound asleep 😴,1,,2026-03-11T22:12:06.000Z,jriverraa,https://www.tiktok.com/@jriverraa/video/7616052845980257550,6780219572374635526,7616124201091236621,https://p77-sign-va.tiktokcdn.com/tos-maliva-avt-0068/3e7f24ab95c37f62d110b405c1743955~tplv-tiktokx-cropcenter:100:100.jpg?dr=14579&refresh_token=4ecf9b9b&x-expires=1775102400&x-signature=APqpkJjUTCB2mJGm%2Bm6STAlgqqI%3D&t=4d5b0474&ps=13740610&shp=30310797&shcp=ff37627b&idc=my,,,,,,,,,
hahahaha girl SAME! i have sooo many 😵‍💫,0,,2026-03-12T03:00:10.000Z,jriverraa,https://www.tiktok.com/@jriverraa/video/7616052845980257550,6780219572374635526,7616198463990940429,https://p77-sign-va.tiktokcdn.com/tos-maliva-avt-0068/3e7f24ab95c37f62d110b405c1743955~tplv-tiktokx-cropcenter:100:100.jpg?dr=14579&refresh_token=4ecf9b9b&x-expires=1775102400&x-signature=APqpkJjUTCB2mJGm%2Bm6STAlgqqI%3D&t=4d5b0474&ps=13740610&shp=30310797&shcp=ff37627b&idc=my,,,,,,,,,
thank you bestie! i highly recommend 😍,0,,2026-03-12T17:46:59.000Z,jriverraa,https://www.tiktok.com/@jriverraa/video/7616052845980257550,6780219572374635526,7616426950890308365,https://p77-sign-va.tiktokcdn.com/tos-maliva-avt-0068/3e7f24ab95c37f62d110b405c1743955~tplv-tiktokx-cropcenter:100:100.jpg?dr=14579&refresh_token=4ecf9b9b&x-expires=1775102400&x-signature=APqpkJjUTCB2mJGm%2Bm6STAlgqqI%3D&t=4d5b0474&ps=13740610&shp=30310797&shcp=ff37627b&idc=my,,,,,,,,,
A mask with collagen and glutathione! Perfect combo for glowing skin 🥰,1,1,2026-03-11T21:39:22.000Z,teresaliima,https://www.tiktok.com/@jriverraa/video/7616052845980257550,6925934229651342341,7616115785542615838,https://p19-common-sign.tiktokcdn.com/tos-maliva-avt-0068/973ae5915c0a36ed500b8433ce17e175~tplv-tiktokx-cropcenter:100:100.jpg?dr=14579&refresh_token=7741d27e&x-expires=1775102400&x-signature=tPB4hvKeytgDygqlLf%2BdXzzicNc%3D&t=4d5b0474&ps=13740610&shp=30310797&shcp=ff37627b&idc=my,,,,,,,,,
absolutely! 😍🫶🏽 and in just 20 minutes? yes please!,0,,2026-03-11T22:11:49.000Z,jriverraa,https://www.tiktok.com/@jriverraa/video/7616052845980257550,6780219572374635526,7616124029208953613,https://p77-sign-va.tiktokcdn.com/tos-maliva-avt-0068/3e7f24ab95c37f62d110b405c1743955~tplv-tiktokx-cropcenter:100:100.jpg?dr=14579&refresh_token=4ecf9b9b&x-expires=1775102400&x-signature=APqpkJjUTCB2mJGm%2Bm6STAlgqqI%3D&t=4d5b0474&ps=13740610&shp=30310797&shcp=ff37627b&idc=my,,,,,,,,,
I just know you felt like a new woman after this 😊🙌🏻,1,1,2026-03-12T16:18:27.000Z,courtneymcelhanno,https://www.tiktok.com/@jriverraa/video/7616052845980257550,6791844881309729798,7616404081359553310,https://p77-sign-va.tiktokcdn.com/tos-maliva-avt-0068/f4b52e0a801043d34ae65687c862ee86~tplv-tiktokx-cropcenter:100:100.jpg?dr=14579&refresh_token=fd994b3a&x-expires=1775102400&x-signature=2A4rw9gmL2cAwQntesTHDcSvUDQ%3D&t=4d5b0474&ps=13740610&shp=30310797&shcp=ff37627b&idc=my,,,,,,,,,
oh absolutely! 😩💓,1,,2026-03-12T17:40:11.000Z,jriverraa,https://www.tiktok.com/@jriverraa/video/7616052845980257550,6780219572374635526,7616425206051521293,https://p77-sign-va.tiktokcdn.com/tos-maliva-avt-0068/3e7f24ab95c37f62d110b405c1743955~tplv-tiktokx-cropcenter:100:100.jpg?dr=14579&refresh_token=4ecf9b9b&x-expires=1775102400&x-signature=APqpkJjUTCB2mJGm%2Bm6STAlgqqI%3D&t=4d5b0474&ps=13740610&shp=30310797&shcp=ff37627b&idc=my,,,,,,,,,
I love seeing other people’s skincare routine💕and this left your skin glowing😍,1,1,2026-03-12T00:42:59.000Z,mamachrissytf,https://www.tiktok.com/@jriverraa/video/7616052845980257550,7471856029559473194,7616163060848214815,https://p16-common-sign.tiktokcdn.com/tos-maliva-avt-0068/8e77d8583d2995208f0ec219709e25fe~tplv-tiktokx-cropcenter:100:100.jpg?dr=14579&refresh_token=1840e8c4&x-expires=1775102400&x-signature=U%2Bh6w8WcFfnbPPrhgBaAqD99ILE%3D&t=4d5b0474&ps=13740610&shp=30310797&shcp=ff37627b&idc=my,,,,,,,,,
ahhh i’ll have to upload my nightly routine soon! 🫶🏽🫶🏽,0,,2026-03-12T02:23:46.000Z,jriverraa,https://www.tiktok.com/@jriverraa/video/7616052845980257550,6780219572374635526,7616189041751261966,https://p77-sign-va.tiktokcdn.com/tos-maliva-avt-0068/3e7f24ab95c37f62d110b405c1743955~tplv-tiktokx-cropcenter:100:100.jpg?dr=14579&refresh_token=4ecf9b9b&x-expires=1775102400&x-signature=APqpkJjUTCB2mJGm%2Bm6STAlgqqI%3D&t=4d5b0474&ps=13740610&shp=30310797&shcp=ff37627b&idc=my,,,,,,,,,
my lips are so crusty 😵‍💫😵‍💫 there was literally a whole week that i had to film with a cut on my lip BYE 😭😭,0,,2026-03-11T22:19:40.000Z,jriverraa,https://www.tiktok.com/@jriverraa/video/7616052845980257550,6780219572374635526,7616126144275186446,https://p77-sign-va.tiktokcdn.com/tos-maliva-avt-0068/3e7f24ab95c37f62d110b405c1743955~tplv-tiktokx-cropcenter:100:100.jpg?dr=14579&refresh_token=4ecf9b9b&x-expires=1775102400&x-signature=APqpkJjUTCB2mJGm%2Bm6STAlgqqI%3D&t=4d5b0474&ps=13740610&shp=30310797&shcp=ff37627b&idc=my,,,,,,,,,
the glow is my favorite part 🥰🥰🥰,0,,2026-03-12T17:46:35.000Z,jriverraa,https://www.tiktok.com/@jriverraa/video/7616052845980257550,6780219572374635526,7616426870506701582,https://p77-sign-va.tiktokcdn.com/tos-maliva-avt-0068/3e7f24ab95c37f62d110b405c1743955~tplv-tiktokx-cropcenter:100:100.jpg?dr=14579&refresh_token=4ecf9b9b&x-expires=1775102400&x-signature=APqpkJjUTCB2mJGm%2Bm6STAlgqqI%3D&t=4d5b0474&ps=13740610&shp=30310797&shcp=ff37627b&idc=my,,,,,,,,,
thanks girl 🥰🥰🥰,0,,2026-03-12T17:43:05.000Z,jriverraa,https://www.tiktok.com/@jriverraa/video/7616052845980257550,6780219572374635526,7616425859587113741,https://p77-sign-va.tiktokcdn.com/tos-maliva-avt-0068/3e7f24ab95c37f62d110b405c1743955~tplv-tiktokx-cropcenter:100:100.jpg?dr=14579&refresh_token=4ecf9b9b&x-expires=1775102400&x-signature=APqpkJjUTCB2mJGm%2Bm6STAlgqqI%3D&t=4d5b0474&ps=13740610&shp=30310797&shcp=ff37627b&idc=my,,,,,,,,,
This maskkkkkkk😍 I love that it’s a clear glass like mask & it has you skin so glowyyyy🤩✨,0,0,2026-03-11T17:56:52.000Z,megann.5377,https://www.tiktok.com/@jriverraa/video/7616052845980257550,6740050796841059334,7616058235032994574,https://p77-sign-va.tiktokcdn.com/tos-maliva-avt-0068/307b4aab65b25a9008c25e7925a940ea~tplv-tiktokx-cropcenter:100:100.jpg?dr=14579&refresh_token=feb57333&x-expires=1775102400&x-signature=R1us7xmh6hA955BjIFJ4rXEE3JA%3D&t=4d5b0474&ps=13740610&shp=30310797&shcp=ff37627b&idc=my,,,,,,,,,
"These masks look so hydrating , your skin was glowing at the end ✨💕",1,1,2026-03-12T01:20:52.000Z,a1jessss,https://www.tiktok.com/@jriverraa/video/7616052845980257550,7230670687786173486,7616172690228216607,https://p77-sign-va.tiktokcdn.com/tos-maliva-avt-0068/0bacb4a79edd9f3badafbc3e79a7f012~tplv-tiktokx-cropcenter:100:100.jpg?dr=14579&refresh_token=bd6315a1&x-expires=1775102400&x-signature=HWlcqMaCDxM03maJ6MvCQvlwGPA%3D&t=4d5b0474&ps=13740610&shp=30310797&shcp=ff37627b&idc=my,,,,,,,,,
yess they are! they’re so lightweight too!,1,,2026-03-12T02:24:49.000Z,jriverraa,https://www.tiktok.com/@jriverraa/video/7616052845980257550,6780219572374635526,7616189357967360781,https://p77-sign-va.tiktokcdn.com/tos-maliva-avt-0068/3e7f24ab95c37f62d110b405c1743955~tplv-tiktokx-cropcenter:100:100.jpg?dr=14579&refresh_token=4ecf9b9b&x-expires=1775102400&x-signature=APqpkJjUTCB2mJGm%2Bm6STAlgqqI%3D&t=4d5b0474&ps=13740610&shp=30310797&shcp=ff37627b&idc=my,,,,,,,,,
I love doing my weekly resets 💗 it’s so relaxing 😍,1,1,2026-03-11T18:54:10.000Z,wendolinecoleman,https://www.tiktok.com/@jriverraa/video/7616052845980257550,6823152971762615301,7616073031086408461,https://p77-sign-va.tiktokcdn.com/tos-maliva-avt-0068/a3905f607700ad66a61b348ac83369f4~tplv-tiktokx-cropcenter:100:100.jpg?dr=14579&refresh_token=63ba81aa&x-expires=1775102400&x-signature=NEFfeQrpHI1dlUD5i3urK1KuDxo%3D&t=4d5b0474&ps=13740610&shp=30310797&shcp=ff37627b&idc=my,,,,,,,,,
it really is!! 😍 i usually pair my masks with a book!,0,,2026-03-11T22:27:35.000Z,jriverraa,https://www.tiktok.com/@jriverraa/video/7616052845980257550,6780219572374635526,7616128211114279693,https://p77-sign-va.tiktokcdn.com/tos-maliva-avt-0068/3e7f24ab95c37f62d110b405c1743955~tplv-tiktokx-cropcenter:100:100.jpg?dr=14579&refresh_token=4ecf9b9b&x-expires=1775102400&x-signature=APqpkJjUTCB2mJGm%2Bm6STAlgqqI%3D&t=4d5b0474&ps=13740610&shp=30310797&shcp=ff37627b&idc=my,,,,,,,,,
Oh SHES glowingggg!! Might need to get me some this stuff!,0,0,2026-03-11T17:57:13.000Z,chassidysanaee,https://www.tiktok.com/@jriverraa/video/7616052845980257550,7599103914936796173,7616058446484079390,https://p77-sign-va.tiktokcdn.com/tos-maliva-avt-0068/215ed34b849da940eadd332a2267975f~tplv-tiktokx-cropcenter:100:100.jpg?dr=14579&refresh_token=1b496268&x-expires=1775102400&x-signature=7nOzL4rpz%2BF%2FsJm6H2LoDcHjucM%3D&t=4d5b0474&ps=13740610&shp=30310797&shcp=ff37627b&idc=my,,,,,,,,,
Oo those lips!! I need to try 🤩,1,1,2026-03-12T01:03:44.000Z,ezeraann,https://www.tiktok.com/@jriverraa/video/7616052845980257550,6532049991979024386,7616168374326477582,https://p16-common-sign.tiktokcdn-us.com/tos-useast5-avt-0068-tx/184fdd41e3728880eab1032ed4d18e3b~tplv-tiktokx-cropcenter:100:100.jpg?dr=9640&refresh_token=ba77462c&x-expires=1775102400&x-signature=tUE8xCyK7WKiqsYxpE4HZilMajw%3D&t=4d5b0474&ps=13740610&shp=30310797&shcp=ff37627b&idc=useast5,,,,,,,,,
Your skin looked so glowy and hydrated 😍😍,1,1,2026-03-12T14:04:07.000Z,kirstencuevass,https://www.tiktok.com/@jriverraa/video/7616052845980257550,6730005045624898565,7616369338086490911,https://p16-common-sign.tiktokcdn-us.com/tos-useast5-avt-0068-tx/de7ef711bac3a71db327d490bd3afa03~tplv-tiktokx-cropcenter:100:100.jpg?dr=9640&refresh_token=d8063bfd&x-expires=1775102400&x-signature=AuPujQfLAwaRxq%2BDj49MPmOda3s%3D&t=4d5b0474&ps=13740610&shp=30310797&shcp=ff37627b&idc=useast5,,,,,,,,,
yessss girl 💓💅💅,1,,2026-03-12T17:41:42.000Z,jriverraa,https://www.tiktok.com/@jriverraa/video/7616052845980257550,6780219572374635526,7616425530041123597,https://p16-common-sign.tiktokcdn-us.com/tos-useast5-avt-0068-tx/3e7f24ab95c37f62d110b405c1743955~tplv-tiktokx-cropcenter:100:100.jpg?dr=9640&refresh_token=fc8c23bb&x-expires=1775102400&x-signature=K%2F7rn7afPP31GNq8LkSflt4EhcQ%3D&t=4d5b0474&ps=13740610&shp=30310797&shcp=ff37627b&idc=useast5,,,,,,,,,
I just bought my bestie these lip masks and he’s loving them! These are seriously sooo hydrating ❤️,1,1,2026-03-12T16:41:37.000Z,itsjustmallorymarie,https://www.tiktok.com/@jriverraa/video/7616052845980257550,6785999635925419014,7616410059703124749,https://p16-common-sign.tiktokcdn-us.com/tos-useast8-avt-0068-tx2/361d35bfeedd3a9f5a1c42c3e3de5116~tplv-tiktokx-cropcenter:100:100.jpg?dr=9640&refresh_token=65847450&x-expires=1775102400&x-signature=wqnSXW23qhkeaZ0imUC9k%2BsvBaQ%3D&t=4d5b0474&ps=13740610&shp=30310797&shcp=ff37627b&idc=useast5,,,,,,,,,
ahhh omg!!! they’re perfect lip masks!! 🥰🥰🥰,0,,2026-03-12T17:46:22.000Z,jriverraa,https://www.tiktok.com/@jriverraa/video/7616052845980257550,6780219572374635526,7616426750511842061,https://p16-common-sign.tiktokcdn-us.com/tos-useast5-avt-0068-tx/3e7f24ab95c37f62d110b405c1743955~tplv-tiktokx-cropcenter:100:100.jpg?dr=9640&refresh_token=fc8c23bb&x-expires=1775102400&x-signature=K%2F7rn7afPP31GNq8LkSflt4EhcQ%3D&t=4d5b0474&ps=13740610&shp=30310797&shcp=ff37627b&idc=useast5,,,,,,,,,
Need to try that mask 😍😍 you are glowing queen,1,1,2026-03-11T18:37:14.000Z,jezi35,https://www.tiktok.com/@jriverraa/video/7616052845980257550,6780715252297712645,7616068658688181006,https://p16-common-sign.tiktokcdn-us.com/tos-useast5-avt-0068-tx/e2e6bdd34b6422c20e59a691378e4608~tplv-tiktokx-cropcenter:100:100.jpg?dr=9640&refresh_token=8e7aa09d&x-expires=1775102400&x-signature=tBL53YCRzJgHPjeB24xh%2FTtwVaI%3D&t=4d5b0474&ps=13740610&shp=30310797&shcp=ff37627b&idc=useast5,,,,,,,,,
it’s perffff girl! 😍😍,1,,2026-03-11T22:18:58.000Z,jriverraa,https://www.tiktok.com/@jriverraa/video/7616052845980257550,6780219572374635526,7616125996336907022,https://p16-common-sign.tiktokcdn-us.com/tos-useast5-avt-0068-tx/3e7f24ab95c37f62d110b405c1743955~tplv-tiktokx-cropcenter:100:100.jpg?dr=9640&refresh_token=fc8c23bb&x-expires=1775102400&x-signature=K%2F7rn7afPP31GNq8LkSflt4EhcQ%3D&t=4d5b0474&ps=13740610&shp=30310797&shcp=ff37627b&idc=useast5,,,,,,,,,
Ouu these look great! I love the face mask 💓,1,1,2026-03-11T19:21:03.000Z,alittleofjocy,https://www.tiktok.com/@jriverraa/video/7616052845980257550,7416098462188766250,7616080037096063757,https://p16-common-sign.tiktokcdn-eu.com/tos-maliva-avt-0068/e43aadc0d39be34c2e8c34e64fa59932~tplv-tiktokx-cropcenter:100:100.jpg?dr=10399&refresh_token=339507d5&x-expires=1775102400&x-signature=Vip%2BbGPxqbYS%2BvpJr5P7ea0AReQ%3D&t=4d5b0474&ps=13740610&shp=30310797&shcp=ff37627b&idc=no1a,,,,,,,,,
i love that it’s clear and kinda fits my face! i’ve realized: i have a pretty small face when it comes down to these masks 😂,1,,2026-03-11T22:14:26.000Z,jriverraa,https://www.tiktok.com/@jriverraa/video/7616052845980257550,6780219572374635526,7616124785396073229,https://p16-common-sign.tiktokcdn-eu.com/tos-maliva-avt-0068/3e7f24ab95c37f62d110b405c1743955~tplv-tiktokx-cropcenter:100:100.jpg?dr=10399&refresh_token=0c2b3bff&x-expires=1775102400&x-signature=POtZKW1lxxlQPduhGP1NvQKycyc%3D&t=4d5b0474&ps=13740610&shp=30310797&shcp=ff37627b&idc=no1a,,,,,,,,,
they’re so cute! and they smell like roses!,0,,2026-03-13T21:14:08.000Z,jriverraa,https://www.tiktok.com/@jriverraa/video/7616052845980257550,6780219572374635526,7616851443325190925,https://p16-common-sign.tiktokcdn-eu.com/tos-maliva-avt-0068/3e7f24ab95c37f62d110b405c1743955~tplv-tiktokx-cropcenter:100:100.jpg?dr=10399&refresh_token=0c2b3bff&x-expires=1775102400&x-signature=POtZKW1lxxlQPduhGP1NvQKycyc%3D&t=4d5b0474&ps=13740610&shp=30310797&shcp=ff37627b&idc=no1a,,,,,,,,,
"okay these look so relaxing especially after a shower, they have you glowing sis!! ✨",1,1,2026-03-12T02:24:13.000Z,jada.fieldss,https://www.tiktok.com/@jriverraa/video/7616052845980257550,6823737270114616325,7616189122978546462,https://p16-common-sign.tiktokcdn-eu.com/tos-maliva-avt-0068/19d4a381feafd36b81aa845ca7994a1d~tplv-tiktokx-cropcenter:100:100.jpg?dr=10399&refresh_token=6c2d6b8e&x-expires=1775102400&x-signature=tw77vTZWMds3%2FTv%2B%2BlG4%2FDSepnw%3D&t=4d5b0474&ps=13740610&shp=30310797&shcp=ff37627b&idc=no1a,,,,,,,,,
nothing beats a nice hot shower and a face mask 🫶🏽😩,0,,2026-03-12T02:26:03.000Z,jriverraa,https://www.tiktok.com/@jriverraa/video/7616052845980257550,6780219572374635526,7616189639448560397,https://p16-common-sign.tiktokcdn-eu.com/tos-maliva-avt-0068/3e7f24ab95c37f62d110b405c1743955~tplv-tiktokx-cropcenter:100:100.jpg?dr=10399&refresh_token=0c2b3bff&x-expires=1775102400&x-signature=POtZKW1lxxlQPduhGP1NvQKycyc%3D&t=4d5b0474&ps=13740610&shp=30310797&shcp=ff37627b&idc=no1a,,,,,,,,,
"i loveee the lip mask and highly recommend it! i’m not a floral scent kind of gal but other than that, i love it 💓",0,,2026-03-12T17:41:27.000Z,jriverraa,https://www.tiktok.com/@jriverraa/video/7616052845980257550,6780219572374635526,7616425553410786061,https://p16-common-sign.tiktokcdn-eu.com/tos-maliva-avt-0068/3e7f24ab95c37f62d110b405c1743955~tplv-tiktokx-cropcenter:100:100.jpg?dr=10399&refresh_token=0c2b3bff&x-expires=1775102400&x-signature=POtZKW1lxxlQPduhGP1NvQKycyc%3D&t=4d5b0474&ps=13740610&shp=30310797&shcp=ff37627b&idc=no1a,,,,,,,,,
ITS SO GOOD. it smells like roses!,0,,2026-03-12T02:22:39.000Z,jriverraa,https://www.tiktok.com/@jriverraa/video/7616052845980257550,6780219572374635526,7616188787701482253,https://p16-common-sign.tiktokcdn-eu.com/tos-maliva-avt-0068/3e7f24ab95c37f62d110b405c1743955~tplv-tiktokx-cropcenter:100:100.jpg?dr=10399&refresh_token=0c2b3bff&x-expires=1775102400&x-signature=POtZKW1lxxlQPduhGP1NvQKycyc%3D&t=4d5b0474&ps=13740610&shp=30310797&shcp=ff37627b&idc=no1a,,,,,,,,,
they’re everything girl!!! i love how lightweight they are! 😍,0,,2026-03-13T12:24:18.000Z,jriverraa,https://www.tiktok.com/@jriverraa/video/7616052845980257550,6780219572374635526,7616714668510561037,https://p16-common-sign.tiktokcdn-eu.com/tos-maliva-avt-0068/3e7f24ab95c37f62d110b405c1743955~tplv-tiktokx-cropcenter:100:100.jpg?dr=10399&refresh_token=0c2b3bff&x-expires=1775102400&x-signature=POtZKW1lxxlQPduhGP1NvQKycyc%3D&t=4d5b0474&ps=13740610&shp=30310797&shcp=ff37627b&idc=no1a,,,,,,,,,
wow❤️❤️,1,0,2026-03-13T19:30:54.000Z,malaika_xhk8,https://www.tiktok.com/@lets.find.out3/video/7614800117786234142,7474108793128633387,7616824772982965005,https://p16-common-sign.tiktokcdn-us.com/tos-useast5-avt-0068-tx/27e5df9ff9f8d52327b15a0825e9a012~tplv-tiktokx-cropcenter:100:100.jpg?dr=9640&refresh_token=8c89e537&x-expires=1775102400&x-signature=sXziR8mODswNn7AhZZJEmu8IOhI%3D&t=4d5b0474&ps=13740610&shp=30310797&shcp=ff37627b&idc=useast8,,,,,,,,,
🌷🌷🌷👌👌👌,0,0,2026-03-08T08:53:09.000Z,emilyjhon34,https://www.tiktok.com/@lets.find.out3/video/7614800117786234142,7282846931020416046,7614804430802961182,https://p16-common-sign.tiktokcdn-us.com/tos-useast5-avt-0068-tx/18c2b85b271e0611970f2f127428802e~tplv-tiktokx-cropcenter:100:100.jpg?dr=9640&refresh_token=079b5fb5&x-expires=1775102400&x-signature=Lcugaj6qweR2zOArl%2FHvtSjNaqE%3D&t=4d5b0474&ps=13740610&shp=30310797&shcp=ff37627b&idc=useast8,,,,,,,,,
Love this set,0,0,2026-03-17T18:02:32.000Z,housewifehaymoor,https://www.tiktok.com/@rima_k0/video/7616692388270066964,6554127048582873097,7618286340762174239,https://p16-common-sign.tiktokcdn-us.com/tos-useast8-avt-0068-tx2/ec41ba98c072a76094137acf20659742~tplv-tiktokx-cropcenter:100:100.jpg?dr=9640&refresh_token=1de2304f&x-expires=1775102400&x-signature=fArsW8e9eesJ3GMxmcN59iCSXMY%3D&t=4d5b0474&ps=13740610&shp=30310797&shcp=ff37627b&idc=useast8,,,,,,,,,
Okay but why is this hydrogel mask literally invisible on the skin?? 👀,0,0,2026-03-13T10:57:53.000Z,rima_k0,https://www.tiktok.com/@rima_k0/video/7616692388270066964,7048678101676819462,7616692697692324629,https://p16-common-sign.tiktokcdn-us.com/tos-alisg-avt-0068/8ff679467b64dea07556f7e0ffe5cd17~tplv-tiktokx-cropcenter:100:100.jpg?dr=9640&refresh_token=80fe9111&x-expires=1775102400&x-signature=IGtwZHD0%2FHHaMc2hd1jtDTlJrUI%3D&t=4d5b0474&ps=13740610&shp=30310797&shcp=ff37627b&idc=useast8,,,,,,,,,
Here to support 😎😁🥰,1,1,2026-03-15T20:26:40.000Z,radio.vati.kann,https://www.tiktok.com/@rima_k0/video/7616692388270066964,7511343771586888726,7617581437291070241,https://p16-common-sign.tiktokcdn-us.com/tos-maliva-avt-0068/f41729fe1d75a8b8f7ec3b2ddd6f528c~tplv-tiktokx-cropcenter:100:100.jpg?dr=9640&refresh_token=b265cb99&x-expires=1775102400&x-signature=J5X5tHpnUMyZ2NYNA2cUjCjAPTI%3D&t=4d5b0474&ps=13740610&shp=30310797&shcp=ff37627b&idc=useast8,,,,,,,,,
Thanks friend,0,,2026-03-16T00:02:26.000Z,rima_k0,https://www.tiktok.com/@rima_k0/video/7616692388270066964,7048678101676819462,7617637015290807060,https://p16-common-sign.tiktokcdn-us.com/tos-alisg-avt-0068/8ff679467b64dea07556f7e0ffe5cd17~tplv-tiktokx-cropcenter:100:100.jpg?dr=9640&refresh_token=80fe9111&x-expires=1775102400&x-signature=IGtwZHD0%2FHHaMc2hd1jtDTlJrUI%3D&t=4d5b0474&ps=13740610&shp=30310797&shcp=ff37627b&idc=useast8,,,,,,,,,
Wow dear that’s amazing 🥰,0,0,2026-03-14T15:50:23.000Z,whengreviews5,https://www.tiktok.com/@rima_k0/video/7616692388270066964,7543661020130182152,7617139128971739925,https://p19-common-sign.tiktokcdn-us.com/tos-alisg-avt-0068/02eae70adec97df02c550ba082e930a4~tplv-tiktokx-cropcenter:100:100.jpg?dr=9640&refresh_token=236b74eb&x-expires=1775102400&x-signature=bbuXprqbMDnnzLq4hkzF2RV7gDg%3D&t=4d5b0474&ps=13740610&shp=30310797&shcp=ff37627b&idc=useast8,,,,,,,,,
Amazing finds❤️,1,1,2026-03-16T17:26:56.000Z,_devi_ad,https://www.tiktok.com/@rima_k0/video/7616692388270066964,6557611518236966918,7617906226285806354,https://p16-common-sign.tiktokcdn-us.com/tos-maliva-avt-0068/a9c74a1966f341980b5020144c5bb78e~tplv-tiktokx-cropcenter:100:100.jpg?dr=9640&refresh_token=00ec5aed&x-expires=1775102400&x-signature=9405sO5NPWEPDfJp2U%2FHkYMN1lE%3D&t=4d5b0474&ps=13740610&shp=30310797&shcp=ff37627b&idc=useast8,,,,,,,,,
Love these masks,0,,2026-03-17T02:36:52.000Z,rima_k0,https://www.tiktok.com/@rima_k0/video/7616692388270066964,7048678101676819462,7618047885981467412,https://p16-common-sign.tiktokcdn-us.com/tos-alisg-avt-0068/8ff679467b64dea07556f7e0ffe5cd17~tplv-tiktokx-cropcenter:100:100.jpg?dr=9640&refresh_token=80fe9111&x-expires=1775102400&x-signature=IGtwZHD0%2FHHaMc2hd1jtDTlJrUI%3D&t=4d5b0474&ps=13740610&shp=30310797&shcp=ff37627b&idc=useast8,,,,,,,,,
Lovely choices 😍,1,1,2026-03-14T09:16:45.000Z,ellelifestyle90,https://www.tiktok.com/@rima_k0/video/7616692388270066964,6980417103082259461,7617037686373679894,https://p16-common-sign.tiktokcdn-us.com/tos-maliva-avt-0068/3806c74094d838f51a247d816e7b0624~tplv-tiktokx-cropcenter:100:100.jpg?dr=9640&refresh_token=04305524&x-expires=1775102400&x-signature=0kJ9uMNXCLWIErfdhuAjlikpNPU%3D&t=4d5b0474&ps=13740610&shp=30310797&shcp=ff37627b&idc=useast8,,,,,,,,,
Thanks 🥰🥰🥰,0,,2026-03-14T10:55:04.000Z,rima_k0,https://www.tiktok.com/@rima_k0/video/7616692388270066964,7048678101676819462,7617063026467308308,https://p16-common-sign.tiktokcdn-us.com/tos-alisg-avt-0068/8ff679467b64dea07556f7e0ffe5cd17~tplv-tiktokx-cropcenter:100:100.jpg?dr=9640&refresh_token=80fe9111&x-expires=1775102400&x-signature=IGtwZHD0%2FHHaMc2hd1jtDTlJrUI%3D&t=4d5b0474&ps=13740610&shp=30310797&shcp=ff37627b&idc=useast8,,,,,,,,,
So hydrating 😘,1,1,2026-03-14T08:17:16.000Z,onlybhumarj,https://www.tiktok.com/@rima_k0/video/7616692388270066964,7343401217504658465,7617022345274671894,https://p16-common-sign.tiktokcdn-us.com/tos-maliva-avt-0068/8520c40b6ed1dcba172b6c262c8b20f6~tplv-tiktokx-cropcenter:100:100.jpg?dr=9640&refresh_token=a6137480&x-expires=1775102400&x-signature=dZ5N3KXkFxr6mrE8tCeMm%2BCIjGw%3D&t=4d5b0474&ps=13740610&shp=30310797&shcp=ff37627b&idc=useast8,,,,,,,,,
Extremely hydrating,0,,2026-03-14T10:55:45.000Z,rima_k0,https://www.tiktok.com/@rima_k0/video/7616692388270066964,7048678101676819462,7617063230648632084,https://p16-common-sign.tiktokcdn-us.com/tos-alisg-avt-0068/8ff679467b64dea07556f7e0ffe5cd17~tplv-tiktokx-cropcenter:100:100.jpg?dr=9640&refresh_token=80fe9111&x-expires=1775102400&x-signature=IGtwZHD0%2FHHaMc2hd1jtDTlJrUI%3D&t=4d5b0474&ps=13740610&shp=30310797&shcp=ff37627b&idc=useast8,,,,,,,,,
Oh wow cute bag so amazing 😍,1,1,2026-03-14T07:50:22.000Z,randb420,https://www.tiktok.com/@rima_k0/video/7616692388270066964,7082215788443141166,7617015189695447822,https://p16-common-sign.tiktokcdn-us.com/tos-useast5-avt-0068-tx/515641de114663b011255bfaa6645f0a~tplv-tiktokx-cropcenter:100:100.jpg?dr=9640&refresh_token=90902744&x-expires=1775102400&x-signature=uZnPVX4HZzgBsAlDHbJB7cWyRno%3D&t=4d5b0474&ps=13740610&shp=30310797&shcp=ff37627b&idc=useast8,,,,,,,,,
Love the pink bag 💕,0,,2026-03-14T10:55:58.000Z,rima_k0,https://www.tiktok.com/@rima_k0/video/7616692388270066964,7048678101676819462,7617063259506737941,https://p16-common-sign.tiktokcdn-us.com/tos-alisg-avt-0068/8ff679467b64dea07556f7e0ffe5cd17~tplv-tiktokx-cropcenter:100:100.jpg?dr=9640&refresh_token=80fe9111&x-expires=1775102400&x-signature=IGtwZHD0%2FHHaMc2hd1jtDTlJrUI%3D&t=4d5b0474&ps=13740610&shp=30310797&shcp=ff37627b&idc=useast8,,,,,,,,,
Amazing congratulations ❤️❤️,1,1,2026-03-14T17:56:13.000Z,beautyalvi,https://www.tiktok.com/@rima_k0/video/7616692388270066964,7122188705062175750,7617171567858057986,https://p16-common-sign.tiktokcdn-us.com/tos-maliva-avt-0068/20d6208003c85843e9d97626c1e3c1ad~tplv-tiktokx-cropcenter:100:100.jpg?dr=9640&refresh_token=eceae4b2&x-expires=1775102400&x-signature=7iAoiqreeaqHm2434GU4uIwQIqY%3D&t=4d5b0474&ps=13740610&shp=30310797&shcp=ff37627b&idc=useast8,,,,,,,,,
Thanks lovely. Great masks,0,,2026-03-14T19:35:30.000Z,rima_k0,https://www.tiktok.com/@rima_k0/video/7616692388270066964,7048678101676819462,7617197155895542548,https://p16-common-sign.tiktokcdn-us.com/tos-alisg-avt-0068/8ff679467b64dea07556f7e0ffe5cd17~tplv-tiktokx-cropcenter:100:100.jpg?dr=9640&refresh_token=80fe9111&x-expires=1775102400&x-signature=IGtwZHD0%2FHHaMc2hd1jtDTlJrUI%3D&t=4d5b0474&ps=13740610&shp=30310797&shcp=ff37627b&idc=useast8,,,,,,,,,
I need that lip mask 😍,1,1,2026-03-13T19:01:28.000Z,e.fosaa,https://www.tiktok.com/@rima_k0/video/7616692388270066964,6841130893358302214,7616817278043374357,https://p16-common-sign.tiktokcdn-us.com/tos-alisg-avt-0068/b727eb13c58c940b0e6339a5784fff1f~tplv-tiktokx-cropcenter:100:100.jpg?dr=9640&refresh_token=efc0d81c&x-expires=1775102400&x-signature=nlA2KNlen1J4u6vNhIWWlzqSOqQ%3D&t=4d5b0474&ps=13740610&shp=30310797&shcp=ff37627b&idc=useast8,,,,,,,,,
Super lightweight and hydrating,0,,2026-03-14T05:13:58.000Z,rima_k0,https://www.tiktok.com/@rima_k0/video/7616692388270066964,7048678101676819462,7616975139171238676,https://p16-common-sign.tiktokcdn-us.com/tos-alisg-avt-0068/8ff679467b64dea07556f7e0ffe5cd17~tplv-tiktokx-cropcenter:100:100.jpg?dr=9640&refresh_token=80fe9111&x-expires=1775102400&x-signature=IGtwZHD0%2FHHaMc2hd1jtDTlJrUI%3D&t=4d5b0474&ps=13740610&shp=30310797&shcp=ff37627b&idc=useast8,,,,,,,,,
😍😍The mask is soo hydrating,1,1,2026-03-14T05:56:57.000Z,terry_hilda1,https://www.tiktok.com/@rima_k0/video/7616692388270066964,6666785640010629126,7616986218576380679,https://p16-common-sign.tiktokcdn-us.com/tos-alisg-avt-0068/a125e2249853a0f754e25db242344bac~tplv-tiktokx-cropcenter:100:100.jpg?dr=9640&refresh_token=2aab6d63&x-expires=1775102400&x-signature=pg1hFM6QE1mXzigYM2neA63pHQs%3D&t=4d5b0474&ps=13740610&shp=30310797&shcp=ff37627b&idc=useast8,,,,,,,,,
Very hydrating,0,,2026-03-14T10:56:22.000Z,rima_k0,https://www.tiktok.com/@rima_k0/video/7616692388270066964,7048678101676819462,7617063370630841109,https://p16-common-sign.tiktokcdn-us.com/tos-alisg-avt-0068/8ff679467b64dea07556f7e0ffe5cd17~tplv-tiktokx-cropcenter:100:100.jpg?dr=9640&refresh_token=80fe9111&x-expires=1775102400&x-signature=IGtwZHD0%2FHHaMc2hd1jtDTlJrUI%3D&t=4d5b0474&ps=13740610&shp=30310797&shcp=ff37627b&idc=useast8,,,,,,,,,
Yeyy loved the transition,1,1,2026-03-13T21:26:57.000Z,flakawakab,https://www.tiktok.com/@rima_k0/video/7616692388270066964,7590471883217749014,7616854805134525206,https://p16-common-sign.tiktokcdn-us.com/tos-maliva-avt-0068/359850095d71bec00a2d0e63fbd1d568~tplv-tiktokx-cropcenter:100:100.jpg?dr=9640&refresh_token=132a1a63&x-expires=1775102400&x-signature=AYqeH86Z0uUjWGl21rn6aPsW%2Fps%3D&t=4d5b0474&ps=13740610&shp=30310797&shcp=ff37627b&idc=useast8,,,,,,,,,
Great results,0,,2026-03-14T05:11:53.000Z,rima_k0,https://www.tiktok.com/@rima_k0/video/7616692388270066964,7048678101676819462,7616974576325804821,https://p16-common-sign.tiktokcdn-us.com/tos-alisg-avt-0068/8ff679467b64dea07556f7e0ffe5cd17~tplv-tiktokx-cropcenter:100:100.jpg?dr=9640&refresh_token=80fe9111&x-expires=1775102400&x-signature=IGtwZHD0%2FHHaMc2hd1jtDTlJrUI%3D&t=4d5b0474&ps=13740610&shp=30310797&shcp=ff37627b&idc=useast8,,,,,,,,,
woow need to try 😍,1,1,2026-03-13T11:15:52.000Z,miral9210,https://www.tiktok.com/@rima_k0/video/7616692388270066964,7473232511532631062,7616697228623954710,https://p16-common-sign.tiktokcdn-us.com/tos-maliva-avt-0068/840be2a960f542ce7499b2797ae1da51~tplv-tiktokx-cropcenter:100:100.jpg?dr=9640&refresh_token=4ba9d518&x-expires=1775102400&x-signature=euS0%2BpbQn9QdeXLvLdmJQp4jSj4%3D&t=4d5b0474&ps=13740610&shp=30310797&shcp=ff37627b&idc=useast8,,,,,,,,,
You will love this invisible mask 🥰🥰🥰,0,,2026-03-13T11:20:06.000Z,rima_k0,https://www.tiktok.com/@rima_k0/video/7616692388270066964,7048678101676819462,7616698412406817556,https://p16-common-sign.tiktokcdn-us.com/tos-alisg-avt-0068/8ff679467b64dea07556f7e0ffe5cd17~tplv-tiktokx-cropcenter:100:100.jpg?dr=9640&refresh_token=80fe9111&x-expires=1775102400&x-signature=IGtwZHD0%2FHHaMc2hd1jtDTlJrUI%3D&t=4d5b0474&ps=13740610&shp=30310797&shcp=ff37627b&idc=useast8,,,,,,,,,
"How gorgeous looking back,wow ❤️",1,1,2026-03-13T17:04:12.000Z,dziosefina,https://www.tiktok.com/@rima_k0/video/7616692388270066964,7078800126109697029,7616787059123258134,https://p16-common-sign.tiktokcdn-us.com/tos-maliva-avt-0068/265d8aca891aaa53f9350d4b8866fda6~tplv-tiktokx-cropcenter:100:100.jpg?dr=9640&refresh_token=33eba3ba&x-expires=1775102400&x-signature=Yp5NERYxBM%2BuwGglw7BDz1VVadc%3D&t=4d5b0474&ps=13740610&shp=30310797&shcp=ff37627b&idc=useast8,,,,,,,,,
Thanks lovely,1,,2026-03-14T05:16:49.000Z,rima_k0,https://www.tiktok.com/@rima_k0/video/7616692388270066964,7048678101676819462,7616975855270970132,https://p16-common-sign.tiktokcdn-us.com/tos-alisg-avt-0068/8ff679467b64dea07556f7e0ffe5cd17~tplv-tiktokx-cropcenter:100:100.jpg?dr=9640&refresh_token=80fe9111&x-expires=1775102400&x-signature=IGtwZHD0%2FHHaMc2hd1jtDTlJrUI%3D&t=4d5b0474&ps=13740610&shp=30310797&shcp=ff37627b&idc=useast8,,,,,,,,,
this is so cute 🥰,1,1,2026-03-13T16:38:36.000Z,fabricguru_accessories,https://www.tiktok.com/@rima_k0/video/7616692388270066964,6915524152888050694,7616780475987182356,https://p19-common-sign.tiktokcdn-us.com/tos-alisg-avt-0068/c8e9f08b0a91d8e150ac15f6eb5158f6~tplv-tiktokx-cropcenter:100:100.jpg?dr=9640&refresh_token=830a794b&x-expires=1775102400&x-signature=S6cfRyYowev3da%2FXLWXdWlrrk94%3D&t=4d5b0474&ps=13740610&shp=30310797&shcp=ff37627b&idc=useast8,,,,,,,,,
I am obsessed with,0,,2026-03-14T05:17:24.000Z,rima_k0,https://www.tiktok.com/@rima_k0/video/7616692388270066964,7048678101676819462,7616975998123508501,https://p16-common-sign.tiktokcdn-us.com/tos-alisg-avt-0068/8ff679467b64dea07556f7e0ffe5cd17~tplv-tiktokx-cropcenter:100:100.jpg?dr=9640&refresh_token=80fe9111&x-expires=1775102400&x-signature=IGtwZHD0%2FHHaMc2hd1jtDTlJrUI%3D&t=4d5b0474&ps=13740610&shp=30310797&shcp=ff37627b&idc=useast8,,,,,,,,,
Wowww congratss,1,1,2026-03-13T12:41:35.000Z,velvyn9,https://www.tiktok.com/@rima_k0/video/7616692388270066964,7538859145836921861,7616719408824664852,https://p16-common-sign.tiktokcdn-us.com/tos-alisg-avt-0068/b0025c08ee416f8191e5576c4fc6f4f0~tplv-tiktokx-cropcenter:100:100.jpg?dr=9640&refresh_token=c95c2582&x-expires=1775102400&x-signature=BUlCgMm3CzG%2BN9x3wO0nAhXodeo%3D&t=4d5b0474&ps=13740610&shp=30310797&shcp=ff37627b&idc=useast8,,,,,,,,,
🥰🥰🥰,0,,2026-03-14T05:21:36.000Z,rima_k0,https://www.tiktok.com/@rima_k0/video/7616692388270066964,7048678101676819462,7616977110615409429,https://p16-common-sign.tiktokcdn-us.com/tos-alisg-avt-0068/8ff679467b64dea07556f7e0ffe5cd17~tplv-tiktokx-cropcenter:100:100.jpg?dr=9640&refresh_token=80fe9111&x-expires=1775102400&x-signature=IGtwZHD0%2FHHaMc2hd1jtDTlJrUI%3D&t=4d5b0474&ps=13740610&shp=30310797&shcp=ff37627b&idc=useast8,,,,,,,,,
Amazed by the lips mask ❤️,1,1,2026-03-14T03:18:36.000Z,melissa_chew,https://www.tiktok.com/@rima_k0/video/7616692388270066964,7099388542744331266,7616945411299738386,https://p16-common-sign.tiktokcdn-us.com/tos-alisg-avt-0068/d0714a019d7dd9990db1480b1cc3e947~tplv-tiktokx-cropcenter:100:100.jpg?dr=9640&refresh_token=50c33794&x-expires=1775102400&x-signature=anKyMEvgacgKnWN5ooOU%2BdtnRMY%3D&t=4d5b0474&ps=13740610&shp=30310797&shcp=ff37627b&idc=useast8,,,,,,,,,
Love the lip mask! Very lightweight too,0,,2026-03-14T05:10:27.000Z,rima_k0,https://www.tiktok.com/@rima_k0/video/7616692388270066964,7048678101676819462,7616974234375553813,https://p16-common-sign.tiktokcdn-us.com/tos-alisg-avt-0068/8ff679467b64dea07556f7e0ffe5cd17~tplv-tiktokx-cropcenter:100:100.jpg?dr=9640&refresh_token=80fe9111&x-expires=1775102400&x-signature=IGtwZHD0%2FHHaMc2hd1jtDTlJrUI%3D&t=4d5b0474&ps=13740610&shp=30310797&shcp=ff37627b&idc=useast8,,,,,,,,,
"Congratulations hun🎊
Need that lip mask!",1,1,2026-03-13T18:47:04.000Z,glowingwithjune,https://www.tiktok.com/@rima_k0/video/7616692388270066964,7420854285430162464,7616813574728876822,https://p16-common-sign.tiktokcdn-us.com/tos-maliva-avt-0068/f6afb431e87e78690cc54d417a753d86~tplv-tiktokx-cropcenter:100:100.jpg?dr=9640&refresh_token=2ec5f8f7&x-expires=1775102400&x-signature=EgXhcVnq%2B7tuLfvkl1P4Lf8bMeQ%3D&t=4d5b0474&ps=13740610&shp=30310797&shcp=ff37627b&idc=useast8,,,,,,,,,
Right?! Love the lip mask,0,,2026-03-14T05:14:19.000Z,rima_k0,https://www.tiktok.com/@rima_k0/video/7616692388270066964,7048678101676819462,7616975198676468501,https://p16-common-sign.tiktokcdn-us.com/tos-alisg-avt-0068/8ff679467b64dea07556f7e0ffe5cd17~tplv-tiktokx-cropcenter:100:100.jpg?dr=9640&refresh_token=80fe9111&x-expires=1775102400&x-signature=IGtwZHD0%2FHHaMc2hd1jtDTlJrUI%3D&t=4d5b0474&ps=13740610&shp=30310797&shcp=ff37627b&idc=useast8,,,,,,,,,
"Ich mag Gelmasken, sie sind sehr angenehm🥰🥰🥰",1,1,2026-03-13T16:12:48.000Z,rusjatester,https://www.tiktok.com/@rima_k0/video/7616692388270066964,7557666764726174742,7616773824533480225,https://p16-common-sign.tiktokcdn-us.com/tos-useast2a-avt-0068-euttp/00e4f5d1fd9699579e5d56c0a4b1691c~tplv-tiktokx-cropcenter:100:100.jpg?dr=9640&refresh_token=d6427bcc&x-expires=1775102400&x-signature=u00tLstgp6nK8Dr4x1itYycMqn8%3D&t=4d5b0474&ps=13740610&shp=30310797&shcp=ff37627b&idc=useast8,,,,,,,,,
Thanks love,0,,2026-03-14T05:17:36.000Z,rima_k0,https://www.tiktok.com/@rima_k0/video/7616692388270066964,7048678101676819462,7616976062677304085,https://p16-common-sign.tiktokcdn-us.com/tos-alisg-avt-0068/8ff679467b64dea07556f7e0ffe5cd17~tplv-tiktokx-cropcenter:100:100.jpg?dr=9640&refresh_token=80fe9111&x-expires=1775102400&x-signature=IGtwZHD0%2FHHaMc2hd1jtDTlJrUI%3D&t=4d5b0474&ps=13740610&shp=30310797&shcp=ff37627b&idc=useast8,,,,,,,,,
great mask ♥️,1,1,2026-03-14T10:20:27.000Z,beautiesland,https://www.tiktok.com/@rima_k0/video/7616692388270066964,7144228750099694597,7617054130775098145,https://p16-common-sign.tiktokcdn-us.com/tos-useast2a-avt-0068-euttp/35f651ba1c31734e83fee2df547ab2f2~tplv-tiktokx-cropcenter:100:100.jpg?dr=9640&refresh_token=713e7c9f&x-expires=1775102400&x-signature=4xURs5XWs58NLlO4dtiZgI18VDk%3D&t=4d5b0474&ps=13740610&shp=30310797&shcp=ff37627b&idc=useast8,,,,,,,,,
I love how light weight it is and I love that it’s clear,0,,2026-03-14T10:54:31.000Z,rima_k0,https://www.tiktok.com/@rima_k0/video/7616692388270066964,7048678101676819462,7617062895264596757,https://p16-common-sign.tiktokcdn-us.com/tos-alisg-avt-0068/8ff679467b64dea07556f7e0ffe5cd17~tplv-tiktokx-cropcenter:100:100.jpg?dr=9640&refresh_token=80fe9111&x-expires=1775102400&x-signature=IGtwZHD0%2FHHaMc2hd1jtDTlJrUI%3D&t=4d5b0474&ps=13740610&shp=30310797&shcp=ff37627b&idc=useast8,,,,,,,,,
Such a satisfying glow 😍😍,1,1,2026-03-13T14:08:32.000Z,sahana_budhathoki,https://www.tiktok.com/@rima_k0/video/7616692388270066964,6607582815678660613,7616741837457670933,https://p16-common-sign.tiktokcdn-us.com/tos-alisg-avt-0068/374fcb4a605ff909e142329b7b7553b2~tplv-tiktokx-cropcenter:100:100.jpg?dr=9640&refresh_token=a6fcb286&x-expires=1775102400&x-signature=hI3dmTghgMmUZziKcQUUg6L9n0M%3D&t=4d5b0474&ps=13740610&shp=30310797&shcp=ff37627b&idc=useast8,,,,,,,,,
Thanks lovely,0,,2026-03-14T05:19:40.000Z,rima_k0,https://www.tiktok.com/@rima_k0/video/7616692388270066964,7048678101676819462,7616976577495434004,https://p16-common-sign.tiktokcdn-us.com/tos-alisg-avt-0068/8ff679467b64dea07556f7e0ffe5cd17~tplv-tiktokx-cropcenter:100:100.jpg?dr=9640&refresh_token=80fe9111&x-expires=1775102400&x-signature=IGtwZHD0%2FHHaMc2hd1jtDTlJrUI%3D&t=4d5b0474&ps=13740610&shp=30310797&shcp=ff37627b&idc=useast8,,,,,,,,,
So much goodies and your skin looks yummy,1,1,2026-03-13T13:42:01.000Z,glowwithod,https://www.tiktok.com/@rima_k0/video/7616692388270066964,7296198243314353185,7616734950894109442,https://p16-common-sign.tiktokcdn-us.com/tos-maliva-avt-0068/a640282f3bbf2c743e320a358f5a2cf2~tplv-tiktokx-cropcenter:100:100.jpg?dr=9640&refresh_token=b3629f3a&x-expires=1775102400&x-signature=6L1u3w9vDvj6Zs4hJmc411NQefU%3D&t=4d5b0474&ps=13740610&shp=30310797&shcp=ff37627b&idc=useast8,,,,,,,,,
Thanks love 💕,1,,2026-03-14T05:20:01.000Z,rima_k0,https://www.tiktok.com/@rima_k0/video/7616692388270066964,7048678101676819462,7616976703897830165,https://p16-common-sign.tiktokcdn-us.com/tos-alisg-avt-0068/8ff679467b64dea07556f7e0ffe5cd17~tplv-tiktokx-cropcenter:100:100.jpg?dr=9640&refresh_token=80fe9111&x-expires=1775102400&x-signature=IGtwZHD0%2FHHaMc2hd1jtDTlJrUI%3D&t=4d5b0474&ps=13740610&shp=30310797&shcp=ff37627b&idc=useast8,,,,,,,,,
Looks magical lol,1,1,2026-03-13T14:25:24.000Z,chinnybabe25,https://www.tiktok.com/@rima_k0/video/7616692388270066964,6991478445013009413,7616746156262310664,https://p16-common-sign.tiktokcdn-us.com/tos-alisg-avt-0068/7e10d29ba0fd52d569fd865ea85af8b7~tplv-tiktokx-cropcenter:100:100.jpg?dr=9640&refresh_token=954dde04&x-expires=1775102400&x-signature=xw%2FaZEZswgPwLKTxO8bClk6BGuI%3D&t=4d5b0474&ps=13740610&shp=30310797&shcp=ff37627b&idc=useast8,,,,,,,,,
It is 🥰🥰🥰,0,,2026-03-14T05:19:35.000Z,rima_k0,https://www.tiktok.com/@rima_k0/video/7616692388270066964,7048678101676819462,7616976577943372564,https://p16-common-sign.tiktokcdn-us.com/tos-alisg-avt-0068/8ff679467b64dea07556f7e0ffe5cd17~tplv-tiktokx-cropcenter:100:100.jpg?dr=9640&refresh_token=80fe9111&x-expires=1775102400&x-signature=IGtwZHD0%2FHHaMc2hd1jtDTlJrUI%3D&t=4d5b0474&ps=13740610&shp=30310797&shcp=ff37627b&idc=useast8,,,,,,,,,
Congratulations 😍 I want to try theseee 😍😍😍,1,1,2026-03-14T10:19:30.000Z,boobaaloobaa,https://www.tiktok.com/@rima_k0/video/7616692388270066964,6742091611725644806,7617053876281443094,https://p16-common-sign.tiktokcdn-us.com/tos-maliva-avt-0068/d734b2248feb7b1133ac1a0104441a6f~tplv-tiktokx-cropcenter:100:100.jpg?dr=9640&refresh_token=ff5a9073&x-expires=1775102400&x-signature=1AQu3v9bjb29Y%2FMnCOCPhylV1G0%3D&t=4d5b0474&ps=13740610&shp=30310797&shcp=ff37627b&idc=useast8,,,,,,,,,
You will love them,0,,2026-03-14T10:54:39.000Z,rima_k0,https://www.tiktok.com/@rima_k0/video/7616692388270066964,7048678101676819462,7617062936984847125,https://p16-common-sign.tiktokcdn-us.com/tos-alisg-avt-0068/8ff679467b64dea07556f7e0ffe5cd17~tplv-tiktokx-cropcenter:100:100.jpg?dr=9640&refresh_token=80fe9111&x-expires=1775102400&x-signature=IGtwZHD0%2FHHaMc2hd1jtDTlJrUI%3D&t=4d5b0474&ps=13740610&shp=30310797&shcp=ff37627b&idc=useast8,,,,,,,,,
Omg I want it 😍,1,1,2026-03-13T22:46:56.000Z,dainaxox,https://www.tiktok.com/@rima_k0/video/7616692388270066964,7320819255971791914,7616875324169388813,https://p16-common-sign.tiktokcdn-us.com/tos-useast5-avt-0068-tx/0da9be5945ebb637b12fbe4bded0943b~tplv-tiktokx-cropcenter:100:100.jpg?dr=9640&refresh_token=4386de9e&x-expires=1775102400&x-signature=F69g1HoAt1oIYNXaWL3HFQqonIU%3D&t=4d5b0474&ps=13740610&shp=30310797&shcp=ff37627b&idc=useast8,,,,,,,,,
The lip mask is a o cute.,1,1,2026-03-13T18:28:10.000Z,rebelkushie,https://www.tiktok.com/@rima_k0/video/7616692388270066964,7254256541384442886,7616808709415682838,https://p19-common-sign.tiktokcdn-us.com/tos-maliva-avt-0068/1e5c817a6b919d19647505ce15614f32~tplv-tiktokx-cropcenter:100:100.jpg?dr=9640&refresh_token=8c44bdda&x-expires=1775102400&x-signature=Lg0R9yrYN5ctY6QNujkruF1NZ30%3D&t=4d5b0474&ps=13740610&shp=30310797&shcp=ff37627b&idc=useast8,,,,,,,,,
Love the lip mask 🥰🥰🥰bery hydrating,0,,2026-03-14T05:15:19.000Z,rima_k0,https://www.tiktok.com/@rima_k0/video/7616692388270066964,7048678101676819462,7616975501084787477,https://p16-common-sign.tiktokcdn-us.com/tos-alisg-avt-0068/8ff679467b64dea07556f7e0ffe5cd17~tplv-tiktokx-cropcenter:100:100.jpg?dr=9640&refresh_token=80fe9111&x-expires=1775102400&x-signature=IGtwZHD0%2FHHaMc2hd1jtDTlJrUI%3D&t=4d5b0474&ps=13740610&shp=30310797&shcp=ff37627b&idc=useast8,,,,,,,,,
theses masks 👏,1,1,2026-03-13T11:30:00.000Z,megolearyx,https://www.tiktok.com/@rima_k0/video/7616692388270066964,6762289557036696582,7616700940049580822,https://p16-common-sign.tiktokcdn-us.com/tos-maliva-avt-0068/8d64434d1cd7114db3ca0746cc801f27~tplv-tiktokx-cropcenter:100:100.jpg?dr=9640&refresh_token=5d982dde&x-expires=1775102400&x-signature=t3zkRgnYCshz2tY1%2F5Slq9WtAH8%3D&t=4d5b0474&ps=13740610&shp=30310797&shcp=ff37627b&idc=useast8,,,,,,,,,
Obsessed with these masks! Love them so much 🥰🥰🥰,0,,2026-03-13T11:48:40.000Z,rima_k0,https://www.tiktok.com/@rima_k0/video/7616692388270066964,7048678101676819462,7616705756134376213,https://p16-common-sign.tiktokcdn-us.com/tos-alisg-avt-0068/8ff679467b64dea07556f7e0ffe5cd17~tplv-tiktokx-cropcenter:100:100.jpg?dr=9640&refresh_token=80fe9111&x-expires=1775102400&x-signature=IGtwZHD0%2FHHaMc2hd1jtDTlJrUI%3D&t=4d5b0474&ps=13740610&shp=30310797&shcp=ff37627b&idc=useast8,,,,,,,,,
Wow love the mask. So hydrating,1,1,2026-03-14T04:16:32.000Z,lifewith_anna5,https://www.tiktok.com/@rima_k0/video/7616692388270066964,7371590707667502122,7616960280953897758,https://p16-common-sign.tiktokcdn-us.com/tos-useast8-avt-0068-tx2/336407da1e078b1ac091b6154ef74c69~tplv-tiktokx-cropcenter:100:100.jpg?dr=9640&refresh_token=e49b23cf&x-expires=1775102400&x-signature=9aoO1dSaDtC70W7bOp75lrOA%2BHA%3D&t=4d5b0474&ps=13740610&shp=30310797&shcp=ff37627b&idc=useast8,,,,,,,,,
Very lightweight and hydrating,0,,2026-03-14T05:10:08.000Z,rima_k0,https://www.tiktok.com/@rima_k0/video/7616692388270066964,7048678101676819462,7616974157741638421,https://p16-common-sign.tiktokcdn-us.com/tos-alisg-avt-0068/8ff679467b64dea07556f7e0ffe5cd17~tplv-tiktokx-cropcenter:100:100.jpg?dr=9640&refresh_token=80fe9111&x-expires=1775102400&x-signature=IGtwZHD0%2FHHaMc2hd1jtDTlJrUI%3D&t=4d5b0474&ps=13740610&shp=30310797&shcp=ff37627b&idc=useast8,,,,,,,,,
woahhhh everything looks amazing,0,0,2026-03-14T14:06:28.000Z,skincare_haircaree,https://www.tiktok.com/@rima_k0/video/7616692388270066964,7066731212883510298,7617112393643459346,https://p16-common-sign.tiktokcdn-us.com/tos-maliva-avt-0068/7331883608389894149~tplv-tiktokx-cropcenter:100:100.jpg?dr=9640&refresh_token=28e047aa&x-expires=1775102400&x-signature=br6URb7PxVotVJApWWYxc0yP5xU%3D&t=4d5b0474&ps=13740610&shp=30310797&shcp=ff37627b&idc=useast8,,,,,,,,,
All looks lovely🥰,1,1,2026-03-15T02:52:21.000Z,threekeys3,https://www.tiktok.com/@rima_k0/video/7616692388270066964,7253734126124303387,7617309524407681814,https://p16-common-sign.tiktokcdn-us.com/tos-maliva-avt-0068/d6280103c95af49daae1a62779ff10f6~tplv-tiktokx-cropcenter:100:100.jpg?dr=9640&refresh_token=94c9e4e8&x-expires=1775102400&x-signature=oEjzilW3IuxJlP552ob38bzB54k%3D&t=4d5b0474&ps=13740610&shp=30310797&shcp=ff37627b&idc=useast8,,,,,,,,,
Love both of these masks so much 🥰🥰🥰,1,,2026-03-15T03:07:40.000Z,rima_k0,https://www.tiktok.com/@rima_k0/video/7616692388270066964,7048678101676819462,7617313654472377109,https://p16-common-sign.tiktokcdn-us.com/tos-alisg-avt-0068/8ff679467b64dea07556f7e0ffe5cd17~tplv-tiktokx-cropcenter:100:100.jpg?dr=9640&refresh_token=80fe9111&x-expires=1775102400&x-signature=IGtwZHD0%2FHHaMc2hd1jtDTlJrUI%3D&t=4d5b0474&ps=13740610&shp=30310797&shcp=ff37627b&idc=useast8,,,,,,,,,
Necesito la de los labios con todo y cajita! 😍👌🏼🤭. Esa piel!!!🤌🏼♥️🌹✨,0,0,2026-03-14T04:23:55.000Z,astjul_20,https://www.tiktok.com/@mardomy94/video/7615677480120175903,6926567362876965894,7616962177992540941,https://p16-common-sign.tiktokcdn-us.com/tos-useast5-avt-0068-tx/2f01b9698fc51297332656040c28411e~tplv-tiktokx-cropcenter:100:100.jpg?dr=9640&refresh_token=470b3fee&x-expires=1775102400&x-signature=%2BkTXRyJRA4wk9U4%2BgWElT%2BUnfpw%3D&t=4d5b0474&ps=13740610&shp=30310797&shcp=ff37627b&idc=useast5,,,,,,,,,
Que nice esa mascarilla de labios 🥰,0,0,2026-03-11T21:37:37.000Z,idarmist,https://www.tiktok.com/@mardomy94/video/7615677480120175903,6799113092229153797,7616115066744210207,https://p16-common-sign.tiktokcdn-us.com/tos-maliva-avt-0068/7386761566466605062~tplv-tiktokx-cropcenter:100:100.jpg?dr=9640&refresh_token=10830b78&x-expires=1775102400&x-signature=oc58%2BiGd7jcRIyUODrSLajphpVw%3D&t=4d5b0474&ps=13740610&shp=30310797&shcp=ff37627b&idc=useast5,,,,,,,,,
Esa piel ✨,0,0,2026-03-15T16:18:20.000Z,jazzi2109,https://www.tiktok.com/@mardomy94/video/7615677480120175903,6691665272342774790,7617517306599834398,https://p16-common-sign.tiktokcdn-us.com/tos-useast8-avt-0068-tx2/7758bde326a98d11ce71688971bb680a~tplv-tiktokx-cropcenter:100:100.jpg?dr=9640&refresh_token=aeaba972&x-expires=1775102400&x-signature=d02HKNuFBxBe9HY158kE4aiK9sA%3D&t=4d5b0474&ps=13740610&shp=30310797&shcp=ff37627b&idc=useast5,,,,,,,,,
[Sticker] ,0,0,2026-03-11T19:59:44.000Z,chanelaoz,https://www.tiktok.com/@mardomy94/video/7615677480120175903,6758790317569721350,7616090024023278367,https://p16-common-sign.tiktokcdn-us.com/tos-useast8-avt-0068-tx2/336a292f3deea49388ac2092c86132aa~tplv-tiktokx-cropcenter:100:100.jpg?dr=9640&refresh_token=ef57f0d8&x-expires=1775102400&x-signature=vfqeNDuM9%2BkffOGbDGjfg23lmGk%3D&t=4d5b0474&ps=13740610&shp=30310797&shcp=ff37627b&idc=useast5,,,,,,,,,
Que lindo ta esooo jajaja lo quieroo,0,0,2026-03-11T06:03:13.000Z,gaudi.mama,https://www.tiktok.com/@mardomy94/video/7615677480120175903,7516594681272386590,7615873766556697374,https://p16-common-sign.tiktokcdn-us.com/tos-useast8-avt-0068-tx2/6969fec2dc678f78a8a1bc3bbdbf436b~tplv-tiktokx-cropcenter:100:100.jpg?dr=9640&refresh_token=3b498d25&x-expires=1775102400&x-signature=x1aMuNRXmm2kyvAQrSquBu5PT8s%3D&t=4d5b0474&ps=13740610&shp=30310797&shcp=ff37627b&idc=useast5,,,,,,,,,
Wow que linda quedó esa piel 😍😍💖💖,0,0,2026-03-10T18:16:24.000Z,eneroliza_cuevapacheco,https://www.tiktok.com/@mardomy94/video/7615677480120175903,7483949282065794091,7615692262680937246,https://p16-common-sign.tiktokcdn-us.com/tos-useast5-avt-0068-tx/4884736b4085faf4964574ea18311b98~tplv-tiktokx-cropcenter:100:100.jpg?dr=9640&refresh_token=49fdee88&x-expires=1775102400&x-signature=UDc1rSa7vDnQen3%2Ftk1%2Boue4WWk%3D&t=4d5b0474&ps=13740610&shp=30310797&shcp=ff37627b&idc=useast5,,,,,,,,,
Estupenda mujer 🥰😍😍😍,0,0,2026-03-10T18:51:30.000Z,baabii58,https://www.tiktok.com/@mardomy94/video/7615677480120175903,7161900736644072491,7615701428207633165,https://p16-common-sign.tiktokcdn-us.com/tos-useast5-avt-0068-tx/e7279f8abab6b6291542117877287fa6~tplv-tiktokx-cropcenter:100:100.jpg?dr=9640&refresh_token=1efe44de&x-expires=1775102400&x-signature=6DtnHXK5H351UAlhjQE3YrvODnE%3D&t=4d5b0474&ps=13740610&shp=30310797&shcp=ff37627b&idc=useast5,,,,,,,,,
Que Glowy tan bonito te dejo en la piel 💕✨,0,0,2026-03-11T18:09:05.000Z,modopaochicc,https://www.tiktok.com/@mardomy94/video/7615677480120175903,7017631265443234822,7616061482984620813,https://p16-common-sign.tiktokcdn-us.com/tos-maliva-avt-0068/184ba09593c0230558e5d10b451886e1~tplv-tiktokx-cropcenter:100:100.jpg?dr=9640&refresh_token=70c643b5&x-expires=1775102400&x-signature=CBE%2F3OKQaHSjW8EM25dqlYkVxGU%3D&t=4d5b0474&ps=13740610&shp=30310797&shcp=ff37627b&idc=useast5,,,,,,,,,
Glowy ✨,0,0,2026-03-10T17:32:24.000Z,malviscamila,https://www.tiktok.com/@mardomy94/video/7615677480120175903,6808733655905616901,7615681102719877909,https://p19-common-sign.tiktokcdn-us.com/tos-alisg-avt-0068/13c8d32f5a42fe8d7a452ef700dedd7c~tplv-tiktokx-cropcenter:100:100.jpg?dr=9640&refresh_token=3555b585&x-expires=1775102400&x-signature=OMEPN9xBcYbhP8mumGCNibpH6Eg%3D&t=4d5b0474&ps=13740610&shp=30310797&shcp=ff37627b&idc=useast5,,,,,,,,,
Decreto nacional: Haras todos tús videos vestida de blanco! He dicho 👩‍⚖️,0,0,2026-03-15T16:19:10.000Z,jazzi2109,https://www.tiktok.com/@mardomy94/video/7615677480120175903,6691665272342774790,7617517429434827551,https://p16-common-sign.tiktokcdn-us.com/tos-useast8-avt-0068-tx2/7758bde326a98d11ce71688971bb680a~tplv-tiktokx-cropcenter:100:100.jpg?dr=9640&refresh_token=aeaba972&x-expires=1775102400&x-signature=d02HKNuFBxBe9HY158kE4aiK9sA%3D&t=4d5b0474&ps=13740610&shp=30310797&shcp=ff37627b&idc=useast5,,,,,,,,,
@Kocostar US,2,0,2026-03-12T10:24:21.000Z,mardomy94,https://www.tiktok.com/@mardomy94/video/7615677480120175903,7441489510050087966,7616312437822472991,https://p16-common-sign.tiktokcdn-us.com/tos-useast8-avt-0068-tx2/690bff865c92b7041e2f7d8e4abb24ce~tplv-tiktokx-cropcenter:100:100.jpg?dr=9640&refresh_token=42a30c54&x-expires=1775102400&x-signature=axLXaCLCTVQlIO4XRaCpFDMptNU%3D&t=4d5b0474&ps=13740610&shp=30310797&shcp=ff37627b&idc=useast5,,,,,,,,,
🙌🏻🙌🏻,0,0,2026-03-27T20:13:16.000Z,user1639362562829,https://www.tiktok.com/@mardomy94/video/7615677480120175903,7461842280216134687,7622030888575484686,https://p16-common-sign.tiktokcdn-us.com/musically-maliva-obj/1594805258216454~tplv-tiktokx-cropcenter:100:100.jpg?dr=9640&refresh_token=25475cfd&x-expires=1775102400&x-signature=CPOYycLevTZ8W3HjkM5ZHmUdHjE%3D&t=4d5b0474&ps=13740610&shp=30310797&shcp=ff37627b&idc=useast5,,,,,,,,,
Wow 😁,0,2,2026-03-16T21:05:29.000Z,homebodifitness,https://www.tiktok.com/@rima_k0/video/7616692388270066964,7394072816813982752,7617962515692356374,https://p16-common-sign.tiktokcdn-us.com/tos-maliva-avt-0068/1661b99b02633d85743be630870ce05d~tplv-tiktokx-cropcenter:100:100.jpg?dr=9640&refresh_token=6164f7a1&x-expires=1775102400&x-signature=hUMlxTdi9wdd1%2BPZkLUFsqgXMrE%3D&t=4d5b0474&ps=13740610&shp=30310797&shcp=ff37627b&idc=useast8,,,,,,,,,
Thanks! Love these masks so much,1,,2026-03-17T02:31:40.000Z,rima_k0,https://www.tiktok.com/@rima_k0/video/7616692388270066964,7048678101676819462,7618046556595618580,https://p16-common-sign.tiktokcdn-us.com/tos-alisg-avt-0068/8ff679467b64dea07556f7e0ffe5cd17~tplv-tiktokx-cropcenter:100:100.jpg?dr=9640&refresh_token=80fe9111&x-expires=1775102400&x-signature=IGtwZHD0%2FHHaMc2hd1jtDTlJrUI%3D&t=4d5b0474&ps=13740610&shp=30310797&shcp=ff37627b&idc=useast8,,,,,,,,,
Wow that is awesome!,1,2,2026-03-15T20:25:03.000Z,healthy.busy.life,https://www.tiktok.com/@rima_k0/video/7616692388270066964,7392972417339311150,7617580945776182030,https://p16-common-sign.tiktokcdn-us.com/tos-useast5-avt-0068-tx/3f41659e91f59cdf53a5ba6ebd5486a3~tplv-tiktokx-cropcenter:100:100.jpg?dr=9640&refresh_token=366b7486&x-expires=1775102400&x-signature=LpSTK7fH8oz%2BgmKSp88c7m8miPw%3D&t=4d5b0474&ps=13740610&shp=30310797&shcp=ff37627b&idc=useast8,,,,,,,,,
I’m obsessed with these masks,1,,2026-03-16T00:02:52.000Z,rima_k0,https://www.tiktok.com/@rima_k0/video/7616692388270066964,7048678101676819462,7617637147419378452,https://p16-common-sign.tiktokcdn-us.com/tos-alisg-avt-0068/8ff679467b64dea07556f7e0ffe5cd17~tplv-tiktokx-cropcenter:100:100.jpg?dr=9640&refresh_token=80fe9111&x-expires=1775102400&x-signature=IGtwZHD0%2FHHaMc2hd1jtDTlJrUI%3D&t=4d5b0474&ps=13740610&shp=30310797&shcp=ff37627b&idc=useast8,,,,,,,,,
this mask is making a statement let's go,1,2,2026-03-13T12:56:37.000Z,bridgetmamabearbo,https://www.tiktok.com/@rima_k0/video/7616692388270066964,7281920035744039979,7616723113368011534,https://p16-common-sign.tiktokcdn-us.com/tos-useast5-avt-0068-tx/168cb58069c17bd99996437e022216aa~tplv-tiktokx-cropcenter:100:100.jpg?dr=9640&refresh_token=cbf233b2&x-expires=1775102400&x-signature=l9bp6KW5p5mtRth7qqo04rZuLWc%3D&t=4d5b0474&ps=13740610&shp=30310797&shcp=ff37627b&idc=useast8,,,,,,,,,
Yes and it’s super lightweight. Looks almost invisible,1,,2026-03-14T05:21:07.000Z,rima_k0,https://www.tiktok.com/@rima_k0/video/7616692388270066964,7048678101676819462,7616976970480206613,https://p16-common-sign.tiktokcdn-us.com/tos-alisg-avt-0068/8ff679467b64dea07556f7e0ffe5cd17~tplv-tiktokx-cropcenter:100:100.jpg?dr=9640&refresh_token=80fe9111&x-expires=1775102400&x-signature=IGtwZHD0%2FHHaMc2hd1jtDTlJrUI%3D&t=4d5b0474&ps=13740610&shp=30310797&shcp=ff37627b&idc=useast8,,,,,,,,,
"enjoy them, gurl",1,1,2026-03-13T19:11:56.000Z,probinsyanasalayongdapit,https://www.tiktok.com/@rima_k0/video/7616692388270066964,7190982621963076654,7616819948035752718,https://p16-common-sign.tiktokcdn-us.com/tos-useast5-avt-0068-tx/185c5dc69882b0b8b527591c956733cf~tplv-tiktokx-cropcenter:100:100.jpg?dr=9640&refresh_token=d7c23dde&x-expires=1775102400&x-signature=7vQ9f8O1CrEt0XAzL1rq15Wi1kE%3D&t=4d5b0474&ps=13740610&shp=30310797&shcp=ff37627b&idc=useast8,,,,,,,,,
I love these masks 🥰🥰🥰,0,,2026-03-14T05:13:47.000Z,rima_k0,https://www.tiktok.com/@rima_k0/video/7616692388270066964,7048678101676819462,7616975074428699413,https://p16-common-sign.tiktokcdn-us.com/tos-alisg-avt-0068/8ff679467b64dea07556f7e0ffe5cd17~tplv-tiktokx-cropcenter:100:100.jpg?dr=9640&refresh_token=80fe9111&x-expires=1775102400&x-signature=IGtwZHD0%2FHHaMc2hd1jtDTlJrUI%3D&t=4d5b0474&ps=13740610&shp=30310797&shcp=ff37627b&idc=useast8,,,,,,,,,
Nice,1,2,2026-03-13T22:20:09.000Z,mseason12,https://www.tiktok.com/@rima_k0/video/7616692388270066964,6940084908124750853,7616868284420227871,https://p16-common-sign.tiktokcdn-us.com/tos-useast8-avt-0068-tx2/818e1e4079dc613bf82bcf969b6dc630~tplv-tiktokx-cropcenter:100:100.jpg?dr=9640&refresh_token=236af31f&x-expires=1775102400&x-signature=AQZxUoktT32teQ4gIVptaSxzUnQ%3D&t=4d5b0474&ps=13740610&shp=30310797&shcp=ff37627b&idc=useast8,,,,,,,,,
Thanks lovely,1,,2026-03-14T05:11:43.000Z,rima_k0,https://www.tiktok.com/@rima_k0/video/7616692388270066964,7048678101676819462,7616974525671211796,https://p16-common-sign.tiktokcdn-us.com/tos-alisg-avt-0068/8ff679467b64dea07556f7e0ffe5cd17~tplv-tiktokx-cropcenter:100:100.jpg?dr=9640&refresh_token=80fe9111&x-expires=1775102400&x-signature=IGtwZHD0%2FHHaMc2hd1jtDTlJrUI%3D&t=4d5b0474&ps=13740610&shp=30310797&shcp=ff37627b&idc=useast8,,,,,,,,,
So many goodies,1,1,2026-03-13T18:10:04.000Z,xocamyaa,https://www.tiktok.com/@rima_k0/video/7616692388270066964,6859489431234216965,7616804032589349645,https://p16-common-sign.tiktokcdn-us.com/tos-useast5-avt-0068-tx/f309ff23041091aa86c62a556e0d2344~tplv-tiktokx-cropcenter:100:100.jpg?dr=9640&refresh_token=dc375f24&x-expires=1775102400&x-signature=typEsHph6f5P46VRGalujLMEj1k%3D&t=4d5b0474&ps=13740610&shp=30310797&shcp=ff37627b&idc=useast8,,,,,,,,,
Obsessed with these masks,0,,2026-03-14T05:15:36.000Z,rima_k0,https://www.tiktok.com/@rima_k0/video/7616692388270066964,7048678101676819462,7616975553643889429,https://p16-common-sign.tiktokcdn-us.com/tos-alisg-avt-0068/8ff679467b64dea07556f7e0ffe5cd17~tplv-tiktokx-cropcenter:100:100.jpg?dr=9640&refresh_token=80fe9111&x-expires=1775102400&x-signature=IGtwZHD0%2FHHaMc2hd1jtDTlJrUI%3D&t=4d5b0474&ps=13740610&shp=30310797&shcp=ff37627b&idc=useast8,,,,,,,,,
Oh wow xx,1,1,2026-03-14T08:20:21.000Z,emilypye,https://www.tiktok.com/@rima_k0/video/7616692388270066964,8531701,7617023127554753302,https://p16-common-sign.tiktokcdn-us.com/tos-maliva-avt-0068/4a50b2b2bb20ec8b526a0bf362f5a4c1~tplv-tiktokx-cropcenter:100:100.jpg?dr=9640&refresh_token=ef2d0fce&x-expires=1775102400&x-signature=Dqor9chDZ7M%2FzdxlBar5IEwvLJY%3D&t=4d5b0474&ps=13740610&shp=30310797&shcp=ff37627b&idc=useast8,,,,,,,,,
Thanks love 🥰🥰🥰,0,,2026-03-14T10:55:29.000Z,rima_k0,https://www.tiktok.com/@rima_k0/video/7616692388270066964,7048678101676819462,7617063162814497557,https://p16-common-sign.tiktokcdn-us.com/tos-alisg-avt-0068/8ff679467b64dea07556f7e0ffe5cd17~tplv-tiktokx-cropcenter:100:100.jpg?dr=9640&refresh_token=80fe9111&x-expires=1775102400&x-signature=IGtwZHD0%2FHHaMc2hd1jtDTlJrUI%3D&t=4d5b0474&ps=13740610&shp=30310797&shcp=ff37627b&idc=useast8,,,,,,,,,
Congratulations!!,1,1,2026-03-14T09:52:11.000Z,lifestylewith_rae,https://www.tiktok.com/@rima_k0/video/7616692388270066964,6954502997007533062,7617046840751997704,https://p16-common-sign.tiktokcdn-us.com/tos-alisg-avt-0068/c46c4c63ff78f28afa15819199bb45c1~tplv-tiktokx-cropcenter:100:100.jpg?dr=9640&refresh_token=e7100b63&x-expires=1775102400&x-signature=LfTI3FtfBqNuENZpENtlVyY%2BzrI%3D&t=4d5b0474&ps=13740610&shp=30310797&shcp=ff37627b&idc=useast8,,,,,,,,,
Thanks lovely,0,,2026-03-14T10:54:44.000Z,rima_k0,https://www.tiktok.com/@rima_k0/video/7616692388270066964,7048678101676819462,7617062960812655381,https://p16-common-sign.tiktokcdn-us.com/tos-alisg-avt-0068/8ff679467b64dea07556f7e0ffe5cd17~tplv-tiktokx-cropcenter:100:100.jpg?dr=9640&refresh_token=80fe9111&x-expires=1775102400&x-signature=IGtwZHD0%2FHHaMc2hd1jtDTlJrUI%3D&t=4d5b0474&ps=13740610&shp=30310797&shcp=ff37627b&idc=useast8,,,,,,,,,
A wonderful mask I wish I had it,1,1,2026-03-14T21:53:31.000Z,kamillo5465,https://www.tiktok.com/@rima_k0/video/7616692388270066964,7508484907112498198,7617232723421692694,https://p16-common-sign.tiktokcdn-us.com/tos-maliva-avt-0068/ca996ac97eeccce2d7984a8e152c1512~tplv-tiktokx-cropcenter:100:100.jpg?dr=9640&refresh_token=904d5b21&x-expires=1775102400&x-signature=%2By9mbLG3R7rmzhrdPT4WRxqbcTI%3D&t=4d5b0474&ps=13740610&shp=30310797&shcp=ff37627b&idc=useast8,,,,,,,,,
You will love this invisible mask,0,,2026-03-15T03:11:33.000Z,rima_k0,https://www.tiktok.com/@rima_k0/video/7616692388270066964,7048678101676819462,7617314626960130837,https://p16-common-sign.tiktokcdn-us.com/tos-alisg-avt-0068/8ff679467b64dea07556f7e0ffe5cd17~tplv-tiktokx-cropcenter:100:100.jpg?dr=9640&refresh_token=80fe9111&x-expires=1775102400&x-signature=IGtwZHD0%2FHHaMc2hd1jtDTlJrUI%3D&t=4d5b0474&ps=13740610&shp=30310797&shcp=ff37627b&idc=useast8,,,,,,,,,
Woww need to try😍,1,1,2026-03-15T02:35:21.000Z,222.pixie,https://www.tiktok.com/@rima_k0/video/7616692388270066964,7065405659047068719,7617305063330349855,https://p16-common-sign.tiktokcdn-us.com/tos-useast8-avt-0068-tx2/d4c8d12c0425395a86e4cd0b32a9f471~tplv-tiktokx-cropcenter:100:100.jpg?dr=9640&refresh_token=2c09478a&x-expires=1775102400&x-signature=IE6YBibmSsvCzTjBnE1rbwLUMQk%3D&t=4d5b0474&ps=13740610&shp=30310797&shcp=ff37627b&idc=useast8,,,,,,,,,
You will love these masks,0,,2026-03-15T03:08:35.000Z,rima_k0,https://www.tiktok.com/@rima_k0/video/7616692388270066964,7048678101676819462,7617313925582914325,https://p16-common-sign.tiktokcdn-us.com/tos-alisg-avt-0068/8ff679467b64dea07556f7e0ffe5cd17~tplv-tiktokx-cropcenter:100:100.jpg?dr=9640&refresh_token=80fe9111&x-expires=1775102400&x-signature=IGtwZHD0%2FHHaMc2hd1jtDTlJrUI%3D&t=4d5b0474&ps=13740610&shp=30310797&shcp=ff37627b&idc=useast8,,,,,,,,,
Love the mask so much ❤️,1,1,2026-03-13T17:06:13.000Z,w.ashae,https://www.tiktok.com/@rima_k0/video/7616692388270066964,7594546703727854599,7616787611105346305,https://p16-common-sign.tiktokcdn-us.com/tos-alisg-avt-0068/e496724f4259b89267fc4889d4a27777~tplv-tiktokx-cropcenter:100:100.jpg?dr=9640&refresh_token=a701d4d1&x-expires=1775102400&x-signature=ti74974zCcTN%2BITqaTq2InatEok%3D&t=4d5b0474&ps=13740610&shp=30310797&shcp=ff37627b&idc=useast8,,,,,,,,,
Great masks 🥰🥰🥰,0,,2026-03-14T05:16:35.000Z,rima_k0,https://www.tiktok.com/@rima_k0/video/7616692388270066964,7048678101676819462,7616975801326469909,https://p16-common-sign.tiktokcdn-us.com/tos-alisg-avt-0068/8ff679467b64dea07556f7e0ffe5cd17~tplv-tiktokx-cropcenter:100:100.jpg?dr=9640&refresh_token=80fe9111&x-expires=1775102400&x-signature=IGtwZHD0%2FHHaMc2hd1jtDTlJrUI%3D&t=4d5b0474&ps=13740610&shp=30310797&shcp=ff37627b&idc=useast8,,,,,,,,,
So cool ❤️,1,1,2026-03-13T17:55:34.000Z,agathevdle,https://www.tiktok.com/@rima_k0/video/7616692388270066964,7384181428983170081,7616800316923429654,https://p16-common-sign.tiktokcdn-us.com/tos-maliva-avt-0068/5339cd66a4fe1c32811ba4b0ce9bd41e~tplv-tiktokx-cropcenter:100:100.jpg?dr=9640&refresh_token=e5f9919e&x-expires=1775102400&x-signature=O%2B9KlwmdLENmhfyjFOmCe8UAb%2BU%3D&t=4d5b0474&ps=13740610&shp=30310797&shcp=ff37627b&idc=useast8,,,,,,,,,
Thanks 🥰🥰🥰,0,,2026-03-14T05:15:41.000Z,rima_k0,https://www.tiktok.com/@rima_k0/video/7616692388270066964,7048678101676819462,7616975566202241812,https://p16-common-sign.tiktokcdn-us.com/tos-alisg-avt-0068/8ff679467b64dea07556f7e0ffe5cd17~tplv-tiktokx-cropcenter:100:100.jpg?dr=9640&refresh_token=80fe9111&x-expires=1775102400&x-signature=IGtwZHD0%2FHHaMc2hd1jtDTlJrUI%3D&t=4d5b0474&ps=13740610&shp=30310797&shcp=ff37627b&idc=useast8,,,,,,,,,
Oooh they look so hydrating 💜,1,2,2026-03-13T12:35:45.000Z,beautyndvlogs,https://www.tiktok.com/@rima_k0/video/7616692388270066964,7356920139415094277,7616717911706059536,https://p16-common-sign.tiktokcdn-us.com/tos-alisg-avt-0068/c20de9c7fcea3954378ae394f8af8bd0~tplv-tiktokx-cropcenter:100:100.jpg?dr=9640&refresh_token=4f99d0c6&x-expires=1775102400&x-signature=noXjKjHAy558d9KYjURtUdWzK3Q%3D&t=4d5b0474&ps=13740610&shp=30310797&shcp=ff37627b&idc=useast8,,,,,,,,,
Super hydrating,1,,2026-03-14T05:21:48.000Z,rima_k0,https://www.tiktok.com/@rima_k0/video/7616692388270066964,7048678101676819462,7616977131541873429,https://p16-common-sign.tiktokcdn-us.com/tos-alisg-avt-0068/8ff679467b64dea07556f7e0ffe5cd17~tplv-tiktokx-cropcenter:100:100.jpg?dr=9640&refresh_token=80fe9111&x-expires=1775102400&x-signature=IGtwZHD0%2FHHaMc2hd1jtDTlJrUI%3D&t=4d5b0474&ps=13740610&shp=30310797&shcp=ff37627b&idc=useast8,,,,,,,,,
Never tried a lip mask😍curious,1,1,2026-03-13T14:39:02.000Z,b.adorable93,https://www.tiktok.com/@rima_k0/video/7616692388270066964,6843480377283150854,7616749682248712982,https://p16-common-sign.tiktokcdn-us.com/tos-maliva-avt-0068/c3d5b774185f22270743b10deec1912b~tplv-tiktokx-cropcenter:100:100.jpg?dr=9640&refresh_token=792da28b&x-expires=1775102400&x-signature=IO3QYOXTUM0kobpixgmCoGzNw%2F0%3D&t=4d5b0474&ps=13740610&shp=30310797&shcp=ff37627b&idc=useast8,,,,,,,,,
You will love it! Super lightweight. I actually didn’t think I talk so much until I tried it 😂😂😂,0,,2026-03-14T05:18:59.000Z,rima_k0,https://www.tiktok.com/@rima_k0/video/7616692388270066964,7048678101676819462,7616976432312632085,https://p16-common-sign.tiktokcdn-us.com/tos-alisg-avt-0068/8ff679467b64dea07556f7e0ffe5cd17~tplv-tiktokx-cropcenter:100:100.jpg?dr=9640&refresh_token=80fe9111&x-expires=1775102400&x-signature=IGtwZHD0%2FHHaMc2hd1jtDTlJrUI%3D&t=4d5b0474&ps=13740610&shp=30310797&shcp=ff37627b&idc=useast8,,,,,,,,,
This looks so shiny,1,1,2026-03-13T14:08:25.000Z,debsdesign.lab,https://www.tiktok.com/@rima_k0/video/7616692388270066964,7135100234343302149,7616741811243107092,https://p16-common-sign.tiktokcdn-us.com/tos-alisg-avt-0068/f5f5a2b0cd9578edfb475da49ede70df~tplv-tiktokx-cropcenter:100:100.jpg?dr=9640&refresh_token=22a77192&x-expires=1775102400&x-signature=jONE0geOu0v6LghCpDAuTDAdS0M%3D&t=4d5b0474&ps=13740610&shp=30310797&shcp=ff37627b&idc=useast8,,,,,,,,,
Leaves skin plump and glowy,0,,2026-03-14T05:19:51.000Z,rima_k0,https://www.tiktok.com/@rima_k0/video/7616692388270066964,7048678101676819462,7616976654175617813,https://p16-common-sign.tiktokcdn-us.com/tos-alisg-avt-0068/8ff679467b64dea07556f7e0ffe5cd17~tplv-tiktokx-cropcenter:100:100.jpg?dr=9640&refresh_token=80fe9111&x-expires=1775102400&x-signature=IGtwZHD0%2FHHaMc2hd1jtDTlJrUI%3D&t=4d5b0474&ps=13740610&shp=30310797&shcp=ff37627b&idc=useast8,,,,,,,,,
Woww looks so fabulous,1,1,2026-03-13T14:35:42.000Z,juanniiie,https://www.tiktok.com/@rima_k0/video/7616692388270066964,6997294946579661830,7616748817296114452,https://p16-common-sign.tiktokcdn-us.com/tos-maliva-avt-0068/5c7b3203b4361135501c512935ba245f~tplv-tiktokx-cropcenter:100:100.jpg?dr=9640&refresh_token=8e9b7a86&x-expires=1775102400&x-signature=1z%2FXyr3Kd%2Fo%2BmAeM4GfKHtYCnNc%3D&t=4d5b0474&ps=13740610&shp=30310797&shcp=ff37627b&idc=useast8,,,,,,,,,
I am obsessed,0,,2026-03-14T05:19:19.000Z,rima_k0,https://www.tiktok.com/@rima_k0/video/7616692388270066964,7048678101676819462,7616976518299927317,https://p16-common-sign.tiktokcdn-us.com/tos-alisg-avt-0068/8ff679467b64dea07556f7e0ffe5cd17~tplv-tiktokx-cropcenter:100:100.jpg?dr=9640&refresh_token=80fe9111&x-expires=1775102400&x-signature=IGtwZHD0%2FHHaMc2hd1jtDTlJrUI%3D&t=4d5b0474&ps=13740610&shp=30310797&shcp=ff37627b&idc=useast8,,,,,,,,,
Omg congrats girly 😍😍,1,1,2026-03-13T16:23:26.000Z,glowwithaya1,https://www.tiktok.com/@rima_k0/video/7616692388270066964,7453505375737545760,7616776575832949526,https://p16-common-sign.tiktokcdn-us.com/tos-maliva-avt-0068/5b8ffc138845102ab745c192354f851f~tplv-tiktokx-cropcenter:100:100.jpg?dr=9640&refresh_token=0c22c61c&x-expires=1775102400&x-signature=HUH1byMy7iqU57%2Bn81nDcGPmjdw%3D&t=4d5b0474&ps=13740610&shp=30310797&shcp=ff37627b&idc=useast8,,,,,,,,,
Thanks love 💕,0,,2026-03-14T05:17:31.000Z,rima_k0,https://www.tiktok.com/@rima_k0/video/7616692388270066964,7048678101676819462,7616976058176389909,https://p16-common-sign.tiktokcdn-us.com/tos-alisg-avt-0068/8ff679467b64dea07556f7e0ffe5cd17~tplv-tiktokx-cropcenter:100:100.jpg?dr=9640&refresh_token=80fe9111&x-expires=1775102400&x-signature=IGtwZHD0%2FHHaMc2hd1jtDTlJrUI%3D&t=4d5b0474&ps=13740610&shp=30310797&shcp=ff37627b&idc=useast8,,,,,,,,,
Que cool esa mask transparente 🥰,0,0,2026-03-07T03:55:07.000Z,dannalorenzo27,https://www.tiktok.com/@keniamejia131/video/7614295007960272135,6802726276434330629,7614357216187155221,https://p16-common-sign.tiktokcdn-us.com/tos-alisg-avt-0068/449b27a11d1e9a348ba2b1f38f8aeb2d~tplv-tiktokx-cropcenter:100:100.jpg?dr=9640&refresh_token=0036b57b&x-expires=1775102400&x-signature=7qCroCydLhBo6yuQPA8H8L%2FmNDc%3D&t=4d5b0474&ps=13740610&shp=30310797&shcp=ff37627b&idc=useast8,,,,,,,,,
So lovely routine 💙,1,0,2026-03-27T12:24:14.000Z,vladmiracreates,https://www.tiktok.com/@rima_k0/video/7616692388270066964,7540824442186122272,7621910087665976086,https://p16-common-sign.tiktokcdn-eu.com/tos-no1a-avt-0068c001-no/8fa71904bd2a02bb1391d4b9dbd572b1~tplv-tiktokx-cropcenter:100:100.jpg?dr=10399&refresh_token=3b7ca140&x-expires=1775102400&x-signature=hY8DZo5XkN501fKSwP1RSEm7wWc%3D&t=4d5b0474&ps=13740610&shp=30310797&shcp=ff37627b&idc=no1a,,,,,,,,,
Such a great haul! Thanks for the reminder to do my self care face mask today🥰,1,1,2026-03-15T07:22:29.000Z,glowandtellwithalexis,https://www.tiktok.com/@rima_k0/video/7616692388270066964,6740423812868080646,7617378965121352479,https://p16-common-sign.tiktokcdn-eu.com/tos-maliva-avt-0068/68750949c38b13f2a3aec68164f41d4b~tplv-tiktokx-cropcenter:100:100.jpg?dr=10399&refresh_token=c70a5fb9&x-expires=1775102400&x-signature=cnqE%2FkD%2BTm1Vni7O8j8c6LA2Z0U%3D&t=4d5b0474&ps=13740610&shp=30310797&shcp=ff37627b&idc=no1a,,,,,,,,,
Love applying these masks 🥰🥰🥰,0,,2026-03-15T09:01:07.000Z,rima_k0,https://www.tiktok.com/@rima_k0/video/7616692388270066964,7048678101676819462,7617404770449441556,https://p16-common-sign.tiktokcdn-eu.com/tos-alisg-avt-0068/8ff679467b64dea07556f7e0ffe5cd17~tplv-tiktokx-cropcenter:100:100.jpg?dr=10399&refresh_token=f389dc4c&x-expires=1775102400&x-signature=x7mgX5MYPPwKa%2BhMRG99waxNFRg%3D&t=4d5b0474&ps=13740610&shp=30310797&shcp=ff37627b&idc=no1a,,,,,,,,,
Wow obsessed with k beauty 😍😍😍😍,1,1,2026-03-13T20:33:29.000Z,by_kukii,https://www.tiktok.com/@rima_k0/video/7616692388270066964,7548041303940334648,7616841010022515476,https://p16-common-sign.tiktokcdn-eu.com/tos-alisg-avt-0068/71cc7d493932485c21d7aa72987ea270~tplv-tiktokx-cropcenter:100:100.jpg?dr=10399&refresh_token=3bcbdb60&x-expires=1775102400&x-signature=K1kx0Ey2xr%2BVm6NckAJLjWKPaN8%3D&t=4d5b0474&ps=13740610&shp=30310797&shcp=ff37627b&idc=no1a,,,,,,,,,
Love KBeauty 🥰🥰🥰,0,,2026-03-14T05:12:17.000Z,rima_k0,https://www.tiktok.com/@rima_k0/video/7616692388270066964,7048678101676819462,7616974709699216149,https://p16-common-sign.tiktokcdn-eu.com/tos-alisg-avt-0068/8ff679467b64dea07556f7e0ffe5cd17~tplv-tiktokx-cropcenter:100:100.jpg?dr=10399&refresh_token=f389dc4c&x-expires=1775102400&x-signature=x7mgX5MYPPwKa%2BhMRG99waxNFRg%3D&t=4d5b0474&ps=13740610&shp=30310797&shcp=ff37627b&idc=no1a,,,,,,,,,
Sooooo where do I find this dropped bag 👀,1,1,2026-03-13T20:11:03.000Z,glassskinjournal,https://www.tiktok.com/@rima_k0/video/7616692388270066964,7534909442586264577,7616835227381449489,https://p16-common-sign.tiktokcdn-eu.com/tos-alisg-avt-0068/c45cd4b062cbce927e26bcc3e40df76d~tplv-tiktokx-cropcenter:100:100.jpg?dr=10399&refresh_token=69ba85a6&x-expires=1775102400&x-signature=529u5esUMULoil%2BgApDVMZeliIc%3D&t=4d5b0474&ps=13740610&shp=30310797&shcp=ff37627b&idc=no1a,,,,,,,,,
"omggg they look fabulous 😍😍😍soo cool, queen!!!",1,1,2026-03-13T11:28:34.000Z,marbeautytips,https://www.tiktok.com/@rima_k0/video/7616692388270066964,7414618963390432289,7616700578818966304,https://p16-common-sign.tiktokcdn-eu.com/tos-no1a-avt-0068c700-no/734e47a075947d8014da11dedaa0fe11~tplv-tiktokx-cropcenter:100:100.jpg?dr=10399&refresh_token=dc919d13&x-expires=1775102400&x-signature=3vrueirci200aNDDOQ%2BXISOmmRE%3D&t=4d5b0474&ps=13740610&shp=30310797&shcp=ff37627b&idc=no1a,,,,,,,,,
Thanks lovely! Love these masks so much,0,,2026-03-13T11:49:02.000Z,rima_k0,https://www.tiktok.com/@rima_k0/video/7616692388270066964,7048678101676819462,7616705879248978708,https://p16-common-sign.tiktokcdn-eu.com/tos-alisg-avt-0068/8ff679467b64dea07556f7e0ffe5cd17~tplv-tiktokx-cropcenter:100:100.jpg?dr=10399&refresh_token=f389dc4c&x-expires=1775102400&x-signature=x7mgX5MYPPwKa%2BhMRG99waxNFRg%3D&t=4d5b0474&ps=13740610&shp=30310797&shcp=ff37627b&idc=no1a,,,,,,,,,
wwwoooooahhh,0,0,2026-03-14T12:47:49.000Z,rosebuddd_28,https://www.tiktok.com/@rima_k0/video/7616692388270066964,7595205098747331639,7617091928145265421,https://p16-common-sign.tiktokcdn-eu.com/tos-maliva-avt-0068/5334fad70f35856fadc31ae2a2bf70fb~tplv-tiktokx-cropcenter:100:100.jpg?dr=10399&refresh_token=fdabe648&x-expires=1775102400&x-signature=5lX22OqhT1TzYATiu%2BdNTNxoo7o%3D&t=4d5b0474&ps=13740610&shp=30310797&shcp=ff37627b&idc=no1a,,,,,,,,,
I wanna find this bag on street 😂,1,1,2026-03-13T11:33:17.000Z,annaxing94,https://www.tiktok.com/@rima_k0/video/7616692388270066964,7416721300531725344,7616701710850212630,https://p16-common-sign.tiktokcdn-eu.com/tos-no1a-avt-0068c001-no/341d49afb8c586d9a43be333f5fa55d4~tplv-tiktokx-cropcenter:100:100.jpg?dr=10399&refresh_token=0a4816a2&x-expires=1775102400&x-signature=%2Fzw9xoD6Y4W2BHhRvPDDdSyQ8Mc%3D&t=4d5b0474&ps=13740610&shp=30310797&shcp=ff37627b&idc=no1a,,,,,,,,,
A dream 🥰🥰🥰,1,,2026-03-13T11:48:16.000Z,rima_k0,https://www.tiktok.com/@rima_k0/video/7616692388270066964,7048678101676819462,7616705652719928085,https://p16-common-sign.tiktokcdn-eu.com/tos-alisg-avt-0068/8ff679467b64dea07556f7e0ffe5cd17~tplv-tiktokx-cropcenter:100:100.jpg?dr=10399&refresh_token=f389dc4c&x-expires=1775102400&x-signature=x7mgX5MYPPwKa%2BhMRG99waxNFRg%3D&t=4d5b0474&ps=13740610&shp=30310797&shcp=ff37627b&idc=no1a,,,,,,,,,
This masks looks so good love to try them 😍,1,1,2026-03-13T17:00:51.000Z,zhara.el.hdrt,https://www.tiktok.com/@rima_k0/video/7616692388270066964,7334075341466256417,7616786185340830486,https://p16-common-sign.tiktokcdn-eu.com/tos-no1a-avt-0068c001-no/5a3c1cb79554080cd77e4806936f73f6~tplv-tiktokx-cropcenter:100:100.jpg?dr=10399&refresh_token=18d30cae&x-expires=1775102400&x-signature=F5tbbGEJIGFRgO5f%2FcDVA7CpZwA%3D&t=4d5b0474&ps=13740610&shp=30310797&shcp=ff37627b&idc=no1a,,,,,,,,,
You will love the invisible mask,0,,2026-03-14T05:17:18.000Z,rima_k0,https://www.tiktok.com/@rima_k0/video/7616692388270066964,7048678101676819462,7616975980071027477,https://p16-common-sign.tiktokcdn-eu.com/tos-alisg-avt-0068/8ff679467b64dea07556f7e0ffe5cd17~tplv-tiktokx-cropcenter:100:100.jpg?dr=10399&refresh_token=f389dc4c&x-expires=1775102400&x-signature=x7mgX5MYPPwKa%2BhMRG99waxNFRg%3D&t=4d5b0474&ps=13740610&shp=30310797&shcp=ff37627b&idc=no1a,,,,,,,,,
Love This! LOVE U Beautiful! ❤️❤️❤️❤️,1,1,2026-03-13T20:28:51.000Z,mackenziexoxo3,https://www.tiktok.com/@rima_k0/video/7616692388270066964,7137065332871365678,7616839775186027277,https://p16-common-sign.tiktokcdn-eu.com/tos-maliva-avt-0068/8d19ed5ef9fb60483b57b134d0637cf1~tplv-tiktokx-cropcenter:100:100.jpg?dr=10399&refresh_token=764c5d9f&x-expires=1775102400&x-signature=3SJZeO%2FhZMWE0qnUq7fkOUqWueo%3D&t=4d5b0474&ps=13740610&shp=30310797&shcp=ff37627b&idc=no1a,,,,,,,,,
Thanks love 💕,0,,2026-03-14T05:12:50.000Z,rima_k0,https://www.tiktok.com/@rima_k0/video/7616692388270066964,7048678101676819462,7616974829099402004,https://p16-common-sign.tiktokcdn-eu.com/tos-alisg-avt-0068/8ff679467b64dea07556f7e0ffe5cd17~tplv-tiktokx-cropcenter:100:100.jpg?dr=10399&refresh_token=f389dc4c&x-expires=1775102400&x-signature=x7mgX5MYPPwKa%2BhMRG99waxNFRg%3D&t=4d5b0474&ps=13740610&shp=30310797&shcp=ff37627b&idc=no1a,,,,,,,,,
So many good product 💕,1,1,2026-03-13T13:36:19.000Z,_jechelle_,https://www.tiktok.com/@rima_k0/video/7616692388270066964,11065154,7616733389463470862,https://p16-common-sign.tiktokcdn-eu.com/tos-maliva-avt-0068/841084346551c01906d0a5436741e5ba~tplv-tiktokx-cropcenter:100:100.jpg?dr=10399&refresh_token=17ff6696&x-expires=1775102400&x-signature=TnzFlHneJVlwFfmnagc5ZwlPsiQ%3D&t=4d5b0474&ps=13740610&shp=30310797&shcp=ff37627b&idc=no1a,,,,,,,,,
Thanks love 💕,1,,2026-03-14T05:20:08.000Z,rima_k0,https://www.tiktok.com/@rima_k0/video/7616692388270066964,7048678101676819462,7616976711595295508,https://p16-common-sign.tiktokcdn-eu.com/tos-alisg-avt-0068/8ff679467b64dea07556f7e0ffe5cd17~tplv-tiktokx-cropcenter:100:100.jpg?dr=10399&refresh_token=f389dc4c&x-expires=1775102400&x-signature=x7mgX5MYPPwKa%2BhMRG99waxNFRg%3D&t=4d5b0474&ps=13740610&shp=30310797&shcp=ff37627b&idc=no1a,,,,,,,,,
amazing goodies goodies,0,0,2026-03-14T16:23:01.000Z,k_slimzy,https://www.tiktok.com/@rima_k0/video/7616692388270066964,6811816343799120902,7617147560725283606,https://p16-common-sign.tiktokcdn-eu.com/tos-no1a-avt-0068c001-no/df94c3dd014894e6d4daa37168ce19bd~tplv-tiktokx-cropcenter:100:100.jpg?dr=10399&refresh_token=9eabcac8&x-expires=1775102400&x-signature=DE6j%2FHbRfRrQWSuY%2F1QDY740bRM%3D&t=4d5b0474&ps=13740610&shp=30310797&shcp=ff37627b&idc=no1a,,,,,,,,,
Congratulation,1,1,2026-03-14T03:32:01.000Z,wendy_mariel22,https://www.tiktok.com/@rima_k0/video/7616692388270066964,6822569630058824710,7616948863304680213,https://p16-common-sign.tiktokcdn-us.com/tos-alisg-avt-0068/188633a55cd70e9193d40647fd9d5755~tplv-tiktokx-cropcenter:100:100.jpg?dr=9640&refresh_token=34000421&x-expires=1775102400&x-signature=hOGKa%2FvdGhLxWzSqocIr9UJd9C8%3D&t=4d5b0474&ps=13740610&shp=30310797&shcp=ff37627b&idc=useast5,,,,,,,,,
Thanks lovely,0,,2026-03-14T05:10:13.000Z,rima_k0,https://www.tiktok.com/@rima_k0/video/7616692388270066964,7048678101676819462,7616974147655402261,https://p16-common-sign.tiktokcdn-us.com/tos-alisg-avt-0068/8ff679467b64dea07556f7e0ffe5cd17~tplv-tiktokx-cropcenter:100:100.jpg?dr=9640&refresh_token=80fe9111&x-expires=1775102400&x-signature=IGtwZHD0%2FHHaMc2hd1jtDTlJrUI%3D&t=4d5b0474&ps=13740610&shp=30310797&shcp=ff37627b&idc=useast5,,,,,,,,,
Your skin looks amazing ✨,1,1,2026-03-09T14:51:01.000Z,kimegan0228,https://www.tiktok.com/@glambytanyaafridi/video/7615132932176497951,6771292845603603461,7615268310950691615,https://p16-common-sign.tiktokcdn-us.com/tos-useast8-avt-0068-tx2/d0362aced95736ca776d2ede00a76f7e~tplv-tiktokx-cropcenter:100:100.jpg?dr=9640&refresh_token=989b8839&x-expires=1775102400&x-signature=boUL45qxHDM7D5BKaNZl8kpxl%2Bo%3D&t=4d5b0474&ps=13740610&shp=30310797&shcp=ff37627b&idc=useast8,,,,,,,,,
Thank you ❤️,1,,2026-03-09T23:50:00.000Z,glambytanyaafridi,https://www.tiktok.com/@glambytanyaafridi/video/7615132932176497951,6971998315207427077,7615407168196363039,https://p16-common-sign.tiktokcdn-us.com/tos-useast8-avt-0068-tx2/9cb0bd17991f59bf23747a46b017657a~tplv-tiktokx-cropcenter:100:100.jpg?dr=9640&refresh_token=73bc1d1a&x-expires=1775102400&x-signature=70CBFQRsVertOC9f6tgbgOH30DI%3D&t=4d5b0474&ps=13740610&shp=30310797&shcp=ff37627b&idc=useast8,,,,,,,,,
Skinnnn 😍,1,1,2026-03-09T14:38:02.000Z,aana_kay1,https://www.tiktok.com/@glambytanyaafridi/video/7615132932176497951,7510285238791046175,7615264778631037709,https://p16-common-sign.tiktokcdn-us.com/tos-useast5-avt-0068-tx/4da1b928c34195829d6049747294a130~tplv-tiktokx-cropcenter:100:100.jpg?dr=9640&refresh_token=abfa8820&x-expires=1775102400&x-signature=8l2%2FSdN4nrSSEUG8GKGz08KNlQQ%3D&t=4d5b0474&ps=13740610&shp=30310797&shcp=ff37627b&idc=useast8,,,,,,,,,
❤️❤️❤️,0,,2026-03-09T23:50:04.000Z,glambytanyaafridi,https://www.tiktok.com/@glambytanyaafridi/video/7615132932176497951,6971998315207427077,7615407072851641118,https://p16-common-sign.tiktokcdn-us.com/tos-useast8-avt-0068-tx2/9cb0bd17991f59bf23747a46b017657a~tplv-tiktokx-cropcenter:100:100.jpg?dr=9640&refresh_token=73bc1d1a&x-expires=1775102400&x-signature=70CBFQRsVertOC9f6tgbgOH30DI%3D&t=4d5b0474&ps=13740610&shp=30310797&shcp=ff37627b&idc=useast8,,,,,,,,,
Wow looks lovely.,0,0,2026-03-16T15:33:35.000Z,jesslk84,https://www.tiktok.com/@villalobos.joanne/video/7617562584358636820,7068404567130342406,7617876996902863636,https://p16-common-sign.tiktokcdn-us.com/tos-alisg-avt-0068/ad4519eb7aea079212f8628f53d3b478~tplv-tiktokx-cropcenter:100:100.jpg?dr=9640&refresh_token=33e2ced9&x-expires=1775102400&x-signature=0Da8FY9smJSfQyaEVHtx7bmtDB0%3D&t=4d5b0474&ps=13740610&shp=30310797&shcp=ff37627b&idc=useast5,,,,,,,,,
This is so cool 🥰,0,0,2026-03-15T23:35:17.000Z,lareinevlogs,https://www.tiktok.com/@villalobos.joanne/video/7617562584358636820,7434659831232922679,7617630023210976007,https://p16-common-sign.tiktokcdn-us.com/tos-alisg-avt-0068/9f3bd2cdfd5eb94bfa1cb43f8d8daa36~tplv-tiktokx-cropcenter:100:100.jpg?dr=9640&refresh_token=f48cdbea&x-expires=1775102400&x-signature=nwKXE40LaMRHVcG3aEABYDd9AO4%3D&t=4d5b0474&ps=13740610&shp=30310797&shcp=ff37627b&idc=useast5,,,,,,,,,
💗💗💗,0,0,2026-03-15T20:46:35.000Z,curlygirl932,https://www.tiktok.com/@villalobos.joanne/video/7617562584358636820,7276124440777671686,7617586541084934919,https://p16-common-sign.tiktokcdn-us.com/tos-alisg-avt-0068/a30a2c841328b35dd9f2ce3c0cae7afc~tplv-tiktokx-cropcenter:100:100.jpg?dr=9640&refresh_token=d16673f1&x-expires=1775102400&x-signature=Mhs%2FDhjly4wN8hLWsI2YXTxihWY%3D&t=4d5b0474&ps=13740610&shp=30310797&shcp=ff37627b&idc=useast5,,,,,,,,,
I wanna try the lip mask🙈🙈🙈,0,0,2026-03-12T13:23:44.000Z,me.nastuxaray,https://www.tiktok.com/@katellinkausa/video/7615778283946315022,7338035529135801387,7616359006327800606,https://p16-common-sign.tiktokcdn-us.com/tos-useast8-avt-0068-tx2/dd698c70aa4142b8c0dc7fd13e1a7421~tplv-tiktokx-cropcenter:100:100.jpg?dr=9640&refresh_token=d44e8c28&x-expires=1775102400&x-signature=57hVozbg8dHNmVaRlQupAT7pn4Y%3D&t=4d5b0474&ps=13740610&shp=30310797&shcp=ff37627b&idc=useast8,,,,,,,,,
"love this mask, they so nice😍",0,0,2026-03-12T13:46:21.000Z,kristinka.pokr,https://www.tiktok.com/@katellinkausa/video/7615778283946315022,7252896481727513642,7616364923949925134,https://p16-common-sign.tiktokcdn-us.com/tos-useast5-avt-0068-tx/55df689eb8f89d07b359d3b45bffba83~tplv-tiktokx-cropcenter:100:100.jpg?dr=9640&refresh_token=a6baa9ed&x-expires=1775102400&x-signature=byfOAWhtOQKfLgK%2FWEEJx50vohs%3D&t=4d5b0474&ps=13740610&shp=30310797&shcp=ff37627b&idc=useast8,,,,,,,,,
Love their masks 😍,0,0,2026-03-12T17:36:21.000Z,adel.ugc,https://www.tiktok.com/@katellinkausa/video/7615778283946315022,7554501891246572557,7616424154029409038,https://p16-common-sign.tiktokcdn-us.com/tos-useast5-avt-0068-tx/8bf5bdae747f1031d49add4d8f06fc5a~tplv-tiktokx-cropcenter:100:100.jpg?dr=9640&refresh_token=4ba83ff4&x-expires=1775102400&x-signature=Okt9coYB19X845t0rUFaqGjPTeM%3D&t=4d5b0474&ps=13740610&shp=30310797&shcp=ff37627b&idc=useast8,,,,,,,,,
Omg 🌸 I also try 🥰,0,0,2026-03-13T00:15:01.000Z,aroma_in_a_box,https://www.tiktok.com/@katellinkausa/video/7615778283946315022,7248033558450783275,7616526861090472735,https://p16-common-sign.tiktokcdn-us.com/tos-useast8-avt-0068-tx2/780a0ecd0f77b2a3f373dd738c5f8922~tplv-tiktokx-cropcenter:100:100.jpg?dr=9640&refresh_token=41f5057f&x-expires=1775102400&x-signature=N3BL26j9jGblqQVxB9H5xrIGRDk%3D&t=4d5b0474&ps=13740610&shp=30310797&shcp=ff37627b&idc=useast8,,,,,,,,,
Looks good ❤️,0,0,2026-03-12T14:21:52.000Z,samira_az1,https://www.tiktok.com/@katellinkausa/video/7615778283946315022,7290390225434838058,7616374074935264014,https://p19-common-sign.tiktokcdn-us.com/tos-useast5-avt-0068-tx/3433f546abe0b94267a80c23f918abd7~tplv-tiktokx-cropcenter:100:100.jpg?dr=9640&refresh_token=cd5950ec&x-expires=1775102400&x-signature=52QPchcjYvdRsx6geqI%2F%2Bu8tn9s%3D&t=4d5b0474&ps=13740610&shp=30310797&shcp=ff37627b&idc=useast8,,,,,,,,,
"I’m using it , love so much",0,1,2026-03-12T16:51:43.000Z,anna.il20,https://www.tiktok.com/@katellinkausa/video/7615778283946315022,7509578774163145758,7616412609633960735,https://p16-common-sign.tiktokcdn-us.com/tos-useast8-avt-0068-tx2/9b87dd2b6b84624ac28d75b2ba6d2ad8~tplv-tiktokx-cropcenter:100:100.jpg?dr=9640&refresh_token=6438b0de&x-expires=1775102400&x-signature=aqQGdmlaJMWFgUdNQTnmOYUPBiw%3D&t=4d5b0474&ps=13740610&shp=30310797&shcp=ff37627b&idc=useast8,,,,,,,,,
😍😍😍,0,0,2026-03-12T17:32:13.000Z,skybaliudmyla,https://www.tiktok.com/@katellinkausa/video/7615778283946315022,7370054045148480558,7616423059536790302,https://p16-common-sign.tiktokcdn-us.com/tos-useast8-avt-0068-tx2/702916a430de3c9824e1c48b1841dbcd~tplv-tiktokx-cropcenter:100:100.jpg?dr=9640&refresh_token=c8001881&x-expires=1775102400&x-signature=nt3zqgBh40g3oW5SJNHEI%2BhmLpc%3D&t=4d5b0474&ps=13740610&shp=30310797&shcp=ff37627b&idc=useast8,,,,,,,,,
It's so cute💋,1,1,2026-03-13T07:34:20.000Z,.nootsa,https://www.tiktok.com/@makasvision/video/7616592116134710559,6978776763161674757,7616640199720813320,https://p19-common-sign.tiktokcdn-us.com/tos-alisg-avt-0068/92eee37ab040e57fa599632831f2077d~tplv-tiktokx-cropcenter:100:100.jpg?dr=9640&refresh_token=d6b36083&x-expires=1775102400&x-signature=usYsXg4n5x8V%2FbpPNfxyIa2rUnk%3D&t=4d5b0474&ps=13740610&shp=30310797&shcp=ff37627b&idc=useast5,,,,,,,,,
❤️🔥,1,0,2026-03-13T20:29:26.000Z,dokaq1,https://www.tiktok.com/@makasvision/video/7616592116134710559,7483576652170937351,7616839977191949074,https://p16-common-sign.tiktokcdn-us.com/tos-alisg-avt-0068/15e2cbcbf5f4ef40833661a049d94f8e~tplv-tiktokx-cropcenter:100:100.jpg?dr=9640&refresh_token=397e9ade&x-expires=1775102400&x-signature=mryhdrCdnrEdEQhDfp5pkURjOxg%3D&t=4d5b0474&ps=13740610&shp=30310797&shcp=ff37627b&idc=useast5,,,,,,,,,
კამერა ვეღარ აღიქვამს თქვენს ბზინვარებას😍😍,1,1,2026-03-15T04:44:13.000Z,tamarmerebashviili,https://www.tiktok.com/@anka11_05/video/7617114091848584468,7205959231152391174,7617338512774611733,https://p16-sign-sg.tiktokcdn.com/tos-alisg-avt-0068/ef9d2d2e9bc515a8c2f660479f95ec9b~tplv-tiktokx-cropcenter:100:100.jpg?dr=14579&refresh_token=578dba39&x-expires=1775102400&x-signature=PEB5tAIIzr414M0CITUQiwGhIRs%3D&t=4d5b0474&ps=13740610&shp=30310797&shcp=ff37627b&idc=my,,,,,,,,,
ოჰჰჰ მადლობააა თაკუუ🥰,1,,2026-03-15T05:37:51.000Z,anka11_05,https://www.tiktok.com/@anka11_05/video/7617114091848584468,6667584435912933382,7617352393260417800,https://p16-sign-sg.tiktokcdn.com/tos-alisg-avt-0068/a7f13e914ed04cf893fa222307eba250~tplv-tiktokx-cropcenter:100:100.jpg?dr=14579&refresh_token=2407215d&x-expires=1775102400&x-signature=kZyqxORpJc3fwahnUzw03zNML%2Bs%3D&t=4d5b0474&ps=13740610&shp=30310797&shcp=ff37627b&idc=my,,,,,,,,,
ტუჩის უნდა დავტესტი,1,1,2026-03-14T14:34:07.000Z,vakuna22,https://www.tiktok.com/@anka11_05/video/7617114091848584468,6977044933492343814,7617119511322149640,https://p16-common-sign.tiktokcdn.com/tos-alisg-avt-0068/1487661b9448145913d11716d2166555~tplv-tiktokx-cropcenter:100:100.jpg?dr=14579&refresh_token=24de85cc&x-expires=1775102400&x-signature=PXi3Anp5I9fgDyrFxN6bGrQSUPU%3D&t=4d5b0474&ps=13740610&shp=30310797&shcp=ff37627b&idc=my,,,,,,,,,
ოქეიი ნუგოო😀❤️,0,,2026-03-14T14:35:24.000Z,anka11_05,https://www.tiktok.com/@anka11_05/video/7617114091848584468,6667584435912933382,7617119858525963015,https://p16-sign-sg.tiktokcdn.com/tos-alisg-avt-0068/a7f13e914ed04cf893fa222307eba250~tplv-tiktokx-cropcenter:100:100.jpg?dr=14579&refresh_token=2407215d&x-expires=1775102400&x-signature=kZyqxORpJc3fwahnUzw03zNML%2Bs%3D&t=4d5b0474&ps=13740610&shp=30310797&shcp=ff37627b&idc=my,,,,,,,,,
❤️❤️❤️,1,0,2026-03-14T14:24:11.000Z,lazarekilladze,https://www.tiktok.com/@anka11_05/video/7617114091848584468,7177081432808227841,7617116943086846740,https://p16-common-sign.tiktokcdn.com/tos-alisg-avt-0068/1b0fdb7c0428c2cf74d0e5d54779644c~tplv-tiktokx-cropcenter:100:100.jpg?dr=14579&refresh_token=50785939&x-expires=1775102400&x-signature=7cuM8UtMrotPn2x8MRbSajKha3M%3D&t=4d5b0474&ps=13740610&shp=30310797&shcp=ff37627b&idc=my,,,,,,,,,
❤️❤️❤️,1,0,2026-03-14T14:21:17.000Z,sunnykiladze,https://www.tiktok.com/@anka11_05/video/7617114091848584468,7485785659238040594,7617116215890920210,https://p16-sign-sg.tiktokcdn.com/tos-alisg-avt-0068/1c727c87c6c4de594eb8aa2377f3a596~tplv-tiktokx-cropcenter:100:100.jpg?dr=14579&refresh_token=482784ff&x-expires=1775102400&x-signature=NzrPRrWqLJ8%2B66Wrvo6EUJnzDbg%3D&t=4d5b0474&ps=13740610&shp=30310797&shcp=ff37627b&idc=my,,,,,,,,,
Weeepaaaaa 💐🎀,1,0,2026-03-09T00:41:23.000Z,jessicapaezugc,https://www.tiktok.com/@inpat27/video/7614981724543520008,7581604454974358540,7615049445299159815,https://p16-common-sign.tiktokcdn-us.com/tos-maliva-avt-0068/c8c7053a712858c117a57c338ea0bd63~tplv-tiktokx-cropcenter:100:100.jpg?dr=9640&refresh_token=15583d24&x-expires=1775102400&x-signature=8FMY6Y8lkAnFeqWPWvPqX88qlX4%3D&t=4d5b0474&ps=13740610&shp=30310797&shcp=ff37627b&idc=useast5,,,,,,,,,
Se ve muy buen esa mascarilla!!😍,0,0,2026-03-14T22:33:27.000Z,iam.zapata07,https://www.tiktok.com/@ashlyrp12/video/7616504255423499541,315767092388216832,7617242969347703572,https://p16-common-sign.tiktokcdn-us.com/tos-alisg-avt-0068/411bd2de3bef4150ef95e761e924ffb3~tplv-tiktokx-cropcenter:100:100.jpg?dr=9640&refresh_token=e02c794e&x-expires=1775102400&x-signature=Ivn5bcqQr%2B1is0HA0PaAZ%2FFDJ%2BM%3D&t=4d5b0474&ps=13740610&shp=30310797&shcp=ff37627b&idc=useast8,,,,,,,,,
"Te dejo la piel muy luminosa😍. Me encantaría probar esos productos, donde los puedo encontrar?",0,0,2026-03-16T06:29:03.000Z,bydanayris,https://www.tiktok.com/@ashlyrp12/video/7616504255423499541,7522265325006947335,7617736656724738834,https://p16-common-sign.tiktokcdn-us.com/tos-alisg-avt-0068/95de62b9c228a331cba8934b8c3d7011~tplv-tiktokx-cropcenter:100:100.jpg?dr=9640&refresh_token=c062821a&x-expires=1775102400&x-signature=wTyu3XKfwTHAxYk7Odr9V7AIn%2BA%3D&t=4d5b0474&ps=13740610&shp=30310797&shcp=ff37627b&idc=useast8,,,,,,,,,
Waoo que chulis esos productos 😍,0,0,2026-03-13T14:36:34.000Z,aslamadem,https://www.tiktok.com/@ashlyrp12/video/7616504255423499541,98688453172678657,7616749034095919893,https://p16-common-sign.tiktokcdn-us.com/tos-alisg-avt-0068/e07a940144652f1bd2e8267526c7ec3e~tplv-tiktokx-cropcenter:100:100.jpg?dr=9640&refresh_token=f6ed9248&x-expires=1775102400&x-signature=yd2f9PrpeOxbzVIFkZKJgQ1ObGI%3D&t=4d5b0474&ps=13740610&shp=30310797&shcp=ff37627b&idc=useast8,,,,,,,,,
"Me encantan las mascarillas y se está de puede adaptar, y ese resultado bellísimo",0,0,2026-03-13T21:39:04.000Z,andreina.requena0,https://www.tiktok.com/@ashlyrp12/video/7616504255423499541,7286581469753410565,7616857894571246343,https://p16-common-sign.tiktokcdn-us.com/tos-alisg-avt-0068/396dbcce4c00b09800acb9af73d3f3d6~tplv-tiktokx-cropcenter:100:100.jpg?dr=9640&refresh_token=d258330a&x-expires=1775102400&x-signature=Aep6oOdkVQKRQelj5IJ65SJC9X0%3D&t=4d5b0474&ps=13740610&shp=30310797&shcp=ff37627b&idc=useast8,,,,,,,,,
quiero probar esa mascarilla de colágeno 🥰,0,0,2026-03-13T23:06:08.000Z,itsmekarenh,https://www.tiktok.com/@ashlyrp12/video/7616504255423499541,7586138673063035959,7616880263742423839,https://p16-common-sign.tiktokcdn-us.com/tos-useast8-avt-0068-tx2/5231f83a1c493ce6c8da98aa3fe1f8ef~tplv-tiktokx-cropcenter:100:100.jpg?dr=9640&refresh_token=84caac21&x-expires=1775102400&x-signature=VKzrB3vArmAZO7xM3KXaityTZnY%3D&t=4d5b0474&ps=13740610&shp=30310797&shcp=ff37627b&idc=useast8,,,,,,,,,
Wooo lo ame esa presentacion es increible,0,0,2026-03-13T14:10:42.000Z,lic.tejada10,https://www.tiktok.com/@ashlyrp12/video/7616504255423499541,7428996596795606021,7616742370340340487,https://p16-common-sign.tiktokcdn-us.com/tos-alisg-avt-0068/16d29cd1755aba500636318098dcd3f7~tplv-tiktokx-cropcenter:100:100.jpg?dr=9640&refresh_token=d349bab3&x-expires=1775102400&x-signature=%2Fxv4ndtZSvkDcc4pngkUjsgRi2c%3D&t=4d5b0474&ps=13740610&shp=30310797&shcp=ff37627b&idc=useast8,,,,,,,,,
"Ese bolso es hermoso , los parches para los labios me tienen encantada",0,0,2026-03-17T14:09:21.000Z,laugja13,https://www.tiktok.com/@ashlyrp12/video/7616504255423499541,7209752119816127534,7618226233369592589,https://p16-common-sign.tiktokcdn-us.com/tos-useast5-avt-0068-tx/7a51d7a50b1f5c4412f76105f27212f1~tplv-tiktokx-cropcenter:100:100.jpg?dr=9640&refresh_token=27da1a4a&x-expires=1775102400&x-signature=dQCcUWb8znZsaII5PMtM4gAT7Uc%3D&t=4d5b0474&ps=13740610&shp=30310797&shcp=ff37627b&idc=useast8,,,,,,,,,
Me gustaron las mascarillas y los par hrs de labios. Se ven súper hidratables y frescos. Mantuvo una piel con una hidratación profunda y fresca,0,0,2026-03-13T21:36:13.000Z,alexgaxiola19,https://www.tiktok.com/@ashlyrp12/video/7616504255423499541,309410180646293504,7616857170097357575,https://p16-common-sign.tiktokcdn-us.com/tos-maliva-avt-0068/0e49e290335e64c5dd3bd424b7dd7d26~tplv-tiktokx-cropcenter:100:100.jpg?dr=9640&refresh_token=8a244c8a&x-expires=1775102400&x-signature=l3k3v4i57M%2FN7mmsIs6N%2F%2FroOU0%3D&t=4d5b0474&ps=13740610&shp=30310797&shcp=ff37627b&idc=useast8,,,,,,,,,
Amiga necesito esa mascarilla en mi vida 🥰🥰 hasta yo senti esa frescura tan exquisita,0,0,2026-03-13T22:13:04.000Z,mariela.gamez87,https://www.tiktok.com/@ashlyrp12/video/7616504255423499541,7468774980823434270,7616866617246728990,https://p16-common-sign.tiktokcdn-us.com/tos-useast8-avt-0068-tx2/82631d601416b7e8329459d6907bdc38~tplv-tiktokx-cropcenter:100:100.jpg?dr=9640&refresh_token=2151d530&x-expires=1775102400&x-signature=CwlFzeyEPlYHuADRPFZdNT0xVY4%3D&t=4d5b0474&ps=13740610&shp=30310797&shcp=ff37627b&idc=useast8,,,,,,,,,
Esa mascarilla transparente se ve súper buena para hidratar la piel amiga🥺,0,0,2026-03-13T16:30:36.000Z,yazzy_.ugc,https://www.tiktok.com/@ashlyrp12/video/7616504255423499541,7164938884332127238,7616778459410334482,https://p16-common-sign.tiktokcdn-us.com/tos-alisg-avt-0068/f2c6c5a7a05ecee842bc26c9e92ac688~tplv-tiktokx-cropcenter:100:100.jpg?dr=9640&refresh_token=6930903d&x-expires=1775102400&x-signature=IY0hUdumdOUQUi4oWfZInJjhlbw%3D&t=4d5b0474&ps=13740610&shp=30310797&shcp=ff37627b&idc=useast8,,,,,,,,,
sus mascarillas son geniales 😍,0,0,2026-03-14T14:30:19.000Z,martha.febres.ace,https://www.tiktok.com/@ashlyrp12/video/7616504255423499541,7270673878262514693,7617118538474521352,https://p19-common-sign.tiktokcdn-us.com/tos-maliva-avt-0068/4d9638275b9807ea62212b22b7d67d44~tplv-tiktokx-cropcenter:100:100.jpg?dr=9640&refresh_token=fa350a18&x-expires=1775102400&x-signature=jyGB7Tjz%2FpzVVrytnmiydPneMHw%3D&t=4d5b0474&ps=13740610&shp=30310797&shcp=ff37627b&idc=useast8,,,,,,,,,
Que hermoso todo! La mascarilla deja la piel jugosa y con glow✨,0,0,2026-03-14T03:46:56.000Z,yannicrea.ugc,https://www.tiktok.com/@ashlyrp12/video/7616504255423499541,7540782138381091870,7616952654581400350,https://p16-common-sign.tiktokcdn-us.com/tos-useast5-avt-0068-tx/96725e714f203aa2a87ecb4de9aa894e~tplv-tiktokx-cropcenter:100:100.jpg?dr=9640&refresh_token=02c74abd&x-expires=1775102400&x-signature=BuuKKomkDGpFCjeaFRO4yGTIXvc%3D&t=4d5b0474&ps=13740610&shp=30310797&shcp=ff37627b&idc=useast8,,,,,,,,,
Aquí los fans de las mascarillas te aportan hidratación rápido 🥰🥰 queda hermosa,0,0,2026-03-13T13:06:32.000Z,rosmeryuzcategui1,https://www.tiktok.com/@ashlyrp12/video/7616504255423499541,6925405006029440005,7616725856123405074,https://p16-common-sign.tiktokcdn-us.com/tos-alisg-avt-0068/7e015b2567310bbcd2e566a5b4291470~tplv-tiktokx-cropcenter:100:100.jpg?dr=9640&refresh_token=0eaac309&x-expires=1775102400&x-signature=NZE%2Fsl5wtHxlvrxLXkCKlFctASw%3D&t=4d5b0474&ps=13740610&shp=30310797&shcp=ff37627b&idc=useast8,,,,,,,,,
"Me encantó el glow que dejó en tu rostro, bien hidratado, un maquillaje después de esa preparación quedaría mortal",0,0,2026-03-13T18:13:42.000Z,kmila_ladelocabello,https://www.tiktok.com/@ashlyrp12/video/7616504255423499541,6977173144554750982,7616805008847504135,https://p16-common-sign.tiktokcdn-us.com/tos-alisg-avt-0068/be970691880435955f223aa6e234680b~tplv-tiktokx-cropcenter:100:100.jpg?dr=9640&refresh_token=ce3eaa62&x-expires=1775102400&x-signature=%2B9hpwJ4FVaY9BOP5yB6BiGWCV%2BM%3D&t=4d5b0474&ps=13740610&shp=30310797&shcp=ff37627b&idc=useast8,,,,,,,,,
Esas mascarillas son muy buenas me gustaron como deja la piel súper glowing 😻,0,0,2026-03-13T19:16:34.000Z,elizabethberiguet2,https://www.tiktok.com/@ashlyrp12/video/7616504255423499541,7121821590954279941,7616821187679568647,https://p16-common-sign.tiktokcdn-us.com/tos-maliva-avt-0068/2fae29d2e064b8521dc88553f800c482~tplv-tiktokx-cropcenter:100:100.jpg?dr=9640&refresh_token=40a3730f&x-expires=1775102400&x-signature=D2wIGcNgMBm13WioZXPa%2BkOM5uM%3D&t=4d5b0474&ps=13740610&shp=30310797&shcp=ff37627b&idc=useast8,,,,,,,,,
se ve muy interesante esa mascarilla!,0,0,2026-03-14T21:56:20.000Z,m1a_sanchz,https://www.tiktok.com/@ashlyrp12/video/7616504255423499541,7544757516474024965,7617233404497298183,https://p19-common-sign.tiktokcdn-us.com/tos-maliva-avt-0068/3af7dd49d3b32b0d4d0f4b79998e76e0~tplv-tiktokx-cropcenter:100:100.jpg?dr=9640&refresh_token=bed2847a&x-expires=1775102400&x-signature=bcDW0oYb6GHBwct2knKchofuDhY%3D&t=4d5b0474&ps=13740610&shp=30310797&shcp=ff37627b&idc=useast8,,,,,,,,,
"la bolsita rosa está super cutee, te dejo la piel super hidratada 😍",0,0,2026-03-13T05:30:07.000Z,griii._,https://www.tiktok.com/@ashlyrp12/video/7616504255423499541,7075741616725017605,7616608241316872961,https://p16-common-sign.tiktokcdn-us.com/tos-alisg-avt-0068/5967638a87187e9e0c9b295b98f2a58b~tplv-tiktokx-cropcenter:100:100.jpg?dr=9640&refresh_token=e3adeed7&x-expires=1775102400&x-signature=GLLxLDgjVy%2FYOVYjlR7Eke0THLo%3D&t=4d5b0474&ps=13740610&shp=30310797&shcp=ff37627b&idc=useast8,,,,,,,,,
Te dejo los labios y la piel súper hidratadas 🤩🫨,0,0,2026-03-12T22:59:26.000Z,oneidy2425,https://www.tiktok.com/@ashlyrp12/video/7616504255423499541,7049159658343154693,7616507516067726101,https://p16-common-sign.tiktokcdn-us.com/tos-alisg-avt-0068/e087aa1adadc485a0b86c7df63048a76~tplv-tiktokx-cropcenter:100:100.jpg?dr=9640&refresh_token=32a184a0&x-expires=1775102400&x-signature=WT1kWFtAK%2FvKTdDDV7Sac5B%2B4lY%3D&t=4d5b0474&ps=13740610&shp=30310797&shcp=ff37627b&idc=useast8,,,,,,,,,
😍😍chulada 😍,0,0,2026-03-17T15:26:48.000Z,ceili_space,https://www.tiktok.com/@ashlyrp12/video/7616504255423499541,7316573167814902790,7618246320369763093,https://p16-common-sign.tiktokcdn-us.com/tos-alisg-avt-0068/ae9ce28a12d925eed770abbd92302d6c~tplv-tiktokx-cropcenter:100:100.jpg?dr=9640&refresh_token=70a77a6c&x-expires=1775102400&x-signature=LdPjcqy1QuUf7JT2Os6zbJBhbLY%3D&t=4d5b0474&ps=13740610&shp=30310797&shcp=ff37627b&idc=useast8,,,,,,,,,
Tu piel se ve muy glowy 😍 súper linda,0,0,2026-03-13T03:45:52.000Z,myfashionaddiction,https://www.tiktok.com/@ashlyrp12/video/7616504255423499541,7019858976041600006,7616581323256333077,https://p16-common-sign.tiktokcdn-us.com/tos-maliva-avt-0068/7b6322bf36a53b85f2cd91641a9d6156~tplv-tiktokx-cropcenter:100:100.jpg?dr=9640&refresh_token=78865944&x-expires=1775102400&x-signature=fbmrAONfswdO1KHXIBZb7b30ebo%3D&t=4d5b0474&ps=13740610&shp=30310797&shcp=ff37627b&idc=useast8,,,,,,,,,
Quedó muy glow tu piel y labios 👄,0,0,2026-03-13T04:34:47.000Z,keyhernandez_r20,https://www.tiktok.com/@ashlyrp12/video/7616504255423499541,7000740106727015429,7616593955111617287,https://p16-common-sign.tiktokcdn-us.com/tos-maliva-avt-0068/50078a093bd7499377919a0510f789b1~tplv-tiktokx-cropcenter:100:100.jpg?dr=9640&refresh_token=d02b0e8a&x-expires=1775102400&x-signature=JRhavuk9B8VmwQv8NwvKceBA3oo%3D&t=4d5b0474&ps=13740610&shp=30310797&shcp=ff37627b&idc=useast8,,,,,,,,,
Esa marcarilla deja el rostro hermoso 🥰🥰🥰,0,0,2026-03-13T02:30:35.000Z,franchescagomez1,https://www.tiktok.com/@ashlyrp12/video/7616504255423499541,6822838557515793414,7616561938941018888,https://p16-common-sign.tiktokcdn-us.com/tos-alisg-avt-0068/afaf34c5cb453f66d02701bdbdeee791~tplv-tiktokx-cropcenter:100:100.jpg?dr=9640&refresh_token=887b7d28&x-expires=1775102400&x-signature=5rl%2BJm7nEqASgwWX79VE7QGiC1I%3D&t=4d5b0474&ps=13740610&shp=30310797&shcp=ff37627b&idc=useast8,,,,,,,,,
Esa mascarilla es el final,0,0,2026-03-13T02:17:43.000Z,jolainyacosta,https://www.tiktok.com/@ashlyrp12/video/7616504255423499541,6662958132833517574,7616558641538007809,https://p16-common-sign.tiktokcdn-us.com/tos-alisg-avt-0068/136177a65ba05170d1e6a448c1a78ae6~tplv-tiktokx-cropcenter:100:100.jpg?dr=9640&refresh_token=a0dcf842&x-expires=1775102400&x-signature=A9d77FXJDLa7OGmYVqvZnVRVsnw%3D&t=4d5b0474&ps=13740610&shp=30310797&shcp=ff37627b&idc=useast8,,,,,,,,,
Te dejo la piel glowy✨,0,0,2026-03-13T02:10:40.000Z,marochaconsanchez,https://www.tiktok.com/@ashlyrp12/video/7616504255423499541,18040413,7616556732706276126,https://p16-common-sign.tiktokcdn-us.com/tos-useast8-avt-0068-tx2/77b22211114e51d2a62309b17fcec059~tplv-tiktokx-cropcenter:100:100.jpg?dr=9640&refresh_token=ae744881&x-expires=1775102400&x-signature=YRcm9Of5q%2BNHEnw0EbrV9v7ATz0%3D&t=4d5b0474&ps=13740610&shp=30310797&shcp=ff37627b&idc=useast8,,,,,,,,,
Una buena mascarilla todo rostro lo agradece 💕,0,0,2026-03-13T03:29:25.000Z,halibelgonzalez,https://www.tiktok.com/@ashlyrp12/video/7616504255423499541,6915053462188540933,7616576952811619102,https://p16-common-sign.tiktokcdn-us.com/tos-useast8-avt-0068-tx2/d852b5c4ecb5627c6229808174236998~tplv-tiktokx-cropcenter:100:100.jpg?dr=9640&refresh_token=3dea8b76&x-expires=1775102400&x-signature=Ny9szUPlJcLR2YyyLLfPy2zE4lE%3D&t=4d5b0474&ps=13740610&shp=30310797&shcp=ff37627b&idc=useast8,,,,,,,,,
Ay qué bolsita tan cute te enviaron amooo,0,0,2026-03-13T01:36:19.000Z,iconic_jazmin,https://www.tiktok.com/@ashlyrp12/video/7616504255423499541,6790865806354039814,7616547969190478610,https://p16-common-sign.tiktokcdn-us.com/tos-alisg-avt-0068/ebaa14249753f70dcfee687dab2824e8~tplv-tiktokx-cropcenter:100:100.jpg?dr=9640&refresh_token=0fc0cdc4&x-expires=1775102400&x-signature=PvvueJsgcXNmBw1V4RGCpB%2Fvutk%3D&t=4d5b0474&ps=13740610&shp=30310797&shcp=ff37627b&idc=useast8,,,,,,,,,
esa piel quedo con una super hidratación,0,0,2026-03-13T01:25:39.000Z,duaramp,https://www.tiktok.com/@ashlyrp12/video/7616504255423499541,6829033744030008326,7616545225674195730,https://p19-common-sign.tiktokcdn-us.com/tos-maliva-avt-0068/bf36a5566f1fcec5b0cbd831b61e89f1~tplv-tiktokx-cropcenter:100:100.jpg?dr=9640&refresh_token=0282f38b&x-expires=1775102400&x-signature=BWuWIGd7mJlIx7%2Fw8boNDu%2BHBKQ%3D&t=4d5b0474&ps=13740610&shp=30310797&shcp=ff37627b&idc=useast8,,,,,,,,,
"Me encanta el paquete Que Mandan, las mascarilla es buena",0,0,2026-03-13T00:53:34.000Z,ygomez132,https://www.tiktok.com/@ashlyrp12/video/7616504255423499541,6890663093161182214,7616536895070208782,https://p16-common-sign.tiktokcdn-us.com/tos-useast5-avt-0068-tx/833551fb78d7a52469ee35df20f3ef9a~tplv-tiktokx-cropcenter:100:100.jpg?dr=9640&refresh_token=73b7e8af&x-expires=1775102400&x-signature=wZr9J9dbIBDdtY1JQ%2BmABf2RUFE%3D&t=4d5b0474&ps=13740610&shp=30310797&shcp=ff37627b&idc=useast8,,,,,,,,,
La necesito en mi vida omg que mascarilla,0,0,2026-03-13T00:23:49.000Z,jennychecougc,https://www.tiktok.com/@ashlyrp12/video/7616504255423499541,7462591957068956718,7616529228515951373,https://p16-common-sign.tiktokcdn-us.com/tos-useast5-avt-0068-tx/bc05d42a43dd6417c9de094aef0b2ab5~tplv-tiktokx-cropcenter:100:100.jpg?dr=9640&refresh_token=01e5556f&x-expires=1775102400&x-signature=RdOQ7LF49SuTWLWK4sPM5ODhQus%3D&t=4d5b0474&ps=13740610&shp=30310797&shcp=ff37627b&idc=useast8,,,,,,,,,
Wow me encanta 😍,0,0,2026-03-12T23:13:46.000Z,dilianny_sp,https://www.tiktok.com/@ashlyrp12/video/7616504255423499541,7398532164793009158,7616511238889292552,https://p16-common-sign.tiktokcdn-us.com/tos-alisg-avt-0068/4965518cb84efadfa269cc3c9b65b442~tplv-tiktokx-cropcenter:100:100.jpg?dr=9640&refresh_token=5a431386&x-expires=1775102400&x-signature=B94tv7%2Bgym8HX76%2BIu9n%2FkwCKDU%3D&t=4d5b0474&ps=13740610&shp=30310797&shcp=ff37627b&idc=useast8,,,,,,,,,
This looks amazing 💖,1,0,2026-03-19T02:23:09.000Z,justsianne,https://www.tiktok.com/@stephaniebeautyskin/video/7618780732802075917,132956,7618786388910129950,https://p16-common-sign.tiktokcdn-us.com/tos-useast8-avt-0068-tx2/79f8ea31eec466da2162b1d268366466~tplv-tiktokx-cropcenter:100:100.jpg?dr=9640&refresh_token=9cf534c0&x-expires=1775102400&x-signature=%2FIVATFpQGxGDQldtjDqdmhedvrs%3D&t=4d5b0474&ps=13740610&shp=30310797&shcp=ff37627b&idc=useast8,,,,,,,,,
🥰🥰🥰,1,0,2026-03-19T08:37:14.000Z,zorizza,https://www.tiktok.com/@stephaniebeautyskin/video/7618780732802075917,7449373126054757398,7618882868819936032,https://p16-common-sign.tiktokcdn-us.com/tos-useast2a-avt-0068-euttp/9ae58b8ee48fe08a3aa72fa7db42c945~tplv-tiktokx-cropcenter:100:100.jpg?dr=9640&refresh_token=3818671c&x-expires=1775102400&x-signature=K8BGBoKPYLmXAQ25Ja1sDgU7Ris%3D&t=4d5b0474&ps=13740610&shp=30310797&shcp=ff37627b&idc=useast8,,,,,,,,,
que tiempo te la dejaste?,0,0,2026-03-16T14:24:50.000Z,arii180496,https://www.tiktok.com/@ashlyrp12/video/7616504255423499541,7082186485536949253,7617859266456208148,https://p16-common-sign.tiktokcdn-us.com/tos-maliva-avt-0068/b4dc03555b2a7f2dd63c7422e8cb04de~tplv-tiktokx-cropcenter:100:100.jpg?dr=9640&refresh_token=b1427c17&x-expires=1775102400&x-signature=uDEU4Lp6RRBZa5ywoBhdIX%2Fm2DQ%3D&t=4d5b0474&ps=13740610&shp=30310797&shcp=ff37627b&idc=useast5,,,,,,,,,
Ay que bien se ve!!! Sobre todo esa mascarilla para labios 🥰,0,0,2026-03-14T03:08:26.000Z,edaliscortes,https://www.tiktok.com/@ashlyrp12/video/7616504255423499541,6831755151310963717,7616942780095382292,https://p16-common-sign.tiktokcdn-us.com/tos-maliva-avt-0068/a19643e8354153f4348692eca9c83048~tplv-tiktokx-cropcenter:100:100.jpg?dr=9640&refresh_token=881bbdf1&x-expires=1775102400&x-signature=7UZaEUvBdCkjQfyuHK5ZwO1P7aE%3D&t=4d5b0474&ps=13740610&shp=30310797&shcp=ff37627b&idc=useast5,,,,,,,,,
Esa mascarilla te dejo la piel sumamente hidratada,0,0,2026-03-13T20:23:35.000Z,bxapa,https://www.tiktok.com/@ashlyrp12/video/7616504255423499541,6834930107149943813,7616838475141481223,https://p16-common-sign.tiktokcdn-us.com/tos-alisg-avt-0068/e241ddd49797e8ce353f208b246e7012~tplv-tiktokx-cropcenter:100:100.jpg?dr=9640&refresh_token=13a5173f&x-expires=1775102400&x-signature=NcQ9tvdgvBuMG9VFBmuTdbvMxtw%3D&t=4d5b0474&ps=13740610&shp=30310797&shcp=ff37627b&idc=useast5,,,,,,,,,
"mana Pero hasta en una bolsita vino, me encanta, que flow te dejo esa mascarilla 🥰",0,0,2026-03-13T02:06:09.000Z,marielena5678,https://www.tiktok.com/@ashlyrp12/video/7616504255423499541,7050075718000509958,7616555670258860818,https://p16-common-sign.tiktokcdn-us.com/tos-maliva-avt-0068/c7ca183521a1f77035374adf44ff0b21~tplv-tiktokx-cropcenter:100:100.jpg?dr=9640&refresh_token=a33787f1&x-expires=1775102400&x-signature=xdr3kefn58eLLhlV2tFyVdlIIqg%3D&t=4d5b0474&ps=13740610&shp=30310797&shcp=ff37627b&idc=useast5,,,,,,,,,
Oo this is actually so cute 🤍💅🏽💅🏽✨,0,0,2026-03-14T06:10:37.000Z,sierra.catarina,https://www.tiktok.com/@itsemylife/video/7616836006792252686,7396915089045947438,7616989177532302111,https://p16-common-sign.tiktokcdn-us.com/tos-useast8-avt-0068-tx2/844e548f59fe2d7cada5e1e8f4a7f175~tplv-tiktokx-cropcenter:100:100.jpg?dr=9640&refresh_token=b6bc4152&x-expires=1775102400&x-signature=TJ%2FPPe1UV88F9RPu9YYeaqrnkIA%3D&t=4d5b0474&ps=13740610&shp=30310797&shcp=ff37627b&idc=useast5,,,,,,,,,
Need to try these!!! Love the lip mask too 😍,0,0,2026-03-15T13:36:22.000Z,jasmine.stringfield,https://www.tiktok.com/@itsemylife/video/7616836006792252686,7439893144013341739,7617475612433285902,https://p16-common-sign.tiktokcdn-us.com/tos-useast5-avt-0068-tx/142acc9da6c55d3ef543803453d1b244~tplv-tiktokx-cropcenter:100:100.jpg?dr=9640&refresh_token=5fbf26d5&x-expires=1775102400&x-signature=s5LSll6JZg8GcxiUx%2Bi5wgKkVhI%3D&t=4d5b0474&ps=13740610&shp=30310797&shcp=ff37627b&idc=useast5,,,,,,,,,
Apoyo mutuo 💋✌,1,0,2026-03-11T22:09:30.000Z,resel.ter,https://www.tiktok.com/@kaustika1/video/7614913143021653266,7319655430040339462,7616123569059758868,https://p16-common-sign.tiktokcdn-us.com/tos-maliva-avt-0068/a058064e3210133d9ae21325f49732a4~tplv-tiktokx-cropcenter:100:100.jpg?dr=9640&refresh_token=072fb16e&x-expires=1775102400&x-signature=2%2BkLfYBSyUKKe5%2Fwnz82E1f6b0o%3D&t=4d5b0474&ps=13740610&shp=30310797&shcp=ff37627b&idc=useast8,,,,,,,,,
Necesitamos la segunda parteeeee,1,1,2026-03-09T04:48:12.000Z,iamdaihana,https://www.tiktok.com/@kaustika1/video/7614913143021653266,7077337244780479494,7615113047704126215,https://p16-common-sign.tiktokcdn-us.com/tos-alisg-avt-0068/27d5378ce98856ee1fcc0d4e81b7b911~tplv-tiktokx-cropcenter:100:100.jpg?dr=9640&refresh_token=5f8aeec2&x-expires=1775102400&x-signature=gN73Bj68HuC%2FoEfOhsJuvSwfLuM%3D&t=4d5b0474&ps=13740610&shp=30310797&shcp=ff37627b&idc=useast8,,,,,,,,,
Pronto ☺️☺️,0,,2026-03-09T07:09:54.000Z,kaustika1,https://www.tiktok.com/@kaustika1/video/7614913143021653266,66029211584339968,7615149593441616648,https://p16-common-sign.tiktokcdn-us.com/tos-alisg-avt-0068/2b5802b6fc638f7f72d7fa0c3876e2c2~tplv-tiktokx-cropcenter:100:100.jpg?dr=9640&refresh_token=ed5d2ae2&x-expires=1775102400&x-signature=aofLJ6h4OVa4Kl609YIjr7Rft%2Fw%3D&t=4d5b0474&ps=13740610&shp=30310797&shcp=ff37627b&idc=useast8,,,,,,,,,
Wow que bien.,1,1,2026-03-08T18:28:50.000Z,milkis_kelly,https://www.tiktok.com/@kaustika1/video/7614913143021653266,7045764109501072389,7614953481921659649,https://p16-common-sign.tiktokcdn-us.com/tos-alisg-avt-0068/0c12ba53763aaa0baa3cbe4d9d564b7c~tplv-tiktokx-cropcenter:100:100.jpg?dr=9640&refresh_token=34781118&x-expires=1775102400&x-signature=29q%2FWLBTuI2Y%2BvNfFSet6pPC3tA%3D&t=4d5b0474&ps=13740610&shp=30310797&shcp=ff37627b&idc=useast8,,,,,,,,,
🥰🥰✨,0,,2026-03-08T21:34:36.000Z,kaustika1,https://www.tiktok.com/@kaustika1/video/7614913143021653266,66029211584339968,7615001323612439304,https://p16-common-sign.tiktokcdn-us.com/tos-alisg-avt-0068/2b5802b6fc638f7f72d7fa0c3876e2c2~tplv-tiktokx-cropcenter:100:100.jpg?dr=9640&refresh_token=ed5d2ae2&x-expires=1775102400&x-signature=aofLJ6h4OVa4Kl609YIjr7Rft%2Fw%3D&t=4d5b0474&ps=13740610&shp=30310797&shcp=ff37627b&idc=useast8,,,,,,,,,
Me encanta porque La hidratacion que te deja en la piel es un top,0,0,2026-03-13T01:03:15.000Z,nelly_ugc2,https://www.tiktok.com/@ashlyrp12/video/7616504255423499541,7201934292728824837,7616539435144479508,https://p16-common-sign.tiktokcdn-eu.com/tos-alisg-avt-0068/65f8b61827ebacf25c66ea3a58331759~tplv-tiktokx-cropcenter:100:100.jpg?dr=10399&refresh_token=d4d357a0&x-expires=1775102400&x-signature=hB%2FNsEjFPgzwjg8VqMqJuKPuEww%3D&t=4d5b0474&ps=13740610&shp=30310797&shcp=ff37627b&idc=no1a,,,,,,,,,
"Waooo que Shula se ve, hay que probarlas",0,0,2026-03-12T23:21:29.000Z,du_x13,https://www.tiktok.com/@ashlyrp12/video/7616504255423499541,6606466571462361094,7616513191993115399,https://p16-common-sign.tiktokcdn-eu.com/tos-alisg-avt-0068/6bd503ba22880c85c2d33fc6826d048a~tplv-tiktokx-cropcenter:100:100.jpg?dr=10399&refresh_token=3c7345ae&x-expires=1775102400&x-signature=LOBIv99IPTvTLpnxYT8sUgCStkc%3D&t=4d5b0474&ps=13740610&shp=30310797&shcp=ff37627b&idc=no1a,,,,,,,,,
Que geniales las mascarillas 🥰,0,0,2026-03-12T23:15:43.000Z,vale_dailylife,https://www.tiktok.com/@ashlyrp12/video/7616504255423499541,7495159082473800710,7616511678884692753,https://p16-common-sign.tiktokcdn-eu.com/tos-maliva-avt-0068/e886cd88895111cbd0f947761335e068~tplv-tiktokx-cropcenter:100:100.jpg?dr=10399&refresh_token=f564b122&x-expires=1775102400&x-signature=WugBqLw%2FSJSZcEM%2BXDJ67TV3PXQ%3D&t=4d5b0474&ps=13740610&shp=30310797&shcp=ff37627b&idc=no1a,,,,,,,,,
Ladies we Can’t neglect the lips!! 👏,1,1,2026-03-12T14:08:00.000Z,sincerelymisskay,https://www.tiktok.com/@milky.time1/video/7615862346174549262,6814561345385268229,7616370384153461517,https://p16-common-sign.tiktokcdn-us.com/tos-useast5-avt-0068-tx/4a8282028cfa950398d203a2c166f64e~tplv-tiktokx-cropcenter:100:100.jpg?dr=9640&refresh_token=0776d223&x-expires=1775102400&x-signature=gm%2BVvdI4Vd1fXjIeCCGpFg%2FA%2F%2Fs%3D&t=4d5b0474&ps=13740610&shp=30310797&shcp=ff37627b&idc=useast8,,,,,,,,,
Never,0,,2026-03-12T14:59:33.000Z,milky.time1,https://www.tiktok.com/@milky.time1/video/7615862346174549262,7353124464241345582,7616383772468609806,https://p16-common-sign.tiktokcdn-us.com/tos-useast5-avt-0068-tx/49f88bda1cf91610e55bee8bb06d375b~tplv-tiktokx-cropcenter:100:100.jpg?dr=9640&refresh_token=903f4b34&x-expires=1775102400&x-signature=9wiPmPIFbK4FPN6kb0Jfb2QiboQ%3D&t=4d5b0474&ps=13740610&shp=30310797&shcp=ff37627b&idc=useast8,,,,,,,,,
Wanna try this so bad💗💗,1,1,2026-03-12T19:55:59.000Z,gcffen,https://www.tiktok.com/@milky.time1/video/7615862346174549262,9759102,7616460254570677014,https://p16-common-sign.tiktokcdn-us.com/tos-maliva-avt-0068/01354d9f76295896a66407410c46fcf2~tplv-tiktokx-cropcenter:100:100.jpg?dr=9640&refresh_token=89c3f412&x-expires=1775102400&x-signature=bd5zuFLoZuZl0lrQ0LW6TIClJFo%3D&t=4d5b0474&ps=13740610&shp=30310797&shcp=ff37627b&idc=useast8,,,,,,,,,
U should,0,,2026-03-12T20:10:07.000Z,milky.time1,https://www.tiktok.com/@milky.time1/video/7615862346174549262,7353124464241345582,7616463853098238734,https://p16-common-sign.tiktokcdn-us.com/tos-useast5-avt-0068-tx/49f88bda1cf91610e55bee8bb06d375b~tplv-tiktokx-cropcenter:100:100.jpg?dr=9640&refresh_token=903f4b34&x-expires=1775102400&x-signature=9wiPmPIFbK4FPN6kb0Jfb2QiboQ%3D&t=4d5b0474&ps=13740610&shp=30310797&shcp=ff37627b&idc=useast8,,,,,,,,,
This is so satisfying watching!!!,1,2,2026-03-11T19:43:23.000Z,sierraroberts98,https://www.tiktok.com/@milky.time1/video/7615862346174549262,6854891882917692422,7616085875852477198,https://p16-common-sign.tiktokcdn-us.com/tos-useast5-avt-0068-tx/747f73f310d7b4a78701ec4806489ef7~tplv-tiktokx-cropcenter:100:100.jpg?dr=9640&refresh_token=16e2381a&x-expires=1775102400&x-signature=EnjGbOm8f%2FlC4OO3NCPnqQpuY0A%3D&t=4d5b0474&ps=13740610&shp=30310797&shcp=ff37627b&idc=useast8,,,,,,,,,
love this skin reset ❤️,1,1,2026-03-13T03:54:12.000Z,simplyangelli_,https://www.tiktok.com/@milky.time1/video/7615862346174549262,6794676328375452674,7616583502926840577,https://p16-common-sign.tiktokcdn-us.com/tos-alisg-avt-0068/a02dcb475fa6a181e7ab0f84132bcdaa~tplv-tiktokx-cropcenter:100:100.jpg?dr=9640&refresh_token=da697996&x-expires=1775102400&x-signature=obyvhdfqEFjv%2F69CUHIH39NOt30%3D&t=4d5b0474&ps=13740610&shp=30310797&shcp=ff37627b&idc=useast8,,,,,,,,,
Yes always a must,0,,2026-03-13T04:29:50.000Z,milky.time1,https://www.tiktok.com/@milky.time1/video/7615862346174549262,7353124464241345582,7616592599432266510,https://p16-common-sign.tiktokcdn-us.com/tos-useast5-avt-0068-tx/49f88bda1cf91610e55bee8bb06d375b~tplv-tiktokx-cropcenter:100:100.jpg?dr=9640&refresh_token=903f4b34&x-expires=1775102400&x-signature=9wiPmPIFbK4FPN6kb0Jfb2QiboQ%3D&t=4d5b0474&ps=13740610&shp=30310797&shcp=ff37627b&idc=useast8,,,,,,,,,
Been seeing this! I need to try 😍😍,0,1,2026-03-14T03:17:23.000Z,loryleaves,https://www.tiktok.com/@milky.time1/video/7615862346174549262,6810091394327086086,7616944998655787807,https://p16-common-sign.tiktokcdn-us.com/tos-useast8-avt-0068-tx2/511e86151d4d60cf3383c150c1fc7bbe~tplv-tiktokx-cropcenter:100:100.jpg?dr=9640&refresh_token=41b59472&x-expires=1775102400&x-signature=QoJBeR%2FR3%2BYnv8pRXbDzkaPddEw%3D&t=4d5b0474&ps=13740610&shp=30310797&shcp=ff37627b&idc=useast8,,,,,,,,,
U should,0,,2026-03-14T03:21:06.000Z,milky.time1,https://www.tiktok.com/@milky.time1/video/7615862346174549262,7353124464241345582,7616945926179947277,https://p16-common-sign.tiktokcdn-us.com/tos-useast5-avt-0068-tx/49f88bda1cf91610e55bee8bb06d375b~tplv-tiktokx-cropcenter:100:100.jpg?dr=9640&refresh_token=903f4b34&x-expires=1775102400&x-signature=9wiPmPIFbK4FPN6kb0Jfb2QiboQ%3D&t=4d5b0474&ps=13740610&shp=30310797&shcp=ff37627b&idc=useast8,,,,,,,,,
Woke up gorgeous again 💕,1,1,2026-03-11T05:39:47.000Z,londonmizanii,https://www.tiktok.com/@milky.time1/video/7615862346174549262,6931465552779772933,7615868382453564190,https://p16-common-sign.tiktokcdn-us.com/tos-useast5-avt-0068-tx/cb0b44be972a782cebf6e76cfcde8e9a~tplv-tiktokx-cropcenter:100:100.jpg?dr=9640&refresh_token=9e852b3e&x-expires=1775102400&x-signature=kNrNiQeN0D5vLiNz2kBF%2BBANnOA%3D&t=4d5b0474&ps=13740610&shp=30310797&shcp=ff37627b&idc=useast8,,,,,,,,,
"beautiful, love the glow",1,1,2026-03-11T18:25:58.000Z,mitipuu,https://www.tiktok.com/@milky.time1/video/7615862346174549262,6997214905271862278,7616065857618035487,https://p16-common-sign.tiktokcdn-us.com/tos-useast8-avt-0068-tx2/e26d8de5ebec7aa22163edd1c4fc093a~tplv-tiktokx-cropcenter:100:100.jpg?dr=9640&refresh_token=0169a786&x-expires=1775102400&x-signature=QLv9Gi%2FB6kj2KZfiU%2FX7xrvcSyU%3D&t=4d5b0474&ps=13740610&shp=30310797&shcp=ff37627b&idc=useast8,,,,,,,,,
We love a good glow in the morning,0,,2026-03-11T18:33:50.000Z,milky.time1,https://www.tiktok.com/@milky.time1/video/7615862346174549262,7353124464241345582,7616067944917058317,https://p16-common-sign.tiktokcdn-us.com/tos-useast5-avt-0068-tx/49f88bda1cf91610e55bee8bb06d375b~tplv-tiktokx-cropcenter:100:100.jpg?dr=9640&refresh_token=903f4b34&x-expires=1775102400&x-signature=9wiPmPIFbK4FPN6kb0Jfb2QiboQ%3D&t=4d5b0474&ps=13740610&shp=30310797&shcp=ff37627b&idc=useast8,,,,,,,,,
I loved this mask so hydrating and the lip mask made my lips so soft,1,1,2026-03-11T18:58:41.000Z,the0nlyymiracle,https://www.tiktok.com/@milky.time1/video/7615862346174549262,106603767780773888,7616074321706533646,https://p16-common-sign.tiktokcdn-us.com/tos-useast5-avt-0068-tx/0c48a17e0f17801fa9ebbb6717fa55b9~tplv-tiktokx-cropcenter:100:100.jpg?dr=9640&refresh_token=ae5e42d6&x-expires=1775102400&x-signature=6qOQMXn2sx1D7qbym0zWqhj0%2F7w%3D&t=4d5b0474&ps=13740610&shp=30310797&shcp=ff37627b&idc=useast8,,,,,,,,,
I love your entire collection 😍😍,1,1,2026-03-11T13:02:24.000Z,micchymakeup,https://www.tiktok.com/@milky.time1/video/7615862346174549262,7167982277870535682,7615982606312391444,https://p16-common-sign.tiktokcdn-us.com/tos-alisg-avt-0068/2e8b2fb2a00492e7a4962cd30ad8afeb~tplv-tiktokx-cropcenter:100:100.jpg?dr=9640&refresh_token=bde2c2e4&x-expires=1775102400&x-signature=v%2FcGMb1z5wb9kjCBLSAliyIOdLk%3D&t=4d5b0474&ps=13740610&shp=30310797&shcp=ff37627b&idc=useast8,,,,,,,,,
LOVE THE RESULTS!!,0,1,2026-03-11T05:18:54.000Z,strawflurry,https://www.tiktok.com/@milky.time1/video/7615862346174549262,6771210965166949382,7615862959122858766,https://p16-common-sign.tiktokcdn-us.com/tos-useast5-avt-0068-tx/1a1a24fd58a274a6279a0b4fb2162298~tplv-tiktokx-cropcenter:100:100.jpg?dr=9640&refresh_token=c43a3f57&x-expires=1775102400&x-signature=A47Lwi5HJXugcEtq0sMiNxl%2B9rY%3D&t=4d5b0474&ps=13740610&shp=30310797&shcp=ff37627b&idc=useast8,,,,,,,,,
your skin looks amazing!!,1,1,2026-03-11T18:00:42.000Z,addyghaynes,https://www.tiktok.com/@milky.time1/video/7615862346174549262,6625693930657923077,7616059322111509279,https://p16-common-sign.tiktokcdn-us.com/tos-useast8-avt-0068-tx2/a803f0d536c1b78d322486993f0a015b~tplv-tiktokx-cropcenter:100:100.jpg?dr=9640&refresh_token=b6c95977&x-expires=1775102400&x-signature=CyKmTw8lp%2BIooTiVdVCAKFW9Xls%3D&t=4d5b0474&ps=13740610&shp=30310797&shcp=ff37627b&idc=useast8,,,,,,,,,
Ahhh you are so sweet,0,,2026-03-11T18:22:22.000Z,milky.time1,https://www.tiktok.com/@milky.time1/video/7615862346174549262,7353124464241345582,7616064952067752717,https://p16-common-sign.tiktokcdn-us.com/tos-useast5-avt-0068-tx/49f88bda1cf91610e55bee8bb06d375b~tplv-tiktokx-cropcenter:100:100.jpg?dr=9640&refresh_token=903f4b34&x-expires=1775102400&x-signature=9wiPmPIFbK4FPN6kb0Jfb2QiboQ%3D&t=4d5b0474&ps=13740610&shp=30310797&shcp=ff37627b&idc=useast8,,,,,,,,,
Amazing mask😍,1,1,2026-03-11T14:11:40.000Z,yourugcgirl,https://www.tiktok.com/@milky.time1/video/7615862346174549262,7532598940861514759,7616000460814156562,https://p16-common-sign.tiktokcdn-us.com/tos-alisg-avt-0068/198e767add6d1c58a1cd587fa52e828e~tplv-tiktokx-cropcenter:100:100.jpg?dr=9640&refresh_token=deacf279&x-expires=1775102400&x-signature=sAgfygrHuc1w4Ef2YOCYuwsl5GQ%3D&t=4d5b0474&ps=13740610&shp=30310797&shcp=ff37627b&idc=useast8,,,,,,,,,
Oooh thay mask looks so hydrating 😍,1,2,2026-03-12T17:44:45.000Z,jeanie_pearl8,https://www.tiktok.com/@milky.time1/video/7615862346174549262,7175705233498047530,7616426297434424095,https://p16-common-sign.tiktokcdn-us.com/tos-useast8-avt-0068-tx2/972c499f08b423ec335cfa5def5a122b~tplv-tiktokx-cropcenter:100:100.jpg?dr=9640&refresh_token=ac4336db&x-expires=1775102400&x-signature=HOy8uSjVNHdXGMT5uaPMVEFrUcA%3D&t=4d5b0474&ps=13740610&shp=30310797&shcp=ff37627b&idc=useast8,,,,,,,,,
So hydrated 💕💕💕,0,1,2026-03-11T15:40:57.000Z,glowithsarahlee,https://www.tiktok.com/@milky.time1/video/7615862346174549262,66566370578,7616023347462505230,https://p16-common-sign.tiktokcdn-us.com/tos-useast5-avt-0068-tx/7deaa1bae2f1a72f0fdb173813eea09e~tplv-tiktokx-cropcenter:100:100.jpg?dr=9640&refresh_token=3eb4cc39&x-expires=1775102400&x-signature=nromFAQ1QwHljdLI8G%2FXrD3IHL4%3D&t=4d5b0474&ps=13740610&shp=30310797&shcp=ff37627b&idc=useast8,,,,,,,,,
Love this mask💙,0,1,2026-03-11T16:47:07.000Z,fhaydskincarecreator,https://www.tiktok.com/@milky.time1/video/7615862346174549262,7434278357315224622,7616040339828409119,https://p16-common-sign.tiktokcdn-us.com/tos-useast8-avt-0068-tx2/0206fecc0d7268744098d8f49db68e12~tplv-tiktokx-cropcenter:100:100.jpg?dr=9640&refresh_token=fbc78410&x-expires=1775102400&x-signature=1a6SOG3LV74yY93O%2BkSbt5TE6qw%3D&t=4d5b0474&ps=13740610&shp=30310797&shcp=ff37627b&idc=useast8,,,,,,,,,
It’s so good,1,,2026-03-11T17:00:43.000Z,milky.time1,https://www.tiktok.com/@milky.time1/video/7615862346174549262,7353124464241345582,7616043843238134541,https://p16-common-sign.tiktokcdn-us.com/tos-useast5-avt-0068-tx/49f88bda1cf91610e55bee8bb06d375b~tplv-tiktokx-cropcenter:100:100.jpg?dr=9640&refresh_token=903f4b34&x-expires=1775102400&x-signature=9wiPmPIFbK4FPN6kb0Jfb2QiboQ%3D&t=4d5b0474&ps=13740610&shp=30310797&shcp=ff37627b&idc=useast8,,,,,,,,,
very nice!,0,0,2026-03-16T10:24:55.000Z,user8839061753810,https://www.tiktok.com/@kristinka.pokr/video/7616858404169977101,7473369814964208657,7617797427509248776,https://p16-common-sign.tiktokcdn-eu.com/tos-maliva-avt-0068/685ec8d0b2e1315ad4f4f55320a475f3~tplv-tiktokx-cropcenter:100:100.jpg?dr=10399&refresh_token=e95859a7&x-expires=1775102400&x-signature=BwGrQQXRjvvlkhi6SbmbC31LqEs%3D&t=4d5b0474&ps=13740610&shp=30310797&shcp=ff37627b&idc=no1a,,,,,,,,,
I would flinch so hard putting this on. I just know it’s cold 😂💖,1,0,2026-03-07T21:09:52.000Z,sheenaacostaugc,https://www.tiktok.com/@anyasnow11/video/7614608005178330381,7571611907355984927,7614623814877479711,https://p19-common-sign.tiktokcdn-us.com/tos-useast8-avt-0068-tx2/69f42010f9ee7c1253f7f6960a34498b~tplv-tiktokx-cropcenter:100:100.jpg?dr=9640&refresh_token=e13e87c9&x-expires=1775102400&x-signature=KTDE4CcGFsSJcR5RYEfrgWCNdwI%3D&t=4d5b0474&ps=13740610&shp=30310797&shcp=ff37627b&idc=useast5,,,,,,,,,
Woww,1,0,2026-03-08T00:06:50.000Z,hoho.skin,https://www.tiktok.com/@anyasnow11/video/7614608005178330381,7602484550056395831,7614669340336685838,https://p16-common-sign.tiktokcdn-us.com/tos-useast5-avt-0068-tx/ac8e2a4af63da64739a7e4be650547ec~tplv-tiktokx-cropcenter:100:100.jpg?dr=9640&refresh_token=92403f58&x-expires=1775102400&x-signature=3UIvM6k%2FzfcBfCxjRRSsP5rwiCU%3D&t=4d5b0474&ps=13740610&shp=30310797&shcp=ff37627b&idc=useast5,,,,,,,,,
Beauty💫,1,1,2026-03-07T20:10:48.000Z,enkeledadh,https://www.tiktok.com/@anyasnow11/video/7614608005178330381,7085624883367085062,7614608478640767774,https://p16-common-sign.tiktokcdn-us.com/tos-useast8-avt-0068-tx2/2990843d0dc09d021b81006e81e14a8d~tplv-tiktokx-cropcenter:100:100.jpg?dr=9640&refresh_token=ac04a0dc&x-expires=1775102400&x-signature=%2BHPZvynJpkwXLT7jwruK%2BKIbPQQ%3D&t=4d5b0474&ps=13740610&shp=30310797&shcp=ff37627b&idc=useast5,,,,,,,,,
Need to try it💖,1,0,2026-03-07T21:40:34.000Z,shadi.smi,https://www.tiktok.com/@anyasnow11/video/7614608005178330381,7433993849950864426,7614631718478725901,https://p19-common-sign.tiktokcdn-us.com/tos-useast5-avt-0068-tx/eb7ea7e3cf6ee7ecae42d9bc4f5eff73~tplv-tiktokx-cropcenter:100:100.jpg?dr=9640&refresh_token=7c338ed4&x-expires=1775102400&x-signature=YhoTrxpEZRmYnwHqdy6WbzIMmZA%3D&t=4d5b0474&ps=13740610&shp=30310797&shcp=ff37627b&idc=useast5,,,,,,,,,
Looks so good 😍,1,0,2026-03-07T20:44:45.000Z,cc.khv,https://www.tiktok.com/@anyasnow11/video/7614608005178330381,7448267732003685381,7614617371999372048,https://p16-common-sign.tiktokcdn-us.com/tos-alisg-avt-0068/a7e5a114ad4888bf94778fe335763404~tplv-tiktokx-cropcenter:100:100.jpg?dr=9640&refresh_token=86c70f98&x-expires=1775102400&x-signature=kJf%2FHqEbOYVrc2dGqEek4QVYCys%3D&t=4d5b0474&ps=13740610&shp=30310797&shcp=ff37627b&idc=useast5,,,,,,,,,
This is new to me and I love it,1,1,2026-03-09T16:48:40.000Z,fhaydskincarecreator,https://www.tiktok.com/@strawflurry/video/7615103283589434637,7434278357315224622,7615298385751835423,https://p16-common-sign.tiktokcdn-us.com/tos-useast8-avt-0068-tx2/0206fecc0d7268744098d8f49db68e12~tplv-tiktokx-cropcenter:100:100.jpg?dr=9640&refresh_token=fbc78410&x-expires=1775102400&x-signature=1a6SOG3LV74yY93O%2BkSbt5TE6qw%3D&t=4d5b0474&ps=13740610&shp=30310797&shcp=ff37627b&idc=useast8,,,,,,,,,
Hehe def rec!,0,,2026-03-10T16:38:15.000Z,strawflurry,https://www.tiktok.com/@strawflurry/video/7615103283589434637,6771210965166949382,7615667086962197262,https://p16-common-sign.tiktokcdn-us.com/tos-useast5-avt-0068-tx/1a1a24fd58a274a6279a0b4fb2162298~tplv-tiktokx-cropcenter:100:100.jpg?dr=9640&refresh_token=c43a3f57&x-expires=1775102400&x-signature=A47Lwi5HJXugcEtq0sMiNxl%2B9rY%3D&t=4d5b0474&ps=13740610&shp=30310797&shcp=ff37627b&idc=useast8,,,,,,,,,
The mask looks great 😍,1,1,2026-03-09T14:22:21.000Z,yourugcgirl,https://www.tiktok.com/@strawflurry/video/7615103283589434637,7532598940861514759,7615261063739622151,https://p16-common-sign.tiktokcdn-us.com/tos-alisg-avt-0068/198e767add6d1c58a1cd587fa52e828e~tplv-tiktokx-cropcenter:100:100.jpg?dr=9640&refresh_token=deacf279&x-expires=1775102400&x-signature=sAgfygrHuc1w4Ef2YOCYuwsl5GQ%3D&t=4d5b0474&ps=13740610&shp=30310797&shcp=ff37627b&idc=useast8,,,,,,,,,
Glow was so good,0,,2026-03-10T16:37:39.000Z,strawflurry,https://www.tiktok.com/@strawflurry/video/7615103283589434637,6771210965166949382,7615666926697792270,https://p16-common-sign.tiktokcdn-us.com/tos-useast5-avt-0068-tx/1a1a24fd58a274a6279a0b4fb2162298~tplv-tiktokx-cropcenter:100:100.jpg?dr=9640&refresh_token=c43a3f57&x-expires=1775102400&x-signature=A47Lwi5HJXugcEtq0sMiNxl%2B9rY%3D&t=4d5b0474&ps=13740610&shp=30310797&shcp=ff37627b&idc=useast8,,,,,,,,,
That look so soothing ✨,1,1,2026-03-10T01:20:47.000Z,lilhatcher,https://www.tiktok.com/@strawflurry/video/7615103283589434637,7458457941726348330,7615430668920013581,https://p16-common-sign.tiktokcdn-us.com/tos-useast5-avt-0068-tx/36acb6db6894402023575b34bf7a7231~tplv-tiktokx-cropcenter:100:100.jpg?dr=9640&refresh_token=76fbfd8e&x-expires=1775102400&x-signature=kvsGXR6rdU3sVVpeSWd4F4qdo1I%3D&t=4d5b0474&ps=13740610&shp=30310797&shcp=ff37627b&idc=useast8,,,,,,,,,
Hehe very,0,,2026-03-10T16:37:15.000Z,strawflurry,https://www.tiktok.com/@strawflurry/video/7615103283589434637,6771210965166949382,7615666727254967053,https://p16-common-sign.tiktokcdn-us.com/tos-useast5-avt-0068-tx/1a1a24fd58a274a6279a0b4fb2162298~tplv-tiktokx-cropcenter:100:100.jpg?dr=9640&refresh_token=c43a3f57&x-expires=1775102400&x-signature=A47Lwi5HJXugcEtq0sMiNxl%2B9rY%3D&t=4d5b0474&ps=13740610&shp=30310797&shcp=ff37627b&idc=useast8,,,,,,,,,
Amazing for rest days 💖,1,1,2026-03-13T14:24:20.000Z,sherryluvyea,https://www.tiktok.com/@strawflurry/video/7615103283589434637,7519868507649180694,7616745889545667361,https://p16-common-sign.tiktokcdn-us.com/tos-useast2a-avt-0068-euttp/2cc6747b345788e793db03eab123ffb6~tplv-tiktokx-cropcenter:100:100.jpg?dr=9640&refresh_token=5565204e&x-expires=1775102400&x-signature=tEHcWMWmJvVb12CVENXYOTxEvfk%3D&t=4d5b0474&ps=13740610&shp=30310797&shcp=ff37627b&idc=useast8,,,,,,,,,
Love these kinds of days,1,,2026-03-17T15:08:32.000Z,strawflurry,https://www.tiktok.com/@strawflurry/video/7615103283589434637,6771210965166949382,7618241463881876238,https://p16-common-sign.tiktokcdn-us.com/tos-useast5-avt-0068-tx/1a1a24fd58a274a6279a0b4fb2162298~tplv-tiktokx-cropcenter:100:100.jpg?dr=9640&refresh_token=c43a3f57&x-expires=1775102400&x-signature=A47Lwi5HJXugcEtq0sMiNxl%2B9rY%3D&t=4d5b0474&ps=13740610&shp=30310797&shcp=ff37627b&idc=useast8,,,,,,,,,
"Lol i just posted about this masks too, loveeeee💕💕",1,1,2026-03-09T04:23:21.000Z,glowithsarahlee,https://www.tiktok.com/@strawflurry/video/7615103283589434637,66566370578,7615106574470841101,https://p16-common-sign.tiktokcdn-us.com/tos-useast5-avt-0068-tx/7deaa1bae2f1a72f0fdb173813eea09e~tplv-tiktokx-cropcenter:100:100.jpg?dr=9640&refresh_token=3eb4cc39&x-expires=1775102400&x-signature=nromFAQ1QwHljdLI8G%2FXrD3IHL4%3D&t=4d5b0474&ps=13740610&shp=30310797&shcp=ff37627b&idc=useast8,,,,,,,,,
Glowing😻,0,1,2026-03-10T15:06:30.000Z,kabta99,https://www.tiktok.com/@strawflurry/video/7615103283589434637,6599376428500074501,7615643375223669518,https://p19-common-sign.tiktokcdn-us.com/tos-useast5-avt-0068-tx/da292db3d9a511d7f2edafc9755244ce~tplv-tiktokx-cropcenter:100:100.jpg?dr=9640&refresh_token=079bb39b&x-expires=1775102400&x-signature=UHKuGh2OTPzuESCGaRNpwyC%2Bvds%3D&t=4d5b0474&ps=13740610&shp=30310797&shcp=ff37627b&idc=useast8,,,,,,,,,
the glow 💕✨✨,0,1,2026-03-09T08:37:03.000Z,lazymxchi,https://www.tiktok.com/@strawflurry/video/7615103283589434637,7017128163433268230,7615171332150182670,https://p16-common-sign.tiktokcdn-us.com/tos-useast5-avt-0068-tx/7ace213377e2372207ce6a58718016e3~tplv-tiktokx-cropcenter:100:100.jpg?dr=9640&refresh_token=061671a9&x-expires=1775102400&x-signature=AImFpOkAfSxUj5pcoIt%2BU81TtFU%3D&t=4d5b0474&ps=13740610&shp=30310797&shcp=ff37627b&idc=useast8,,,,,,,,,
Right!!,0,,2026-03-10T16:37:43.000Z,strawflurry,https://www.tiktok.com/@strawflurry/video/7615103283589434637,6771210965166949382,7615666926698087182,https://p16-common-sign.tiktokcdn-us.com/tos-useast5-avt-0068-tx/1a1a24fd58a274a6279a0b4fb2162298~tplv-tiktokx-cropcenter:100:100.jpg?dr=9640&refresh_token=c43a3f57&x-expires=1775102400&x-signature=A47Lwi5HJXugcEtq0sMiNxl%2B9rY%3D&t=4d5b0474&ps=13740610&shp=30310797&shcp=ff37627b&idc=useast8,,,,,,,,,
She glowingggg,1,1,2026-03-09T23:16:47.000Z,kimjanica_,https://www.tiktok.com/@strawflurry/video/7615103283589434637,7374806061776143402,7615398680845599502,https://p16-common-sign.tiktokcdn-us.com/tos-useast5-avt-0068-tx/92e056ce7e7d1867f3589b78580f8c0b~tplv-tiktokx-cropcenter:100:100.jpg?dr=9640&refresh_token=78d7112d&x-expires=1775102400&x-signature=kIWZWoWx2uI6f9e06e87%2B1R9smA%3D&t=4d5b0474&ps=13740610&shp=30310797&shcp=ff37627b&idc=useast8,,,,,,,,,
Thank u queeen,0,,2026-03-10T16:37:20.000Z,strawflurry,https://www.tiktok.com/@strawflurry/video/7615103283589434637,6771210965166949382,7615666801465000718,https://p16-common-sign.tiktokcdn-us.com/tos-useast5-avt-0068-tx/1a1a24fd58a274a6279a0b4fb2162298~tplv-tiktokx-cropcenter:100:100.jpg?dr=9640&refresh_token=c43a3f57&x-expires=1775102400&x-signature=A47Lwi5HJXugcEtq0sMiNxl%2B9rY%3D&t=4d5b0474&ps=13740610&shp=30310797&shcp=ff37627b&idc=useast8,,,,,,,,,
Omg this looks so good !! I need this lip mask,1,1,2026-03-09T04:29:17.000Z,milky.time1,https://www.tiktok.com/@strawflurry/video/7615103283589434637,7353124464241345582,7615107998609015565,https://p16-common-sign.tiktokcdn-us.com/tos-useast5-avt-0068-tx/49f88bda1cf91610e55bee8bb06d375b~tplv-tiktokx-cropcenter:100:100.jpg?dr=9640&refresh_token=903f4b34&x-expires=1775102400&x-signature=9wiPmPIFbK4FPN6kb0Jfb2QiboQ%3D&t=4d5b0474&ps=13740610&shp=30310797&shcp=ff37627b&idc=useast8,,,,,,,,,
U def need!!,1,,2026-03-10T16:37:48.000Z,strawflurry,https://www.tiktok.com/@strawflurry/video/7615103283589434637,6771210965166949382,7615666900333691661,https://p16-common-sign.tiktokcdn-us.com/tos-useast5-avt-0068-tx/1a1a24fd58a274a6279a0b4fb2162298~tplv-tiktokx-cropcenter:100:100.jpg?dr=9640&refresh_token=c43a3f57&x-expires=1775102400&x-signature=A47Lwi5HJXugcEtq0sMiNxl%2B9rY%3D&t=4d5b0474&ps=13740610&shp=30310797&shcp=ff37627b&idc=useast8,,,,,,,,,
No more redness! 😍😍 Very soothing 😍,1,1,2026-03-14T02:23:59.000Z,loryleaves,https://www.tiktok.com/@strawflurry/video/7615103283589434637,6810091394327086086,7616931237737415454,https://p16-common-sign.tiktokcdn-us.com/tos-useast8-avt-0068-tx2/511e86151d4d60cf3383c150c1fc7bbe~tplv-tiktokx-cropcenter:100:100.jpg?dr=9640&refresh_token=41b59472&x-expires=1775102400&x-signature=QoJBeR%2FR3%2BYnv8pRXbDzkaPddEw%3D&t=4d5b0474&ps=13740610&shp=30310797&shcp=ff37627b&idc=useast8,,,,,,,,,
SO soothing,0,,2026-03-17T15:08:24.000Z,strawflurry,https://www.tiktok.com/@strawflurry/video/7615103283589434637,6771210965166949382,7618241510505546509,https://p16-common-sign.tiktokcdn-us.com/tos-useast5-avt-0068-tx/1a1a24fd58a274a6279a0b4fb2162298~tplv-tiktokx-cropcenter:100:100.jpg?dr=9640&refresh_token=c43a3f57&x-expires=1775102400&x-signature=A47Lwi5HJXugcEtq0sMiNxl%2B9rY%3D&t=4d5b0474&ps=13740610&shp=30310797&shcp=ff37627b&idc=useast8,,,,,,,,,
love this skin reset ❤️,0,1,2026-03-10T09:36:44.000Z,simplyangelli_,https://www.tiktok.com/@strawflurry/video/7615103283589434637,6794676328375452674,7615558513662919425,https://p16-common-sign.tiktokcdn-us.com/tos-alisg-avt-0068/a02dcb475fa6a181e7ab0f84132bcdaa~tplv-tiktokx-cropcenter:100:100.jpg?dr=9640&refresh_token=da697996&x-expires=1775102400&x-signature=obyvhdfqEFjv%2F69CUHIH39NOt30%3D&t=4d5b0474&ps=13740610&shp=30310797&shcp=ff37627b&idc=useast8,,,,,,,,,
"Made my heart skip a beat, you’re so beautiful 😍🥰",1,1,2026-03-09T04:17:07.000Z,leonboi3,https://www.tiktok.com/@strawflurry/video/7615103283589434637,7085563775847564330,7615104992701465374,https://p16-common-sign.tiktokcdn-us.com/tos-useast8-avt-0068-tx2/b899d2895dbb87b011409005549fbd4e~tplv-tiktokx-cropcenter:100:100.jpg?dr=9640&refresh_token=b97eadc5&x-expires=1775102400&x-signature=RWKah6YIfUVNfOgcJBuCh5j%2BX8Q%3D&t=4d5b0474&ps=13740610&shp=30310797&shcp=ff37627b&idc=useast8,,,,,,,,,
Hehe skip more!!,1,,2026-03-10T16:38:06.000Z,strawflurry,https://www.tiktok.com/@strawflurry/video/7615103283589434637,6771210965166949382,7615667000396645134,https://p16-common-sign.tiktokcdn-us.com/tos-useast5-avt-0068-tx/1a1a24fd58a274a6279a0b4fb2162298~tplv-tiktokx-cropcenter:100:100.jpg?dr=9640&refresh_token=c43a3f57&x-expires=1775102400&x-signature=A47Lwi5HJXugcEtq0sMiNxl%2B9rY%3D&t=4d5b0474&ps=13740610&shp=30310797&shcp=ff37627b&idc=useast8,,,,,,,,,
I can’t wait to try these,1,1,2026-03-10T03:34:55.000Z,the0nlyymiracle,https://www.tiktok.com/@strawflurry/video/7615103283589434637,106603767780773888,7615465261885358862,https://p16-common-sign.tiktokcdn-us.com/tos-useast5-avt-0068-tx/0c48a17e0f17801fa9ebbb6717fa55b9~tplv-tiktokx-cropcenter:100:100.jpg?dr=9640&refresh_token=ae5e42d6&x-expires=1775102400&x-signature=6qOQMXn2sx1D7qbym0zWqhj0%2F7w%3D&t=4d5b0474&ps=13740610&shp=30310797&shcp=ff37627b&idc=useast8,,,,,,,,,
it looks perfect 😍,1,1,2026-03-10T20:36:32.000Z,gcffen,https://www.tiktok.com/@strawflurry/video/7615103283589434637,9759102,7615728566474441494,https://p16-common-sign.tiktokcdn-us.com/tos-maliva-avt-0068/01354d9f76295896a66407410c46fcf2~tplv-tiktokx-cropcenter:100:100.jpg?dr=9640&refresh_token=89c3f412&x-expires=1775102400&x-signature=bd5zuFLoZuZl0lrQ0LW6TIClJFo%3D&t=4d5b0474&ps=13740610&shp=30310797&shcp=ff37627b&idc=useast8,,,,,,,,,
i need to try these!! the lip mask esp omg🤩,1,1,2026-03-09T18:34:49.000Z,addyghaynes,https://www.tiktok.com/@strawflurry/video/7615103283589434637,6625693930657923077,7615325948250882847,https://p16-common-sign.tiktokcdn-us.com/tos-useast8-avt-0068-tx2/a803f0d536c1b78d322486993f0a015b~tplv-tiktokx-cropcenter:100:100.jpg?dr=9640&refresh_token=b6c95977&x-expires=1775102400&x-signature=CyKmTw8lp%2BIooTiVdVCAKFW9Xls%3D&t=4d5b0474&ps=13740610&shp=30310797&shcp=ff37627b&idc=useast8,,,,,,,,,
I know the lip mask was so cute,0,,2026-03-10T16:37:29.000Z,strawflurry,https://www.tiktok.com/@strawflurry/video/7615103283589434637,6771210965166949382,7615666884377297678,https://p16-common-sign.tiktokcdn-us.com/tos-useast5-avt-0068-tx/1a1a24fd58a274a6279a0b4fb2162298~tplv-tiktokx-cropcenter:100:100.jpg?dr=9640&refresh_token=c43a3f57&x-expires=1775102400&x-signature=A47Lwi5HJXugcEtq0sMiNxl%2B9rY%3D&t=4d5b0474&ps=13740610&shp=30310797&shcp=ff37627b&idc=useast8,,,,,,,,,
This mask is everywhere! This lip part really looks hydrating 💕💕,1,1,2026-03-10T17:36:28.000Z,jeanie_pearl8,https://www.tiktok.com/@strawflurry/video/7615103283589434637,7175705233498047530,7615682004939490079,https://p19-common-sign.tiktokcdn-us.com/tos-useast8-avt-0068-tx2/972c499f08b423ec335cfa5def5a122b~tplv-tiktokx-cropcenter:100:100.jpg?dr=9640&refresh_token=e48cb5ff&x-expires=1775102400&x-signature=sve%2Fsz%2F5lyKGrpIK3rABHEh%2Fy1A%3D&t=4d5b0474&ps=13740610&shp=30310797&shcp=ff37627b&idc=useast8,,,,,,,,,
And the shape is so cute,0,,2026-03-17T15:09:14.000Z,strawflurry,https://www.tiktok.com/@strawflurry/video/7615103283589434637,6771210965166949382,7618241687462937358,https://p16-common-sign.tiktokcdn-us.com/tos-useast5-avt-0068-tx/1a1a24fd58a274a6279a0b4fb2162298~tplv-tiktokx-cropcenter:100:100.jpg?dr=9640&refresh_token=c43a3f57&x-expires=1775102400&x-signature=A47Lwi5HJXugcEtq0sMiNxl%2B9rY%3D&t=4d5b0474&ps=13740610&shp=30310797&shcp=ff37627b&idc=useast8,,,,,,,,,
Love this reset 😍❤️,1,1,2026-03-10T03:19:00.000Z,maria.ilonggaa,https://www.tiktok.com/@strawflurry/video/7615103283589434637,7358599846501139502,7615461062523503391,https://p16-common-sign.tiktokcdn-us.com/tos-useast8-avt-0068-tx2/ba36e13c8088b13431cb99435a2822ed~tplv-tiktokx-cropcenter:100:100.jpg?dr=9640&refresh_token=87547201&x-expires=1775102400&x-signature=DTqMubFv%2F8u%2FZO9r8hEkqH4M5tw%3D&t=4d5b0474&ps=13740610&shp=30310797&shcp=ff37627b&idc=useast8,,,,,,,,,
your skin looks great at the end,1,1,2026-03-09T04:21:11.000Z,mitipuu,https://www.tiktok.com/@strawflurry/video/7615103283589434637,6997214905271862278,7615105945354781471,https://p16-common-sign.tiktokcdn-us.com/tos-useast8-avt-0068-tx2/e26d8de5ebec7aa22163edd1c4fc093a~tplv-tiktokx-cropcenter:100:100.jpg?dr=9640&refresh_token=0169a786&x-expires=1775102400&x-signature=QLv9Gi%2FB6kj2KZfiU%2FX7xrvcSyU%3D&t=4d5b0474&ps=13740610&shp=30310797&shcp=ff37627b&idc=useast8,,,,,,,,,
Ugh i know its like a need!!,0,,2026-03-10T16:36:45.000Z,strawflurry,https://www.tiktok.com/@strawflurry/video/7615103283589434637,6771210965166949382,7615666627414180621,https://p16-common-sign.tiktokcdn-eu.com/tos-maliva-avt-0068/1a1a24fd58a274a6279a0b4fb2162298~tplv-tiktokx-cropcenter:100:100.jpg?dr=10399&refresh_token=18d63313&x-expires=1775102400&x-signature=qSM8TZqcQ1EdYPODr3hcO1LpRuA%3D&t=4d5b0474&ps=13740610&shp=30310797&shcp=ff37627b&idc=no1a,,,,,,,,,
Hehe thank uu,0,,2026-03-17T15:08:39.000Z,strawflurry,https://www.tiktok.com/@strawflurry/video/7615103283589434637,6771210965166949382,7618241437160096525,https://p16-common-sign.tiktokcdn-eu.com/tos-maliva-avt-0068/1a1a24fd58a274a6279a0b4fb2162298~tplv-tiktokx-cropcenter:100:100.jpg?dr=10399&refresh_token=18d63313&x-expires=1775102400&x-signature=qSM8TZqcQ1EdYPODr3hcO1LpRuA%3D&t=4d5b0474&ps=13740610&shp=30310797&shcp=ff37627b&idc=no1a,,,,,,,,,
Heh thank you queen,0,,2026-03-10T16:32:42.000Z,strawflurry,https://www.tiktok.com/@strawflurry/video/7615103283589434637,6771210965166949382,7615665591765041934,https://p16-common-sign.tiktokcdn-eu.com/tos-maliva-avt-0068/1a1a24fd58a274a6279a0b4fb2162298~tplv-tiktokx-cropcenter:100:100.jpg?dr=10399&refresh_token=18d63313&x-expires=1775102400&x-signature=qSM8TZqcQ1EdYPODr3hcO1LpRuA%3D&t=4d5b0474&ps=13740610&shp=30310797&shcp=ff37627b&idc=no1a,,,,,,,,,
Thank uu!!,0,,2026-03-10T16:37:59.000Z,strawflurry,https://www.tiktok.com/@strawflurry/video/7615103283589434637,6771210965166949382,7615666977445659405,https://p16-common-sign.tiktokcdn-eu.com/tos-maliva-avt-0068/1a1a24fd58a274a6279a0b4fb2162298~tplv-tiktokx-cropcenter:100:100.jpg?dr=10399&refresh_token=18d63313&x-expires=1775102400&x-signature=qSM8TZqcQ1EdYPODr3hcO1LpRuA%3D&t=4d5b0474&ps=13740610&shp=30310797&shcp=ff37627b&idc=no1a,,,,,,,,,
It is !!,0,,2026-03-12T18:11:37.000Z,milky.time1,https://www.tiktok.com/@milky.time1/video/7615862346174549262,7353124464241345582,7616433242489127694,https://p16-sign-va.tiktokcdn.com/tos-maliva-avt-0068/49f88bda1cf91610e55bee8bb06d375b~tplv-tiktokx-cropcenter:100:100.jpg?dr=14579&refresh_token=7d7aeae9&x-expires=1775102400&x-signature=86%2BkI909F1LlPjqq3eFRfJEmFiM%3D&t=4d5b0474&ps=13740610&shp=30310797&shcp=ff37627b&idc=my2,,,,,,,,,
Ahhh thank you love,1,,2026-03-11T19:45:35.000Z,milky.time1,https://www.tiktok.com/@milky.time1/video/7615862346174549262,7353124464241345582,7616086415655584526,https://p16-sign-va.tiktokcdn.com/tos-maliva-avt-0068/49f88bda1cf91610e55bee8bb06d375b~tplv-tiktokx-cropcenter:100:100.jpg?dr=14579&refresh_token=7d7aeae9&x-expires=1775102400&x-signature=86%2BkI909F1LlPjqq3eFRfJEmFiM%3D&t=4d5b0474&ps=13740610&shp=30310797&shcp=ff37627b&idc=my2,,,,,,,,,
Yeees!! And i was impressed how transparenteit was,0,,2026-03-11T19:23:45.000Z,milky.time1,https://www.tiktok.com/@milky.time1/video/7615862346174549262,7353124464241345582,7616080809670279950,https://p16-sign-va.tiktokcdn.com/tos-maliva-avt-0068/49f88bda1cf91610e55bee8bb06d375b~tplv-tiktokx-cropcenter:100:100.jpg?dr=14579&refresh_token=7d7aeae9&x-expires=1775102400&x-signature=86%2BkI909F1LlPjqq3eFRfJEmFiM%3D&t=4d5b0474&ps=13740610&shp=30310797&shcp=ff37627b&idc=my2,,,,,,,,,
I love a good glow in the morning,1,,2026-03-11T05:26:57.000Z,milky.time1,https://www.tiktok.com/@milky.time1/video/7615862346174549262,7353124464241345582,7615865127988069133,https://p16-sign-va.tiktokcdn.com/tos-maliva-avt-0068/49f88bda1cf91610e55bee8bb06d375b~tplv-tiktokx-cropcenter:100:100.jpg?dr=14579&refresh_token=7d7aeae9&x-expires=1775102400&x-signature=86%2BkI909F1LlPjqq3eFRfJEmFiM%3D&t=4d5b0474&ps=13740610&shp=30310797&shcp=ff37627b&idc=my2,,,,,,,,,
Stooop~~~,1,,2026-03-11T05:43:49.000Z,milky.time1,https://www.tiktok.com/@milky.time1/video/7615862346174549262,7353124464241345582,7615869321558311693,https://p16-sign-va.tiktokcdn.com/tos-maliva-avt-0068/49f88bda1cf91610e55bee8bb06d375b~tplv-tiktokx-cropcenter:100:100.jpg?dr=14579&refresh_token=7d7aeae9&x-expires=1775102400&x-signature=86%2BkI909F1LlPjqq3eFRfJEmFiM%3D&t=4d5b0474&ps=13740610&shp=30310797&shcp=ff37627b&idc=my2,,,,,,,,,
Yeees!!!,0,,2026-03-11T17:00:38.000Z,milky.time1,https://www.tiktok.com/@milky.time1/video/7615862346174549262,7353124464241345582,7616043905906017038,https://p16-sign-va.tiktokcdn.com/tos-maliva-avt-0068/49f88bda1cf91610e55bee8bb06d375b~tplv-tiktokx-cropcenter:100:100.jpg?dr=14579&refresh_token=7d7aeae9&x-expires=1775102400&x-signature=86%2BkI909F1LlPjqq3eFRfJEmFiM%3D&t=4d5b0474&ps=13740610&shp=30310797&shcp=ff37627b&idc=my2,,,,,,,,,
It is,0,,2026-03-11T15:32:15.000Z,milky.time1,https://www.tiktok.com/@milky.time1/video/7615862346174549262,7353124464241345582,7616020892624618253,https://p16-sign-va.tiktokcdn.com/tos-maliva-avt-0068/49f88bda1cf91610e55bee8bb06d375b~tplv-tiktokx-cropcenter:100:100.jpg?dr=14579&refresh_token=7d7aeae9&x-expires=1775102400&x-signature=86%2BkI909F1LlPjqq3eFRfJEmFiM%3D&t=4d5b0474&ps=13740610&shp=30310797&shcp=ff37627b&idc=my2,,,,,,,,,
U are so nice,0,,2026-03-11T15:32:21.000Z,milky.time1,https://www.tiktok.com/@milky.time1/video/7615862346174549262,7353124464241345582,7616021132689195790,https://p16-sign-va.tiktokcdn.com/tos-maliva-avt-0068/49f88bda1cf91610e55bee8bb06d375b~tplv-tiktokx-cropcenter:100:100.jpg?dr=14579&refresh_token=7d7aeae9&x-expires=1775102400&x-signature=86%2BkI909F1LlPjqq3eFRfJEmFiM%3D&t=4d5b0474&ps=13740610&shp=30310797&shcp=ff37627b&idc=my2,,,,,,,,,
Hehe cant wait to see your video!,0,,2026-03-10T16:36:52.000Z,strawflurry,https://www.tiktok.com/@strawflurry/video/7615103283589434637,6771210965166949382,7615666617905447693,https://p16-sign-va.tiktokcdn.com/tos-maliva-avt-0068/1a1a24fd58a274a6279a0b4fb2162298~tplv-tiktokx-cropcenter:100:100.jpg?dr=14579&refresh_token=3a6a9e0b&x-expires=1775102400&x-signature=ZdQHkWuzMNDI1w6x3TLt6Ij9ej0%3D&t=4d5b0474&ps=13740610&shp=30310797&shcp=ff37627b&idc=my,,,,,,,,,
Hehe i know loved your video!,0,,2026-03-10T16:37:55.000Z,strawflurry,https://www.tiktok.com/@strawflurry/video/7615103283589434637,6771210965166949382,7615666993408410381,https://p16-sign-va.tiktokcdn.com/tos-maliva-avt-0068/1a1a24fd58a274a6279a0b4fb2162298~tplv-tiktokx-cropcenter:100:100.jpg?dr=14579&refresh_token=3a6a9e0b&x-expires=1775102400&x-signature=ZdQHkWuzMNDI1w6x3TLt6Ij9ej0%3D&t=4d5b0474&ps=13740610&shp=30310797&shcp=ff37627b&idc=my,,,,,,,,,
😍❤️Me too,0,,2026-03-10T16:36:56.000Z,strawflurry,https://www.tiktok.com/@strawflurry/video/7615103283589434637,6771210965166949382,7615666641603609357,https://p16-sign-va.tiktokcdn.com/tos-maliva-avt-0068/1a1a24fd58a274a6279a0b4fb2162298~tplv-tiktokx-cropcenter:100:100.jpg?dr=14579&refresh_token=3a6a9e0b&x-expires=1775102400&x-signature=ZdQHkWuzMNDI1w6x3TLt6Ij9ej0%3D&t=4d5b0474&ps=13740610&shp=30310797&shcp=ff37627b&idc=my,,,,,,,,,
🥰 looking great girl!,1,0,2026-03-10T16:18:57.000Z,guccigirl92586,https://www.tiktok.com/@katespacemt/video/7614551741345926431,6834319771773715461,7615661919454905119,https://p16-common-sign.tiktokcdn-us.com/tos-maliva-avt-0068/7334736723366281222~tplv-tiktokx-cropcenter:100:100.jpg?dr=9640&refresh_token=1210132d&x-expires=1775102400&x-signature=bzY9lxISE%2BzowEhjNgmMCNkoBjk%3D&t=4d5b0474&ps=13740610&shp=30310797&shcp=ff37627b&idc=useast5,,,,,,,,,
Love a good self care night.,1,1,2026-03-16T01:12:24.000Z,shystarr79,https://www.tiktok.com/@pusastudios/video/7617616795553271058,7093893322585949190,7617655020461114113,https://p16-common-sign.tiktokcdn-us.com/tos-maliva-avt-0068/011267befbab920992934c4353a38406~tplv-tiktokx-cropcenter:100:100.jpg?dr=9640&refresh_token=da832816&x-expires=1775102400&x-signature=qDJMzpeNygRQQiOdXsNPyVFu0a4%3D&t=4d5b0474&ps=13740610&shp=30310797&shcp=ff37627b&idc=useast8,,,,,,,,,
Congrats 🥰🥰🥰,0,0,2026-03-06T05:09:16.000Z,phng.mn.g.m,https://www.tiktok.com/@ok.create/video/7613989405396684063,7299252078780957739,7614005119688770334,https://p16-common-sign.tiktokcdn-us.com/tos-useast8-avt-0068-tx2/f661f85509fcd05c1bb02916d7a3a5c0~tplv-tiktokx-cropcenter:100:100.jpg?dr=9640&refresh_token=1995f4a6&x-expires=1775102400&x-signature=K%2BSCvj%2FZMdecZhTc0nY3MPeHhaM%3D&t=4d5b0474&ps=13740610&shp=30310797&shcp=ff37627b&idc=useast5,,,,,,,,,
😍😍😍 Looks great!,0,0,2026-03-09T22:45:14.000Z,yayas.realm,https://www.tiktok.com/@stasy.finds/video/7614933775050345758,6625249527349657605,7615390597565874957,https://p16-common-sign.tiktokcdn-us.com/tos-useast5-avt-0068-tx/ee50402e0259df7e12e8c64d16e150ab~tplv-tiktokx-cropcenter:100:100.jpg?dr=9640&refresh_token=2003c4f6&x-expires=1775102400&x-signature=BG%2Fz6T3ET8Ibkx5Qrz3%2FNGNY%2BYE%3D&t=4d5b0474&ps=13740610&shp=30310797&shcp=ff37627b&idc=useast5,,,,,,,,,
😍😍😘😘,0,0,2026-03-05T14:07:48.000Z,adriaanhdezz,https://www.tiktok.com/@frankiehhz/video/7613531088471739678,6993739087962539013,7613772758812672781,https://p16-common-sign.tiktokcdn-us.com/tos-useast5-avt-0068-tx/72481d35f5748d0e875b3f4ed7e40860~tplv-tiktokx-cropcenter:100:100.jpg?dr=9640&refresh_token=435365d5&x-expires=1775102400&x-signature=CEdW3Gyu66ixHHhjLKt%2FrGSzK%2F0%3D&t=4d5b0474&ps=13740610&shp=30310797&shcp=ff37627b&idc=useast5,,,,,,,,,
Té dejó ese cutis glamoroso 🥰😳😳😳,1,0,2026-03-19T03:29:06.000Z,manta0068,https://www.tiktok.com/@jnicollemf/video/7618780535791504660,7591297812437976078,7618803528877818655,https://p16-common-sign.tiktokcdn-us.com/musically-maliva-obj/1594805258216454~tplv-tiktokx-cropcenter:100:100.jpg?dr=9640&refresh_token=25475cfd&x-expires=1775102400&x-signature=CPOYycLevTZ8W3HjkM5ZHmUdHjE%3D&t=4d5b0474&ps=13740610&shp=30310797&shcp=ff37627b&idc=useast8,,,,,,,,,
🥰👌👌👌Se te ve muy bien 👍,1,0,2026-03-19T13:17:18.000Z,mirquella666,https://www.tiktok.com/@jnicollemf/video/7618780535791504660,7534742376633353230,7618955023267250958,https://p16-common-sign.tiktokcdn-us.com/musically-maliva-obj/1594805258216454~tplv-tiktokx-cropcenter:100:100.jpg?dr=9640&refresh_token=25475cfd&x-expires=1775102400&x-signature=CPOYycLevTZ8W3HjkM5ZHmUdHjE%3D&t=4d5b0474&ps=13740610&shp=30310797&shcp=ff37627b&idc=useast8,,,,,,,,,
🥰🥰🥰🥰🥰🥰,1,0,2026-03-19T02:15:55.000Z,luisaurdaneta8,https://www.tiktok.com/@jnicollemf/video/7618780535791504660,6729973122853110790,7618784675649815303,https://p16-common-sign.tiktokcdn-us.com/tos-alisg-avt-0068/2c8545e87831066afb5b9d851e95d847~tplv-tiktokx-cropcenter:100:100.jpg?dr=9640&refresh_token=13259388&x-expires=1775102400&x-signature=FU5O%2BlCJKK9es6IB0yINHhta4BM%3D&t=4d5b0474&ps=13740610&shp=30310797&shcp=ff37627b&idc=useast8,,,,,,,,,
❤️❤️❤️,0,1,2026-03-27T17:15:55.000Z,_mmaarriiaammii_3,https://www.tiktok.com/@mua_sophio/video/7621983144530496789,7346287333048484865,7621985306044007185,https://p16-common-sign.tiktokcdn-us.com/tos-alisg-avt-0068/242b6fd6be82bf4b3c681973864af73d~tplv-tiktokx-cropcenter:100:100.jpg?dr=9640&refresh_token=1cd9546b&x-expires=1775102400&x-signature=6louOpkycjCVVkTuWO0%2FdYqp9Jc%3D&t=4d5b0474&ps=13740610&shp=30310797&shcp=ff37627b&idc=useast8,,,,,,,,,
✨,1,,2026-03-27T17:39:26.000Z,mua_sophio,https://www.tiktok.com/@mua_sophio/video/7621983144530496789,7271237207795663878,7621991360263127809,https://p16-common-sign.tiktokcdn-us.com/tos-alisg-avt-0068/6a606f755aaa66e8c3236cb6e1fc08e8~tplv-tiktokx-cropcenter:100:100.jpg?dr=9640&refresh_token=83d71efb&x-expires=1775102400&x-signature=bjn0wbsjaFYbcOzJKeBHrggDVKY%3D&t=4d5b0474&ps=13740610&shp=30310797&shcp=ff37627b&idc=useast8,,,,,,,,,
😍😍glass skin,0,0,2026-03-01T04:21:37.000Z,daria.krasnv,https://www.tiktok.com/@dukynka_v_usa/video/7612022466508033310,6780047188741522438,7612137520360964877,https://p16-common-sign.tiktokcdn-us.com/tos-useast5-avt-0068-tx/1f1a6abfa26d756fcc958664bb030c62~tplv-tiktokx-cropcenter:100:100.jpg?dr=9640&refresh_token=895beceb&x-expires=1775102400&x-signature=AArLfH%2FGRkyZxB3b29YTShx%2Fi1w%3D&t=4d5b0474&ps=13740610&shp=30310797&shcp=ff37627b&idc=useast5,,,,,,,,,
😍😍😍,1,0,2026-02-28T21:10:16.000Z,ugcgina,https://www.tiktok.com/@dukynka_v_usa/video/7612022466508033310,7252359300005790762,7612026335061361438,https://p16-common-sign.tiktokcdn-us.com/tos-useast5-avt-0068-tx/1485f95c90f42089fb92e6b3163ea8b8~tplv-tiktokx-cropcenter:100:100.jpg?dr=9640&refresh_token=f05e9f17&x-expires=1775102400&x-signature=W7Yikw65sg9ytleZGAo7MNbMSlc%3D&t=4d5b0474&ps=13740610&shp=30310797&shcp=ff37627b&idc=useast5,,,,,,,,,
🥰🥰🥰🥰,0,0,2026-03-03T03:12:07.000Z,juliaserbina,https://www.tiktok.com/@dukynka_v_usa/video/7612022466508033310,6809190613776696326,7612861747225608973,https://p19-common-sign.tiktokcdn-us.com/tos-maliva-avt-0068/a97c05ab65fed4994ad2c53d1378253e~tplv-tiktokx-cropcenter:100:100.jpg?dr=9640&refresh_token=76a9843f&x-expires=1775102400&x-signature=iHeo47gxDhI%2FHIQErv4%2B9xn0c54%3D&t=4d5b0474&ps=13740610&shp=30310797&shcp=ff37627b&idc=useast5,,,,,,,,,
La quiero probar🥰🥰🥰,0,0,2026-03-28T03:11:53.000Z,shailynpadilla,https://www.tiktok.com/@shantalmariehv/video/7622007883219111181,6854031077812962309,7622138829231145744,https://p16-common-sign.tiktokcdn-us.com/tos-maliva-avt-0068/8947a125f161744dfeb0d8e79d55c826~tplv-tiktokx-cropcenter:100:100.jpg?dr=9640&refresh_token=819bc424&x-expires=1775102400&x-signature=4OXL8ak9pyMxtOC6t00MdR4W4w0%3D&t=4d5b0474&ps=13740610&shp=30310797&shcp=ff37627b&idc=useast8,,,,,,,,,
Necesito esas mascarillas 😍,0,0,2026-03-29T01:03:35.000Z,noemy.ugc,https://www.tiktok.com/@shantalmariehv/video/7622007883219111181,129476131933614080,7622476817840538399,https://p16-common-sign.tiktokcdn-us.com/tos-useast8-avt-0068-tx2/8daec9aa4aaa5493b9659561c184a9cc~tplv-tiktokx-cropcenter:100:100.jpg?dr=9640&refresh_token=5dc56a4a&x-expires=1775102400&x-signature=7Fx5rcUM3lDNmzsPruD8Ia6Xo94%3D&t=4d5b0474&ps=13740610&shp=30310797&shcp=ff37627b&idc=useast8,,,,,,,,,
you’re so glowy,0,0,2026-03-19T18:28:50.000Z,mariamkhodrsweetmoon,https://www.tiktok.com/@bringinglexybach/video/7617703195388824845,6695952234326361094,7619035252112524045,https://p16-common-sign.tiktokcdn-us.com/tos-useast5-avt-0068-tx/eec444ffdf9e3905ef8e2b32ace395f4~tplv-tiktokx-cropcenter:100:100.jpg?dr=9640&refresh_token=58d822ef&x-expires=1775102400&x-signature=JcObjF%2BH5BOtOginzRXv1YEnemA%3D&t=4d5b0474&ps=13740610&shp=30310797&shcp=ff37627b&idc=useast5,,,,,,,,,
Your skin looks so healthy!!,0,1,2026-03-18T18:13:37.000Z,snprshakya,https://www.tiktok.com/@ira.me/video/7616960078666550548,6546745154886177807,7618660380902753032,https://p16-common-sign.tiktokcdn-us.com/tos-alisg-avt-0068/f3e26a7feee10f7e63881fa05016f1a6~tplv-tiktokx-cropcenter:100:100.jpg?dr=9640&refresh_token=9a8c5205&x-expires=1775102400&x-signature=ByTAlY3YqCCbrqlJb4x3ctjjzpo%3D&t=4d5b0474&ps=13740610&shp=30310797&shcp=ff37627b&idc=useast5,,,,,,,,,
Thank you ❤️,1,,2026-03-19T04:15:18.000Z,ira.me,https://www.tiktok.com/@ira.me/video/7616960078666550548,7543061977368249352,7618815444343374593,https://p16-common-sign.tiktokcdn-us.com/tos-alisg-avt-0068/586cbcec0272fb8e869545c7a498174e~tplv-tiktokx-cropcenter:100:100.jpg?dr=9640&refresh_token=cba1750a&x-expires=1775102400&x-signature=vz2k4N59zRQ0aZ9teKbw2ym2HiA%3D&t=4d5b0474&ps=13740610&shp=30310797&shcp=ff37627b&idc=useast5,,,,,,,,,
Glowing 💛,0,1,2026-03-14T06:45:21.000Z,robynmccormack7,https://www.tiktok.com/@ira.me/video/7616960078666550548,6796760392351843334,7616998641026220822,https://p16-common-sign.tiktokcdn-us.com/tos-maliva-avt-0068/7c4110590cb25dc5540dca2b40b57231~tplv-tiktokx-cropcenter:100:100.jpg?dr=9640&refresh_token=8c84c260&x-expires=1775102400&x-signature=C29AoPUz8zj1U7YPx52GLAljgGg%3D&t=4d5b0474&ps=13740610&shp=30310797&shcp=ff37627b&idc=useast5,,,,,,,,,
Thanks🥰❤️,1,,2026-03-14T13:39:58.000Z,ira.me,https://www.tiktok.com/@ira.me/video/7616960078666550548,7543061977368249352,7617105553572102928,https://p16-common-sign.tiktokcdn-us.com/tos-alisg-avt-0068/586cbcec0272fb8e869545c7a498174e~tplv-tiktokx-cropcenter:100:100.jpg?dr=9640&refresh_token=cba1750a&x-expires=1775102400&x-signature=vz2k4N59zRQ0aZ9teKbw2ym2HiA%3D&t=4d5b0474&ps=13740610&shp=30310797&shcp=ff37627b&idc=useast5,,,,,,,,,
I’ve not seen one like this I must give it a try xx,0,1,2026-03-14T19:18:09.000Z,hayleymua4,https://www.tiktok.com/@ira.me/video/7616960078666550548,7142180293951226886,7617192695568073494,https://p16-common-sign.tiktokcdn-us.com/tos-maliva-avt-0068/97eb8f3b5f50139d20ef65df0826d47a~tplv-tiktokx-cropcenter:100:100.jpg?dr=9640&refresh_token=ec5370ea&x-expires=1775102400&x-signature=%2BGJJvSF%2BE%2FEA6tYhQusovWkSrBU%3D&t=4d5b0474&ps=13740610&shp=30310797&shcp=ff37627b&idc=useast5,,,,,,,,,
Yes! I was so impressed with this one😍,0,,2026-03-14T19:21:09.000Z,ira.me,https://www.tiktok.com/@ira.me/video/7616960078666550548,7543061977368249352,7617193454603567888,https://p16-common-sign.tiktokcdn-us.com/tos-alisg-avt-0068/586cbcec0272fb8e869545c7a498174e~tplv-tiktokx-cropcenter:100:100.jpg?dr=9640&refresh_token=cba1750a&x-expires=1775102400&x-signature=vz2k4N59zRQ0aZ9teKbw2ym2HiA%3D&t=4d5b0474&ps=13740610&shp=30310797&shcp=ff37627b&idc=useast5,,,,,,,,,
"Oh, i’ve never sean a clear one like this, your skin looks amazing!! 😍",0,1,2026-03-14T09:00:49.000Z,madeelieefxx,https://www.tiktok.com/@ira.me/video/7616960078666550548,7004562586290455557,7617033571552150304,https://p16-common-sign.tiktokcdn-us.com/tos-useast2a-avt-0068-euttp/1d8ab930841777c6f5851b52ccdbb7da~tplv-tiktokx-cropcenter:100:100.jpg?dr=9640&refresh_token=cf2ec07a&x-expires=1775102400&x-signature=SVy%2F88oesqhB7vkZqJ%2BrBRH%2BlLs%3D&t=4d5b0474&ps=13740610&shp=30310797&shcp=ff37627b&idc=useast5,,,,,,,,,
You’re glowing! ❤️❤️❤️,0,1,2026-03-14T06:22:39.000Z,sundaeurbano,https://www.tiktok.com/@ira.me/video/7616960078666550548,6805143388472640514,7616992840681800466,https://p16-common-sign.tiktokcdn-us.com/tos-alisg-avt-0068/4849653521f73e823f087d2d09894e20~tplv-tiktokx-cropcenter:100:100.jpg?dr=9640&refresh_token=7624d16f&x-expires=1775102400&x-signature=m%2F1OnrRz1ksax2ZVwVgnq%2B5UNMI%3D&t=4d5b0474&ps=13740610&shp=30310797&shcp=ff37627b&idc=useast5,,,,,,,,,
Thank you 🥰❤️,0,,2026-03-14T06:23:25.000Z,ira.me,https://www.tiktok.com/@ira.me/video/7616960078666550548,7543061977368249352,7616993037164380945,https://p16-common-sign.tiktokcdn-us.com/tos-alisg-avt-0068/586cbcec0272fb8e869545c7a498174e~tplv-tiktokx-cropcenter:100:100.jpg?dr=9640&refresh_token=cba1750a&x-expires=1775102400&x-signature=vz2k4N59zRQ0aZ9teKbw2ym2HiA%3D&t=4d5b0474&ps=13740610&shp=30310797&shcp=ff37627b&idc=useast5,,,,,,,,,
wow i need to try these !!! 😍💕,0,1,2026-03-15T10:24:19.000Z,nica.ugc.lifestyle,https://www.tiktok.com/@ira.me/video/7616960078666550548,7607213513858040854,7617426170179863318,https://p19-common-sign.tiktokcdn-us.com/tos-maliva-avt-0068/5192424482fb895317d9ad2de39c69de~tplv-tiktokx-cropcenter:100:100.jpg?dr=9640&refresh_token=060c2b49&x-expires=1775102400&x-signature=SdXtKNpnKT%2BxkwbGg1crHVJ1lnw%3D&t=4d5b0474&ps=13740610&shp=30310797&shcp=ff37627b&idc=useast5,,,,,,,,,
Yess!! It’s really good 🥰,0,,2026-03-15T16:45:47.000Z,ira.me,https://www.tiktok.com/@ira.me/video/7616960078666550548,7543061977368249352,7617524539026588433,https://p16-common-sign.tiktokcdn-us.com/tos-alisg-avt-0068/586cbcec0272fb8e869545c7a498174e~tplv-tiktokx-cropcenter:100:100.jpg?dr=9640&refresh_token=cba1750a&x-expires=1775102400&x-signature=vz2k4N59zRQ0aZ9teKbw2ym2HiA%3D&t=4d5b0474&ps=13740610&shp=30310797&shcp=ff37627b&idc=useast5,,,,,,,,,
That mask looks like it feels so good on the skin😍😍,0,1,2026-03-14T12:42:51.000Z,_this_is_mel_,https://www.tiktok.com/@ira.me/video/7616960078666550548,6763729683496240133,7617090833209328400,https://p16-common-sign.tiktokcdn-us.com/tos-alisg-avt-0068/0d843954750c20d12562419577f4092f~tplv-tiktokx-cropcenter:100:100.jpg?dr=9640&refresh_token=bbbfe43d&x-expires=1775102400&x-signature=%2BBzo%2Fct9hOUGXmhbWm9%2F4iHoPZI%3D&t=4d5b0474&ps=13740610&shp=30310797&shcp=ff37627b&idc=useast5,,,,,,,,,
#CrystalSkin #GlowRoutine #CollagenMask #GlutathioneMask #KBeauty,0,0,2026-03-14T04:16:45.000Z,ira.me,https://www.tiktok.com/@ira.me/video/7616960078666550548,7543061977368249352,7616960414076928769,https://p16-common-sign.tiktokcdn-us.com/tos-alisg-avt-0068/586cbcec0272fb8e869545c7a498174e~tplv-tiktokx-cropcenter:100:100.jpg?dr=9640&refresh_token=cba1750a&x-expires=1775102400&x-signature=vz2k4N59zRQ0aZ9teKbw2ym2HiA%3D&t=4d5b0474&ps=13740610&shp=30310797&shcp=ff37627b&idc=useast5,,,,,,,,,
your skin is chefs kiss,0,1,2026-03-15T06:22:20.000Z,varrshkaaa,https://www.tiktok.com/@ira.me/video/7616960078666550548,6885423400014169089,7617363833489343252,https://p16-common-sign.tiktokcdn-us.com/tos-alisg-avt-0068/c94e8ade20511059a967fcc474e0d0e7~tplv-tiktokx-cropcenter:100:100.jpg?dr=9640&refresh_token=1c233d8d&x-expires=1775102400&x-signature=Yn5KOOwXeTjVyCTWZPbcJJBQrR4%3D&t=4d5b0474&ps=13740610&shp=30310797&shcp=ff37627b&idc=useast5,,,,,,,,,
"Awe, thank you ❤️",0,,2026-03-15T16:44:05.000Z,ira.me,https://www.tiktok.com/@ira.me/video/7616960078666550548,7543061977368249352,7617524081865196304,https://p16-common-sign.tiktokcdn-us.com/tos-alisg-avt-0068/586cbcec0272fb8e869545c7a498174e~tplv-tiktokx-cropcenter:100:100.jpg?dr=9640&refresh_token=cba1750a&x-expires=1775102400&x-signature=vz2k4N59zRQ0aZ9teKbw2ym2HiA%3D&t=4d5b0474&ps=13740610&shp=30310797&shcp=ff37627b&idc=useast5,,,,,,,,,
Que maravilla 🥰,0,0,2026-03-31T20:52:35.000Z,yai_avila,https://www.tiktok.com/@soy.mel34/video/7622366483703794957,7257906870655255595,7623525397900591886,https://p19-common-sign.tiktokcdn-us.com/tos-useast5-avt-0068-tx/5d0b1eb6bd8380e7d1291728b6970057~tplv-tiktokx-cropcenter:100:100.jpg?dr=9640&refresh_token=e839cbd4&x-expires=1775102400&x-signature=S4cNw9QJymoSHILNbzpxYC2eF%2Fo%3D&t=4d5b0474&ps=13740610&shp=30310797&shcp=ff37627b&idc=useast5,,,,,,,,,
😍,0,0,2026-03-29T02:45:24.000Z,katy.amador99,https://www.tiktok.com/@soy.mel34/video/7622366483703794957,7173718868398474286,7622503085294846750,https://p16-common-sign.tiktokcdn-us.com/tos-useast5-avt-0068-tx/7347287127350050859~tplv-tiktokx-cropcenter:100:100.jpg?dr=9640&refresh_token=34240fc4&x-expires=1775102400&x-signature=OGZ%2F9VbAam4G81ec1DSjkofW2g4%3D&t=4d5b0474&ps=13740610&shp=30310797&shcp=ff37627b&idc=useast5,,,,,,,,,
🥰🥰🥰,0,0,2026-03-28T18:02:23.000Z,gleibys.campos.ri,https://www.tiktok.com/@soy.mel34/video/7622366483703794957,7585169129028535352,7622368375741907730,https://p16-common-sign.tiktokcdn-us.com/tos-alisg-avt-0068/93a49f4e810cb1cf878d32793f6223f9~tplv-tiktokx-cropcenter:100:100.jpg?dr=9640&refresh_token=07aa0989&x-expires=1775102400&x-signature=6Fwv7yoNb4hu3Wz75F33JCqza1Y%3D&t=4d5b0474&ps=13740610&shp=30310797&shcp=ff37627b&idc=useast5,,,,,,,,,
😍😍😍,0,0,2026-03-29T14:06:16.000Z,l.o.p.e.z.d.a.y,https://www.tiktok.com/@soy.mel34/video/7622366483703794957,7140308180160169003,7622678492588999437,https://p16-common-sign.tiktokcdn-us.com/tos-useast5-avt-0068-tx/f5824d141370141a96c30d90f619a3d7~tplv-tiktokx-cropcenter:100:100.jpg?dr=9640&refresh_token=628fb341&x-expires=1775102400&x-signature=FklzEdYDtgM%2F5n6%2BcKmH2BlyXeU%3D&t=4d5b0474&ps=13740610&shp=30310797&shcp=ff37627b&idc=useast5,,,,,,,,,
How long does the feeling last,0,0,2026-03-15T17:37:36.000Z,da_clean_freak,https://www.tiktok.com/@_jbaby3/video/7617276427624320270,7378869879221077034,7617537815987274526,https://p16-common-sign.tiktokcdn-us.com/tos-useast8-avt-0068-tx2/0443d500a6b21d5a9c466d50ca71f1a6~tplv-tiktokx-cropcenter:100:100.jpg?dr=9640&refresh_token=a3120b8b&x-expires=1775102400&x-signature=JgskiB6pJSB%2FFq551VT0wuQeCbc%3D&t=4d5b0474&ps=13740610&shp=30310797&shcp=ff37627b&idc=useast8,,,,,,,,,
Tengo que probarlo 😍😍,0,0,2026-03-05T06:08:45.000Z,ana_rodriquez7,https://www.tiktok.com/@yessinegrete1017/video/7613280713084833055,6812344758939436037,7613649321275343646,https://p16-common-sign.tiktokcdn-us.com/tos-useast8-avt-0068-tx2/960286c2bc836eb50bd050e31001a357~tplv-tiktokx-cropcenter:100:100.jpg?dr=9640&refresh_token=4acfa66a&x-expires=1775102400&x-signature=iWvmjLfg%2FrmSziqhN8hdbUF1X7I%3D&t=4d5b0474&ps=13740610&shp=30310797&shcp=ff37627b&idc=useast5,,,,,,,,,
SUPER BUENISIMA QUE SE VE ✨✨✨,0,0,2026-03-04T16:40:27.000Z,isamaralvarengadezepeda,https://www.tiktok.com/@yessinegrete1017/video/7613280713084833055,6773386204987671557,7613441114238665503,https://p16-common-sign.tiktokcdn-us.com/tos-useast5-avt-0068-tx/591a03abb575fc45e15316587753336f~tplv-tiktokx-cropcenter:100:100.jpg?dr=9640&refresh_token=ef844bc5&x-expires=1775102400&x-signature=Er5AjkM1wdOmUW3YYIJab39j1Hw%3D&t=4d5b0474&ps=13740610&shp=30310797&shcp=ff37627b&idc=useast5,,,,,,,,,
Necesito probarlos yaaa!!,0,0,2026-03-04T23:23:54.000Z,modopaochicc,https://www.tiktok.com/@yessinegrete1017/video/7613280713084833055,7017631265443234822,7613545136785589022,https://p16-common-sign.tiktokcdn-us.com/tos-maliva-avt-0068/184ba09593c0230558e5d10b451886e1~tplv-tiktokx-cropcenter:100:100.jpg?dr=9640&refresh_token=70c643b5&x-expires=1775102400&x-signature=CBE%2F3OKQaHSjW8EM25dqlYkVxGU%3D&t=4d5b0474&ps=13740610&shp=30310797&shcp=ff37627b&idc=useast5,,,,,,,,,
wow your skin is amazing 😍,0,0,2026-03-08T18:12:07.000Z,ela.dolsi,https://www.tiktok.com/@theycallmejown/video/7614005709440617742,7591626477700137996,7614949162748445460,https://p16-common-sign.tiktokcdn-us.com/tos-alisg-avt-0068/04098c45535f4b5029fa6127fdcb288e~tplv-tiktokx-cropcenter:100:100.jpg?dr=9640&refresh_token=1aedaf05&x-expires=1775102400&x-signature=OA%2FSqNM0h88U6htauEjEPxVlX8M%3D&t=4d5b0474&ps=13740610&shp=30310797&shcp=ff37627b&idc=useast5,,,,,,,,,
This is a great skincare combo 😍,0,0,2026-03-11T03:19:48.000Z,miriamvelas84,https://www.tiktok.com/@theycallmejown/video/7614005709440617742,6767204758185853958,7615832440946524942,https://p16-common-sign.tiktokcdn-us.com/tos-useast5-avt-0068-tx/088f383044fba82dbd0e5e29a40490c0~tplv-tiktokx-cropcenter:100:100.jpg?dr=9640&refresh_token=eb5f3c33&x-expires=1775102400&x-signature=oUEhgvuSp5IBeZ3mRXc67L2082w%3D&t=4d5b0474&ps=13740610&shp=30310797&shcp=ff37627b&idc=useast5,,,,,,,,,
Wow that glow,1,0,2026-03-06T20:50:10.000Z,sammieboo_1,https://www.tiktok.com/@theycallmejown/video/7614005709440617742,6852060045494256645,7614247685093638919,https://p16-common-sign.tiktokcdn-us.com/tos-alisg-avt-0068/87a236a4a251ccde7c8cdf178a0837df~tplv-tiktokx-cropcenter:100:100.jpg?dr=9640&refresh_token=e824a523&x-expires=1775102400&x-signature=OwwudNSnP6uBNlzk6YKSodccogQ%3D&t=4d5b0474&ps=13740610&shp=30310797&shcp=ff37627b&idc=useast5,,,,,,,,,
Nice result🥰,0,0,2026-03-07T00:39:57.000Z,review.with.olya,https://www.tiktok.com/@theycallmejown/video/7614005709440617742,7348581863387399211,7614306732291359518,https://p16-common-sign.tiktokcdn-us.com/tos-useast8-avt-0068-tx2/4406fb164136b55f2ae1603472a92d33~tplv-tiktokx-cropcenter:100:100.jpg?dr=9640&refresh_token=a1a3beb4&x-expires=1775102400&x-signature=pIq%2FCKCumxlA878zG8RDa2za4Cs%3D&t=4d5b0474&ps=13740610&shp=30310797&shcp=ff37627b&idc=useast5,,,,,,,,,
Love this wonderful 😍,1,0,2026-03-06T22:51:00.000Z,syeda0096,https://www.tiktok.com/@theycallmejown/video/7614005709440617742,7304509431548052526,7614278723060138766,https://p16-common-sign.tiktokcdn-us.com/tos-useast5-avt-0068-tx/eda3918eeda72f4c0f44923dd747072b~tplv-tiktokx-cropcenter:100:100.jpg?dr=9640&refresh_token=79355ae6&x-expires=1775102400&x-signature=ZKSvd619TnGh6dO0e9kfALSOk3o%3D&t=4d5b0474&ps=13740610&shp=30310797&shcp=ff37627b&idc=useast5,,,,,,,,,
Love the results! So hydrated,0,0,2026-03-13T20:08:43.000Z,wisteriacreekdesigns,https://www.tiktok.com/@theycallmejown/video/7614005709440617742,7251235185190454315,7616834511720760078,https://p16-common-sign.tiktokcdn-us.com/tos-useast5-avt-0068-tx/cc30cbc05da43443d9cdad8503fe67d0~tplv-tiktokx-cropcenter:100:100.jpg?dr=9640&refresh_token=2d3fff69&x-expires=1775102400&x-signature=ZXG56w%2BLzaD2id%2BJ3K56xfavbpE%3D&t=4d5b0474&ps=13740610&shp=30310797&shcp=ff37627b&idc=useast5,,,,,,,,,
Can’t wait to try this!,1,0,2026-03-06T22:00:08.000Z,couchboundrealitytv,https://www.tiktok.com/@theycallmejown/video/7614005709440617742,7328470404870898694,7614265715458327303,https://p19-common-sign.tiktokcdn-us.com/tos-maliva-avt-0068/68dc9eea45c4b34d2a0bc40132e946e3~tplv-tiktokx-cropcenter:100:100.jpg?dr=9640&refresh_token=54e0e9ae&x-expires=1775102400&x-signature=bRJaKQc7CubWY2Sb%2Bl2Leblafwg%3D&t=4d5b0474&ps=13740610&shp=30310797&shcp=ff37627b&idc=useast5,,,,,,,,,
so lovely ❤️,0,0,2026-03-07T15:12:16.000Z,blueskiesneverlast,https://www.tiktok.com/@theycallmejown/video/7614005709440617742,7419126809482314794,7614531330798289694,https://p16-common-sign.tiktokcdn-us.com/tos-useast8-avt-0068-tx2/b8417d11b36ec5d635431fa19772b02a~tplv-tiktokx-cropcenter:100:100.jpg?dr=9640&refresh_token=c2548e73&x-expires=1775102400&x-signature=qWFxCaTXYUohGvtDMZ3y%2F%2FlCVIw%3D&t=4d5b0474&ps=13740610&shp=30310797&shcp=ff37627b&idc=useast5,,,,,,,,,
Lovely,0,0,2026-03-07T16:32:28.000Z,hajarbeautyuk,https://www.tiktok.com/@theycallmejown/video/7614005709440617742,6814195693563036678,7614552374407660311,https://p16-common-sign.tiktokcdn-us.com/tos-maliva-avt-0068/7539c9f9cf42d587f6baf44c7a443f23~tplv-tiktokx-cropcenter:100:100.jpg?dr=9640&refresh_token=90699bfe&x-expires=1775102400&x-signature=d55bSYxOqlpiY0h9x%2FId1Slu%2FUA%3D&t=4d5b0474&ps=13740610&shp=30310797&shcp=ff37627b&idc=useast5,,,,,,,,,
i support all creators. I fully #engaged,0,0,2026-03-07T02:23:55.000Z,1gary_dsm,https://www.tiktok.com/@theycallmejown/video/7614005709440617742,7170860600113071109,7614333739552064272,https://p16-common-sign.tiktokcdn-us.com/tos-alisg-avt-0068/f3bd55b34efc9e47756e2b7a5eed615f~tplv-tiktokx-cropcenter:100:100.jpg?dr=9640&refresh_token=536f057d&x-expires=1775102400&x-signature=nNU8Q%2FYx9vS9f91qE3MfFz4M7PM%3D&t=4d5b0474&ps=13740610&shp=30310797&shcp=ff37627b&idc=useast5,,,,,,,,,
Wow it’s transparent 😍,1,1,2026-03-31T01:40:17.000Z,glassskinjournal,https://www.tiktok.com/@mara_hunt88/video/7623224462414056725,7534909442586264577,7623228480331023120,https://p16-common-sign.tiktokcdn-eu.com/tos-alisg-avt-0068/c45cd4b062cbce927e26bcc3e40df76d~tplv-tiktokx-cropcenter:100:100.jpg?dr=10399&refresh_token=69ba85a6&x-expires=1775102400&x-signature=529u5esUMULoil%2BgApDVMZeliIc%3D&t=4d5b0474&ps=13740610&shp=30310797&shcp=ff37627b&idc=no1a,,,,,,,,,
"Yes, dear my skin feels so soft and refreshed after .",0,,2026-03-31T01:43:38.000Z,mara_hunt88,https://www.tiktok.com/@mara_hunt88/video/7623224462414056725,6867958722368783365,7623229363475694353,https://p16-common-sign.tiktokcdn-eu.com/tos-maliva-avt-0068/b4571d860a919a43ecc1216d29fdfb6e~tplv-tiktokx-cropcenter:100:100.jpg?dr=10399&refresh_token=a3776b25&x-expires=1775102400&x-signature=WUIMStXbZkugDK%2FLEBDGrhUUzik%3D&t=4d5b0474&ps=13740610&shp=30310797&shcp=ff37627b&idc=no1a,,,,,,,,,
Ouu lovely mask combo 💯💯💯,1,1,2026-03-31T01:35:09.000Z,glowwith_ruth,https://www.tiktok.com/@mara_hunt88/video/7623224462414056725,7066379812911121413,7623227209641345799,https://p16-common-sign.tiktokcdn-eu.com/tos-alisg-avt-0068/49f0fa217e3e698326496a0d630af244~tplv-tiktokx-cropcenter:100:100.jpg?dr=10399&refresh_token=4997f286&x-expires=1775102400&x-signature=rJMNfzPIJxUhvY%2BBf4EjnVQRncM%3D&t=4d5b0474&ps=13740610&shp=30310797&shcp=ff37627b&idc=no1a,,,,,,,,,
Absolutely 🥰,0,,2026-03-31T01:42:35.000Z,mara_hunt88,https://www.tiktok.com/@mara_hunt88/video/7623224462414056725,6867958722368783365,7623229039906194193,https://p16-common-sign.tiktokcdn-eu.com/tos-maliva-avt-0068/b4571d860a919a43ecc1216d29fdfb6e~tplv-tiktokx-cropcenter:100:100.jpg?dr=10399&refresh_token=a3776b25&x-expires=1775102400&x-signature=WUIMStXbZkugDK%2FLEBDGrhUUzik%3D&t=4d5b0474&ps=13740610&shp=30310797&shcp=ff37627b&idc=no1a,,,,,,,,,
ooohhhh this routine looks insanely hydrating 👏🥰,1,0,2026-03-31T09:04:17.000Z,millennialglowup,https://www.tiktok.com/@mara_hunt88/video/7623224462414056725,7466356509947511826,7623342857953624849,https://p16-common-sign.tiktokcdn-eu.com/tos-alisg-avt-0068/f5232e53f5ab640f7d3adf32f4e9941e~tplv-tiktokx-cropcenter:100:100.jpg?dr=10399&refresh_token=390ed6ba&x-expires=1775102400&x-signature=glKBTZibUneB7sA9ZHuDrf7Q5ws%3D&t=4d5b0474&ps=13740610&shp=30310797&shcp=ff37627b&idc=no1a,,,,,,,,,
I want to try this one🥰,0,0,2026-04-01T02:41:54.000Z,kandylove28,https://www.tiktok.com/@mara_hunt88/video/7623224462414056725,7035383277091537926,7623615465047016199,https://p16-common-sign.tiktokcdn-eu.com/tos-maliva-avt-0068/af6b706e8048794bc0f34a82c895cbcf~tplv-tiktokx-cropcenter:100:100.jpg?dr=10399&refresh_token=820144b6&x-expires=1775102400&x-signature=Ip2NYiKxU6hZnyvIaqNYo76VLe4%3D&t=4d5b0474&ps=13740610&shp=30310797&shcp=ff37627b&idc=no1a,,,,,,,,,
I’m trying this,1,1,2026-03-31T01:45:53.000Z,ashabieats_,https://www.tiktok.com/@mara_hunt88/video/7623224462414056725,6807479464458126342,7623229930609230610,https://p16-common-sign.tiktokcdn-eu.com/tos-maliva-avt-0068/f7e8af1cb4d8cc88ab2e8ebc914f2b4e~tplv-tiktokx-cropcenter:100:100.jpg?dr=10399&refresh_token=f49580e8&x-expires=1775102400&x-signature=0txt92hEFjgweAvaixXfCGgyBLs%3D&t=4d5b0474&ps=13740610&shp=30310797&shcp=ff37627b&idc=no1a,,,,,,,,,
Yesss go for it 😍,1,,2026-03-31T01:59:01.000Z,mara_hunt88,https://www.tiktok.com/@mara_hunt88/video/7623224462414056725,6867958722368783365,7623233331928285953,https://p16-common-sign.tiktokcdn-eu.com/tos-maliva-avt-0068/b4571d860a919a43ecc1216d29fdfb6e~tplv-tiktokx-cropcenter:100:100.jpg?dr=10399&refresh_token=a3776b25&x-expires=1775102400&x-signature=WUIMStXbZkugDK%2FLEBDGrhUUzik%3D&t=4d5b0474&ps=13740610&shp=30310797&shcp=ff37627b&idc=no1a,,,,,,,,,
nice 😌,0,0,2026-03-31T10:42:44.000Z,saniboo10,https://www.tiktok.com/@mara_hunt88/video/7623224462414056725,6799207999883117574,7623368319592334100,https://p16-common-sign.tiktokcdn-eu.com/tos-alisg-avt-0068/441f828b72ce4a550a89560f00be1029~tplv-tiktokx-cropcenter:100:100.jpg?dr=10399&refresh_token=d62a7a4a&x-expires=1775102400&x-signature=AavoL%2FAjed2fu22PoeDAtA94Ji0%3D&t=4d5b0474&ps=13740610&shp=30310797&shcp=ff37627b&idc=no1a,,,,,,,,,
Wow the results,0,0,2026-03-31T08:04:31.000Z,funmiskin,https://www.tiktok.com/@mara_hunt88/video/7623224462414056725,7121813997053297670,7623327431899169558,https://p16-common-sign.tiktokcdn-eu.com/tos-no1a-avt-0068c001-no/fcf339f53c3f8c935ee13a32a3ed84fb~tplv-tiktokx-cropcenter:100:100.jpg?dr=10399&refresh_token=bf9c06cc&x-expires=1775102400&x-signature=qMnrpe6AE%2BrfwJRoUmRi59vaIB8%3D&t=4d5b0474&ps=13740610&shp=30310797&shcp=ff37627b&idc=no1a,,,,,,,,,
Need to try 😍,1,1,2026-03-31T01:42:59.000Z,ugc.byfz,https://www.tiktok.com/@mara_hunt88/video/7623224462414056725,7482821255432913926,7623229213776134932,https://p16-common-sign.tiktokcdn-eu.com/tos-alisg-avt-0068/4d0b942e75d84f549d45b09984b77274~tplv-tiktokx-cropcenter:100:100.jpg?dr=10399&refresh_token=5326147a&x-expires=1775102400&x-signature=D4Xp%2BXubTAcR%2BoQZEqHXg85Trkk%3D&t=4d5b0474&ps=13740610&shp=30310797&shcp=ff37627b&idc=no1a,,,,,,,,,
You HAVE to try 😍 So good!,0,,2026-03-31T01:45:27.000Z,mara_hunt88,https://www.tiktok.com/@mara_hunt88/video/7623224462414056725,6867958722368783365,7623229791433310977,https://p16-common-sign.tiktokcdn-eu.com/tos-maliva-avt-0068/b4571d860a919a43ecc1216d29fdfb6e~tplv-tiktokx-cropcenter:100:100.jpg?dr=10399&refresh_token=a3776b25&x-expires=1775102400&x-signature=WUIMStXbZkugDK%2FLEBDGrhUUzik%3D&t=4d5b0474&ps=13740610&shp=30310797&shcp=ff37627b&idc=no1a,,,,,,,,,
Wow I will get this,1,1,2026-03-31T01:45:54.000Z,beautyworld51,https://www.tiktok.com/@mara_hunt88/video/7623224462414056725,7236743361963623429,7623229950791582482,https://p16-common-sign.tiktokcdn-eu.com/tos-alisg-avt-0068/cfa72eeedd8040c304d949a1fd782146~tplv-tiktokx-cropcenter:100:100.jpg?dr=10399&refresh_token=dc116041&x-expires=1775102400&x-signature=LntosjVBFmMjfc6ycguG9viNHQU%3D&t=4d5b0474&ps=13740610&shp=30310797&shcp=ff37627b&idc=no1a,,,,,,,,,
It’s so worth it your skin is going to love it,0,,2026-03-31T01:58:31.000Z,mara_hunt88,https://www.tiktok.com/@mara_hunt88/video/7623224462414056725,6867958722368783365,7623233139603981057,https://p16-common-sign.tiktokcdn-eu.com/tos-maliva-avt-0068/b4571d860a919a43ecc1216d29fdfb6e~tplv-tiktokx-cropcenter:100:100.jpg?dr=10399&refresh_token=a3776b25&x-expires=1775102400&x-signature=WUIMStXbZkugDK%2FLEBDGrhUUzik%3D&t=4d5b0474&ps=13740610&shp=30310797&shcp=ff37627b&idc=no1a,,,,,,,,,
Love it so glowing ❤️,0,0,2026-03-31T21:16:18.000Z,shilehzkhan,https://www.tiktok.com/@mara_hunt88/video/7623224462414056725,7480174414501168161,7623531587917120278,https://p16-common-sign.tiktokcdn-eu.com/tos-no1a-avt-0068c001-no/f31bbeea9ae42ff66fdde03ec6f4d8c2~tplv-tiktokx-cropcenter:100:100.jpg?dr=10399&refresh_token=39ae6aea&x-expires=1775102400&x-signature=2Zp%2B%2FuAoUXWt1VwANOGVuk%2BoeuQ%3D&t=4d5b0474&ps=13740610&shp=30310797&shcp=ff37627b&idc=no1a,,,,,,,,,
"Wow, the mask is already so clear, how do we know when it’s safe to remove it?",0,0,2026-03-31T19:17:58.000Z,rebelkushie,https://www.tiktok.com/@mara_hunt88/video/7623224462414056725,7254256541384442886,7623501066974839574,https://p16-common-sign.tiktokcdn-eu.com/tos-no1a-avt-0068c001-no/1e5c817a6b919d19647505ce15614f32~tplv-tiktokx-cropcenter:100:100.jpg?dr=10399&refresh_token=a9da1d87&x-expires=1775102400&x-signature=Ymq4RAFyuXfeIL2wa31pSrHlbDc%3D&t=4d5b0474&ps=13740610&shp=30310797&shcp=ff37627b&idc=no1a,,,,,,,,,
Looks so new to me 😍 had to try this,0,0,2026-03-31T02:11:29.000Z,makeupandmoments7,https://www.tiktok.com/@mara_hunt88/video/7623224462414056725,7339594778445448225,7623236218100744982,https://p16-common-sign.tiktokcdn-eu.com/tos-no1a-avt-0068c001-no/4fb21503a1c8064bca3e61bb300b1250~tplv-tiktokx-cropcenter:100:100.jpg?dr=10399&refresh_token=832fdec6&x-expires=1775102400&x-signature=CNzNW1qVgRwQopwmmEaWDGi0NjI%3D&t=4d5b0474&ps=13740610&shp=30310797&shcp=ff37627b&idc=no1a,,,,,,,,,
Love this mask! Skin looks hydrated,0,0,2026-03-31T16:46:22.000Z,dblacdanni,https://www.tiktok.com/@mara_hunt88/video/7623224462414056725,7273217545192571936,7623462017639088919,https://p16-common-sign.tiktokcdn-eu.com/tos-no1a-avt-0068c001-no/24ceed9023e59027fb1465bce04b3744~tplv-tiktokx-cropcenter:100:100.jpg?dr=10399&refresh_token=40be4230&x-expires=1775102400&x-signature=NjBklTS%2BaKW9O66zrvn7TVrEX8A%3D&t=4d5b0474&ps=13740610&shp=30310797&shcp=ff37627b&idc=no1a,,,,,,,,,
How long do you leave it on you for?,0,0,2026-03-31T14:29:27.000Z,lovethpex,https://www.tiktok.com/@mara_hunt88/video/7623224462414056725,7460564674284323846,7623426759682360071,https://p16-common-sign.tiktokcdn-eu.com/tos-maliva-avt-0068/aec696e65526205d05a670c3191cb9b4~tplv-tiktokx-cropcenter:100:100.jpg?dr=10399&refresh_token=2145f3ce&x-expires=1775102400&x-signature=2mq9L0TnRZYqcKopFHBmA65H%2FjY%3D&t=4d5b0474&ps=13740610&shp=30310797&shcp=ff37627b&idc=no1a,,,,,,,,,
wow looks amazing love to try this mask,0,0,2026-03-31T18:23:50.000Z,zhara.el.hdrt,https://www.tiktok.com/@mara_hunt88/video/7623224462414056725,7334075341466256417,7623487146816701206,https://p16-common-sign.tiktokcdn-eu.com/tos-no1a-avt-0068c001-no/5a3c1cb79554080cd77e4806936f73f6~tplv-tiktokx-cropcenter:100:100.jpg?dr=10399&refresh_token=18d30cae&x-expires=1775102400&x-signature=F5tbbGEJIGFRgO5f%2FcDVA7CpZwA%3D&t=4d5b0474&ps=13740610&shp=30310797&shcp=ff37627b&idc=no1a,,,,,,,,,
very hydrating and smooth 👌,0,0,2026-03-31T21:08:34.000Z,k_slimzy,https://www.tiktok.com/@mara_hunt88/video/7623224462414056725,6811816343799120902,7623529580880478998,https://p16-common-sign.tiktokcdn-eu.com/tos-no1a-avt-0068c001-no/df94c3dd014894e6d4daa37168ce19bd~tplv-tiktokx-cropcenter:100:100.jpg?dr=10399&refresh_token=9eabcac8&x-expires=1775102400&x-signature=DE6j%2FHbRfRrQWSuY%2F1QDY740bRM%3D&t=4d5b0474&ps=13740610&shp=30310797&shcp=ff37627b&idc=no1a,,,,,,,,,
Ohhh the mask is soo clear and I love the after glow wer can I get the mask for myself 🥰,0,0,2026-03-31T18:57:39.000Z,sarahskincarediary,https://www.tiktok.com/@mara_hunt88/video/7623224462414056725,7601932124173681671,7623495870709121810,https://p16-common-sign.tiktokcdn-eu.com/tos-alisg-avt-0068/bfa687c2f10534efa8c46ea5dabe136b~tplv-tiktokx-cropcenter:100:100.jpg?dr=10399&refresh_token=cfd85b1f&x-expires=1775102400&x-signature=g7%2F8ybi9lMtRykp0ecvf60tb108%3D&t=4d5b0474&ps=13740610&shp=30310797&shcp=ff37627b&idc=no1a,,,,,,,,,
perfect mask for me🫣💗,0,0,2026-03-31T13:49:55.000Z,dreamyyyv,https://www.tiktok.com/@mara_hunt88/video/7623224462414056725,7518867924229358614,7623416500746502934,https://p16-common-sign.tiktokcdn-eu.com/tos-no1a-avt-0068c001-no/75019d14dd95fb3dcdb03e2f5e9a9e74~tplv-tiktokx-cropcenter:100:100.jpg?dr=10399&refresh_token=a28efa6f&x-expires=1775102400&x-signature=lAzdv4WKgffUaXxoYXw6w3K%2FMCE%3D&t=4d5b0474&ps=13740610&shp=30310797&shcp=ff37627b&idc=no1a,,,,,,,,,
This collagen mask is a must 💕,0,0,2026-04-01T01:44:14.000Z,rocecil,https://www.tiktok.com/@mara_hunt88/video/7623224462414056725,6799993315136865282,7623600579860808469,https://p16-common-sign.tiktokcdn-eu.com/tos-alisg-avt-0068/8930022cf7157b4b1821aa790ecfb589~tplv-tiktokx-cropcenter:100:100.jpg?dr=10399&refresh_token=f46b9415&x-expires=1775102400&x-signature=dtcKweh3FXVlud%2FLLZ%2FeWLhO4hk%3D&t=4d5b0474&ps=13740610&shp=30310797&shcp=ff37627b&idc=no1a,,,,,,,,,
"Skin looks hydrated, love a good mask 😍",0,0,2026-03-31T17:35:57.000Z,alexandrailie8,https://www.tiktok.com/@mara_hunt88/video/7623224462414056725,6558069219005906949,7623474813063021334,https://p16-common-sign.tiktokcdn-eu.com/tos-no1a-avt-0068c001-no/24d7ce38d2b6943515c0eca38a249dbc~tplv-tiktokx-cropcenter:100:100.jpg?dr=10399&refresh_token=e06579eb&x-expires=1775102400&x-signature=Jj15pCMGbw6plHgf7GmgFmFx0EI%3D&t=4d5b0474&ps=13740610&shp=30310797&shcp=ff37627b&idc=no1a,,,,,,,,,
Ooo super hydrating 😍,0,0,2026-03-31T22:47:04.000Z,unboxwith_ke,https://www.tiktok.com/@mara_hunt88/video/7623224462414056725,7264612508429763616,7623554895602058006,https://p16-common-sign.tiktokcdn-eu.com/tos-no1a-avt-0068c001-no/b2f93de34afc6208f26b1f34acd5f469~tplv-tiktokx-cropcenter:100:100.jpg?dr=10399&refresh_token=144d9a9d&x-expires=1775102400&x-signature=C1So8kHJhAurGZcXeSphFgf8szA%3D&t=4d5b0474&ps=13740610&shp=30310797&shcp=ff37627b&idc=no1a,,,,,,,,,
Need this 😳🥰,0,0,2026-03-31T15:59:51.000Z,catherine_loves_beauty,https://www.tiktok.com/@mara_hunt88/video/7623224462414056725,7479171729611260974,7623449985656488735,https://p16-common-sign.tiktokcdn-eu.com/tos-maliva-avt-0068/614f54f0572691be0b9b2121bf30122c~tplv-tiktokx-cropcenter:100:100.jpg?dr=10399&refresh_token=862f51d7&x-expires=1775102400&x-signature=4%2FSW45g69NAPuTlWaRyMmgYJ5Mo%3D&t=4d5b0474&ps=13740610&shp=30310797&shcp=ff37627b&idc=no1a,,,,,,,,,
Wow I think this is the first time I am seeing a clear sheet mask,1,1,2026-03-31T01:53:00.000Z,ms.bolu,https://www.tiktok.com/@mara_hunt88/video/7623224462414056725,7320431351672456234,7623231731227018015,https://p16-common-sign.tiktokcdn-eu.com/tos-maliva-avt-0068/c2f43ef61cd4fe167855b13f81b12737~tplv-tiktokx-cropcenter:100:100.jpg?dr=10399&refresh_token=554da6e6&x-expires=1775102400&x-signature=bIjMrj0cRKgxgfychEv1uAJNcCM%3D&t=4d5b0474&ps=13740610&shp=30310797&shcp=ff37627b&idc=no1a,,,,,,,,,
It’s so unique and feels amazing on the skin super lightweight and hydrating 🥰,0,,2026-03-31T01:59:48.000Z,mara_hunt88,https://www.tiktok.com/@mara_hunt88/video/7623224462414056725,6867958722368783365,7623233474628174593,https://p16-common-sign.tiktokcdn-eu.com/tos-maliva-avt-0068/b4571d860a919a43ecc1216d29fdfb6e~tplv-tiktokx-cropcenter:100:100.jpg?dr=10399&refresh_token=a3776b25&x-expires=1775102400&x-signature=WUIMStXbZkugDK%2FLEBDGrhUUzik%3D&t=4d5b0474&ps=13740610&shp=30310797&shcp=ff37627b&idc=no1a,,,,,,,,,
Hydration,0,0,2026-04-01T01:20:03.000Z,k_mary_official,https://www.tiktok.com/@mara_hunt88/video/7623224462414056725,7124412029674505222,7623594348773212948,https://p16-common-sign.tiktokcdn-eu.com/tos-alisg-avt-0068/7a25ddac125f5b2982fe143f554bc52c~tplv-tiktokx-cropcenter:100:100.jpg?dr=10399&refresh_token=d63e895a&x-expires=1775102400&x-signature=c%2BgAAkd3VMt7NzmK0ispgF4xkUI%3D&t=4d5b0474&ps=13740610&shp=30310797&shcp=ff37627b&idc=no1a,,,,,,,,,
Love the invisible mask!,0,0,2026-03-31T23:26:48.000Z,rima_k0,https://www.tiktok.com/@mara_hunt88/video/7623224462414056725,7048678101676819462,7623565150654006036,https://p16-common-sign.tiktokcdn-eu.com/tos-alisg-avt-0068/8ff679467b64dea07556f7e0ffe5cd17~tplv-tiktokx-cropcenter:100:100.jpg?dr=10399&refresh_token=f389dc4c&x-expires=1775102400&x-signature=x7mgX5MYPPwKa%2BhMRG99waxNFRg%3D&t=4d5b0474&ps=13740610&shp=30310797&shcp=ff37627b&idc=no1a,,,,,,,,,
Looks so good😍😍😍,0,0,2026-03-31T22:37:01.000Z,shadi.smi,https://www.tiktok.com/@mara_hunt88/video/7623224462414056725,7433993849950864426,7623552348845081358,https://p19-common-sign.tiktokcdn-eu.com/tos-maliva-avt-0068/eb7ea7e3cf6ee7ecae42d9bc4f5eff73~tplv-tiktokx-cropcenter:100:100.jpg?dr=10399&refresh_token=4f5fccad&x-expires=1775102400&x-signature=oU%2B8u8kMLKblAye%2BIMDuZqK3QyQ%3D&t=4d5b0474&ps=13740610&shp=30310797&shcp=ff37627b&idc=no1a,,,,,,,,,
Its look so hydrating skin,0,0,2026-03-31T20:40:25.000Z,beautyalvi,https://www.tiktok.com/@mara_hunt88/video/7623224462414056725,7122188705062175750,7623522343847133974,https://p16-common-sign.tiktokcdn-eu.com/tos-no1a-avt-0068c001-no/20d6208003c85843e9d97626c1e3c1ad~tplv-tiktokx-cropcenter:100:100.jpg?dr=10399&refresh_token=63d10dec&x-expires=1775102400&x-signature=TwmhDdXQR9v680zN06mK1D7xqYA%3D&t=4d5b0474&ps=13740610&shp=30310797&shcp=ff37627b&idc=no1a,,,,,,,,,
I want to use the lips mask,0,0,2026-03-31T03:30:00.000Z,jennifertrmsc,https://www.tiktok.com/@mara_hunt88/video/7623224462414056725,6767552000517161989,7623256769888715540,https://p16-common-sign.tiktokcdn-eu.com/tos-alisg-avt-0068/64502d4c866980c04fc358a9fc8f2339~tplv-tiktokx-cropcenter:100:100.jpg?dr=10399&refresh_token=cecce1e2&x-expires=1775102400&x-signature=tLysbllwGSEXsAox3cpQ11FitMM%3D&t=4d5b0474&ps=13740610&shp=30310797&shcp=ff37627b&idc=no1a,,,,,,,,,
So hydrating and left a beautiful glow😍,0,0,2026-03-31T17:18:31.000Z,glowingwithjune,https://www.tiktok.com/@mara_hunt88/video/7623224462414056725,7420854285430162464,7623470294397813526,https://p16-common-sign.tiktokcdn-eu.com/tos-no1a-avt-0068c001-no/f6afb431e87e78690cc54d417a753d86~tplv-tiktokx-cropcenter:100:100.jpg?dr=10399&refresh_token=0b470a1f&x-expires=1775102400&x-signature=Y78Zeqjts51hS%2FmAEh1psnC3hkE%3D&t=4d5b0474&ps=13740610&shp=30310797&shcp=ff37627b&idc=no1a,,,,,,,,,
Such a good mask,0,0,2026-03-31T15:16:14.000Z,fhaydskincarecreator,https://www.tiktok.com/@mara_hunt88/video/7623224462414056725,7434278357315224622,7623438691034563358,https://p16-common-sign.tiktokcdn-eu.com/tos-maliva-avt-0068/0206fecc0d7268744098d8f49db68e12~tplv-tiktokx-cropcenter:100:100.jpg?dr=10399&refresh_token=18b614d8&x-expires=1775102400&x-signature=LbrnLkX%2F5SXefhyk8YbIvUG9Qeo%3D&t=4d5b0474&ps=13740610&shp=30310797&shcp=ff37627b&idc=no1a,,,,,,,,,
So hydrating,0,0,2026-03-31T21:09:44.000Z,lenasrngvbm,https://www.tiktok.com/@mara_hunt88/video/7623224462414056725,7386387602012947461,7623529879132881680,https://p16-common-sign.tiktokcdn-us.com/tos-alisg-avt-0068/7b1f766f9dc9243b65cbfb0d9307ebd9~tplv-tiktokx-cropcenter:100:100.jpg?dr=9640&refresh_token=15314f5b&x-expires=1775102400&x-signature=jinZhJYGScIbTmU90rIcGoFhDHU%3D&t=4d5b0474&ps=13740610&shp=30310797&shcp=ff37627b&idc=useast5,,,,,,,,,
I have to try this sheet mask,1,1,2026-03-31T01:50:42.000Z,funmiomookun,https://www.tiktok.com/@mara_hunt88/video/7623224462414056725,6810285387089839109,7623231211590222593,https://p16-common-sign.tiktokcdn-us.com/tos-maliva-avt-0068/aafd41a3ab485ede3ee246b04aa81410~tplv-tiktokx-cropcenter:100:100.jpg?dr=9640&refresh_token=84c5c30e&x-expires=1775102400&x-signature=cQMsfEXE0ZzVnaHQ195Fz%2F27U2g%3D&t=4d5b0474&ps=13740610&shp=30310797&shcp=ff37627b&idc=useast5,,,,,,,,,
Yesss you definitely should😍 so hydrating and refreshing.,0,,2026-03-31T01:57:59.000Z,mara_hunt88,https://www.tiktok.com/@mara_hunt88/video/7623224462414056725,6867958722368783365,7623233074129781520,https://p16-common-sign.tiktokcdn-us.com/tos-maliva-avt-0068/b4571d860a919a43ecc1216d29fdfb6e~tplv-tiktokx-cropcenter:100:100.jpg?dr=9640&refresh_token=d3acc905&x-expires=1775102400&x-signature=YoKjp1FyDZOq%2B0E5H%2FD3LbcJmIo%3D&t=4d5b0474&ps=13740610&shp=30310797&shcp=ff37627b&idc=useast5,,,,,,,,,
so hydrating i need to try these,1,1,2026-03-31T01:42:01.000Z,shevycake,https://www.tiktok.com/@mara_hunt88/video/7623224462414056725,6724029162561356805,7623228879012905741,https://p16-common-sign.tiktokcdn-us.com/tos-useast5-avt-0068-tx/d6004a5fea29c08230236464d774d440~tplv-tiktokx-cropcenter:100:100.jpg?dr=9640&refresh_token=aad35977&x-expires=1775102400&x-signature=MeyuCYzsgz0NwjwJOyBGU8VKzfY%3D&t=4d5b0474&ps=13740610&shp=30310797&shcp=ff37627b&idc=useast5,,,,,,,,,
"Yes! They’re super hydrating, you’ll love them 🥰",0,,2026-03-31T01:44:05.000Z,mara_hunt88,https://www.tiktok.com/@mara_hunt88/video/7623224462414056725,6867958722368783365,7623229487848702721,https://p16-common-sign.tiktokcdn-us.com/tos-maliva-avt-0068/b4571d860a919a43ecc1216d29fdfb6e~tplv-tiktokx-cropcenter:100:100.jpg?dr=9640&refresh_token=d3acc905&x-expires=1775102400&x-signature=YoKjp1FyDZOq%2B0E5H%2FD3LbcJmIo%3D&t=4d5b0474&ps=13740610&shp=30310797&shcp=ff37627b&idc=useast5,,,,,,,,,
Great masks!,0,0,2026-03-31T19:36:06.000Z,couchboundrealitytv,https://www.tiktok.com/@mara_hunt88/video/7623224462414056725,7328470404870898694,7623505755370947335,https://p16-common-sign.tiktokcdn-us.com/tos-maliva-avt-0068/68dc9eea45c4b34d2a0bc40132e946e3~tplv-tiktokx-cropcenter:100:100.jpg?dr=9640&refresh_token=0be3d046&x-expires=1775102400&x-signature=e9t3fV53PBfhyEW2FHvsZHfClLo%3D&t=4d5b0474&ps=13740610&shp=30310797&shcp=ff37627b&idc=useast5,,,,,,,,,
Love the afterglow,0,0,2026-03-31T17:14:37.000Z,barespice,https://www.tiktok.com/@mara_hunt88/video/7623224462414056725,7467966464915932193,7623469310752867094,https://p16-common-sign.tiktokcdn-us.com/tos-maliva-avt-0068/a5d956146d6dd0860d1284abe6f802a7~tplv-tiktokx-cropcenter:100:100.jpg?dr=9640&refresh_token=200d20e3&x-expires=1775102400&x-signature=35%2Fli%2B8STPBWyUA8quIopACtz1E%3D&t=4d5b0474&ps=13740610&shp=30310797&shcp=ff37627b&idc=useast5,,,,,,,,,
I like the lip mask,0,0,2026-03-31T02:18:35.000Z,chinnybabe25,https://www.tiktok.com/@mara_hunt88/video/7623224462414056725,6991478445013009413,7623238401029866248,https://p16-common-sign.tiktokcdn-us.com/tos-alisg-avt-0068/7e10d29ba0fd52d569fd865ea85af8b7~tplv-tiktokx-cropcenter:100:100.jpg?dr=9640&refresh_token=954dde04&x-expires=1775102400&x-signature=xw%2FaZEZswgPwLKTxO8bClk6BGuI%3D&t=4d5b0474&ps=13740610&shp=30310797&shcp=ff37627b&idc=useast5,,,,,,,,,
Love the result,0,0,2026-03-31T06:50:49.000Z,olawunmi_ugc,https://www.tiktok.com/@mara_hunt88/video/7623224462414056725,7378032916108887072,7623308444326691606,https://p16-sign-va.tiktokcdn.com/tos-maliva-avt-0068/708465762557ee2e311233561f931143~tplv-tiktokx-cropcenter:100:100.jpg?dr=14579&refresh_token=42613c4f&x-expires=1775102400&x-signature=vjYkKEZWQ%2FlKUdQ887F4Lk%2BIRB0%3D&t=4d5b0474&ps=13740610&shp=30310797&shcp=ff37627b&idc=sg1,,,,,,,,,
Ohh wow that glow,0,0,2026-03-31T10:48:01.000Z,beautyndvlogs,https://www.tiktok.com/@mara_hunt88/video/7623224462414056725,7356920139415094277,7623369671652442896,https://p16-common-sign.tiktokcdn.com/tos-alisg-avt-0068/c20de9c7fcea3954378ae394f8af8bd0~tplv-tiktokx-cropcenter:100:100.jpg?dr=14579&refresh_token=14ddd2bb&x-expires=1775102400&x-signature=eKdbideUIB8qJWVvdJsiPBdWAKo%3D&t=4d5b0474&ps=13740610&shp=30310797&shcp=ff37627b&idc=sg1,,,,,,,,,
wow love the glow 🥰,0,0,2026-03-31T07:49:11.000Z,tryphosaglow,https://www.tiktok.com/@mara_hunt88/video/7623224462414056725,6983034114777728005,7623323485038019350,https://p16-common-sign.tiktokcdn.com/tos-maliva-avt-0068/e28c70d4f95505677ad598478163fa3c~tplv-tiktokx-cropcenter:100:100.jpg?dr=14579&refresh_token=8fd1d900&x-expires=1775102400&x-signature=El7bEUS6qbarYBqYnL9BgdkgTvY%3D&t=4d5b0474&ps=13740610&shp=30310797&shcp=ff37627b&idc=sg1,,,,,,,,,
❤️❤️❤️,1,,2026-03-11T21:04:39.000Z,dii._.aguii,https://www.tiktok.com/@tizfrizbiz90/video/7616025472094276884,7232338202379142150,7616106867933201170,https://p19-common-sign.tiktokcdn-us.com/tos-alisg-avt-0068/e6a64cefb975d41443ba72af1405c148~tplv-tiktokx-cropcenter:100:100.jpg?dr=9640&refresh_token=573d91f6&x-expires=1775102400&x-signature=kvTE4mh%2BbAtD0LE36SEgUBeAoJA%3D&t=4d5b0474&ps=13740610&shp=30310797&shcp=ff37627b&idc=useast5,,,,,,,,,
A nice mask,1,0,2026-03-11T23:32:09.000Z,reviewsbymk3,https://www.tiktok.com/@tizfrizbiz90/video/7616025472094276884,6914001380520838150,7616144837821383446,https://p19-common-sign.tiktokcdn-us.com/tos-maliva-avt-0068/b7629f7c5f5ab80596dc9fde088dae1e~tplv-tiktokx-cropcenter:100:100.jpg?dr=9640&refresh_token=f9a1e461&x-expires=1775102400&x-signature=BmQJOwMt%2FXOae5a2SBEAsLFjQQo%3D&t=4d5b0474&ps=13740610&shp=30310797&shcp=ff37627b&idc=useast8,,,,,,,,,
my fav kind of mask 😩😩😩,1,0,2026-03-12T20:01:40.000Z,wave2m00n_,https://www.tiktok.com/@tizfrizbiz90/video/7616025472094276884,7030436574949082114,7616461681694393104,https://p19-common-sign.tiktokcdn-us.com/tos-alisg-avt-0068/9220d715e52a8601bc4cfc7aae06afea~tplv-tiktokx-cropcenter:100:100.jpg?dr=9640&refresh_token=6253aabb&x-expires=1775102400&x-signature=vzJe5itx6lSa8B8buIfUea%2BCkLM%3D&t=4d5b0474&ps=13740610&shp=30310797&shcp=ff37627b&idc=useast8,,,,,,,,,
wow this looks very good,1,0,2026-03-14T15:10:33.000Z,misdiarygermany,https://www.tiktok.com/@tizfrizbiz90/video/7616025472094276884,7554897188293198870,7617128866918597408,https://p16-common-sign.tiktokcdn-us.com/tos-maliva-avt-0068/30940b261d2ba51a106b862669f0d4f9~tplv-tiktokx-cropcenter:100:100.jpg?dr=9640&refresh_token=dca97119&x-expires=1775102400&x-signature=bq7k6cJB7h%2F6jk93vhapgFro3rw%3D&t=4d5b0474&ps=13740610&shp=30310797&shcp=ff37627b&idc=useast8,,,,,,,,,
Love this 😍,1,0,2026-03-11T17:24:38.000Z,glowupxnermii,https://www.tiktok.com/@tizfrizbiz90/video/7616025472094276884,7562612292434756621,7616050050486108942,https://p16-common-sign.tiktokcdn-us.com/tos-useast5-avt-0068-tx/1dfea97417f4e5a93abfe61da49ffdfe~tplv-tiktokx-cropcenter:100:100.jpg?dr=9640&refresh_token=9e7115db&x-expires=1775102400&x-signature=IARNleO%2FNQgedIqkl9MgMHsFJwM%3D&t=4d5b0474&ps=13740610&shp=30310797&shcp=ff37627b&idc=useast8,,,,,,,,,
These look amazing 🤩🤩🤩,0,0,2026-03-11T17:35:53.000Z,abundantnic,https://www.tiktok.com/@tizfrizbiz90/video/7616025472094276884,7096214593386595333,7616053064307114774,https://p16-common-sign.tiktokcdn-us.com/tos-maliva-avt-0068/4d8998588efbcd3c2cdcc806a88a8864~tplv-tiktokx-cropcenter:100:100.jpg?dr=9640&refresh_token=6f2fc6fa&x-expires=1775102400&x-signature=55dhCogYtMvX1CJ9XVgytowRE1c%3D&t=4d5b0474&ps=13740610&shp=30310797&shcp=ff37627b&idc=useast8,,,,,,,,,
amazing 🤩,0,0,2026-03-11T22:38:48.000Z,dstybluee,https://www.tiktok.com/@tizfrizbiz90/video/7616025472094276884,7357996662118532101,7616131117461472001,https://p16-common-sign.tiktokcdn-us.com/tos-alisg-avt-0068/848ae62c985c7190e49a1e62402cd678~tplv-tiktokx-cropcenter:100:100.jpg?dr=9640&refresh_token=1b3e3f26&x-expires=1775102400&x-signature=y0HIJr4uRsdJ1Oe9MQdM6KYs4i8%3D&t=4d5b0474&ps=13740610&shp=30310797&shcp=ff37627b&idc=useast8,,,,,,,,,
Glowing 😍😍,1,0,2026-03-11T16:20:58.000Z,sanasthetics_,https://www.tiktok.com/@tizfrizbiz90/video/7616025472094276884,242377995209089024,7616033742710211351,https://p16-common-sign.tiktokcdn-us.com/tos-maliva-avt-0068/d47a8ab0e40f06c752d6a5c48a18f616~tplv-tiktokx-cropcenter:100:100.jpg?dr=9640&refresh_token=c6def485&x-expires=1775102400&x-signature=bzErfCYGm9xVU4NsLo9LsYZN840%3D&t=4d5b0474&ps=13740610&shp=30310797&shcp=ff37627b&idc=useast8,,,,,,,,,
Oh I need to try 😍,0,0,2026-03-12T08:03:11.000Z,sammy190990,https://www.tiktok.com/@tizfrizbiz90/video/7616025472094276884,6815078824243151877,7616276510031102742,https://p16-common-sign.tiktokcdn-us.com/tos-maliva-avt-0068/f449776bc6d3fbedc2fbb687728bd23e~tplv-tiktokx-cropcenter:100:100.jpg?dr=9640&refresh_token=43f83bcd&x-expires=1775102400&x-signature=cBOoIKX8O%2FxQVGnrLAFSXrAxki8%3D&t=4d5b0474&ps=13740610&shp=30310797&shcp=ff37627b&idc=useast8,,,,,,,,,
Omg amooo💖💖💖💖,0,0,2026-03-29T20:49:16.000Z,felipe_0623,https://www.tiktok.com/@thegirlbahamian/video/7622330603320446216,7000370776151196678,7622782389484471060,https://p16-common-sign.tiktokcdn-us.com/tos-alisg-avt-0068/9210a84f9c42f3b1a440aff8a5580714~tplv-tiktokx-cropcenter:100:100.jpg?dr=9640&refresh_token=0603ae7c&x-expires=1775102400&x-signature=chrxyE8Eo9oszMz0bh%2B%2FqoY7buE%3D&t=4d5b0474&ps=13740610&shp=30310797&shcp=ff37627b&idc=useast5,,,,,,,,,
😍😍😍😍😍 Amooo,0,0,2026-03-28T17:25:40.000Z,__.alanna,https://www.tiktok.com/@thegirlbahamian/video/7622330603320446216,7277792745510536197,7622358919247561488,https://p16-common-sign.tiktokcdn-us.com/tos-alisg-avt-0068/2aa62615d2cf369fc07673bce00d310e~tplv-tiktokx-cropcenter:100:100.jpg?dr=9640&refresh_token=90740ebf&x-expires=1775102400&x-signature=YMu9%2Be6jc1sG10pZuGjnS6a1wHE%3D&t=4d5b0474&ps=13740610&shp=30310797&shcp=ff37627b&idc=useast5,,,,,,,,,
😍😍😍,0,0,2026-03-28T16:18:04.000Z,trissnx,https://www.tiktok.com/@thegirlbahamian/video/7622330603320446216,7000143218139972614,7622341491562300168,https://p16-common-sign.tiktokcdn-us.com/tos-alisg-avt-0068/99f15dcba75784e283d08e3f2ce5d744~tplv-tiktokx-cropcenter:100:100.jpg?dr=9640&refresh_token=c17c7a5d&x-expires=1775102400&x-signature=SIA%2FmzUqw4499%2FJcuVsIWfl1awU%3D&t=4d5b0474&ps=13740610&shp=30310797&shcp=ff37627b&idc=useast5,,,,,,,,,
🥰🥰🥰,0,0,2026-03-29T02:31:39.000Z,arquihadas_,https://www.tiktok.com/@thegirlbahamian/video/7622330603320446216,7492659288025662481,7622499585424261896,https://p16-common-sign.tiktokcdn-us.com/tos-alisg-avt-0068/0ba4b63b86d967d4060a71fb2b249eb7~tplv-tiktokx-cropcenter:100:100.jpg?dr=9640&refresh_token=d3fb3e77&x-expires=1775102400&x-signature=VeVwNHOiB%2Fi3p0wxrYPwz%2BatrsQ%3D&t=4d5b0474&ps=13740610&shp=30310797&shcp=ff37627b&idc=useast5,,,,,,,,,
No había visto esa mascarilla transparente Wuao interesante 🧐 me encantó el resultado,1,1,2026-03-30T18:10:11.000Z,eveloorugcec,https://www.tiktok.com/@fernandaaa_246/video/7622866132399082772,7493514503193379845,7623112513747698433,https://p16-common-sign.tiktokcdn-us.com/tos-alisg-avt-0068/1f3f2fad1b47e4b30127f3ff4e668164~tplv-tiktokx-cropcenter:100:100.jpg?dr=9640&refresh_token=455f586c&x-expires=1775102400&x-signature=SEFWsvzoqTKsYj1OhVS811UCBfk%3D&t=4d5b0474&ps=13740610&shp=30310797&shcp=ff37627b&idc=useast8,,,,,,,,,
"Es súper buena Eve, se siente super suavecita 💖",0,,2026-03-31T00:06:17.000Z,fernandaaa_246,https://www.tiktok.com/@fernandaaa_246/video/7622866132399082772,6829448506862093317,7623204252928181012,https://p16-common-sign.tiktokcdn-us.com/tos-maliva-avt-0068/aa1ed6d4f3b7d181eb44774a22f406cf~tplv-tiktokx-cropcenter:100:100.jpg?dr=9640&refresh_token=88ec1876&x-expires=1775102400&x-signature=tD3QodHJB5B1fWLkjS8Ol7K5IKk%3D&t=4d5b0474&ps=13740610&shp=30310797&shcp=ff37627b&idc=useast8,,,,,,,,,
Yo quierooooo💓,1,1,2026-03-30T02:42:08.000Z,mdayyyy00,https://www.tiktok.com/@fernandaaa_246/video/7622866132399082772,7465865422588429329,7622873365887599381,https://p16-common-sign.tiktokcdn-us.com/tos-maliva-avt-0068/357cf3707ea120275a7544b6cd55fb90~tplv-tiktokx-cropcenter:100:100.jpg?dr=9640&refresh_token=86757620&x-expires=1775102400&x-signature=rpcRgXg2dJgf4XxmiU%2BxeUE917Q%3D&t=4d5b0474&ps=13740610&shp=30310797&shcp=ff37627b&idc=useast5,,,,,,,,,
Tenemos qué reunirmos 🥰,0,,2026-03-31T00:06:48.000Z,fernandaaa_246,https://www.tiktok.com/@fernandaaa_246/video/7622866132399082772,6829448506862093317,7623204398830895893,https://p19-common-sign.tiktokcdn-us.com/tos-maliva-avt-0068/aa1ed6d4f3b7d181eb44774a22f406cf~tplv-tiktokx-cropcenter:100:100.jpg?dr=9640&refresh_token=95bfae8e&x-expires=1775102400&x-signature=IrOw5rL8EGvb7tbt7K9jn5IcePQ%3D&t=4d5b0474&ps=13740610&shp=30310797&shcp=ff37627b&idc=useast5,,,,,,,,,
Es muy relajante 😍,1,1,2026-03-30T21:12:19.000Z,alexanderapr,https://www.tiktok.com/@fernandaaa_246/video/7622866132399082772,281956508056129536,7623159444147766024,https://p16-common-sign.tiktokcdn-us.com/tos-maliva-avt-0068/1968cd4226bbbfbe520caacf7d8b73bc~tplv-tiktokx-cropcenter:100:100.jpg?dr=9640&refresh_token=78042bb9&x-expires=1775102400&x-signature=9NgwWqPvVGEyxZ5HWHMr0bxLxtI%3D&t=4d5b0474&ps=13740610&shp=30310797&shcp=ff37627b&idc=useast5,,,,,,,,,
"Verdad que sí, nos encantó 🥰",1,,2026-03-31T00:05:52.000Z,fernandaaa_246,https://www.tiktok.com/@fernandaaa_246/video/7622866132399082772,6829448506862093317,7623204125103178517,https://p19-common-sign.tiktokcdn-us.com/tos-maliva-avt-0068/aa1ed6d4f3b7d181eb44774a22f406cf~tplv-tiktokx-cropcenter:100:100.jpg?dr=9640&refresh_token=95bfae8e&x-expires=1775102400&x-signature=IrOw5rL8EGvb7tbt7K9jn5IcePQ%3D&t=4d5b0474&ps=13740610&shp=30310797&shcp=ff37627b&idc=useast5,,,,,,,,,
Que relajante 🥰🥰,1,1,2026-03-30T15:05:13.000Z,_elizta,https://www.tiktok.com/@fernandaaa_246/video/7622866132399082772,7014513877720400901,7623064882703483669,https://p16-common-sign.tiktokcdn-us.com/tos-alisg-avt-0068/08acc8b662d7f4b171071cfba93720bc~tplv-tiktokx-cropcenter:100:100.jpg?dr=9640&refresh_token=277cacc9&x-expires=1775102400&x-signature=YlBnARQ1CgCln69HYdmivaDqch0%3D&t=4d5b0474&ps=13740610&shp=30310797&shcp=ff37627b&idc=useast5,,,,,,,,,
"Deli deli, esa mascarilla me encantó 💖",1,,2026-03-31T00:06:33.000Z,fernandaaa_246,https://www.tiktok.com/@fernandaaa_246/video/7622866132399082772,6829448506862093317,7623204263775568661,https://p19-common-sign.tiktokcdn-us.com/tos-maliva-avt-0068/aa1ed6d4f3b7d181eb44774a22f406cf~tplv-tiktokx-cropcenter:100:100.jpg?dr=9640&refresh_token=95bfae8e&x-expires=1775102400&x-signature=IrOw5rL8EGvb7tbt7K9jn5IcePQ%3D&t=4d5b0474&ps=13740610&shp=30310797&shcp=ff37627b&idc=useast5,,,,,,,,,
Sooo relaxing,1,1,2026-03-30T01:37:59.000Z,jjaaannniiii,https://www.tiktok.com/@lau.hernan29/video/7622675480621124895,6549313610484989953,7622856843597087519,https://p19-common-sign.tiktokcdn-us.com/tos-useast5-avt-0068-tx/7310641719484252203~tplv-tiktokx-cropcenter:100:100.jpg?dr=9640&refresh_token=8b6bac64&x-expires=1775102400&x-signature=dJbAkOCRW1mi5C4jiAPd%2Fd0AU3s%3D&t=4d5b0474&ps=13740610&shp=30310797&shcp=ff37627b&idc=useast5,,,,,,,,,
Esa piel 😍😍,1,1,2026-03-29T17:16:05.000Z,jenntales,https://www.tiktok.com/@lau.hernan29/video/7622675480621124895,6909652043251909638,7622727407707996941,https://p16-common-sign.tiktokcdn-us.com/tos-useast5-avt-0068-tx/429b3d430b47eccc6a2f0ba92d997a9b~tplv-tiktokx-cropcenter:100:100.jpg?dr=9640&refresh_token=70e143db&x-expires=1775102400&x-signature=QoZD900HBFM391Q4VW%2BuRr4j7qY%3D&t=4d5b0474&ps=13740610&shp=30310797&shcp=ff37627b&idc=useast5,,,,,,,,,
Me relaje is todoooo viendo este video 😍😍,1,1,2026-03-30T12:58:15.000Z,nathaliecambero,https://www.tiktok.com/@lau.hernan29/video/7622675480621124895,6666901029755568133,7623031997480928013,https://p16-common-sign.tiktokcdn-us.com/tos-useast5-avt-0068-tx/47a91aac95ee59ce4cadad505e4d656c~tplv-tiktokx-cropcenter:100:100.jpg?dr=9640&refresh_token=55ef0ff9&x-expires=1775102400&x-signature=12pYPDDgalI7IqPMWjuIh%2BqmiqQ%3D&t=4d5b0474&ps=13740610&shp=30310797&shcp=ff37627b&idc=useast5,,,,,,,,,
😍Amooo,0,,2026-03-31T11:51:23.000Z,lau.hernan29,https://www.tiktok.com/@lau.hernan29/video/7622675480621124895,7361806406754010154,7623385863045939998,https://p16-common-sign.tiktokcdn-us.com/tos-useast8-avt-0068-tx2/32019ad1aeb9bee08899f6a248557969~tplv-tiktokx-cropcenter:100:100.jpg?dr=9640&refresh_token=1a21e986&x-expires=1775102400&x-signature=ilm3VG7%2B%2BTOcTHu9oPhKLzhRDR4%3D&t=4d5b0474&ps=13740610&shp=30310797&shcp=ff37627b&idc=useast5,,,,,,,,,
Un glowwwww ✨,1,1,2026-03-29T14:01:45.000Z,geycrisss,https://www.tiktok.com/@lau.hernan29/video/7622675480621124895,6789340463503459334,7622677350698681101,https://p16-common-sign.tiktokcdn-us.com/tos-useast5-avt-0068-tx/5c2cab3ac5a5814463ff878c7da04206~tplv-tiktokx-cropcenter:100:100.jpg?dr=9640&refresh_token=063b760f&x-expires=1775102400&x-signature=RYTifgPSuuKByqpbcm9yGaOQpk0%3D&t=4d5b0474&ps=13740610&shp=30310797&shcp=ff37627b&idc=useast5,,,,,,,,,
😍,0,,2026-03-31T11:50:59.000Z,lau.hernan29,https://www.tiktok.com/@lau.hernan29/video/7622675480621124895,7361806406754010154,7623385689560695582,https://p16-common-sign.tiktokcdn-us.com/tos-useast8-avt-0068-tx2/32019ad1aeb9bee08899f6a248557969~tplv-tiktokx-cropcenter:100:100.jpg?dr=9640&refresh_token=1a21e986&x-expires=1775102400&x-signature=ilm3VG7%2B%2BTOcTHu9oPhKLzhRDR4%3D&t=4d5b0474&ps=13740610&shp=30310797&shcp=ff37627b&idc=useast5,,,,,,,,,
Amo esos días 😍🥹,1,1,2026-03-29T16:20:16.000Z,loly0513,https://www.tiktok.com/@lau.hernan29/video/7622675480621124895,7128106218279683118,7622713066937762590,https://p16-common-sign.tiktokcdn-us.com/tos-useast8-avt-0068-tx2/5e9e2fbb8dc858a8df2acab26f6b95b3~tplv-tiktokx-cropcenter:100:100.jpg?dr=9640&refresh_token=852f6a4d&x-expires=1775102400&x-signature=WQKe%2FBndNqU1MhI1cpqs3K1c5vs%3D&t=4d5b0474&ps=13740610&shp=30310797&shcp=ff37627b&idc=useast5,,,,,,,,,
MIs fav 💗,0,,2026-03-31T11:51:09.000Z,lau.hernan29,https://www.tiktok.com/@lau.hernan29/video/7622675480621124895,7361806406754010154,7623385767205454623,https://p16-common-sign.tiktokcdn-us.com/tos-useast8-avt-0068-tx2/32019ad1aeb9bee08899f6a248557969~tplv-tiktokx-cropcenter:100:100.jpg?dr=9640&refresh_token=1a21e986&x-expires=1775102400&x-signature=ilm3VG7%2B%2BTOcTHu9oPhKLzhRDR4%3D&t=4d5b0474&ps=13740610&shp=30310797&shcp=ff37627b&idc=useast5,,,,,,,,,
Esa pielll😻😻,1,1,2026-03-29T14:29:14.000Z,luznerissss,https://www.tiktok.com/@lau.hernan29/video/7622675480621124895,7373375104077644805,7622684535582868231,https://p19-common-sign.tiktokcdn-us.com/tos-alisg-avt-0068/ab5956ceab381e123f5c646ef0d81d4a~tplv-tiktokx-cropcenter:100:100.jpg?dr=9640&refresh_token=c79a0775&x-expires=1775102400&x-signature=CmucuWvBjTLogv9dH0u%2F1sgOkKQ%3D&t=4d5b0474&ps=13740610&shp=30310797&shcp=ff37627b&idc=useast5,,,,,,,,,
🥰,0,,2026-03-31T11:51:05.000Z,lau.hernan29,https://www.tiktok.com/@lau.hernan29/video/7622675480621124895,7361806406754010154,7623385500200715039,https://p16-common-sign.tiktokcdn-us.com/tos-useast8-avt-0068-tx2/32019ad1aeb9bee08899f6a248557969~tplv-tiktokx-cropcenter:100:100.jpg?dr=9640&refresh_token=1a21e986&x-expires=1775102400&x-signature=ilm3VG7%2B%2BTOcTHu9oPhKLzhRDR4%3D&t=4d5b0474&ps=13740610&shp=30310797&shcp=ff37627b&idc=useast5,,,,,,,,,
😍😍This looks amazing,0,0,2026-03-11T20:31:55.000Z,iryna.testerin,https://www.tiktok.com/@aurora_luvskincare/video/7615265884147289364,7568972875202774048,7616098442658824992,https://p16-common-sign.tiktokcdn-us.com/tos-useast2a-avt-0068-euttp/b0cd02aabc781ee08ceb13f47e1f1ff4~tplv-tiktokx-cropcenter:100:100.jpg?dr=9640&refresh_token=a2bd6904&x-expires=1775102400&x-signature=%2F2V3psAR8w3qM20NxR5ZvDjhOdc%3D&t=4d5b0474&ps=13740610&shp=30310797&shcp=ff37627b&idc=useast8,,,,,,,,,
Wow! Been wanting to try that lip mask! 🤩,1,0,2026-03-11T01:41:52.000Z,sweetmissysvibe,https://www.tiktok.com/@aurora_luvskincare/video/7615265884147289364,7268772447750112261,7615807220165182216,https://p16-common-sign.tiktokcdn-us.com/tos-maliva-avt-0068/e2eafbba7585bf3e7e1ebaaed53014fb~tplv-tiktokx-cropcenter:100:100.jpg?dr=9640&refresh_token=46d7a3cf&x-expires=1775102400&x-signature=WIfZQJLUm54k6sLOXyNVlZkd5n4%3D&t=4d5b0474&ps=13740610&shp=30310797&shcp=ff37627b&idc=useast8,,,,,,,,,
A new one to me!,1,0,2026-03-12T01:12:44.000Z,joselinastyle,https://www.tiktok.com/@aurora_luvskincare/video/7615265884147289364,7319148053684012064,7616170520019157782,https://p16-common-sign.tiktokcdn-us.com/tos-useast2a-avt-0068-euttp/e5942e8feb8a1c0572e383c7705dac7c~tplv-tiktokx-cropcenter:100:100.jpg?dr=9640&refresh_token=d0f4bd2b&x-expires=1775102400&x-signature=DVXRNjlUy1D8BCcebd83wFSQ8Eg%3D&t=4d5b0474&ps=13740610&shp=30310797&shcp=ff37627b&idc=useast8,,,,,,,,,
looks amazing💝,1,0,2026-03-14T23:20:43.000Z,jakopapageien_gratistest,https://www.tiktok.com/@aurora_luvskincare/video/7615265884147289364,7446327816997602336,7617255180883231521,https://p16-common-sign.tiktokcdn-us.com/tos-useast2a-avt-0068-euttp/4e56f41200ed9f75db7bbcfc516bedfb~tplv-tiktokx-cropcenter:100:100.jpg?dr=9640&refresh_token=c247b48a&x-expires=1775102400&x-signature=kdWg2X30fjg2rcZZ9GVhD7jc9ig%3D&t=4d5b0474&ps=13740610&shp=30310797&shcp=ff37627b&idc=useast8,,,,,,,,,
wow that's amazing 💗,1,0,2026-03-11T14:44:29.000Z,skincare_haircaree,https://www.tiktok.com/@aurora_luvskincare/video/7615265884147289364,7066731212883510298,7616008914325144327,https://p16-common-sign.tiktokcdn-us.com/tos-maliva-avt-0068/7331883608389894149~tplv-tiktokx-cropcenter:100:100.jpg?dr=9640&refresh_token=28e047aa&x-expires=1775102400&x-signature=br6URb7PxVotVJApWWYxc0yP5xU%3D&t=4d5b0474&ps=13740610&shp=30310797&shcp=ff37627b&idc=useast8,,,,,,,,,
Wow congrats 😍❤️,1,0,2026-03-12T08:19:11.000Z,anitaspk97,https://www.tiktok.com/@aurora_luvskincare/video/7615265884147289364,6706770281829483525,7616280699440317192,https://p16-common-sign.tiktokcdn-us.com/tos-alisg-avt-0068/8155bbc50cb8fb81c54d4c0bf574e74e~tplv-tiktokx-cropcenter:100:100.jpg?dr=9640&refresh_token=57a69228&x-expires=1775102400&x-signature=DQYO4NEDI4o9DoPvPrxlI18GxeQ%3D&t=4d5b0474&ps=13740610&shp=30310797&shcp=ff37627b&idc=useast8,,,,,,,,,
I love this routine ! I want to try this mask 💖,1,0,2026-03-09T23:39:44.000Z,bellareneens,https://www.tiktok.com/@aurora_luvskincare/video/7615265884147289364,6807882212789928965,7615404666104546056,https://p19-common-sign.tiktokcdn-us.com/tos-alisg-avt-0068/a6446a1e9526e06c7c643dfb631cc514~tplv-tiktokx-cropcenter:100:100.jpg?dr=9640&refresh_token=2c6116e0&x-expires=1775102400&x-signature=1cG8B%2B%2BeQ%2F02P0sV5qell0jDNtI%3D&t=4d5b0474&ps=13740610&shp=30310797&shcp=ff37627b&idc=useast8,,,,,,,,,
Congratulations 😍,0,0,2026-03-12T21:27:56.000Z,gracemaltoncreates,https://www.tiktok.com/@aurora_luvskincare/video/7615265884147289364,6887809396178977798,7616483951192933127,https://p16-common-sign.tiktokcdn-us.com/tos-alisg-avt-0068/1e7da505e992541bb7855a541f4233aa~tplv-tiktokx-cropcenter:100:100.jpg?dr=9640&refresh_token=7d108194&x-expires=1775102400&x-signature=i7c1U26K1VCBWW4HYqCTwzh4FZY%3D&t=4d5b0474&ps=13740610&shp=30310797&shcp=ff37627b&idc=useast8,,,,,,,,,
Great haul🤩 This lip mask looks interesting🥰,1,0,2026-03-11T11:28:46.000Z,byseoli,https://www.tiktok.com/@aurora_luvskincare/video/7615265884147289364,7446537955399025696,7615958416200811286,https://p16-common-sign.tiktokcdn-us.com/tos-maliva-avt-0068/775a1d14f1aeba8c8a45d5309bd902e8~tplv-tiktokx-cropcenter:100:100.jpg?dr=9640&refresh_token=57a7a67c&x-expires=1775102400&x-signature=27ANjA6ZujOXPxP7y03rYzdsyWg%3D&t=4d5b0474&ps=13740610&shp=30310797&shcp=ff37627b&idc=useast8,,,,,,,,,
I love this bestie 🥰🥰,1,0,2026-03-10T21:42:09.000Z,_dedrab,https://www.tiktok.com/@aurora_luvskincare/video/7615265884147289364,6827946220671501318,7615745403333968653,https://p16-common-sign.tiktokcdn-us.com/tos-useast5-avt-0068-tx/fbb02730867305e96768721d8f1f912f~tplv-tiktokx-cropcenter:100:100.jpg?dr=9640&refresh_token=20bd2290&x-expires=1775102400&x-signature=PON1j%2BElkcrTjc9OlD4aHg8Ua%2FM%3D&t=4d5b0474&ps=13740610&shp=30310797&shcp=ff37627b&idc=useast8,,,,,,,,,
Looks amazing 🥰,1,0,2026-03-14T23:50:43.000Z,gabyyoshikawaa,https://www.tiktok.com/@aurora_luvskincare/video/7615265884147289364,7355355981491012651,7617262636829491999,https://p16-common-sign.tiktokcdn-us.com/tos-useast5-avt-0068-tx/4c578b18fde3eee6c6930e37741102b1~tplv-tiktokx-cropcenter:100:100.jpg?dr=9640&refresh_token=730c1ead&x-expires=1775102400&x-signature=qI23If8BlpMnw33DsH%2FUUF2%2F3X0%3D&t=4d5b0474&ps=13740610&shp=30310797&shcp=ff37627b&idc=useast8,,,,,,,,,
That’s so fun!! The lip mask especially 😁,1,1,2026-03-09T21:08:57.000Z,coffeeladymelissa,https://www.tiktok.com/@aurora_luvskincare/video/7615265884147289364,6882191795263112197,7615365820843148050,https://p19-common-sign.tiktokcdn-us.com/tos-maliva-avt-0068/a63de6deca7403f7308200f7ce124d0a~tplv-tiktokx-cropcenter:100:100.jpg?dr=9640&refresh_token=2153549e&x-expires=1775102400&x-signature=IOG3TbYF%2Bdg9RckE0eHWq%2F813QI%3D&t=4d5b0474&ps=13740610&shp=30310797&shcp=ff37627b&idc=useast8,,,,,,,,,
It really was so fun 😁,1,,2026-03-09T21:09:56.000Z,aurora_luvskincare,https://www.tiktok.com/@aurora_luvskincare/video/7615265884147289364,7014709200157950981,7615366064360243976,https://p16-common-sign.tiktokcdn-us.com/tos-alisg-avt-0068/22ef71ef2a5c32d59d0bd91df2894671~tplv-tiktokx-cropcenter:100:100.jpg?dr=9640&refresh_token=6341f942&x-expires=1775102400&x-signature=3ZrwNCZVYECrwzVMtsnF%2BdFa%2BhA%3D&t=4d5b0474&ps=13740610&shp=30310797&shcp=ff37627b&idc=useast8,,,,,,,,,
This looks wonderful ❤️how do you like it? felt nice after?,1,3,2026-03-10T09:45:54.000Z,dii._.aguii,https://www.tiktok.com/@aurora_luvskincare/video/7615265884147289364,7232338202379142150,7615560877051806471,https://p16-common-sign.tiktokcdn-us.com/tos-alisg-avt-0068/e6a64cefb975d41443ba72af1405c148~tplv-tiktokx-cropcenter:100:100.jpg?dr=9640&refresh_token=c935790b&x-expires=1775102400&x-signature=tvMroWCPA9r5fye3NTOn6BIU2zk%3D&t=4d5b0474&ps=13740610&shp=30310797&shcp=ff37627b&idc=useast8,,,,,,,,,
Its so really nice. The lip mask is definitely my fave😁,1,,2026-03-10T15:37:25.000Z,aurora_luvskincare,https://www.tiktok.com/@aurora_luvskincare/video/7615265884147289364,7014709200157950981,7615651473830494983,https://p16-common-sign.tiktokcdn-us.com/tos-alisg-avt-0068/22ef71ef2a5c32d59d0bd91df2894671~tplv-tiktokx-cropcenter:100:100.jpg?dr=9640&refresh_token=6341f942&x-expires=1775102400&x-signature=3ZrwNCZVYECrwzVMtsnF%2BdFa%2BhA%3D&t=4d5b0474&ps=13740610&shp=30310797&shcp=ff37627b&idc=useast8,,,,,,,,,
the mask looks so good 🤩❤️❤️,1,0,2026-03-09T23:37:12.000Z,scribblesandserums,https://www.tiktok.com/@aurora_luvskincare/video/7615265884147289364,7496310761826337797,7615404039055901441,https://p16-common-sign.tiktokcdn-us.com/tos-alisg-avt-0068/0e1b6cbdf4dcfbbbdb2ab9a985b82dc5~tplv-tiktokx-cropcenter:100:100.jpg?dr=9640&refresh_token=7ca3b4b5&x-expires=1775102400&x-signature=ffPi1W3llBb6N6jrBolZrruLJJ0%3D&t=4d5b0474&ps=13740610&shp=30310797&shcp=ff37627b&idc=useast8,,,,,,,,,
Yayy congrats girl 😍 you deserved it 💗,1,1,2026-03-09T17:52:04.000Z,oliviawalvoort.ugc,https://www.tiktok.com/@aurora_luvskincare/video/7615265884147289364,6781348614583108609,7615315082365125383,https://p19-common-sign.tiktokcdn-us.com/tos-alisg-avt-0068/8415945536ad88066f4befb2d8ff867c~tplv-tiktokx-cropcenter:100:100.jpg?dr=9640&refresh_token=3fd0d8b7&x-expires=1775102400&x-signature=VUuf8IwZ8r7QKH%2FCnj7b5J5aSUs%3D&t=4d5b0474&ps=13740610&shp=30310797&shcp=ff37627b&idc=useast8,,,,,,,,,
Thank you dear ❤️,0,,2026-03-09T19:08:14.000Z,aurora_luvskincare,https://www.tiktok.com/@aurora_luvskincare/video/7615265884147289364,7014709200157950981,7615334714261848850,https://p16-common-sign.tiktokcdn-us.com/tos-alisg-avt-0068/22ef71ef2a5c32d59d0bd91df2894671~tplv-tiktokx-cropcenter:100:100.jpg?dr=9640&refresh_token=6341f942&x-expires=1775102400&x-signature=3ZrwNCZVYECrwzVMtsnF%2BdFa%2BhA%3D&t=4d5b0474&ps=13740610&shp=30310797&shcp=ff37627b&idc=useast8,,,,,,,,,
looks so good😍does it work?💗,1,1,2026-03-12T08:41:46.000Z,ugcbyfayla,https://www.tiktok.com/@aurora_luvskincare/video/7615265884147289364,7571810200953570321,7616286511084536584,https://p16-common-sign.tiktokcdn-us.com/tos-alisg-avt-0068/a4056cebf65186b07526e22ad7dd39e9~tplv-tiktokx-cropcenter:100:100.jpg?dr=9640&refresh_token=18440d00&x-expires=1775102400&x-signature=NFfmRwYdN2D3mcTwS17mNmfhJXk%3D&t=4d5b0474&ps=13740610&shp=30310797&shcp=ff37627b&idc=useast8,,,,,,,,,
Yes great for hydrating your skin,0,,2026-03-12T15:13:09.000Z,aurora_luvskincare,https://www.tiktok.com/@aurora_luvskincare/video/7615265884147289364,7014709200157950981,7616387374554530567,https://p16-common-sign.tiktokcdn-us.com/tos-alisg-avt-0068/22ef71ef2a5c32d59d0bd91df2894671~tplv-tiktokx-cropcenter:100:100.jpg?dr=9640&refresh_token=6341f942&x-expires=1775102400&x-signature=3ZrwNCZVYECrwzVMtsnF%2BdFa%2BhA%3D&t=4d5b0474&ps=13740610&shp=30310797&shcp=ff37627b&idc=useast8,,,,,,,,,
I didn’t even know that lip masks were a thing!! Need to try this asap for my dry lips,1,1,2026-03-10T01:21:42.000Z,the.skinimalist.tiktok,https://www.tiktok.com/@aurora_luvskincare/video/7615265884147289364,7470038303010718728,7615430966919693064,https://p16-common-sign.tiktokcdn-us.com/tos-alisg-avt-0068/759ae9865c6433f4890e8b4aa92e2125~tplv-tiktokx-cropcenter:100:100.jpg?dr=9640&refresh_token=ec042fea&x-expires=1775102400&x-signature=WM6hEtL1D1PBuDWVSVnyUo512IE%3D&t=4d5b0474&ps=13740610&shp=30310797&shcp=ff37627b&idc=useast8,,,,,,,,,
Its was actually really good. I think i will try to use the lip mask over night.,1,,2026-03-10T01:31:48.000Z,aurora_luvskincare,https://www.tiktok.com/@aurora_luvskincare/video/7615265884147289364,7014709200157950981,7615433563495760658,https://p16-common-sign.tiktokcdn-us.com/tos-alisg-avt-0068/22ef71ef2a5c32d59d0bd91df2894671~tplv-tiktokx-cropcenter:100:100.jpg?dr=9640&refresh_token=6341f942&x-expires=1775102400&x-signature=3ZrwNCZVYECrwzVMtsnF%2BdFa%2BhA%3D&t=4d5b0474&ps=13740610&shp=30310797&shcp=ff37627b&idc=useast8,,,,,,,,,
"never used a lipmask, how was it?✨️",1,1,2026-03-13T23:32:57.000Z,mamaglowup.diaries,https://www.tiktok.com/@aurora_luvskincare/video/7615265884147289364,7274680020622410758,7616887244104631058,https://p16-common-sign.tiktokcdn-us.com/tos-alisg-avt-0068/c73ffded39f241d6950607cfe84dae76~tplv-tiktokx-cropcenter:100:100.jpg?dr=9640&refresh_token=749e552e&x-expires=1775102400&x-signature=ukP33jITjled3tfFlE9BwIe1wBI%3D&t=4d5b0474&ps=13740610&shp=30310797&shcp=ff37627b&idc=useast8,,,,,,,,,
It was different for sure. I actually enjoyed it. My lips felt well moisturized after,0,,2026-03-14T01:09:15.000Z,aurora_luvskincare,https://www.tiktok.com/@aurora_luvskincare/video/7615265884147289364,7014709200157950981,7616912081610425096,https://p16-common-sign.tiktokcdn-us.com/tos-alisg-avt-0068/22ef71ef2a5c32d59d0bd91df2894671~tplv-tiktokx-cropcenter:100:100.jpg?dr=9640&refresh_token=6341f942&x-expires=1775102400&x-signature=3ZrwNCZVYECrwzVMtsnF%2BdFa%2BhA%3D&t=4d5b0474&ps=13740610&shp=30310797&shcp=ff37627b&idc=useast8,,,,,,,,,
Ooooo absolutely need this lip mask 😍😍,1,0,2026-03-10T10:54:20.000Z,glowwithaya1,https://www.tiktok.com/@aurora_luvskincare/video/7615265884147289364,7453505375737545760,7615578426255098646,https://p16-common-sign.tiktokcdn-us.com/tos-maliva-avt-0068/5b8ffc138845102ab745c192354f851f~tplv-tiktokx-cropcenter:100:100.jpg?dr=9640&refresh_token=0c22c61c&x-expires=1775102400&x-signature=HUH1byMy7iqU57%2Bn81nDcGPmjdw%3D&t=4d5b0474&ps=13740610&shp=30310797&shcp=ff37627b&idc=useast8,,,,,,,,,
Omg congratulations babe it looks so satisfying 😍😍😍,1,1,2026-03-10T03:05:28.000Z,sahana_budhathoki,https://www.tiktok.com/@aurora_luvskincare/video/7615265884147289364,6607582815678660613,7615457651074450197,https://p16-common-sign.tiktokcdn-us.com/tos-alisg-avt-0068/374fcb4a605ff909e142329b7b7553b2~tplv-tiktokx-cropcenter:100:100.jpg?dr=9640&refresh_token=a6fcb286&x-expires=1775102400&x-signature=hI3dmTghgMmUZziKcQUUg6L9n0M%3D&t=4d5b0474&ps=13740610&shp=30310797&shcp=ff37627b&idc=useast8,,,,,,,,,
Thank you. It was so much fun😁,0,,2026-03-10T04:26:51.000Z,aurora_luvskincare,https://www.tiktok.com/@aurora_luvskincare/video/7615265884147289364,7014709200157950981,7615478616026432263,https://p16-common-sign.tiktokcdn-us.com/tos-alisg-avt-0068/22ef71ef2a5c32d59d0bd91df2894671~tplv-tiktokx-cropcenter:100:100.jpg?dr=9640&refresh_token=6341f942&x-expires=1775102400&x-signature=3ZrwNCZVYECrwzVMtsnF%2BdFa%2BhA%3D&t=4d5b0474&ps=13740610&shp=30310797&shcp=ff37627b&idc=useast8,,,,,,,,,
"Wow such an amazing haul, I need to try the lip masks 😍",1,0,2026-03-11T11:11:51.000Z,leah.contentcreator,https://www.tiktok.com/@aurora_luvskincare/video/7615265884147289364,7534345741453886487,7615954088752153366,https://p19-common-sign.tiktokcdn-us.com/tos-maliva-avt-0068/558d5d388cac34137eb0b7276f93646a~tplv-tiktokx-cropcenter:100:100.jpg?dr=9640&refresh_token=1ab25488&x-expires=1775102400&x-signature=f2k1zTSqt85ylGeIKGfvyf0%2FZcQ%3D&t=4d5b0474&ps=13740610&shp=30310797&shcp=ff37627b&idc=useast8,,,,,,,,,
This looks amazing! Can you use it overnight?,1,1,2026-03-09T19:24:01.000Z,catherine_loves_beauty,https://www.tiktok.com/@aurora_luvskincare/video/7615265884147289364,7479171729611260974,7615338674666521375,https://p16-common-sign.tiktokcdn-us.com/tos-useast8-avt-0068-tx2/614f54f0572691be0b9b2121bf30122c~tplv-tiktokx-cropcenter:100:100.jpg?dr=9640&refresh_token=2c5f35be&x-expires=1775102400&x-signature=YR6bZTcoJXJQjLvSon10Yf46KkU%3D&t=4d5b0474&ps=13740610&shp=30310797&shcp=ff37627b&idc=useast8,,,,,,,,,
Wooooow 🥰🥰 lip masks are so underrated! Love that you get full coverage using them! Otherwise the lips can feel so dry 🥺,1,1,2026-03-09T18:47:35.000Z,soradakke,https://www.tiktok.com/@aurora_luvskincare/video/7615265884147289364,7548101197279282198,7615329399944758038,https://p16-common-sign.tiktokcdn-us.com/tos-maliva-avt-0068/7fee851a44194ac85e85647b5238a6a6~tplv-tiktokx-cropcenter:100:100.jpg?dr=9640&refresh_token=eea59b58&x-expires=1775102400&x-signature=DA4iLlonjdAo6OgtaS3ZARSK8Ko%3D&t=4d5b0474&ps=13740610&shp=30310797&shcp=ff37627b&idc=useast8,,,,,,,,,
I need this lip mask😍,1,0,2026-03-10T15:11:40.000Z,girl_like.nina,https://www.tiktok.com/@aurora_luvskincare/video/7615265884147289364,6995897478315131909,7615644841795978005,https://p16-common-sign.tiktokcdn-us.com/tos-alisg-avt-0068/e63bc81de4c57ab4dbd5bf86c11ed269~tplv-tiktokx-cropcenter:100:100.jpg?dr=9640&refresh_token=c2d8b2c3&x-expires=1775102400&x-signature=OLS1rsBiUqapppNbwlHTdWoNPK8%3D&t=4d5b0474&ps=13740610&shp=30310797&shcp=ff37627b&idc=useast8,,,,,,,,,
"omg, this wonderful 😍",1,0,2026-03-10T18:44:01.000Z,ugc_kisha,https://www.tiktok.com/@aurora_luvskincare/video/7615265884147289364,7169936430260454442,7615699361784152846,https://p16-common-sign.tiktokcdn-us.com/tos-useast5-avt-0068-tx/92598a24874f91ce87a71c7ddfae1940~tplv-tiktokx-cropcenter:100:100.jpg?dr=9640&refresh_token=50aa58c0&x-expires=1775102400&x-signature=CyNlVnpVtfn3ii%2BDsb51Fq2JNxM%3D&t=4d5b0474&ps=13740610&shp=30310797&shcp=ff37627b&idc=useast8,,,,,,,,,
Wow these look so good and that glow,1,0,2026-03-10T08:59:02.000Z,nicola_reviews,https://www.tiktok.com/@aurora_luvskincare/video/7615265884147289364,6989326581957837829,7615548760655004438,https://p16-common-sign.tiktokcdn-us.com/tos-maliva-avt-0068/6366f8f71111d75dfff71c6ab6c02ff8~tplv-tiktokx-cropcenter:100:100.jpg?dr=9640&refresh_token=7fbf8661&x-expires=1775102400&x-signature=YrEn6nzsCyVwEYs%2F7U1yPtyQstY%3D&t=4d5b0474&ps=13740610&shp=30310797&shcp=ff37627b&idc=useast8,,,,,,,,,
Looks amazing and fun to use ❤️,0,0,2026-03-09T23:27:55.000Z,sanjuchhetrii,https://www.tiktok.com/@aurora_luvskincare/video/7615265884147289364,319563242471686144,7615401629776347925,https://p16-common-sign.tiktokcdn-us.com/tos-useast2a-avt-0068-giso/69e274ec48f1eaa73a2bb6c3563b62cb~tplv-tiktokx-cropcenter:100:100.jpg?dr=9640&refresh_token=dc93e8ba&x-expires=1775102400&x-signature=yKB1E6CQKbbWJeNJAW4KCQhj6RQ%3D&t=4d5b0474&ps=13740610&shp=30310797&shcp=ff37627b&idc=useast8,,,,,,,,,
That masks looks amazing,1,0,2026-03-09T21:34:10.000Z,pramilathapa574,https://www.tiktok.com/@aurora_luvskincare/video/7615265884147289364,7207783711684625410,7615372214737683217,https://p16-common-sign.tiktokcdn-us.com/tos-alisg-avt-0068/3fbd984c3fc44eb4154070b52460c923~tplv-tiktokx-cropcenter:100:100.jpg?dr=9640&refresh_token=38cabf7c&x-expires=1775102400&x-signature=9UOh0ogVNZwWnOm5keuYlYmFq9c%3D&t=4d5b0474&ps=13740610&shp=30310797&shcp=ff37627b&idc=useast8,,,,,,,,,
I tried mine yesterday 🥰so good,1,0,2026-03-11T03:12:15.000Z,rima_k0,https://www.tiktok.com/@aurora_luvskincare/video/7615265884147289364,7048678101676819462,7615830476398707477,https://p16-common-sign.tiktokcdn-us.com/tos-alisg-avt-0068/8ff679467b64dea07556f7e0ffe5cd17~tplv-tiktokx-cropcenter:100:100.jpg?dr=9640&refresh_token=80fe9111&x-expires=1775102400&x-signature=IGtwZHD0%2FHHaMc2hd1jtDTlJrUI%3D&t=4d5b0474&ps=13740610&shp=30310797&shcp=ff37627b&idc=useast8,,,,,,,,,
Wow so glowy,1,0,2026-03-09T17:57:54.000Z,justtiffanys,https://www.tiktok.com/@aurora_luvskincare/video/7615265884147289364,6800255269194236934,7615316463008367390,https://p19-common-sign.tiktokcdn-us.com/tos-useast8-avt-0068-tx2/ec7bc5fc84fe9e014cdc2ecb9b1d086b~tplv-tiktokx-cropcenter:100:100.jpg?dr=9640&refresh_token=cdac3247&x-expires=1775102400&x-signature=cvSa3xprCY%2B6yR18AIjv4cKwNwM%3D&t=4d5b0474&ps=13740610&shp=30310797&shcp=ff37627b&idc=useast8,,,,,,,,,
Yesss 😍,0,0,2026-03-12T05:24:24.000Z,ouissejourney,https://www.tiktok.com/@meenaljamila/video/7616102297029905695,6893989239479387142,7616235634907054868,https://p16-common-sign.tiktokcdn-us.com/tos-alisg-avt-0068/1cb5ca07edcbbe35a0ddcf9ec7610d90~tplv-tiktokx-cropcenter:100:100.jpg?dr=9640&refresh_token=aa05ae10&x-expires=1775102400&x-signature=7SYf9iQzWEBntIKvvN4G6fLUhHA%3D&t=4d5b0474&ps=13740610&shp=30310797&shcp=ff37627b&idc=useast5,,,,,,,,,
Skin is flawless! 💕💕💕,0,0,2026-03-12T04:05:00.000Z,angie_inspo,https://www.tiktok.com/@meenaljamila/video/7616102297029905695,6991510672014083078,7616215040430441229,https://p16-common-sign.tiktokcdn-us.com/tos-useast5-avt-0068-tx/4abe8e4ffec5079cd776542c6734f111~tplv-tiktokx-cropcenter:100:100.jpg?dr=9640&refresh_token=c24b513b&x-expires=1775102400&x-signature=UJKHuZKH2dYJIDtkOErVr1YCQdA%3D&t=4d5b0474&ps=13740610&shp=30310797&shcp=ff37627b&idc=useast5,,,,,,,,,
"Only 20 min?! Sign me up , I don’t have the patience for the all day masks 😂love the look of this lip mask to 👄",1,0,2026-03-09T18:11:29.000Z,bella_ugc_xx,https://www.tiktok.com/@aurora_luvskincare/video/7615265884147289364,7355045588800554017,7615320078078935841,https://p16-common-sign.tiktokcdn.com/tos-useast2a-avt-0068-euttp/4c9171dd40d9c84424d1ced19166fd78~tplv-tiktokx-cropcenter:100:100.jpg?dr=14579&refresh_token=14c2786a&x-expires=1775102400&x-signature=7krn2l6B8Y0281aLYdDUtKBxGYQ%3D&t=4d5b0474&ps=13740610&shp=30310797&shcp=ff37627b&idc=my,,,,,,,,,
That lip mask looks so fun to use😍,1,0,2026-03-10T01:34:59.000Z,ysanadine,https://www.tiktok.com/@aurora_luvskincare/video/7615265884147289364,6555467002118619137,7615434337031734034,https://p16-sign-va.tiktokcdn.com/tos-maliva-avt-0068/0b46f2b9ab931c038cdbd8c140dd9f3f~tplv-tiktokx-cropcenter:100:100.jpg?dr=14579&refresh_token=16912284&x-expires=1775102400&x-signature=uaufKVqvFJQiyqxpmU4gBxBi5to%3D&t=4d5b0474&ps=13740610&shp=30310797&shcp=ff37627b&idc=my,,,,,,,,,
I'm intrigued by this lip mask! So smart to use both together 😍,0,0,2026-03-10T00:28:47.000Z,remadeinkorea,https://www.tiktok.com/@aurora_luvskincare/video/7615265884147289364,7478922793591374855,7615417290910401301,https://p16-common-sign.tiktokcdn.com/tos-alisg-avt-0068/2c0567f12c1fda560150dae60ae060aa~tplv-tiktokx-cropcenter:100:100.jpg?dr=14579&refresh_token=f66dfba3&x-expires=1775102400&x-signature=OckTX5mkNI7eCpU%2FZKDVNb%2BmO24%3D&t=4d5b0474&ps=13740610&shp=30310797&shcp=ff37627b&idc=my,,,,,,,,,
Wow so many good skincare products!,1,0,2026-03-09T19:06:04.000Z,ari.tried_,https://www.tiktok.com/@aurora_luvskincare/video/7615265884147289364,7598977948922201110,7615334158848377632,https://p19-common-sign-useastred.tiktokcdn-eu.com/tos-useast2a-avt-0068-euttp/2787e96c8444af7bbcb4759a635b7358~tplv-tiktokx-cropcenter:100:100.jpg?dr=14579&refresh_token=bf16d3ea&x-expires=1775102400&x-signature=0Gj1JTYklpzi03JcCxAMaYMPnaY%3D&t=4d5b0474&ps=13740610&shp=30310797&shcp=ff37627b&idc=my,,,,,,,,,
Right! the lip masks are huge,0,,2026-03-09T19:06:42.000Z,aurora_luvskincare,https://www.tiktok.com/@aurora_luvskincare/video/7615265884147289364,7014709200157950981,7615334310091162386,https://p16-sign-sg.tiktokcdn.com/tos-alisg-avt-0068/22ef71ef2a5c32d59d0bd91df2894671~tplv-tiktokx-cropcenter:100:100.jpg?dr=14579&refresh_token=d7bda3f6&x-expires=1775102400&x-signature=iDx0iVY%2BbHTCJWHjVxMKqTkkr3U%3D&t=4d5b0474&ps=13740610&shp=30310797&shcp=ff37627b&idc=my,,,,,,,,,
omg love it! cant wait to try this routine out too!,1,0,2026-03-09T14:58:05.000Z,ugcfabfinds,https://www.tiktok.com/@aurora_luvskincare/video/7615265884147289364,7143343649554990086,7615270257817289490,https://p16-sign-sg.tiktokcdn.com/tos-alisg-avt-0068/bf6435bfebb3aa8b6e78c59a43f3431e~tplv-tiktokx-cropcenter:100:100.jpg?dr=14579&refresh_token=64895d59&x-expires=1775102400&x-signature=PqhmFz%2Ff9do9SrY0%2FSRmGDQe7FA%3D&t=4d5b0474&ps=13740610&shp=30310797&shcp=ff37627b&idc=my,,,,,,,,,
I dont see why you couldn't. Its actually a good idea.,0,,2026-03-09T19:55:27.000Z,aurora_luvskincare,https://www.tiktok.com/@aurora_luvskincare/video/7615265884147289364,7014709200157950981,7615346865685119751,https://p16-sign-sg.tiktokcdn.com/tos-alisg-avt-0068/22ef71ef2a5c32d59d0bd91df2894671~tplv-tiktokx-cropcenter:100:100.jpg?dr=14579&refresh_token=d7bda3f6&x-expires=1775102400&x-signature=iDx0iVY%2BbHTCJWHjVxMKqTkkr3U%3D&t=4d5b0474&ps=13740610&shp=30310797&shcp=ff37627b&idc=my,,,,,,,,,
the lip mask looks so good,1,0,2026-03-09T21:51:52.000Z,weluvswonny,https://www.tiktok.com/@aurora_luvskincare/video/7615265884147289364,7269188857659540485,7615376823804068616,https://p16-sign-va.tiktokcdn.com/tos-maliva-avt-0068/c8f24a6b74db1ca8dac6fd75cdd36fb7~tplv-tiktokx-cropcenter:100:100.jpg?dr=14579&refresh_token=e541bce7&x-expires=1775102400&x-signature=r0NMvZN%2BbhobiXZoEnrlK2iwESY%3D&t=4d5b0474&ps=13740610&shp=30310797&shcp=ff37627b&idc=my,,,,,,,,,
"Perfect combo🥰 the lip mask, wanna try it too✨",1,0,2026-03-10T02:24:56.000Z,syra.creates,https://www.tiktok.com/@aurora_luvskincare/video/7615265884147289364,7338749303228646432,7615446799336063766,https://p16-sign-va.tiktokcdn.com/tos-maliva-avt-0068/8a2f0450d09d447d99c9c9b5aa2e7616~tplv-tiktokx-cropcenter:100:100.jpg?dr=14579&refresh_token=b0f23811&x-expires=1775102400&x-signature=4jmOB8n4lGLvfUlmxVQa1dRVvN0%3D&t=4d5b0474&ps=13740610&shp=30310797&shcp=ff37627b&idc=my,,,,,,,,,
Wow 👌👌👌👌👌👌👌👌👌👌👌👌,1,0,2026-03-09T14:49:56.000Z,beauty_by.muzhgan,https://www.tiktok.com/@aurora_luvskincare/video/7615265884147289364,7408201078644524064,7615268142071530273,https://p16-sign-va.tiktokcdn.com/tos-maliva-avt-0068/d2c56bb89d4be0e7b57b5ad1999afa36~tplv-tiktokx-cropcenter:100:100.jpg?dr=14579&refresh_token=e951f3eb&x-expires=1775102400&x-signature=55aedcyPtngnCArrJSFWaPoslWY%3D&t=4d5b0474&ps=13740610&shp=30310797&shcp=ff37627b&idc=my,,,,,,,,,
Ooh the lip mask looks amazing😍❤️,1,0,2026-03-11T00:46:47.000Z,ekaskaurr_,https://www.tiktok.com/@aurora_luvskincare/video/7615265884147289364,7192412779222451206,7615793012501922568,https://p16-common-sign.tiktokcdn.com/tos-alisg-avt-0068/745fa65f1399c5e2669d9e054d44a38f~tplv-tiktokx-cropcenter:100:100.jpg?dr=14579&refresh_token=7ea26fc7&x-expires=1775102400&x-signature=5PCEIQwbCsK94kd3byoTLO7%2FeOM%3D&t=4d5b0474&ps=13740610&shp=30310797&shcp=ff37627b&idc=my,,,,,,,,,
Adorable and so glowy ✨✨✨,1,0,2026-03-09T18:02:59.000Z,glowy_lina,https://www.tiktok.com/@aurora_luvskincare/video/7615265884147289364,7460251770926154785,7615317865966125846,https://p16-common-sign.tiktokcdn.com/tos-useast2a-avt-0068-euttp/15305300349778d498970dba97209b1f~tplv-tiktokx-cropcenter:100:100.jpg?dr=14579&refresh_token=859046be&x-expires=1775102400&x-signature=pXt24vXr6BkEg6WSzGtCnVZzWhk%3D&t=4d5b0474&ps=13740610&shp=30310797&shcp=ff37627b&idc=my,,,,,,,,,
this lip mask looks cute🥰 need that,1,0,2026-03-09T20:57:02.000Z,dreamyyyv,https://www.tiktok.com/@aurora_luvskincare/video/7615265884147289364,7518867924229358614,7615362752697762582,https://p16-sign-va.tiktokcdn.com/tos-maliva-avt-0068/75019d14dd95fb3dcdb03e2f5e9a9e74~tplv-tiktokx-cropcenter:100:100.jpg?dr=14579&refresh_token=7ece826a&x-expires=1775102400&x-signature=i9su80FU0cSzRSu1iDiGWv3DcO8%3D&t=4d5b0474&ps=13740610&shp=30310797&shcp=ff37627b&idc=my,,,,,,,,,
Oh wow! that's something new 😍😍,1,0,2026-03-10T01:40:01.000Z,skintellect2,https://www.tiktok.com/@aurora_luvskincare/video/7615265884147289364,7376701093515904005,7615435648791757586,https://p16-common-sign.tiktokcdn.com/tos-alisg-avt-0068/c8a89be38e27ffec228cfd41fedb95be~tplv-tiktokx-cropcenter:100:100.jpg?dr=14579&refresh_token=8b0d9663&x-expires=1775102400&x-signature=I%2FOD7fBfq1z3Fo%2FgdYjkgJmqLJs%3D&t=4d5b0474&ps=13740610&shp=30310797&shcp=ff37627b&idc=my,,,,,,,,,
That glow 😍😍,1,0,2026-03-09T14:51:43.000Z,sanasthetics_,https://www.tiktok.com/@aurora_luvskincare/video/7615265884147289364,242377995209089024,7615268565390607126,https://p16-sign-va.tiktokcdn.com/tos-maliva-avt-0068/d47a8ab0e40f06c752d6a5c48a18f616~tplv-tiktokx-cropcenter:100:100.jpg?dr=14579&refresh_token=0fa1efa3&x-expires=1775102400&x-signature=g4kWHwYawUf58FUp1giYBsNV7cs%3D&t=4d5b0474&ps=13740610&shp=30310797&shcp=ff37627b&idc=my,,,,,,,,,
heard a lot of good stuff about them,1,0,2026-03-10T11:26:03.000Z,_noelle_25,https://www.tiktok.com/@aurora_luvskincare/video/7615265884147289364,6973665634128413702,7615586702874264340,https://p16-common-sign.tiktokcdn-us.com/tos-alisg-avt-0068/4c638b02099a1340191bfef51d4919db~tplv-tiktokx-cropcenter:100:100.jpg?dr=9640&refresh_token=7980ca29&x-expires=1775102400&x-signature=RzYztxAgQmHEcyZrLZqNaqI%2BqUA%3D&t=4d5b0474&ps=13740610&shp=30310797&shcp=ff37627b&idc=useast8,,,,,,,,,
Definitely I need this lip mask 😍😍,1,0,2026-03-10T07:56:35.000Z,_mivaglow,https://www.tiktok.com/@aurora_luvskincare/video/7615265884147289364,7373669619108086817,7615532637168272150,https://p16-common-sign.tiktokcdn-us.com/tos-useast2a-avt-0068-euttp/0661e058f7d046f78b52c55cc671ed75~tplv-tiktokx-cropcenter:100:100.jpg?dr=9640&refresh_token=12bc9e5d&x-expires=1775102400&x-signature=7iFL7IHK2Vvottvy3L0syQIydPE%3D&t=4d5b0474&ps=13740610&shp=30310797&shcp=ff37627b&idc=useast8,,,,,,,,,
[Sticker] Noice,1,1,2026-03-27T20:59:57.000Z,chickyto001,https://www.tiktok.com/@omena.gabriel/video/7622000205164055830,7522212472079107128,7622042991314273045,https://p16-common-sign.tiktokcdn-us.com/tos-alisg-avt-0068/a293f3bee74de0a77479ad6e53ea0555~tplv-tiktokx-cropcenter:100:100.jpg?dr=9640&refresh_token=1850e8ea&x-expires=1775102400&x-signature=U98UN%2BGFKMTw4cjnoyeA2epohso%3D&t=4d5b0474&ps=13740610&shp=30310797&shcp=ff37627b&idc=useast8,,,,,,,,,
🥰🥰,0,,2026-03-28T12:08:00.000Z,omena.gabriel,https://www.tiktok.com/@omena.gabriel/video/7622000205164055830,7463510752688784416,7622277017781961494,https://p16-common-sign.tiktokcdn-us.com/tos-maliva-avt-0068/13dd85f1db33751a1c7b639099661ca1~tplv-tiktokx-cropcenter:100:100.jpg?dr=9640&refresh_token=e05ee76c&x-expires=1775102400&x-signature=Zjb13w5npc29AWpkW7YpPw9d0q0%3D&t=4d5b0474&ps=13740610&shp=30310797&shcp=ff37627b&idc=useast8,,,,,,,,,
can we send you PR packages!?📦🥰,0,0,2026-03-28T18:29:42.000Z,mkkmk55,https://www.tiktok.com/@omena.gabriel/video/7622000205164055830,7275723458368226309,7622375424445694738,https://p16-common-sign.tiktokcdn-us.com/tos-alisg-avt-0068/b6fe59532c1e15f2100f337201f1874a~tplv-tiktokx-cropcenter:100:100.jpg?dr=9640&refresh_token=aad6f730&x-expires=1775102400&x-signature=w27QcnTHdEGG9Zevndcau52fi8M%3D&t=4d5b0474&ps=13740610&shp=30310797&shcp=ff37627b&idc=useast8,,,,,,,,,
Your skin is glowinggggg,1,1,2026-03-27T21:34:15.000Z,suimya.finds,https://www.tiktok.com/@omena.gabriel/video/7622000205164055830,7134784748828214278,7622051862217294614,https://p16-common-sign.tiktokcdn-us.com/tos-maliva-avt-0068/83dda1ae4ae55586baa17e82f564ed0c~tplv-tiktokx-cropcenter:100:100.jpg?dr=9640&refresh_token=f860987b&x-expires=1775102400&x-signature=Rc3qarWrn4H95C%2BAX7ykaLI1IA0%3D&t=4d5b0474&ps=13740610&shp=30310797&shcp=ff37627b&idc=useast8,,,,,,,,,
Thanks girl❤️,0,,2026-03-28T12:08:13.000Z,omena.gabriel,https://www.tiktok.com/@omena.gabriel/video/7622000205164055830,7463510752688784416,7622277087759598358,https://p16-common-sign.tiktokcdn-us.com/tos-maliva-avt-0068/13dd85f1db33751a1c7b639099661ca1~tplv-tiktokx-cropcenter:100:100.jpg?dr=9640&refresh_token=e05ee76c&x-expires=1775102400&x-signature=Zjb13w5npc29AWpkW7YpPw9d0q0%3D&t=4d5b0474&ps=13740610&shp=30310797&shcp=ff37627b&idc=useast8,,,,,,,,,
thats amazing and cool!!,1,0,2026-03-10T03:33:04.000Z,lomovtov.carol,https://www.tiktok.com/@aurora_luvskincare/video/7615265884147289364,6733277188828087302,7615464803952149249,https://p16-common-sign.tiktokcdn-us.com/tos-alisg-avt-0068/46d80468919fd1c59f6f2dff5cf39c05~tplv-tiktokx-cropcenter:100:100.jpg?dr=9640&refresh_token=c36a0055&x-expires=1775102400&x-signature=zYwOuVY9WrU0v2Gr%2BZgzHFVRwqk%3D&t=4d5b0474&ps=13740610&shp=30310797&shcp=ff37627b&idc=useast5,,,,,,,,,
ooooo they look really nice 💖💖💖,0,0,2026-03-14T05:20:07.000Z,shawnschweigert98,https://www.tiktok.com/@tiffanyhorace232/video/7616364735247715598,7066283911686112302,7616976622713340686,https://p16-common-sign.tiktokcdn-us.com/tos-useast5-avt-0068-tx/7348344286250795051~tplv-tiktokx-cropcenter:100:100.jpg?dr=9640&refresh_token=cec0fd30&x-expires=1775102400&x-signature=03Xu5lIN0dKB8hCofwwnukRKiYE%3D&t=4d5b0474&ps=13740610&shp=30310797&shcp=ff37627b&idc=useast8,,,,,,,,,
I love these💞💞💞,0,0,2026-03-12T13:54:37.000Z,jamiemarie.7,https://www.tiktok.com/@tiffanyhorace232/video/7616364735247715598,6948452519891239942,7616366941876093709,https://p16-common-sign.tiktokcdn-us.com/tos-maliva-avt-0068/7331077254683541510~tplv-tiktokx-cropcenter:100:100.jpg?dr=9640&refresh_token=c74bddd3&x-expires=1775102400&x-signature=btV2QGFUJXqtFPg%2BgduwkpV9%2BEU%3D&t=4d5b0474&ps=13740610&shp=30310797&shcp=ff37627b&idc=useast8,,,,,,,,,
i’ll def be sure to buy the fave mask! it looks so nice lol!,1,0,2026-03-03T03:29:44.000Z,authorcove,https://www.tiktok.com/@joannahuangg/video/7612842658368654623,7540140864254854158,7612866335588074270,https://p16-common-sign.tiktokcdn-us.com/tos-useast8-avt-0068-tx2/6a0f8f7e8d09a553adeb08f6e86fc4a3~tplv-tiktokx-cropcenter:100:100.jpg?dr=9640&refresh_token=390a2ec0&x-expires=1775102400&x-signature=lvHal94g3H54G3Bit8jPxuLe6Q0%3D&t=4d5b0474&ps=13740610&shp=30310797&shcp=ff37627b&idc=useast5,,,,,,,,,
Where do you get the face mask?,1,1,2026-03-03T03:20:32.000Z,allisyn_1,https://www.tiktok.com/@joannahuangg/video/7612842658368654623,7536336984991908919,7612863961759204127,https://p16-common-sign.tiktokcdn-us.com/tos-useast8-avt-0068-tx2/25dbc07a7d8b4a4497715863d98cfdcd~tplv-tiktokx-cropcenter:100:100.jpg?dr=9640&refresh_token=6e058b4b&x-expires=1775102400&x-signature=1eFRxMj21%2B%2F9PL78m0JzhVoWPnA%3D&t=4d5b0474&ps=13740610&shp=30310797&shcp=ff37627b&idc=useast5,,,,,,,,,
i bought it from their website! i believe it’s also on amazon 🩷,1,,2026-03-03T03:27:31.000Z,joannahuangg,https://www.tiktok.com/@joannahuangg/video/7612842658368654623,7330494754344600618,7612865768568505119,https://p16-common-sign.tiktokcdn-us.com/tos-useast8-avt-0068-tx2/0965eb715d827cd3420bf71bd70b5bc0~tplv-tiktokx-cropcenter:100:100.jpg?dr=9640&refresh_token=2c5c92e5&x-expires=1775102400&x-signature=aRSRXRT5rl3bcV%2BN2EVXx3BYgUM%3D&t=4d5b0474&ps=13740610&shp=30310797&shcp=ff37627b&idc=useast5,,,,,,,,,
Beyond 🥰,0,,2026-03-11T17:51:07.000Z,tizfrizbiz90,https://www.tiktok.com/@tizfrizbiz90/video/7616025472094276884,6828094698067002373,7616056979476595473,https://p16-common-sign.tiktokcdn-us.com/tos-maliva-avt-0068/5770c4c8b07e1aff342e11a8f39bc7a2~tplv-tiktokx-cropcenter:100:100.jpg?dr=9640&refresh_token=5c5ad4f5&x-expires=1775102400&x-signature=2CYjayk8J8FOUprm1bP3ghS384U%3D&t=4d5b0474&ps=13740610&shp=30310797&shcp=ff37627b&idc=useast5,,,,,,,,,
Dándolo todo 🙈🙈,0,,2026-03-31T11:51:16.000Z,lau.hernan29,https://www.tiktok.com/@lau.hernan29/video/7622675480621124895,7361806406754010154,7623385778740118303,https://p16-sign-va.tiktokcdn.com/tos-maliva-avt-0068/32019ad1aeb9bee08899f6a248557969~tplv-tiktokx-cropcenter:100:100.jpg?dr=14579&refresh_token=94b1e10c&x-expires=1775102400&x-signature=qQJUEWTOdPf3mwxmwEEzZo1pwvg%3D&t=4d5b0474&ps=13740610&shp=30310797&shcp=ff37627b&idc=my2,,,,,,,,,
They really are & I am not a face mask girly,0,,2026-03-27T23:27:49.000Z,skincareshay,https://www.tiktok.com/@skincareshay/video/7621953696083102990,7561280432856138766,7622081116891317005,https://p16-common-sign.tiktokcdn-us.com/tos-useast5-avt-0068-tx/2f8c027f50bf6a228a1f161f75ee4cc3~tplv-tiktokx-cropcenter:100:100.jpg?dr=9640&refresh_token=1ab0f652&x-expires=1775102400&x-signature=oKsryo9P%2FSM0rmHK1r8vtzrdX18%3D&t=4d5b0474&ps=13740610&shp=30310797&shcp=ff37627b&idc=useast8,,,,,,,,,
thats new to me💗💗,0,0,2026-03-15T16:45:32.000Z,dgirlcarrot,https://www.tiktok.com/@tizfrizbiz90/video/7616025472094276884,6806666056330904577,7617524415417729793,https://p16-sign-sg.tiktokcdn.com/tos-alisg-avt-0068/74ce9ac3f6ef6395020a63e26d375e72~tplv-tiktokx-cropcenter:100:100.jpg?dr=14579&refresh_token=e18001b5&x-expires=1775102400&x-signature=ypxKuFpV2O9rJoeLHD1GOmsfwQ8%3D&t=4d5b0474&ps=13740610&shp=30310797&shcp=ff37627b&idc=sg1,,,,,,,,,
It’s a fun texture for sure,0,,2026-03-27T22:12:25.000Z,skincareshay,https://www.tiktok.com/@skincareshay/video/7621953696083102990,7561280432856138766,7622061562380436237,https://p16-common-sign.tiktokcdn-us.com/tos-useast5-avt-0068-tx/2f8c027f50bf6a228a1f161f75ee4cc3~tplv-tiktokx-cropcenter:100:100.jpg?dr=9640&refresh_token=1ab0f652&x-expires=1775102400&x-signature=oKsryo9P%2FSM0rmHK1r8vtzrdX18%3D&t=4d5b0474&ps=13740610&shp=30310797&shcp=ff37627b&idc=useast5,,,,,,,,,
so so cool,0,,2026-03-27T22:20:56.000Z,skincareshay,https://www.tiktok.com/@skincareshay/video/7621953696083102990,7561280432856138766,7622063856512516878,https://p16-common-sign.tiktokcdn-us.com/tos-useast5-avt-0068-tx/2f8c027f50bf6a228a1f161f75ee4cc3~tplv-tiktokx-cropcenter:100:100.jpg?dr=9640&refresh_token=1ab0f652&x-expires=1775102400&x-signature=oKsryo9P%2FSM0rmHK1r8vtzrdX18%3D&t=4d5b0474&ps=13740610&shp=30310797&shcp=ff37627b&idc=useast5,,,,,,,,,
Yaaas they are,0,,2026-03-27T22:12:07.000Z,skincareshay,https://www.tiktok.com/@skincareshay/video/7621953696083102990,7561280432856138766,7622061532461990669,https://p16-common-sign.tiktokcdn-us.com/tos-useast5-avt-0068-tx/2f8c027f50bf6a228a1f161f75ee4cc3~tplv-tiktokx-cropcenter:100:100.jpg?dr=9640&refresh_token=1ab0f652&x-expires=1775102400&x-signature=oKsryo9P%2FSM0rmHK1r8vtzrdX18%3D&t=4d5b0474&ps=13740610&shp=30310797&shcp=ff37627b&idc=useast5,,,,,,,,,
so fun too,0,,2026-03-28T17:51:49.000Z,skincareshay,https://www.tiktok.com/@skincareshay/video/7621953696083102990,7561280432856138766,7622365594222625549,https://p16-common-sign.tiktokcdn-eu.com/tos-maliva-avt-0068/2f8c027f50bf6a228a1f161f75ee4cc3~tplv-tiktokx-cropcenter:100:100.jpg?dr=10399&refresh_token=916173e3&x-expires=1775102400&x-signature=9y30YkqVefpSet1ohr%2FmOd93%2B0o%3D&t=4d5b0474&ps=13740610&shp=30310797&shcp=ff37627b&idc=no1a,,,,,,,,,
"so fun, my fave part is the packaging",0,,2026-03-27T22:12:36.000Z,skincareshay,https://www.tiktok.com/@skincareshay/video/7621953696083102990,7561280432856138766,7622061679526167309,https://p16-common-sign.tiktokcdn-us.com/tos-useast5-avt-0068-tx/2f8c027f50bf6a228a1f161f75ee4cc3~tplv-tiktokx-cropcenter:100:100.jpg?dr=9640&refresh_token=1ab0f652&x-expires=1775102400&x-signature=oKsryo9P%2FSM0rmHK1r8vtzrdX18%3D&t=4d5b0474&ps=13740610&shp=30310797&shcp=ff37627b&idc=useast8,,,,,,,,,
these look fab!!!,1,,2026-03-27T15:35:24.000Z,sydd.reads,https://www.tiktok.com/@skincareshay/video/7621953696083102990,6737459437005276165,7621959302463079199,https://p16-common-sign.tiktokcdn-us.com/tos-useast8-avt-0068-tx2/7c716b0747e6dc45b420d180e3523b70~tplv-tiktokx-cropcenter:100:100.jpg?dr=9640&refresh_token=dfa26883&x-expires=1775102400&x-signature=T13C5BDt%2BQ96c4%2BEA6mpXjWWlKU%3D&t=4d5b0474&ps=13740610&shp=30310797&shcp=ff37627b&idc=useast8,,,,,,,,,
Yes i love it,0,,2026-03-16T13:53:53.000Z,sumeraslifestyle,https://www.tiktok.com/@maham4peace/video/7616979808441978133,7509463814205015070,7617851163203126046,https://p16-common-sign.tiktokcdn-us.com/tos-useast8-avt-0068-tx2/489b6b5369044cc8a637af1bcab574b7~tplv-tiktokx-cropcenter:100:100.jpg?dr=9640&refresh_token=d37b3150&x-expires=1775102400&x-signature=IQnHlD%2BVSwB9eRX9PPyufroahfc%3D&t=4d5b0474&ps=13740610&shp=30310797&shcp=ff37627b&idc=useast5,,,,,,,,,
can def confirm it’s so good,1,,2026-03-06T04:52:12.000Z,alltooglowyvee,https://www.tiktok.com/@alltooglowyvee/video/7612665769708555533,7261498686626382890,7614000536627938062,https://p19-common-sign.tiktokcdn-us.com/tos-useast5-avt-0068-tx/79525ac8ab3a0c3604cdc1aa0fac2849~tplv-tiktokx-cropcenter:100:100.jpg?dr=9640&refresh_token=db6d1bbb&x-expires=1775102400&x-signature=gGNXZi1j%2FV8qQWlP5IJQjAUjCIY%3D&t=4d5b0474&ps=13740610&shp=30310797&shcp=ff37627b&idc=useast5,,,,,,,,,
thanks friend,1,,2026-03-27T22:12:39.000Z,skincareshay,https://www.tiktok.com/@skincareshay/video/7621953696083102990,7561280432856138766,7622061696916030222,https://p16-common-sign.tiktokcdn-us.com/tos-useast5-avt-0068-tx/2f8c027f50bf6a228a1f161f75ee4cc3~tplv-tiktokx-cropcenter:100:100.jpg?dr=9640&refresh_token=1ab0f652&x-expires=1775102400&x-signature=oKsryo9P%2FSM0rmHK1r8vtzrdX18%3D&t=4d5b0474&ps=13740610&shp=30310797&shcp=ff37627b&idc=useast5,,,,,,,,,
😍😍,0,,2026-03-19T16:44:52.000Z,littlelifestylebeauty,https://www.tiktok.com/@littlelifestylebeauty/video/7617701282328874247,7168695648962085893,7619008620788744967,https://p16-common-sign.tiktokcdn-us.com/tos-maliva-avt-0068/05d206299f792ae5a47f44f67c2eb85a~tplv-tiktokx-cropcenter:100:100.jpg?dr=9640&refresh_token=cd6b1edd&x-expires=1775102400&x-signature=87bXR4nj1UP3jzmEvRwif2qbygM%3D&t=4d5b0474&ps=13740610&shp=30310797&shcp=ff37627b&idc=useast5,,,,,,,,,
wow🥰🥰🥰,0,1,2026-03-08T14:41:15.000Z,kkkkkkkkkkkkkkkkk9999999,https://www.tiktok.com/@asatianikhatia.ugc/video/7614888332979408159,6738738147935863813,7614894853205377799,https://p16-common-sign.tiktokcdn-eu.com/tos-alisg-avt-0068/c75f4cf8f883c4b8714516d547b8e749~tplv-tiktokx-cropcenter:100:100.jpg?dr=10399&refresh_token=06068e19&x-expires=1775102400&x-signature=tiGrRNItZPeGQZbeMEgPj1nG3fc%3D&t=4d5b0474&ps=13740610&shp=30310797&shcp=ff37627b&idc=no1a,,,,,,,,,
😍😍😍,0,,2026-03-08T21:09:41.000Z,asatianikhatia.ugc,https://www.tiktok.com/@asatianikhatia.ugc/video/7614888332979408159,7502408574694999071,7614994792338752287,https://p16-common-sign.tiktokcdn-eu.com/tos-maliva-avt-0068/b3487f5423d2975be3636cfc981b3fb6~tplv-tiktokx-cropcenter:100:100.jpg?dr=10399&refresh_token=5d854086&x-expires=1775102400&x-signature=BZAotWVlBmQuV97Wnonyv%2B1xvmE%3D&t=4d5b0474&ps=13740610&shp=30310797&shcp=ff37627b&idc=no1a,,,,,,,,,
love 💕,0,0,2026-03-09T18:39:26.000Z,sandy.ugc.kh,https://www.tiktok.com/@asatianikhatia.ugc/video/7614888332979408159,7011321059254027290,7615327296585073426,https://p16-common-sign.tiktokcdn-eu.com/tos-alisg-avt-0068/4bf4e3d41bb5edcf91d3e81ab21a1eac~tplv-tiktokx-cropcenter:100:100.jpg?dr=10399&refresh_token=42348e73&x-expires=1775102400&x-signature=P5OeY9PwwmezR3pRlLYutnfth3M%3D&t=4d5b0474&ps=13740610&shp=30310797&shcp=ff37627b&idc=no1a,,,,,,,,,
Pretty 😍,0,0,2026-03-09T06:30:16.000Z,ghiz.beauty,https://www.tiktok.com/@asatianikhatia.ugc/video/7614888332979408159,7460191312634479621,7615139383788192520,https://p16-common-sign.tiktokcdn-eu.com/tos-alisg-avt-0068/715b988734d89664f2f99b9705093635~tplv-tiktokx-cropcenter:100:100.jpg?dr=10399&refresh_token=356ad0f6&x-expires=1775102400&x-signature=aesj3wYIapuUK9%2FUAo1uWpdqQd0%3D&t=4d5b0474&ps=13740610&shp=30310797&shcp=ff37627b&idc=no1a,,,,,,,,,
Yessss so cool!,0,,2026-03-14T13:11:16.000Z,ainsleekbeauty,https://www.tiktok.com/@ainsleekbeauty/video/7617092680597753118,7535277323395236895,7617097899386946335,https://p16-common-sign.tiktokcdn-us.com/tos-useast8-avt-0068-tx2/be072205f046f10945df670b317ec3cf~tplv-tiktokx-cropcenter:100:100.jpg?dr=9640&refresh_token=7528180f&x-expires=1775102400&x-signature=NzxznIuaf2aG5suOjDrXWONupeQ%3D&t=4d5b0474&ps=13740610&shp=30310797&shcp=ff37627b&idc=useast5,,,,,,,,,
Yeah!! And super fun!,0,,2026-03-14T13:10:00.000Z,ainsleekbeauty,https://www.tiktok.com/@ainsleekbeauty/video/7617092680597753118,7535277323395236895,7617097481147728670,https://p16-common-sign.tiktokcdn-us.com/tos-useast8-avt-0068-tx2/be072205f046f10945df670b317ec3cf~tplv-tiktokx-cropcenter:100:100.jpg?dr=9640&refresh_token=7528180f&x-expires=1775102400&x-signature=NzxznIuaf2aG5suOjDrXWONupeQ%3D&t=4d5b0474&ps=13740610&shp=30310797&shcp=ff37627b&idc=useast5,,,,,,,,,
I need to try mine asap 👀,1,0,2026-03-14T13:39:26.000Z,skincareshay,https://www.tiktok.com/@ainsleekbeauty/video/7617092680597753118,7561280432856138766,7617105302680486670,https://p16-common-sign.tiktokcdn-us.com/tos-useast5-avt-0068-tx/2f8c027f50bf6a228a1f161f75ee4cc3~tplv-tiktokx-cropcenter:100:100.jpg?dr=9640&refresh_token=1ab0f652&x-expires=1775102400&x-signature=oKsryo9P%2FSM0rmHK1r8vtzrdX18%3D&t=4d5b0474&ps=13740610&shp=30310797&shcp=ff37627b&idc=useast5,,,,,,,,,
Yesssssssss,1,0,2026-03-14T19:07:52.000Z,babymare222,https://www.tiktok.com/@ainsleekbeauty/video/7617092680597753118,7602094298725909517,7617189962425434910,https://p19-common-sign.tiktokcdn-us.com/tos-useast8-avt-0068-tx2/c4bf92f9de90390a5c2bc62cc196941e~tplv-tiktokx-cropcenter:100:100.jpg?dr=9640&refresh_token=912b7f37&x-expires=1775102400&x-signature=kOPvUfKuRD7BYGDKftrcIWguCVM%3D&t=4d5b0474&ps=13740610&shp=30310797&shcp=ff37627b&idc=useast5,,,,,,,,,
Love the glow it gives 😍,0,0,2026-03-16T13:56:58.000Z,christinebbbroker,https://www.tiktok.com/@ainsleekbeauty/video/7617092680597753118,7465727201788281887,7617851957156463374,https://p16-common-sign.tiktokcdn-us.com/tos-useast5-avt-0068-tx/ac69f60fcb61e5ff9ae8a6850a9e6823~tplv-tiktokx-cropcenter:100:100.jpg?dr=9640&refresh_token=d941a03d&x-expires=1775102400&x-signature=5nK1%2FwmIQlJN0M6zDGxJU1NE%2Bes%3D&t=4d5b0474&ps=13740610&shp=30310797&shcp=ff37627b&idc=useast5,,,,,,,,,
Love that lip mask container! It’s the cutest!,0,0,2026-03-18T11:50:22.000Z,loveyslife,https://www.tiktok.com/@ainsleekbeauty/video/7617092680597753118,6827842800953639941,7618561436449194765,https://p16-common-sign.tiktokcdn-us.com/tos-useast5-avt-0068-tx/bc613c82b23c8e00805c34e226207638~tplv-tiktokx-cropcenter:100:100.jpg?dr=9640&refresh_token=3e3754bb&x-expires=1775102400&x-signature=wG0g3svHBhWt0X9UOoaW%2BLIa3GI%3D&t=4d5b0474&ps=13740610&shp=30310797&shcp=ff37627b&idc=useast5,,,,,,,,,
I need to try a lip mask like this!! 😍,0,0,2026-03-14T19:53:54.000Z,korean.mom.skincare,https://www.tiktok.com/@ainsleekbeauty/video/7617092680597753118,7542909708333581326,7617201828362896141,https://p16-common-sign.tiktokcdn-us.com/tos-useast5-avt-0068-tx/019741a879bb966828c816066f2e985a~tplv-tiktokx-cropcenter:100:100.jpg?dr=9640&refresh_token=a52ee3e2&x-expires=1775102400&x-signature=6%2Fu4g7YBBvLk6szzHJXWUJfkcR4%3D&t=4d5b0474&ps=13740610&shp=30310797&shcp=ff37627b&idc=useast5,,,,,,,,,
Your skin looks so glowy!,0,0,2026-03-16T15:53:45.000Z,heather.lynn.clarke,https://www.tiktok.com/@ainsleekbeauty/video/7617092680597753118,7503750544446948398,7617882097064428301,https://p16-common-sign.tiktokcdn-us.com/tos-useast5-avt-0068-tx/9c5cbb054c1e775c75d0e50d96f70d34~tplv-tiktokx-cropcenter:100:100.jpg?dr=9640&refresh_token=b2c6613d&x-expires=1775102400&x-signature=Yapc3hIT1GWsiXFsGhlJapZmXmI%3D&t=4d5b0474&ps=13740610&shp=30310797&shcp=ff37627b&idc=useast5,,,,,,,,,
What lip mask ? I need asap,0,0,2026-03-14T22:21:42.000Z,bolorcolor,https://www.tiktok.com/@ainsleekbeauty/video/7617092680597753118,6807959747087270917,7617239882301915917,https://p16-common-sign.tiktokcdn-us.com/tos-useast8-avt-0068-tx2/c691ded9cab4a3dc4f8f53ab025055da~tplv-tiktokx-cropcenter:100:100.jpg?dr=9640&refresh_token=2ce06f5c&x-expires=1775102400&x-signature=MOCMdPqSYZzuLGVTr4P%2B03pxOHY%3D&t=4d5b0474&ps=13740610&shp=30310797&shcp=ff37627b&idc=useast5,,,,,,,,,
Looks amazing 😍😍,0,0,2026-03-17T02:19:24.000Z,melodyyyyyy_21,https://www.tiktok.com/@ainsleekbeauty/video/7617092680597753118,6774609747871597574,7618043355235336973,https://p16-common-sign.tiktokcdn-us.com/tos-useast5-avt-0068-tx/e1e662c8c46319a2905262490a5783aa~tplv-tiktokx-cropcenter:100:100.jpg?dr=9640&refresh_token=2858059e&x-expires=1775102400&x-signature=mPeBsjGmP6Z64MZi0BnL2yG1nRA%3D&t=4d5b0474&ps=13740610&shp=30310797&shcp=ff37627b&idc=useast5,,,,,,,,,
ooo these look nice!,0,0,2026-03-15T21:22:33.000Z,giannaapaige,https://www.tiktok.com/@ainsleekbeauty/video/7617092680597753118,6951229703739311110,7617595530390651679,https://p16-common-sign.tiktokcdn-us.com/tos-useast8-avt-0068-tx2/2958e781d6d12519bd7551145b2138ce~tplv-tiktokx-cropcenter:100:100.jpg?dr=9640&refresh_token=ab2b1a1e&x-expires=1775102400&x-signature=eXrS4FTv1kOcvQZCxdnhaV4jwW4%3D&t=4d5b0474&ps=13740610&shp=30310797&shcp=ff37627b&idc=useast5,,,,,,,,,
Love this!!!,0,0,2026-03-18T20:57:09.000Z,lexplainingskincare,https://www.tiktok.com/@ainsleekbeauty/video/7617092680597753118,6813530264787174405,7618702477677069086,https://p16-common-sign.tiktokcdn-us.com/tos-maliva-avt-0068/7325576836766711814~tplv-tiktokx-cropcenter:100:100.jpg?dr=9640&refresh_token=91e35edf&x-expires=1775102400&x-signature=cvzal4bsmxvGCvNRiYfq6wA6%2BYo%3D&t=4d5b0474&ps=13740610&shp=30310797&shcp=ff37627b&idc=useast5,,,,,,,,,
"This mask looks very cool! Its different, in a good way!",0,0,2026-03-16T03:40:15.000Z,lelerie18,https://www.tiktok.com/@ainsleekbeauty/video/7617092680597753118,6822762354737628165,7617692966740034335,https://p16-common-sign.tiktokcdn-us.com/tos-useast8-avt-0068-tx2/c8a88628beb359bf802eb2b01899e6d2~tplv-tiktokx-cropcenter:100:100.jpg?dr=9640&refresh_token=040cb269&x-expires=1775102400&x-signature=TOAUUF6sKv9eILkgU01u1V1cFFA%3D&t=4d5b0474&ps=13740610&shp=30310797&shcp=ff37627b&idc=useast5,,,,,,,,,
So fun,0,0,2026-03-14T13:39:14.000Z,nikkialexx4,https://www.tiktok.com/@ainsleekbeauty/video/7617092680597753118,6666765972843888645,7617104783146009374,https://p16-common-sign.tiktokcdn-us.com/tos-useast5-avt-0068-tx/7349254424457379882~tplv-tiktokx-cropcenter:100:100.jpg?dr=9640&refresh_token=fb4ae101&x-expires=1775102400&x-signature=bk1apOvwnK9kULmB6QnqhzeH0zE%3D&t=4d5b0474&ps=13740610&shp=30310797&shcp=ff37627b&idc=useast5,,,,,,,,,
I love this set,0,0,2026-03-16T03:57:22.000Z,housewifehaymoor,https://www.tiktok.com/@ainsleekbeauty/video/7617092680597753118,6554127048582873097,7617697525188920094,https://p19-common-sign.tiktokcdn-us.com/tos-useast8-avt-0068-tx2/ec41ba98c072a76094137acf20659742~tplv-tiktokx-cropcenter:100:100.jpg?dr=9640&refresh_token=bd4446e1&x-expires=1775102400&x-signature=dDkpLkEcWse%2B167CjYNPy01B%2BXI%3D&t=4d5b0474&ps=13740610&shp=30310797&shcp=ff37627b&idc=useast5,,,,,,,,,
What a neat face mask!,0,0,2026-03-14T17:19:29.000Z,brookiefromthe304,https://www.tiktok.com/@ainsleekbeauty/video/7617092680597753118,7120350559435473966,7617162033541268238,https://p16-common-sign.tiktokcdn-us.com/tos-useast5-avt-0068-tx/cfa1cb7ed8c72ce263448945ca453a2d~tplv-tiktokx-cropcenter:100:100.jpg?dr=9640&refresh_token=243c0c1f&x-expires=1775102400&x-signature=V2XJTios4v3nt9MOilSm7N%2FEKig%3D&t=4d5b0474&ps=13740610&shp=30310797&shcp=ff37627b&idc=useast5,,,,,,,,,
Such a nice glow!,0,0,2026-03-17T21:40:02.000Z,morgandunahay,https://www.tiktok.com/@ainsleekbeauty/video/7617092680597753118,6892580147016795142,7618342391557079822,https://p19-common-sign.tiktokcdn-us.com/tos-useast5-avt-0068-tx/cc1fc9337de533569f94fb51885d84fe~tplv-tiktokx-cropcenter:100:100.jpg?dr=9640&refresh_token=ca54890d&x-expires=1775102400&x-signature=1qVQv4a%2BIch%2FWJMzuBXNcsAxuI4%3D&t=4d5b0474&ps=13740610&shp=30310797&shcp=ff37627b&idc=useast5,,,,,,,,,
Oooo the cute lips 🥰🥰🥰,1,1,2026-03-14T19:48:33.000Z,thebeauty.inchaos,https://www.tiktok.com/@ainsleekbeauty/video/7617092680597753118,6805668558174749701,7617200538714653462,https://p16-common-sign.tiktokcdn-us.com/tos-maliva-avt-0068/ddabc73e0e5e592f5ab12063fc7340c1~tplv-tiktokx-cropcenter:100:100.jpg?dr=9640&refresh_token=d90436b9&x-expires=1775102400&x-signature=9ns%2Bf%2BItEPlUBv64xbQney3w8WU%3D&t=4d5b0474&ps=13740610&shp=30310797&shcp=ff37627b&idc=useast5,,,,,,,,,
❤️❤️,1,,2026-03-15T01:22:53.000Z,ainsleekbeauty,https://www.tiktok.com/@ainsleekbeauty/video/7617092680597753118,7535277323395236895,7617286633041675038,https://p16-common-sign.tiktokcdn-us.com/tos-useast8-avt-0068-tx2/be072205f046f10945df670b317ec3cf~tplv-tiktokx-cropcenter:100:100.jpg?dr=9640&refresh_token=7528180f&x-expires=1775102400&x-signature=NzxznIuaf2aG5suOjDrXWONupeQ%3D&t=4d5b0474&ps=13740610&shp=30310797&shcp=ff37627b&idc=useast5,,,,,,,,,
💖💖,0,,2026-03-14T19:16:03.000Z,ainsleekbeauty,https://www.tiktok.com/@ainsleekbeauty/video/7617092680597753118,7535277323395236895,7617192049125671710,https://p16-common-sign.tiktokcdn-us.com/tos-useast8-avt-0068-tx2/be072205f046f10945df670b317ec3cf~tplv-tiktokx-cropcenter:100:100.jpg?dr=9640&refresh_token=7528180f&x-expires=1775102400&x-signature=NzxznIuaf2aG5suOjDrXWONupeQ%3D&t=4d5b0474&ps=13740610&shp=30310797&shcp=ff37627b&idc=useast5,,,,,,,,,
Thank you!❤️,1,,2026-03-15T01:24:04.000Z,ainsleekbeauty,https://www.tiktok.com/@ainsleekbeauty/video/7617092680597753118,7535277323395236895,7617286928089924382,https://p16-common-sign.tiktokcdn-us.com/tos-useast8-avt-0068-tx2/be072205f046f10945df670b317ec3cf~tplv-tiktokx-cropcenter:100:100.jpg?dr=9640&refresh_token=7528180f&x-expires=1775102400&x-signature=NzxznIuaf2aG5suOjDrXWONupeQ%3D&t=4d5b0474&ps=13740610&shp=30310797&shcp=ff37627b&idc=useast8,,,,,,,,,
🫶🏻🥰,1,,2026-03-15T01:20:06.000Z,ainsleekbeauty,https://www.tiktok.com/@ainsleekbeauty/video/7617092680597753118,7535277323395236895,7617285862728876830,https://p16-common-sign.tiktokcdn-eu.com/tos-maliva-avt-0068/be072205f046f10945df670b317ec3cf~tplv-tiktokx-cropcenter:100:100.jpg?dr=10399&refresh_token=51517da4&x-expires=1775102400&x-signature=KV9BufMdF2BTQvEh53qH%2BNr7Ws4%3D&t=4d5b0474&ps=13740610&shp=30310797&shcp=ff37627b&idc=no1a,,,,,,,,,
Right!!,0,,2026-03-14T19:13:50.000Z,ainsleekbeauty,https://www.tiktok.com/@ainsleekbeauty/video/7617092680597753118,7535277323395236895,7617191376728916766,https://p16-sign-va.tiktokcdn.com/tos-maliva-avt-0068/be072205f046f10945df670b317ec3cf~tplv-tiktokx-cropcenter:100:100.jpg?dr=14579&refresh_token=6594f305&x-expires=1775102400&x-signature=C%2FCD0edZR0GSpXEM3uwhiodE36M%3D&t=4d5b0474&ps=13740610&shp=30310797&shcp=ff37627b&idc=my,,,,,,,,,
❤️❤️,0,,2026-03-15T01:41:32.000Z,ainsleekbeauty,https://www.tiktok.com/@ainsleekbeauty/video/7617092680597753118,7535277323395236895,7617291409816568607,https://p19-common-sign.tiktokcdn-us.com/tos-useast8-avt-0068-tx2/be072205f046f10945df670b317ec3cf~tplv-tiktokx-cropcenter:100:100.jpg?dr=9640&refresh_token=b49b2c83&x-expires=1775102400&x-signature=tFRvhuelXk%2FTfqTAZwsm2xK%2FDNE%3D&t=4d5b0474&ps=13740610&shp=30310797&shcp=ff37627b&idc=useast5,,,,,,,,,
Thank you!!🤩,0,,2026-03-14T19:19:28.000Z,ainsleekbeauty,https://www.tiktok.com/@ainsleekbeauty/video/7617092680597753118,7535277323395236895,7617192943002583839,https://p16-common-sign.tiktokcdn-us.com/tos-useast8-avt-0068-tx2/be072205f046f10945df670b317ec3cf~tplv-tiktokx-cropcenter:100:100.jpg?dr=9640&refresh_token=7528180f&x-expires=1775102400&x-signature=NzxznIuaf2aG5suOjDrXWONupeQ%3D&t=4d5b0474&ps=13740610&shp=30310797&shcp=ff37627b&idc=useast5,,,,,,,,,
Yessss,1,,2026-03-14T19:17:30.000Z,ainsleekbeauty,https://www.tiktok.com/@ainsleekbeauty/video/7617092680597753118,7535277323395236895,7617192396670059294,https://p16-common-sign.tiktokcdn-us.com/tos-useast8-avt-0068-tx2/be072205f046f10945df670b317ec3cf~tplv-tiktokx-cropcenter:100:100.jpg?dr=9640&refresh_token=7528180f&x-expires=1775102400&x-signature=NzxznIuaf2aG5suOjDrXWONupeQ%3D&t=4d5b0474&ps=13740610&shp=30310797&shcp=ff37627b&idc=useast8,,,,,,,,,
🥰🥰,0,,2026-03-15T02:06:39.000Z,ainsleekbeauty,https://www.tiktok.com/@ainsleekbeauty/video/7617092680597753118,7535277323395236895,7617297790205051678,https://p16-common-sign.tiktokcdn-eu.com/tos-maliva-avt-0068/be072205f046f10945df670b317ec3cf~tplv-tiktokx-cropcenter:100:100.jpg?dr=10399&refresh_token=51517da4&x-expires=1775102400&x-signature=KV9BufMdF2BTQvEh53qH%2BNr7Ws4%3D&t=4d5b0474&ps=13740610&shp=30310797&shcp=ff37627b&idc=no1a,,,,,,,,,
🩷🩷,1,,2026-03-15T01:17:47.000Z,ainsleekbeauty,https://www.tiktok.com/@ainsleekbeauty/video/7617092680597753118,7535277323395236895,7617285327765406495,https://p16-common-sign.tiktokcdn-us.com/tos-useast8-avt-0068-tx2/be072205f046f10945df670b317ec3cf~tplv-tiktokx-cropcenter:100:100.jpg?dr=9640&refresh_token=7528180f&x-expires=1775102400&x-signature=NzxznIuaf2aG5suOjDrXWONupeQ%3D&t=4d5b0474&ps=13740610&shp=30310797&shcp=ff37627b&idc=useast5,,,,,,,,,
So cute!,0,,2026-03-15T13:55:04.000Z,ainsleekbeauty,https://www.tiktok.com/@ainsleekbeauty/video/7617092680597753118,7535277323395236895,7617480347639268127,https://p16-common-sign.tiktokcdn-us.com/tos-useast8-avt-0068-tx2/be072205f046f10945df670b317ec3cf~tplv-tiktokx-cropcenter:100:100.jpg?dr=9640&refresh_token=7528180f&x-expires=1775102400&x-signature=NzxznIuaf2aG5suOjDrXWONupeQ%3D&t=4d5b0474&ps=13740610&shp=30310797&shcp=ff37627b&idc=useast5,,,,,,,,,
Right!🤩,0,,2026-03-15T16:17:49.000Z,ainsleekbeauty,https://www.tiktok.com/@ainsleekbeauty/video/7617092680597753118,7535277323395236895,7617517187361145630,https://p16-common-sign.tiktokcdn-eu.com/tos-maliva-avt-0068/be072205f046f10945df670b317ec3cf~tplv-tiktokx-cropcenter:100:100.jpg?dr=10399&refresh_token=51517da4&x-expires=1775102400&x-signature=KV9BufMdF2BTQvEh53qH%2BNr7Ws4%3D&t=4d5b0474&ps=13740610&shp=30310797&shcp=ff37627b&idc=no1a,,,,,,,,,
❤️❤️,0,,2026-03-15T02:06:58.000Z,ainsleekbeauty,https://www.tiktok.com/@ainsleekbeauty/video/7617092680597753118,7535277323395236895,7617297897810887455,https://p16-sign-va.tiktokcdn.com/tos-maliva-avt-0068/be072205f046f10945df670b317ec3cf~tplv-tiktokx-cropcenter:100:100.jpg?dr=14579&refresh_token=6594f305&x-expires=1775102400&x-signature=C%2FCD0edZR0GSpXEM3uwhiodE36M%3D&t=4d5b0474&ps=13740610&shp=30310797&shcp=ff37627b&idc=my,,,,,,,,,
Yesss 😍,1,,2026-03-14T19:19:51.000Z,ainsleekbeauty,https://www.tiktok.com/@ainsleekbeauty/video/7617092680597753118,7535277323395236895,7617193046359229215,https://p16-sign-va.tiktokcdn.com/tos-maliva-avt-0068/be072205f046f10945df670b317ec3cf~tplv-tiktokx-cropcenter:100:100.jpg?dr=14579&refresh_token=6594f305&x-expires=1775102400&x-signature=C%2FCD0edZR0GSpXEM3uwhiodE36M%3D&t=4d5b0474&ps=13740610&shp=30310797&shcp=ff37627b&idc=my,,,,,,,,,
Right!,1,,2026-03-15T20:55:14.000Z,ainsleekbeauty,https://www.tiktok.com/@ainsleekbeauty/video/7617092680597753118,7535277323395236895,7617588632447091486,https://p16-common-sign.tiktokcdn-us.com/tos-useast8-avt-0068-tx2/be072205f046f10945df670b317ec3cf~tplv-tiktokx-cropcenter:100:100.jpg?dr=9640&refresh_token=7528180f&x-expires=1775102400&x-signature=NzxznIuaf2aG5suOjDrXWONupeQ%3D&t=4d5b0474&ps=13740610&shp=30310797&shcp=ff37627b&idc=useast8,,,,,,,,,
They’re so fun!!🤩,0,,2026-03-14T19:13:07.000Z,ainsleekbeauty,https://www.tiktok.com/@ainsleekbeauty/video/7617092680597753118,7535277323395236895,7617191301939315486,https://p77-sign-va.tiktokcdn.com/tos-maliva-avt-0068/be072205f046f10945df670b317ec3cf~tplv-tiktokx-cropcenter:100:100.jpg?dr=14579&refresh_token=d62c6d0b&x-expires=1775102400&x-signature=HtFhfQChgoJ5rl9lWe6wU5Rrsb0%3D&t=4d5b0474&ps=13740610&shp=30310797&shcp=ff37627b&idc=my,,,,,,,,,
🥰🥰,1,,2026-03-15T13:54:52.000Z,ainsleekbeauty,https://www.tiktok.com/@ainsleekbeauty/video/7617092680597753118,7535277323395236895,7617480282052346655,https://p16-sign-va.tiktokcdn.com/tos-maliva-avt-0068/be072205f046f10945df670b317ec3cf~tplv-tiktokx-cropcenter:100:100.jpg?dr=14579&refresh_token=6594f305&x-expires=1775102400&x-signature=C%2FCD0edZR0GSpXEM3uwhiodE36M%3D&t=4d5b0474&ps=13740610&shp=30310797&shcp=ff37627b&idc=my,,,,,,,,,
Definitivamente,1,,2026-03-25T18:01:37.000Z,kasssanchez21,https://www.tiktok.com/@9494diane/video/7621151919209221396,7189144449086211078,7621254888206910225,https://p16-common-sign.tiktokcdn-us.com/tos-alisg-avt-0068/56caa13b82e9f649d1da25a33e18a631~tplv-tiktokx-cropcenter:100:100.jpg?dr=9640&refresh_token=538b5e53&x-expires=1775102400&x-signature=f1zSA%2ByNlB9urx7V1xA9ulRuTO4%3D&t=4d5b0474&ps=13740610&shp=30310797&shcp=ff37627b&idc=useast5,,,,,,,,,
❤️❤️,0,,2026-03-14T13:10:45.000Z,ainsleekbeauty,https://www.tiktok.com/@ainsleekbeauty/video/7617092680597753118,7535277323395236895,7617097851419902750,https://p16-common-sign.tiktokcdn-us.com/tos-useast8-avt-0068-tx2/be072205f046f10945df670b317ec3cf~tplv-tiktokx-cropcenter:100:100.jpg?dr=9640&refresh_token=7528180f&x-expires=1775102400&x-signature=NzxznIuaf2aG5suOjDrXWONupeQ%3D&t=4d5b0474&ps=13740610&shp=30310797&shcp=ff37627b&idc=useast8,,,,,,,,,
sweet!,0,,2026-04-01T02:02:15.000Z,sherylanne76,https://www.tiktok.com/@freakysreviews/video/7622857875668372756,7226180921731908614,7623605272396727047,https://p16-common-sign.tiktokcdn-us.com/tos-maliva-avt-0068/dfa7c843fdbd586c70ce9caee7f0532d~tplv-tiktokx-cropcenter:100:100.jpg?dr=9640&refresh_token=6fc237d7&x-expires=1775102400&x-signature=Gim%2Fxqy9fXWHVqy1Cql7b3QdaJk%3D&t=4d5b0474&ps=13740610&shp=30310797&shcp=ff37627b&idc=useast5,,,,,,,,,
Oh! I really want to try both of those masks ❤️,0,0,2026-03-09T12:52:18.000Z,orihime010,https://www.tiktok.com/@glowithsarahlee/video/7615058083198373133,7158932686883210286,7615237652618904350,https://p16-common-sign.tiktokcdn-us.com/tos-useast8-avt-0068-tx2/d833b181a483cfaa0fe37682880f5dea~tplv-tiktokx-cropcenter:100:100.jpg?dr=9640&refresh_token=0ea1033b&x-expires=1775102400&x-signature=xvP%2FnLdqG2mG8Tr5bu6L5RPSer0%3D&t=4d5b0474&ps=13740610&shp=30310797&shcp=ff37627b&idc=useast5,,,,,,,,,
that's amazing,0,0,2026-03-09T10:15:06.000Z,finees.flawless,https://www.tiktok.com/@glowithsarahlee/video/7615058083198373133,7372305454388986885,7615197334071083794,https://p16-common-sign.tiktokcdn-us.com/tos-alisg-avt-0068/8facf52f8896413c10124345881f1328~tplv-tiktokx-cropcenter:100:100.jpg?dr=9640&refresh_token=bfab9dc4&x-expires=1775102400&x-signature=b0bQB8Q%2B76M3kFIn6cneRKaJUMc%3D&t=4d5b0474&ps=13740610&shp=30310797&shcp=ff37627b&idc=useast5,,,,,,,,,
what a fun mask!! 😍😍,0,0,2026-03-09T06:51:22.000Z,marypesocials,https://www.tiktok.com/@glowithsarahlee/video/7615058083198373133,7576525553390748685,7615144467012846366,https://p16-common-sign.tiktokcdn-us.com/tos-useast8-avt-0068-tx2/863f34fab05e2284c7a08cad24071b3f~tplv-tiktokx-cropcenter:100:100.jpg?dr=9640&refresh_token=30a43294&x-expires=1775102400&x-signature=tZfGGbZleiMFSDu8K1UHaFpSvNk%3D&t=4d5b0474&ps=13740610&shp=30310797&shcp=ff37627b&idc=useast5,,,,,,,,,
looks so good 💖,0,0,2026-03-09T17:25:57.000Z,lollyskin2,https://www.tiktok.com/@glowithsarahlee/video/7615058083198373133,7453573915950203922,7615308370811405073,https://p16-common-sign.tiktokcdn-us.com/tos-alisg-avt-0068/890f4219c6b6cad124390f59aee90bcb~tplv-tiktokx-cropcenter:100:100.jpg?dr=9640&refresh_token=91e813e5&x-expires=1775102400&x-signature=sMM5o98Sq03tjBIVHRBS9CF5A%2F4%3D&t=4d5b0474&ps=13740610&shp=30310797&shcp=ff37627b&idc=useast5,,,,,,,,,
"Hi Sarah, I sent you a message 😍",0,0,2026-03-09T12:57:37.000Z,temploveph,https://www.tiktok.com/@glowithsarahlee/video/7615058083198373133,7492642549317108754,7615239193116328725,https://p16-common-sign.tiktokcdn-us.com/tos-alisg-avt-0068/e96957ceaa6910a52316ce1f0526d6ba~tplv-tiktokx-cropcenter:100:100.jpg?dr=9640&refresh_token=d9ef3e1c&x-expires=1775102400&x-signature=gMCh%2BkZFKnDv3XQq3hoNCUTzByw%3D&t=4d5b0474&ps=13740610&shp=30310797&shcp=ff37627b&idc=useast5,,,,,,,,,
Love this for my sunday too,0,0,2026-03-09T01:26:29.000Z,strawflurry,https://www.tiktok.com/@glowithsarahlee/video/7615058083198373133,6771210965166949382,7615061008654680846,https://p16-common-sign.tiktokcdn-us.com/tos-useast5-avt-0068-tx/1a1a24fd58a274a6279a0b4fb2162298~tplv-tiktokx-cropcenter:100:100.jpg?dr=9640&refresh_token=c43a3f57&x-expires=1775102400&x-signature=A47Lwi5HJXugcEtq0sMiNxl%2B9rY%3D&t=4d5b0474&ps=13740610&shp=30310797&shcp=ff37627b&idc=useast5,,,,,,,,,
So glowy!,0,0,2026-03-09T01:26:22.000Z,hungryteacher0,https://www.tiktok.com/@glowithsarahlee/video/7615058083198373133,7406819153488741418,7615061011758039821,https://p16-common-sign.tiktokcdn-us.com/tos-useast5-avt-0068-tx/8665c02e3bb89d4bb25b72b2033130eb~tplv-tiktokx-cropcenter:100:100.jpg?dr=9640&refresh_token=f6adb632&x-expires=1775102400&x-signature=YQP79Q18qar7Wf%2F5D13hT7kZiQE%3D&t=4d5b0474&ps=13740610&shp=30310797&shcp=ff37627b&idc=useast5,,,,,,,,,
Skin glowing sissy I need those lip masks 😍,0,0,2026-03-09T06:24:28.000Z,beauty.by.sonia.xo,https://www.tiktok.com/@glowithsarahlee/video/7615058083198373133,7567062818303018006,7615137795260449538,https://p16-common-sign.tiktokcdn-us.com/tos-maliva-avt-0068/f4a2f11679e63d370c46fb8b2e7bda4c~tplv-tiktokx-cropcenter:100:100.jpg?dr=9640&refresh_token=028039f9&x-expires=1775102400&x-signature=LANPMW89pGU6QpvZwU6Dk%2BCOH2o%3D&t=4d5b0474&ps=13740610&shp=30310797&shcp=ff37627b&idc=useast5,,,,,,,,,
❤️,0,0,2026-03-09T03:07:25.000Z,thuyvanvuthi1,https://www.tiktok.com/@glowithsarahlee/video/7615058083198373133,7055512373713404933,7615086977330873119,https://p16-common-sign.tiktokcdn-us.com/tos-useast5-avt-0068-tx/7343629106849939498~tplv-tiktokx-cropcenter:100:100.jpg?dr=9640&refresh_token=5c61fe3f&x-expires=1775102400&x-signature=340QaTawQZHXdA2xsr3rIA7Km%2Bg%3D&t=4d5b0474&ps=13740610&shp=30310797&shcp=ff37627b&idc=useast5,,,,,,,,,
🤩,0,0,2026-03-09T02:43:53.000Z,hyitsarsh18,https://www.tiktok.com/@glowithsarahlee/video/7615058083198373133,7348249508449747974,7615081019322581767,https://p19-common-sign.tiktokcdn-us.com/tos-alisg-avt-0068/65f6bd423b41fc63e4effcf42b9e9242~tplv-tiktokx-cropcenter:100:100.jpg?dr=9640&refresh_token=c19d8a14&x-expires=1775102400&x-signature=mm%2BDK%2Fm4H%2FhSIfnf86KShDdZUVA%3D&t=4d5b0474&ps=13740610&shp=30310797&shcp=ff37627b&idc=useast5,,,,,,,,,
🥰🥰🥰,0,0,2026-03-13T23:54:07.000Z,cristinelb,https://www.tiktok.com/@glowithsarahlee/video/7615058083198373133,6852546752731399173,7616892627607241485,https://p16-common-sign.tiktokcdn-us.com/tos-useast8-avt-0068-tx2/bb478fddc126f0576841cf4f3aa5c8e8~tplv-tiktokx-cropcenter:100:100.jpg?dr=9640&refresh_token=ad11edb4&x-expires=1775102400&x-signature=Z3YTtjgbxAQrEYt%2BjVIX2MwS1kU%3D&t=4d5b0474&ps=13740610&shp=30310797&shcp=ff37627b&idc=useast5,,,,,,,,,
This is cute 🥰,1,0,2026-03-16T09:24:01.000Z,aderintotife,https://www.tiktok.com/@lifewith_anna5/video/7617670527909465374,7135010410360996870,7617781733115593479,https://p16-sign-sg.tiktokcdn.com/tos-alisg-avt-0068/93ef63b32cf1db630293046d4a02eb1c~tplv-tiktokx-cropcenter:100:100.jpg?dr=14579&refresh_token=c54353ee&x-expires=1775102400&x-signature=ryMhZ%2FC84ibfYMmQIOgJSNkPnG0%3D&t=4d5b0474&ps=13740610&shp=30310797&shcp=ff37627b&idc=my2,,,,,,,,,
I love this! I do this with my hubby and son as well 🥰,1,0,2026-03-16T07:12:27.000Z,thejoyinthings,https://www.tiktok.com/@lifewith_anna5/video/7617670527909465374,7560526901664891917,7617747426464252702,https://p16-common-sign.tiktokcdn.com/tos-maliva-avt-0068/5186f19d58116b85f5c0b6095255fdf4~tplv-tiktokx-cropcenter:100:100.jpg?dr=14579&refresh_token=c1cd6ed0&x-expires=1775102400&x-signature=KEUFsjNDHFOHGeeCYl1HqiZvdUQ%3D&t=4d5b0474&ps=13740610&shp=30310797&shcp=ff37627b&idc=my2,,,,,,,,,
So cute,1,0,2026-03-16T05:42:48.000Z,livingwithstacyy,https://www.tiktok.com/@lifewith_anna5/video/7617670527909465374,7045614190527497222,7617724730770948872,https://p16-sign-sg.tiktokcdn.com/tos-alisg-avt-0068/b78a54d170458a99c782455d3ad218c9~tplv-tiktokx-cropcenter:100:100.jpg?dr=14579&refresh_token=d5d39d1b&x-expires=1775102400&x-signature=n40%2B5%2FC6DNt48UVM4%2BNxvmgu87M%3D&t=4d5b0474&ps=13740610&shp=30310797&shcp=ff37627b&idc=my2,,,,,,,,,
"Awww this is so fun! He is so handsome, lucky husband! Keeping him glowing!",1,0,2026-03-16T04:26:37.000Z,cambriadugallywan,https://www.tiktok.com/@lifewith_anna5/video/7617670527909465374,7155553969573332010,7617705023230083854,https://p16-sign-va.tiktokcdn.com/tos-maliva-avt-0068/ba7a346d9f05f55c25d90cffcdec4976~tplv-tiktokx-cropcenter:100:100.jpg?dr=14579&refresh_token=77156e21&x-expires=1775102400&x-signature=19OQLMXRnKaqNCTVZpBwOM91clQ%3D&t=4d5b0474&ps=13740610&shp=30310797&shcp=ff37627b&idc=my2,,,,,,,,,
Hahaha this is amazing💗,1,0,2026-03-16T03:04:52.000Z,georgiaethridge,https://www.tiktok.com/@lifewith_anna5/video/7617670527909465374,6859148037387977733,7617683990102688542,https://p16-common-sign.tiktokcdn.com/tos-maliva-avt-0068/cb7e0ceb4acd86c57e9b4fe9d5ea3841~tplv-tiktokx-cropcenter:100:100.jpg?dr=14579&refresh_token=d221946b&x-expires=1775102400&x-signature=pe%2FHidu5HWlDrvzWVHs%2FzRNyj1I%3D&t=4d5b0474&ps=13740610&shp=30310797&shcp=ff37627b&idc=my2,,,,,,,,,
This is so cute❤️,1,0,2026-03-16T12:08:36.000Z,lifestylewith_rae,https://www.tiktok.com/@lifewith_anna5/video/7617670527909465374,6954502997007533062,7617824149713535752,https://p16-sign-sg.tiktokcdn.com/tos-alisg-avt-0068/c46c4c63ff78f28afa15819199bb45c1~tplv-tiktokx-cropcenter:100:100.jpg?dr=14579&refresh_token=453d6d90&x-expires=1775102400&x-signature=I8KLFt5exUKd9TPCBXARu82GJEU%3D&t=4d5b0474&ps=13740610&shp=30310797&shcp=ff37627b&idc=my2,,,,,,,,,
So sweet love it,1,0,2026-03-17T17:51:34.000Z,inspirationalmarlamunoz8,https://www.tiktok.com/@lifewith_anna5/video/7617670527909465374,6804297889385415686,7618283546696745742,https://p16-common-sign.tiktokcdn-us.com/tos-useast5-avt-0068-tx/83784a8d19ab32643731375a8964c994~tplv-tiktokx-cropcenter:100:100.jpg?dr=9640&refresh_token=17b85b28&x-expires=1775102400&x-signature=WvnFd9NtaY4A5MUKZGANvVSjqMI%3D&t=4d5b0474&ps=13740610&shp=30310797&shcp=ff37627b&idc=useast8,,,,,,,,,
😁love this! Great masks,1,0,2026-03-16T11:26:43.000Z,rima_k0,https://www.tiktok.com/@lifewith_anna5/video/7617670527909465374,7048678101676819462,7617813386201580308,https://p16-common-sign.tiktokcdn-us.com/tos-alisg-avt-0068/8ff679467b64dea07556f7e0ffe5cd17~tplv-tiktokx-cropcenter:100:100.jpg?dr=9640&refresh_token=80fe9111&x-expires=1775102400&x-signature=IGtwZHD0%2FHHaMc2hd1jtDTlJrUI%3D&t=4d5b0474&ps=13740610&shp=30310797&shcp=ff37627b&idc=useast8,,,,,,,,,
Ahaha funny moment ❤️,1,0,2026-03-17T16:08:27.000Z,agathevdle,https://www.tiktok.com/@lifewith_anna5/video/7617670527909465374,7384181428983170081,7618257027133162262,https://p16-common-sign.tiktokcdn-us.com/tos-maliva-avt-0068/5339cd66a4fe1c32811ba4b0ce9bd41e~tplv-tiktokx-cropcenter:100:100.jpg?dr=9640&refresh_token=e5f9919e&x-expires=1775102400&x-signature=O%2B9KlwmdLENmhfyjFOmCe8UAb%2BU%3D&t=4d5b0474&ps=13740610&shp=30310797&shcp=ff37627b&idc=useast8,,,,,,,,,
Wow 😍 now he’s refreshed ❤️your an amazing wife friend 🥰🥰🥰,1,0,2026-03-16T03:51:13.000Z,fakehair_dntcare,https://www.tiktok.com/@lifewith_anna5/video/7617670527909465374,7245454061264389166,7617695838190289678,https://p16-common-sign.tiktokcdn-us.com/tos-useast5-avt-0068-tx/09d1028ec40282e2f6ed94b1c3bc06b9~tplv-tiktokx-cropcenter:100:100.jpg?dr=9640&refresh_token=918d8ec3&x-expires=1775102400&x-signature=mnLHizJAktFb9yN0XfBisy%2FBVCc%3D&t=4d5b0474&ps=13740610&shp=30310797&shcp=ff37627b&idc=useast8,,,,,,,,,
You are doing a great job,1,0,2026-03-16T03:03:15.000Z,funmiomookun,https://www.tiktok.com/@lifewith_anna5/video/7617670527909465374,6810285387089839109,7617683609903022865,https://p16-common-sign.tiktokcdn-us.com/tos-maliva-avt-0068/aafd41a3ab485ede3ee246b04aa81410~tplv-tiktokx-cropcenter:100:100.jpg?dr=9640&refresh_token=84c5c30e&x-expires=1775102400&x-signature=cQMsfEXE0ZzVnaHQ195Fz%2F27U2g%3D&t=4d5b0474&ps=13740610&shp=30310797&shcp=ff37627b&idc=useast8,,,,,,,,,
Haha Love it 🥰🥰,1,0,2026-03-17T16:33:52.000Z,oana23alexandra,https://www.tiktok.com/@lifewith_anna5/video/7617670527909465374,6820821174625960965,7618263582040785686,https://p16-common-sign.tiktokcdn-us.com/tos-maliva-avt-0068/50442780ea1e6deecebbbe1a88417f8c~tplv-tiktokx-cropcenter:100:100.jpg?dr=9640&refresh_token=a0dcd12e&x-expires=1775102400&x-signature=i4UorFwe2YD4aGU0cYfI7aYo8zE%3D&t=4d5b0474&ps=13740610&shp=30310797&shcp=ff37627b&idc=useast8,,,,,,,,,
Best husband,1,0,2026-03-16T12:22:46.000Z,anna.roe.daily,https://www.tiktok.com/@lifewith_anna5/video/7617670527909465374,7516678994370266126,7617827665260987150,https://p16-common-sign.tiktokcdn-us.com/tos-useast5-avt-0068-tx/da4710a083bf06920f6d5582ca0742a6~tplv-tiktokx-cropcenter:100:100.jpg?dr=9640&refresh_token=6574d7af&x-expires=1775102400&x-signature=VY2A4eW1Yu8Pj5XiZXRTbuZkzNI%3D&t=4d5b0474&ps=13740610&shp=30310797&shcp=ff37627b&idc=useast8,,,,,,,,,
This is so lovely,1,0,2026-03-16T08:49:21.000Z,glowwithod,https://www.tiktok.com/@lifewith_anna5/video/7617670527909465374,7296198243314353185,7617772784772547350,https://p16-common-sign.tiktokcdn-us.com/tos-maliva-avt-0068/a640282f3bbf2c743e320a358f5a2cf2~tplv-tiktokx-cropcenter:100:100.jpg?dr=9640&refresh_token=b3629f3a&x-expires=1775102400&x-signature=6L1u3w9vDvj6Zs4hJmc411NQefU%3D&t=4d5b0474&ps=13740610&shp=30310797&shcp=ff37627b&idc=useast8,,,,,,,,,
I know he loved his mask too! 😂 TJ loves a self care moment as well! 😂,1,,2026-03-16T02:41:37.000Z,angelackramer,https://www.tiktok.com/@lifewith_anna5/video/7617670527909465374,7369943513792201774,7617677936116826911,https://p16-common-sign.tiktokcdn-us.com/tos-useast8-avt-0068-tx2/c5c74e895505aef748f4874cbf5f9636~tplv-tiktokx-cropcenter:100:100.jpg?dr=9640&refresh_token=65e9b514&x-expires=1775102400&x-signature=AC3oBVKufN%2BaSeW7RJ6hMUYjBUo%3D&t=4d5b0474&ps=13740610&shp=30310797&shcp=ff37627b&idc=useast8,,,,,,,,,
How awesome 🥰🥰🥰,1,,2026-03-16T02:41:55.000Z,lifewith_anna5,https://www.tiktok.com/@lifewith_anna5/video/7617670527909465374,7371590707667502122,7617678014307025694,https://p16-common-sign.tiktokcdn-us.com/tos-useast8-avt-0068-tx2/336407da1e078b1ac091b6154ef74c69~tplv-tiktokx-cropcenter:100:100.jpg?dr=9640&refresh_token=e49b23cf&x-expires=1775102400&x-signature=9aoO1dSaDtC70W7bOp75lrOA%2BHA%3D&t=4d5b0474&ps=13740610&shp=30310797&shcp=ff37627b&idc=useast8,,,,,,,,,
Nice🥰,0,0,2026-03-09T01:21:06.000Z,silver_sh0pper,https://www.tiktok.com/@glowithsarahlee/video/7615058083198373133,7470574660747641902,7615059543144563469,https://p16-common-sign.tiktokcdn-us.com/tos-useast5-avt-0068-tx/6ca1952bd7423c7a76970be2258eac36~tplv-tiktokx-cropcenter:100:100.jpg?dr=9640&refresh_token=5816d396&x-expires=1775102400&x-signature=5SOUaM2zi%2FOkn56Xbah57IoytMI%3D&t=4d5b0474&ps=13740610&shp=30310797&shcp=ff37627b&idc=useast5,,,,,,,,,
🥰🥰🥰,0,,2026-03-16T05:14:53.000Z,beautyndvlogs,https://www.tiktok.com/@lifewith_anna5/video/7617670527909465374,7356920139415094277,7617717562125992720,https://p16-common-sign.tiktokcdn-us.com/tos-alisg-avt-0068/c20de9c7fcea3954378ae394f8af8bd0~tplv-tiktokx-cropcenter:100:100.jpg?dr=9640&refresh_token=4f99d0c6&x-expires=1775102400&x-signature=noXjKjHAy558d9KYjURtUdWzK3Q%3D&t=4d5b0474&ps=13740610&shp=30310797&shcp=ff37627b&idc=useast5,,,,,,,,,
Aww thank you! 😍,0,,2026-03-31T02:31:37.000Z,digital_rizzy,https://www.tiktok.com/@digital_rizzy/video/7620270705439001877,6628495805286400002,7623241712601809685,https://p16-common-sign.tiktokcdn-us.com/tos-maliva-avt-0068/1585e307610e145f43eb475cdf5126e4~tplv-tiktokx-cropcenter:100:100.jpg?dr=9640&refresh_token=4914610a&x-expires=1775102400&x-signature=cXVSPe%2BXMrzLrHGc8L%2BpEl%2FnS1M%3D&t=4d5b0474&ps=13740610&shp=30310797&shcp=ff37627b&idc=useast8,,,,,,,,,
Amazing job,1,0,2026-03-16T22:25:56.000Z,beautyalvi,https://www.tiktok.com/@lifewith_anna5/video/7617670527909465374,7122188705062175750,7617983214238057238,https://p16-common-sign.tiktokcdn-us.com/tos-maliva-avt-0068/20d6208003c85843e9d97626c1e3c1ad~tplv-tiktokx-cropcenter:100:100.jpg?dr=9640&refresh_token=eceae4b2&x-expires=1775102400&x-signature=7iAoiqreeaqHm2434GU4uIwQIqY%3D&t=4d5b0474&ps=13740610&shp=30310797&shcp=ff37627b&idc=useast5,,,,,,,,,
Happy Sunday,1,0,2026-03-16T02:34:51.000Z,natbutt04,https://www.tiktok.com/@lifewith_anna5/video/7617670527909465374,6856236217761563654,7617676229420942110,https://p16-common-sign.tiktokcdn-us.com/tos-useast8-avt-0068-tx2/b8eb9ddbde90adfee59ca4be40a154ef~tplv-tiktokx-cropcenter:100:100.jpg?dr=9640&refresh_token=5e114d8b&x-expires=1775102400&x-signature=xT8JhKqn8kgUjRZPbZttGBY93RA%3D&t=4d5b0474&ps=13740610&shp=30310797&shcp=ff37627b&idc=useast5,,,,,,,,,
Ohh I love it 🥰🥰,1,0,2026-03-16T13:03:10.000Z,mrsinsler15,https://www.tiktok.com/@lifewith_anna5/video/7617670527909465374,6567152807412613121,7617838095450637087,https://p16-common-sign.tiktokcdn-us.com/tos-useast8-avt-0068-tx2/fb8f2e8217045a2f43cb946c8c4eccb6~tplv-tiktokx-cropcenter:100:100.jpg?dr=9640&refresh_token=7b6c79b1&x-expires=1775102400&x-signature=vEyuooELUyeB%2BfWfPqgsCxgOBS0%3D&t=4d5b0474&ps=13740610&shp=30310797&shcp=ff37627b&idc=useast5,,,,,,,,,
🥰🥰🥰,0,,2026-03-15T01:14:00.000Z,beautyndvlogs,https://www.tiktok.com/@jjstiktokreviews/video/7616906773697416469,7356920139415094277,7617284373902459664,https://p16-common-sign.tiktokcdn-us.com/tos-alisg-avt-0068/c20de9c7fcea3954378ae394f8af8bd0~tplv-tiktokx-cropcenter:100:100.jpg?dr=9640&refresh_token=4f99d0c6&x-expires=1775102400&x-signature=noXjKjHAy558d9KYjURtUdWzK3Q%3D&t=4d5b0474&ps=13740610&shp=30310797&shcp=ff37627b&idc=useast8,,,,,,,,,
🥰🥰🥰,0,,2026-03-07T05:42:53.000Z,life_onloop,https://www.tiktok.com/@life_onloop/video/7614236794996952351,7174265310206854190,7614384839961707295,https://p16-common-sign.tiktokcdn-us.com/tos-useast8-avt-0068-tx2/75c3c91509d4aa51c3a74ed30c389375~tplv-tiktokx-cropcenter:100:100.jpg?dr=9640&refresh_token=220afec3&x-expires=1775102400&x-signature=TIvCU5T%2B%2FQwK8%2BCjUPDPc%2F6cdNo%3D&t=4d5b0474&ps=13740610&shp=30310797&shcp=ff37627b&idc=useast5,,,,,,,,,
Leaves my lips so soft after 🥰,0,,2026-03-08T06:51:40.000Z,life_onloop,https://www.tiktok.com/@life_onloop/video/7614236794996952351,7174265310206854190,7614773627502592798,https://p16-common-sign.tiktokcdn-us.com/tos-useast8-avt-0068-tx2/75c3c91509d4aa51c3a74ed30c389375~tplv-tiktokx-cropcenter:100:100.jpg?dr=9640&refresh_token=220afec3&x-expires=1775102400&x-signature=TIvCU5T%2B%2FQwK8%2BCjUPDPc%2F6cdNo%3D&t=4d5b0474&ps=13740610&shp=30310797&shcp=ff37627b&idc=useast8,,,,,,,,,
Double the hydration 🥰,0,,2026-03-07T05:52:04.000Z,life_onloop,https://www.tiktok.com/@life_onloop/video/7614236794996952351,7174265310206854190,7614387232631636766,https://p19-common-sign.tiktokcdn-us.com/tos-useast8-avt-0068-tx2/75c3c91509d4aa51c3a74ed30c389375~tplv-tiktokx-cropcenter:100:100.jpg?dr=9640&refresh_token=acb4104e&x-expires=1775102400&x-signature=yoo0MvkOfZdXMvrVq%2FTkYkrdLxE%3D&t=4d5b0474&ps=13740610&shp=30310797&shcp=ff37627b&idc=useast5,,,,,,,,,
Oh wow! Looks super soothing!,0,0,2026-03-06T21:11:45.000Z,korean.mom.skincare,https://www.tiktok.com/@life_onloop/video/7614236794996952351,7542909708333581326,7614253198010254094,https://p16-common-sign.tiktokcdn-us.com/tos-useast5-avt-0068-tx/019741a879bb966828c816066f2e985a~tplv-tiktokx-cropcenter:100:100.jpg?dr=9640&refresh_token=a52ee3e2&x-expires=1775102400&x-signature=6%2Fu4g7YBBvLk6szzHJXWUJfkcR4%3D&t=4d5b0474&ps=13740610&shp=30310797&shcp=ff37627b&idc=useast5,,,,,,,,,
the lip mask container is too cute! 💋,0,0,2026-03-10T05:31:27.000Z,loveyslife,https://www.tiktok.com/@life_onloop/video/7614236794996952351,6827842800953639941,7615495113679045389,https://p16-common-sign.tiktokcdn-us.com/tos-useast5-avt-0068-tx/bc613c82b23c8e00805c34e226207638~tplv-tiktokx-cropcenter:100:100.jpg?dr=9640&refresh_token=3e3754bb&x-expires=1775102400&x-signature=wG0g3svHBhWt0X9UOoaW%2BLIa3GI%3D&t=4d5b0474&ps=13740610&shp=30310797&shcp=ff37627b&idc=useast5,,,,,,,,,
Ooo love,1,0,2026-03-06T23:34:54.000Z,strawberriezsnz,https://www.tiktok.com/@life_onloop/video/7614236794996952351,6989401052173468677,7614290087710720799,https://p16-common-sign.tiktokcdn-us.com/tos-useast8-avt-0068-tx2/baf32e5482754047a5d9af026392465a~tplv-tiktokx-cropcenter:100:100.jpg?dr=9640&refresh_token=06940649&x-expires=1775102400&x-signature=e81TzaWl3Z9UJSpVuXqna76zZv4%3D&t=4d5b0474&ps=13740610&shp=30310797&shcp=ff37627b&idc=useast5,,,,,,,,,
I love this concept! 💋,1,0,2026-03-07T01:20:06.000Z,marisapaigeloveslife,https://www.tiktok.com/@life_onloop/video/7614236794996952351,6919984628641580037,7614317201826595597,https://p16-common-sign.tiktokcdn-us.com/tos-useast5-avt-0068-tx/5f9359ecab4fbadacf0e1d12427b7d06~tplv-tiktokx-cropcenter:100:100.jpg?dr=9640&refresh_token=f9479158&x-expires=1775102400&x-signature=0zfuv2qap4rPONdVJA4Ktb7wdtM%3D&t=4d5b0474&ps=13740610&shp=30310797&shcp=ff37627b&idc=useast5,,,,,,,,,
wanna try this💕,0,0,2026-03-08T03:54:43.000Z,inq.jellieishikawa,https://www.tiktok.com/@life_onloop/video/7614236794996952351,6539079847465336833,7614728073217344269,https://p16-common-sign.tiktokcdn-us.com/tos-useast5-avt-0068-tx/6faa76eca0d50905040e76b86801f2df~tplv-tiktokx-cropcenter:100:100.jpg?dr=9640&refresh_token=72adf664&x-expires=1775102400&x-signature=2TPMahSfbGVezJKcs7zdqQRGut4%3D&t=4d5b0474&ps=13740610&shp=30310797&shcp=ff37627b&idc=useast5,,,,,,,,,
So cute 😍,1,0,2026-03-07T00:34:19.000Z,gabyyoshikawaa,https://www.tiktok.com/@life_onloop/video/7614236794996952351,7355355981491012651,7614305395804439327,https://p19-common-sign.tiktokcdn-us.com/tos-useast5-avt-0068-tx/4c578b18fde3eee6c6930e37741102b1~tplv-tiktokx-cropcenter:100:100.jpg?dr=9640&refresh_token=1a3ffb4f&x-expires=1775102400&x-signature=4UfB3EoEAhL%2BnsUowSNA%2FfTPFKA%3D&t=4d5b0474&ps=13740610&shp=30310797&shcp=ff37627b&idc=useast5,,,,,,,,,
Omg stop so cute! Looks amazing,0,0,2026-03-08T18:03:30.000Z,.shopaholics_,https://www.tiktok.com/@life_onloop/video/7614236794996952351,7386409464687133739,7614946875883471646,https://p16-common-sign.tiktokcdn-us.com/tos-useast5-avt-0068-tx/4f6508cd598092e63153698e0f9fc2e8~tplv-tiktokx-cropcenter:100:100.jpg?dr=9640&refresh_token=8f42fd35&x-expires=1775102400&x-signature=Yu%2Fi5%2BvCTidyznfH7KEmNf%2B60Uw%3D&t=4d5b0474&ps=13740610&shp=30310797&shcp=ff37627b&idc=useast5,,,,,,,,,
Lovely mask 😍😍,0,0,2026-03-08T18:46:50.000Z,theglowingsisters6,https://www.tiktok.com/@life_onloop/video/7614236794996952351,7529853505684390920,7614958108674589460,https://p16-common-sign.tiktokcdn-us.com/tos-alisg-avt-0068/49344326505b85b883b3103ef004e79d~tplv-tiktokx-cropcenter:100:100.jpg?dr=9640&refresh_token=3faaffb9&x-expires=1775102400&x-signature=tEw0zE5qNlpgHI%2FxAFJaa%2BfsTvI%3D&t=4d5b0474&ps=13740610&shp=30310797&shcp=ff37627b&idc=useast5,,,,,,,,,
ooh the lip mask🤩,1,0,2026-03-08T04:42:33.000Z,addyghaynes,https://www.tiktok.com/@life_onloop/video/7614236794996952351,6625693930657923077,7614740322455503647,https://p16-common-sign.tiktokcdn-us.com/tos-useast8-avt-0068-tx2/a803f0d536c1b78d322486993f0a015b~tplv-tiktokx-cropcenter:100:100.jpg?dr=9640&refresh_token=b6c95977&x-expires=1775102400&x-signature=CyKmTw8lp%2BIooTiVdVCAKFW9Xls%3D&t=4d5b0474&ps=13740610&shp=30310797&shcp=ff37627b&idc=useast5,,,,,,,,,
The mask is so cool😮😮,0,0,2026-03-08T19:40:05.000Z,gcffen,https://www.tiktok.com/@life_onloop/video/7614236794996952351,9759102,7614971828113736470,https://p16-common-sign.tiktokcdn-us.com/tos-maliva-avt-0068/01354d9f76295896a66407410c46fcf2~tplv-tiktokx-cropcenter:100:100.jpg?dr=9640&refresh_token=89c3f412&x-expires=1775102400&x-signature=bd5zuFLoZuZl0lrQ0LW6TIClJFo%3D&t=4d5b0474&ps=13740610&shp=30310797&shcp=ff37627b&idc=useast5,,,,,,,,,
wow! so hydrating 😍,0,0,2026-03-10T08:53:51.000Z,simplyangelli_,https://www.tiktok.com/@life_onloop/video/7614236794996952351,6794676328375452674,7615547478334702353,https://p16-common-sign.tiktokcdn-us.com/tos-alisg-avt-0068/a02dcb475fa6a181e7ab0f84132bcdaa~tplv-tiktokx-cropcenter:100:100.jpg?dr=9640&refresh_token=da697996&x-expires=1775102400&x-signature=obyvhdfqEFjv%2F69CUHIH39NOt30%3D&t=4d5b0474&ps=13740610&shp=30310797&shcp=ff37627b&idc=useast5,,,,,,,,,
Wow this looks so good😍💞,1,0,2026-03-06T21:58:07.000Z,nanairl_,https://www.tiktok.com/@life_onloop/video/7614236794996952351,7150538160090547205,7614265207121429266,https://p16-common-sign.tiktokcdn-us.com/tos-maliva-avt-0068/a621bab0105d9371e5d74bc7a0184987~tplv-tiktokx-cropcenter:100:100.jpg?dr=9640&refresh_token=bde9e7ca&x-expires=1775102400&x-signature=VdMpPMyvUV11VTAzgjgnXVs2rrg%3D&t=4d5b0474&ps=13740610&shp=30310797&shcp=ff37627b&idc=useast5,,,,,,,,,
Love this💖,1,0,2026-03-07T01:33:39.000Z,shadi.smi,https://www.tiktok.com/@life_onloop/video/7614236794996952351,7433993849950864426,7614320715039277837,https://p16-common-sign.tiktokcdn-us.com/tos-useast5-avt-0068-tx/eb7ea7e3cf6ee7ecae42d9bc4f5eff73~tplv-tiktokx-cropcenter:100:100.jpg?dr=9640&refresh_token=57f8ff36&x-expires=1775102400&x-signature=VN2%2BX2jjPu8SkuNZZicvaqN3sSo%3D&t=4d5b0474&ps=13740610&shp=30310797&shcp=ff37627b&idc=useast5,,,,,,,,,
Obsessed with the lip mask,0,0,2026-03-15T15:00:16.000Z,hello.shel,https://www.tiktok.com/@life_onloop/video/7614236794996952351,7351500175464072235,7617497185404060429,https://p16-common-sign.tiktokcdn-us.com/tos-useast5-avt-0068-tx/1458e3385c5148a09a56390e7ecd6060~tplv-tiktokx-cropcenter:100:100.jpg?dr=9640&refresh_token=dad737a6&x-expires=1775102400&x-signature=r80zTRG9AkCJO46c2BMTIRqYF%2Fw%3D&t=4d5b0474&ps=13740610&shp=30310797&shcp=ff37627b&idc=useast5,,,,,,,,,
I’ve been slacking on my sheet mask game. This is my sign!,1,1,2026-03-06T20:43:14.000Z,alliyahdaniela,https://www.tiktok.com/@life_onloop/video/7614236794996952351,7518480439943955512,7614245911929717524,https://p16-common-sign.tiktokcdn-us.com/tos-alisg-avt-0068/a4ae1abf27df6748b6f12b829a05cfd9~tplv-tiktokx-cropcenter:100:100.jpg?dr=9640&refresh_token=4ba14aa0&x-expires=1775102400&x-signature=dBwtDEqy0%2FHqyCwBrZXPdIcMkn8%3D&t=4d5b0474&ps=13740610&shp=30310797&shcp=ff37627b&idc=useast5,,,,,,,,,
Haha dw same girly!! 🥰,1,,2026-03-07T03:26:45.000Z,life_onloop,https://www.tiktok.com/@life_onloop/video/7614236794996952351,7174265310206854190,7614349716784792351,https://p16-common-sign.tiktokcdn-us.com/tos-useast8-avt-0068-tx2/75c3c91509d4aa51c3a74ed30c389375~tplv-tiktokx-cropcenter:100:100.jpg?dr=9640&refresh_token=220afec3&x-expires=1775102400&x-signature=TIvCU5T%2B%2FQwK8%2BCjUPDPc%2F6cdNo%3D&t=4d5b0474&ps=13740610&shp=30310797&shcp=ff37627b&idc=useast5,,,,,,,,,
So cute 🥰🥰🥰❤️❤️❤️,0,0,2026-03-08T18:58:34.000Z,cinnylove30,https://www.tiktok.com/@life_onloop/video/7614236794996952351,54609886977761280,7614961129357771538,https://p16-common-sign.tiktokcdn-us.com/tos-alisg-avt-0068/2a37997c54f97040cc826364d58d4594~tplv-tiktokx-cropcenter:100:100.jpg?dr=9640&refresh_token=f6fc6948&x-expires=1775102400&x-signature=SZ8WOetV9zTc9o4VocLjwukkDlE%3D&t=4d5b0474&ps=13740610&shp=30310797&shcp=ff37627b&idc=useast5,,,,,,,,,
Omg omg omg!!! This is such coool combo! Never seen a lip mask like this 🥰💓,1,1,2026-03-06T20:25:52.000Z,hohohoitslinh,https://www.tiktok.com/@life_onloop/video/7614236794996952351,6674268143575778309,7614241220705551135,https://p16-common-sign.tiktokcdn-us.com/tos-useast8-avt-0068-tx2/adf1524d881ced51435a4ad92ca53b82~tplv-tiktokx-cropcenter:100:100.jpg?dr=9640&refresh_token=abdfe35f&x-expires=1775102400&x-signature=QXQ7zPIWqoE85nWj9hbNLeJKrVM%3D&t=4d5b0474&ps=13740610&shp=30310797&shcp=ff37627b&idc=useast5,,,,,,,,,
Right? 😍❤️,0,,2026-03-07T05:28:46.000Z,life_onloop,https://www.tiktok.com/@life_onloop/video/7614236794996952351,7174265310206854190,7614381204238025503,https://p16-common-sign.tiktokcdn-us.com/tos-useast8-avt-0068-tx2/75c3c91509d4aa51c3a74ed30c389375~tplv-tiktokx-cropcenter:100:100.jpg?dr=9640&refresh_token=220afec3&x-expires=1775102400&x-signature=TIvCU5T%2B%2FQwK8%2BCjUPDPc%2F6cdNo%3D&t=4d5b0474&ps=13740610&shp=30310797&shcp=ff37627b&idc=useast5,,,,,,,,,
Looks good 😍😍😍,0,0,2026-03-08T17:46:29.000Z,manicmariahhh,https://www.tiktok.com/@life_onloop/video/7614236794996952351,6884051538357765126,7614942412847579935,https://p16-common-sign.tiktokcdn-us.com/tos-useast8-avt-0068-tx2/3e805c4ddcd3299ce683a147b9e6f067~tplv-tiktokx-cropcenter:100:100.jpg?dr=9640&refresh_token=dbcb93e8&x-expires=1775102400&x-signature=QlA0l3G2F13hVBAACcFz6bf9KLM%3D&t=4d5b0474&ps=13740610&shp=30310797&shcp=ff37627b&idc=useast5,,,,,,,,,
Im excited hehe,1,,2026-03-07T06:11:07.000Z,strawflurry,https://www.tiktok.com/@life_onloop/video/7614236794996952351,6771210965166949382,7614392149535097614,https://p16-sign-va.tiktokcdn.com/tos-maliva-avt-0068/1a1a24fd58a274a6279a0b4fb2162298~tplv-tiktokx-cropcenter:100:100.jpg?dr=14579&refresh_token=3a6a9e0b&x-expires=1775102400&x-signature=ZdQHkWuzMNDI1w6x3TLt6Ij9ej0%3D&t=4d5b0474&ps=13740610&shp=30310797&shcp=ff37627b&idc=my2,,,,,,,,,
Yess!! 🥰🥰,1,,2026-03-07T05:58:43.000Z,life_onloop,https://www.tiktok.com/@life_onloop/video/7614236794996952351,7174265310206854190,7614388882667193119,https://p16-common-sign.tiktokcdn-eu.com/tos-maliva-avt-0068/75c3c91509d4aa51c3a74ed30c389375~tplv-tiktokx-cropcenter:100:100.jpg?dr=10399&refresh_token=ae2ea26e&x-expires=1775102400&x-signature=AIIEdseX1wvUYBLL9jjOkTL1XxI%3D&t=4d5b0474&ps=13740610&shp=30310797&shcp=ff37627b&idc=no1a,,,,,,,,,
Leaves my lips feeling so soft after 🥰,1,,2026-03-07T05:49:38.000Z,life_onloop,https://www.tiktok.com/@life_onloop/video/7614236794996952351,7174265310206854190,7614386452122223391,https://p16-common-sign.tiktokcdn-us.com/tos-useast8-avt-0068-tx2/75c3c91509d4aa51c3a74ed30c389375~tplv-tiktokx-cropcenter:100:100.jpg?dr=9640&refresh_token=220afec3&x-expires=1775102400&x-signature=TIvCU5T%2B%2FQwK8%2BCjUPDPc%2F6cdNo%3D&t=4d5b0474&ps=13740610&shp=30310797&shcp=ff37627b&idc=useast8,,,,,,,,,
It looks invisible 🤩💕,0,,2026-03-07T05:28:07.000Z,life_onloop,https://www.tiktok.com/@life_onloop/video/7614236794996952351,7174265310206854190,7614381015495525151,https://p16-common-sign.tiktokcdn-us.com/tos-useast8-avt-0068-tx2/75c3c91509d4aa51c3a74ed30c389375~tplv-tiktokx-cropcenter:100:100.jpg?dr=9640&refresh_token=220afec3&x-expires=1775102400&x-signature=TIvCU5T%2B%2FQwK8%2BCjUPDPc%2F6cdNo%3D&t=4d5b0474&ps=13740610&shp=30310797&shcp=ff37627b&idc=useast8,,,,,,,,,
They’re soo hydrating 🥰,0,,2026-03-07T05:45:24.000Z,life_onloop,https://www.tiktok.com/@life_onloop/video/7614236794996952351,7174265310206854190,7614385461448246046,https://p19-common-sign.tiktokcdn-eu.com/tos-maliva-avt-0068/75c3c91509d4aa51c3a74ed30c389375~tplv-tiktokx-cropcenter:100:100.jpg?dr=10399&refresh_token=aea40c75&x-expires=1775102400&x-signature=HKjlHLvvcpGo%2Bkbebeav7qvM6go%3D&t=4d5b0474&ps=13740610&shp=30310797&shcp=ff37627b&idc=no1a,,,,,,,,,
Yess!! 🥰,0,,2026-03-07T05:44:09.000Z,life_onloop,https://www.tiktok.com/@life_onloop/video/7614236794996952351,7174265310206854190,7614385229238846239,https://p16-common-sign.tiktokcdn-us.com/tos-useast8-avt-0068-tx2/75c3c91509d4aa51c3a74ed30c389375~tplv-tiktokx-cropcenter:100:100.jpg?dr=9640&refresh_token=220afec3&x-expires=1775102400&x-signature=TIvCU5T%2B%2FQwK8%2BCjUPDPc%2F6cdNo%3D&t=4d5b0474&ps=13740610&shp=30310797&shcp=ff37627b&idc=useast5,,,,,,,,,
I want these,0,1,2026-03-15T04:20:18.000Z,_glowwithsaff_,https://www.tiktok.com/@liz.alvaradorivas/video/7617304422942526733,16487282,7617332229631722271,https://p16-common-sign.tiktokcdn-us.com/tos-useast8-avt-0068-tx2/7c8e5c745487287916c0fc3229af33e8~tplv-tiktokx-cropcenter:100:100.jpg?dr=9640&refresh_token=cec6bafd&x-expires=1775102400&x-signature=B0ovV4a6Yb5vHPbbpLVPo1WQUVI%3D&t=4d5b0474&ps=13740610&shp=30310797&shcp=ff37627b&idc=useast8,,,,,,,,,
🥰🥰🥰,0,,2026-03-15T15:19:48.000Z,liz.alvaradorivas,https://www.tiktok.com/@liz.alvaradorivas/video/7617304422942526733,6954398233347146757,7617502259790037773,https://p16-common-sign.tiktokcdn-us.com/tos-useast5-avt-0068-tx/ecebe7e88aae7720f0e19daaa93a6ab8~tplv-tiktokx-cropcenter:100:100.jpg?dr=9640&refresh_token=271bd6e7&x-expires=1775102400&x-signature=01DJrdj3%2FOG8zlngvFX0e8%2BwWAo%3D&t=4d5b0474&ps=13740610&shp=30310797&shcp=ff37627b&idc=useast8,,,,,,,,,
Skin is glowing 😍✨ love this mask!,1,1,2026-03-16T12:53:51.000Z,yayas.realm,https://www.tiktok.com/@nathaalyyp/video/7617667095412722975,6625249527349657605,7617835726150877966,https://p16-common-sign.tiktokcdn-us.com/tos-useast5-avt-0068-tx/ee50402e0259df7e12e8c64d16e150ab~tplv-tiktokx-cropcenter:100:100.jpg?dr=9640&refresh_token=2003c4f6&x-expires=1775102400&x-signature=BG%2Fz6T3ET8Ibkx5Qrz3%2FNGNY%2BYE%3D&t=4d5b0474&ps=13740610&shp=30310797&shcp=ff37627b&idc=useast8,,,,,,,,,
Thank you!!!☺️,0,,2026-03-17T02:43:40.000Z,nathaalyyp,https://www.tiktok.com/@nathaalyyp/video/7617667095412722975,6560304286843453445,7618049626330923807,https://p16-common-sign.tiktokcdn-us.com/tos-useast8-avt-0068-tx2/f8dd9eb29b1c9a19b8473cfebd91b3ef~tplv-tiktokx-cropcenter:100:100.jpg?dr=9640&refresh_token=328e645d&x-expires=1775102400&x-signature=1nouZYMd1pjOF8ev35IF3oH1JuQ%3D&t=4d5b0474&ps=13740610&shp=30310797&shcp=ff37627b&idc=useast8,,,,,,,,,
I need to stock up on my masks. Grabbing this one! 💕,0,1,2026-03-16T03:19:51.000Z,_jtmayra,https://www.tiktok.com/@nathaalyyp/video/7617667095412722975,6901383821415302150,7617687818211263262,https://p19-common-sign.tiktokcdn-us.com/tos-useast8-avt-0068-tx2/5031775cc7d1f370601e4bc9a16b310a~tplv-tiktokx-cropcenter:100:100.jpg?dr=9640&refresh_token=27d409d7&x-expires=1775102400&x-signature=MRXmNroWU93SjLEvwaWBDc7%2BQX0%3D&t=4d5b0474&ps=13740610&shp=30310797&shcp=ff37627b&idc=useast8,,,,,,,,,
this is my sign to do a face mask 😍,1,1,2026-03-16T02:12:03.000Z,jessicaaxi,https://www.tiktok.com/@nathaalyyp/video/7617667095412722975,6804487831805805574,7617670356631601934,https://p16-common-sign.tiktokcdn-us.com/tos-useast5-avt-0068-tx/3457d36c39fcbcbe728d36eab53317a9~tplv-tiktokx-cropcenter:100:100.jpg?dr=9640&refresh_token=8ecf6404&x-expires=1775102400&x-signature=VTpSpdMqmsoezy72Zh74yRe6hpA%3D&t=4d5b0474&ps=13740610&shp=30310797&shcp=ff37627b&idc=useast8,,,,,,,,,
Ooo I need these 💗,1,1,2026-03-16T22:09:08.000Z,g_mari27,https://www.tiktok.com/@nathaalyyp/video/7617667095412722975,6752620171146281989,7617978868524696334,https://p16-common-sign.tiktokcdn-us.com/tos-useast5-avt-0068-tx/f0e4a3611e70c7c1edbe85be9e00eef2~tplv-tiktokx-cropcenter:100:100.jpg?dr=9640&refresh_token=b5e73a63&x-expires=1775102400&x-signature=JRjq%2BJABm9TIqV6v1tlXjPF0jqM%3D&t=4d5b0474&ps=13740610&shp=30310797&shcp=ff37627b&idc=useast8,,,,,,,,,
Skin is glowing ✨️,1,1,2026-03-16T02:28:50.000Z,gabstersortiz,https://www.tiktok.com/@nathaalyyp/video/7617667095412722975,6794528166670140421,7617674641909859103,https://p16-common-sign.tiktokcdn-us.com/tos-useast8-avt-0068-tx2/d4549b3217b2abf1eb2e9176c18d3245~tplv-tiktokx-cropcenter:100:100.jpg?dr=9640&refresh_token=3e2f4dbd&x-expires=1775102400&x-signature=YxZRQs2xcf%2FJgB8NGYHMezsdhJg%3D&t=4d5b0474&ps=13740610&shp=30310797&shcp=ff37627b&idc=useast8,,,,,,,,,
Thank you!!!☺️,0,,2026-03-17T02:40:43.000Z,nathaalyyp,https://www.tiktok.com/@nathaalyyp/video/7617667095412722975,6560304286843453445,7618048744403780383,https://p16-common-sign.tiktokcdn-us.com/tos-useast8-avt-0068-tx2/f8dd9eb29b1c9a19b8473cfebd91b3ef~tplv-tiktokx-cropcenter:100:100.jpg?dr=9640&refresh_token=328e645d&x-expires=1775102400&x-signature=1nouZYMd1pjOF8ev35IF3oH1JuQ%3D&t=4d5b0474&ps=13740610&shp=30310797&shcp=ff37627b&idc=useast8,,,,,,,,,
These are amazing,1,1,2026-03-16T04:35:27.000Z,jenna.eberwine,https://www.tiktok.com/@nathaalyyp/video/7617667095412722975,6532276319890178049,7617707263343854349,https://p16-common-sign.tiktokcdn-us.com/tos-useast5-avt-0068-tx/7b4a1f7afc54a4d9fd2ddec6491efaf1~tplv-tiktokx-cropcenter:100:100.jpg?dr=9640&refresh_token=aae09530&x-expires=1775102400&x-signature=keDt%2BvfKp58P8yE6FTD5vHGjUzA%3D&t=4d5b0474&ps=13740610&shp=30310797&shcp=ff37627b&idc=useast8,,,,,,,,,
I love ur voice sm!❤️,1,1,2026-03-16T05:08:12.000Z,julie.m.10,https://www.tiktok.com/@nathaalyyp/video/7617667095412722975,7278127296703202347,7617715685846876942,https://p16-common-sign.tiktokcdn-us.com/tos-useast5-avt-0068-tx/cf5e4dcfaba6da9c7a0129dd47469a5e~tplv-tiktokx-cropcenter:100:100.jpg?dr=9640&refresh_token=f1e422ab&x-expires=1775102400&x-signature=VRpj5vzpuIDDFtQ6RncFJObNqLo%3D&t=4d5b0474&ps=13740610&shp=30310797&shcp=ff37627b&idc=useast8,,,,,,,,,
I’m glad you do & not sound annoying lol 😅,0,,2026-03-17T02:42:36.000Z,nathaalyyp,https://www.tiktok.com/@nathaalyyp/video/7617667095412722975,6560304286843453445,7618049331152945951,https://p16-common-sign.tiktokcdn-us.com/tos-useast8-avt-0068-tx2/f8dd9eb29b1c9a19b8473cfebd91b3ef~tplv-tiktokx-cropcenter:100:100.jpg?dr=9640&refresh_token=328e645d&x-expires=1775102400&x-signature=1nouZYMd1pjOF8ev35IF3oH1JuQ%3D&t=4d5b0474&ps=13740610&shp=30310797&shcp=ff37627b&idc=useast8,,,,,,,,,
My new fav!!!!,0,,2026-03-17T02:40:25.000Z,nathaalyyp,https://www.tiktok.com/@nathaalyyp/video/7617667095412722975,6560304286843453445,7618048781691192094,https://p16-common-sign.tiktokcdn-eu.com/tos-maliva-avt-0068/f8dd9eb29b1c9a19b8473cfebd91b3ef~tplv-tiktokx-cropcenter:100:100.jpg?dr=10399&refresh_token=87b52939&x-expires=1775102400&x-signature=zsaSaubDY57oYO0fXAIaY3soWVU%3D&t=4d5b0474&ps=13740610&shp=30310797&shcp=ff37627b&idc=no1a,,,,,,,,,
Yesss girl!!!,0,,2026-03-17T02:40:51.000Z,nathaalyyp,https://www.tiktok.com/@nathaalyyp/video/7617667095412722975,6560304286843453445,7618048846363493150,https://p16-common-sign.tiktokcdn-eu.com/tos-maliva-avt-0068/f8dd9eb29b1c9a19b8473cfebd91b3ef~tplv-tiktokx-cropcenter:100:100.jpg?dr=10399&refresh_token=87b52939&x-expires=1775102400&x-signature=zsaSaubDY57oYO0fXAIaY3soWVU%3D&t=4d5b0474&ps=13740610&shp=30310797&shcp=ff37627b&idc=no1a,,,,,,,,,
Soo worth it!!!!,0,,2026-03-17T02:40:35.000Z,nathaalyyp,https://www.tiktok.com/@nathaalyyp/video/7617667095412722975,6560304286843453445,7618048768411681567,https://p16-common-sign.tiktokcdn-eu.com/tos-maliva-avt-0068/f8dd9eb29b1c9a19b8473cfebd91b3ef~tplv-tiktokx-cropcenter:100:100.jpg?dr=10399&refresh_token=87b52939&x-expires=1775102400&x-signature=zsaSaubDY57oYO0fXAIaY3soWVU%3D&t=4d5b0474&ps=13740610&shp=30310797&shcp=ff37627b&idc=no1a,,,,,,,,,
Yesss!!! ☺️,1,,2026-03-17T02:43:46.000Z,nathaalyyp,https://www.tiktok.com/@nathaalyyp/video/7617667095412722975,6560304286843453445,7618049510225396510,https://p16-common-sign.tiktokcdn-eu.com/tos-maliva-avt-0068/f8dd9eb29b1c9a19b8473cfebd91b3ef~tplv-tiktokx-cropcenter:100:100.jpg?dr=10399&refresh_token=87b52939&x-expires=1775102400&x-signature=zsaSaubDY57oYO0fXAIaY3soWVU%3D&t=4d5b0474&ps=13740610&shp=30310797&shcp=ff37627b&idc=no1a,,,,,,,,,
thank you!,0,,2026-03-11T02:19:53.000Z,the0nlyymiracle,https://www.tiktok.com/@the0nlyymiracle/video/7615766065355803917,106603767780773888,7615816988950037262,https://p16-common-sign.tiktokcdn-us.com/tos-useast5-avt-0068-tx/0c48a17e0f17801fa9ebbb6717fa55b9~tplv-tiktokx-cropcenter:100:100.jpg?dr=9640&refresh_token=ae5e42d6&x-expires=1775102400&x-signature=6qOQMXn2sx1D7qbym0zWqhj0%2F7w%3D&t=4d5b0474&ps=13740610&shp=30310797&shcp=ff37627b&idc=useast5,,,,,,,,,
💕,0,,2026-03-11T02:20:23.000Z,the0nlyymiracle,https://www.tiktok.com/@the0nlyymiracle/video/7615766065355803917,106603767780773888,7615817079144923917,https://p16-common-sign.tiktokcdn-us.com/tos-useast5-avt-0068-tx/0c48a17e0f17801fa9ebbb6717fa55b9~tplv-tiktokx-cropcenter:100:100.jpg?dr=9640&refresh_token=ae5e42d6&x-expires=1775102400&x-signature=6qOQMXn2sx1D7qbym0zWqhj0%2F7w%3D&t=4d5b0474&ps=13740610&shp=30310797&shcp=ff37627b&idc=useast5,,,,,,,,,
I do too,1,,2026-03-11T02:20:02.000Z,the0nlyymiracle,https://www.tiktok.com/@the0nlyymiracle/video/7615766065355803917,106603767780773888,7615817048899584781,https://p16-common-sign.tiktokcdn-us.com/tos-useast5-avt-0068-tx/0c48a17e0f17801fa9ebbb6717fa55b9~tplv-tiktokx-cropcenter:100:100.jpg?dr=9640&refresh_token=ae5e42d6&x-expires=1775102400&x-signature=6qOQMXn2sx1D7qbym0zWqhj0%2F7w%3D&t=4d5b0474&ps=13740610&shp=30310797&shcp=ff37627b&idc=useast8,,,,,,,,,
I do too,0,,2026-03-11T02:20:14.000Z,the0nlyymiracle,https://www.tiktok.com/@the0nlyymiracle/video/7615766065355803917,106603767780773888,7615817102930723598,https://p16-common-sign.tiktokcdn-us.com/tos-useast5-avt-0068-tx/0c48a17e0f17801fa9ebbb6717fa55b9~tplv-tiktokx-cropcenter:100:100.jpg?dr=9640&refresh_token=ae5e42d6&x-expires=1775102400&x-signature=6qOQMXn2sx1D7qbym0zWqhj0%2F7w%3D&t=4d5b0474&ps=13740610&shp=30310797&shcp=ff37627b&idc=useast5,,,,,,,,,
I love this gel mask,0,,2026-03-11T23:57:05.000Z,the0nlyymiracle,https://www.tiktok.com/@the0nlyymiracle/video/7615766065355803917,106603767780773888,7616151252867662605,https://p16-common-sign.tiktokcdn-us.com/tos-useast5-avt-0068-tx/0c48a17e0f17801fa9ebbb6717fa55b9~tplv-tiktokx-cropcenter:100:100.jpg?dr=9640&refresh_token=ae5e42d6&x-expires=1775102400&x-signature=6qOQMXn2sx1D7qbym0zWqhj0%2F7w%3D&t=4d5b0474&ps=13740610&shp=30310797&shcp=ff37627b&idc=useast8,,,,,,,,,
It’s a hydrating mask,0,,2026-03-11T23:47:49.000Z,the0nlyymiracle,https://www.tiktok.com/@the0nlyymiracle/video/7615766065355803917,106603767780773888,7616148894778868493,https://p77-sign-va.tiktokcdn.com/tos-maliva-avt-0068/0c48a17e0f17801fa9ebbb6717fa55b9~tplv-tiktokx-cropcenter:100:100.jpg?dr=14579&refresh_token=3cd46183&x-expires=1775102400&x-signature=1UTKgDyusCY3glRy77MRod2PYpk%3D&t=4d5b0474&ps=13740610&shp=30310797&shcp=ff37627b&idc=my,,,,,,,,,
so hydrating,0,,2026-03-11T18:51:18.000Z,the0nlyymiracle,https://www.tiktok.com/@the0nlyymiracle/video/7615766065355803917,106603767780773888,7616072402611536653,https://p16-common-sign.tiktokcdn-eu.com/tos-maliva-avt-0068/0c48a17e0f17801fa9ebbb6717fa55b9~tplv-tiktokx-cropcenter:100:100.jpg?dr=10399&refresh_token=e6dc0902&x-expires=1775102400&x-signature=hgaMl27jogJklxhPntjSttPFju0%3D&t=4d5b0474&ps=13740610&shp=30310797&shcp=ff37627b&idc=no1a,,,,,,,,,
It’s a good mask,1,,2026-03-11T23:48:15.000Z,the0nlyymiracle,https://www.tiktok.com/@the0nlyymiracle/video/7615766065355803917,106603767780773888,7616148970268607246,https://p77-sign-va.tiktokcdn.com/tos-maliva-avt-0068/0c48a17e0f17801fa9ebbb6717fa55b9~tplv-tiktokx-cropcenter:100:100.jpg?dr=14579&refresh_token=3cd46183&x-expires=1775102400&x-signature=1UTKgDyusCY3glRy77MRod2PYpk%3D&t=4d5b0474&ps=13740610&shp=30310797&shcp=ff37627b&idc=my,,,,,,,,,
yayyy oki 😁💗,1,,2026-03-21T01:42:00.000Z,gourmandangel,https://www.tiktok.com/@jemaialzonia/video/7619318530185432334,6726334702255424517,7619518088077443854,https://p16-sign-va.tiktokcdn.com/tos-maliva-avt-0068/55e6cc1f6a5b0cd6b83ac3a6ddcbc329~tplv-tiktokx-cropcenter:100:100.jpg?dr=14579&refresh_token=6b1246d4&x-expires=1775102400&x-signature=s4f2D4NFycAGcJKWxv8RZuMa3Zc%3D&t=4d5b0474&ps=13740610&shp=30310797&shcp=ff37627b&idc=my,,,,,,,,,
yesss! 🤭,0,,2026-03-21T03:40:47.000Z,jemaialzonia,https://www.tiktok.com/@jemaialzonia/video/7619318530185432334,7209759044726441003,7619548636876112653,https://p16-common-sign.tiktokcdn.com/tos-maliva-avt-0068/2279b7ac3aff9a6e551e936419ebfc7c~tplv-tiktokx-cropcenter:100:100.jpg?dr=14579&refresh_token=63d706ae&x-expires=1775102400&x-signature=ArohVx0fl6LDPYKmINmIcDY6n4A%3D&t=4d5b0474&ps=13740610&shp=30310797&shcp=ff37627b&idc=my,,,,,,,,,
my cousin used to have dead fried bleached hair and she started using the k18 shampoo and oil and it actually revived her hair soooo quick,1,,2026-03-21T01:59:02.000Z,dearghalooy,https://www.tiktok.com/@jemaialzonia/video/7619318530185432334,7538798529335739409,7619522501278106376,https://p16-sign-sg.tiktokcdn.com/tos-alisg-avt-0068/751ebb7193aeb64be1b608db2a5cbd6d~tplv-tiktokx-cropcenter:100:100.jpg?dr=14579&refresh_token=3123031f&x-expires=1775102400&x-signature=WXPKTzGERhoQx4t8i5mcQu%2FXXLY%3D&t=4d5b0474&ps=13740610&shp=30310797&shcp=ff37627b&idc=my,,,,,,,,,
omg what brand?? i think i want to try elvive,1,,2026-03-21T03:41:13.000Z,jemaialzonia,https://www.tiktok.com/@jemaialzonia/video/7619318530185432334,7209759044726441003,7619548752035349261,https://p16-common-sign.tiktokcdn.com/tos-maliva-avt-0068/2279b7ac3aff9a6e551e936419ebfc7c~tplv-tiktokx-cropcenter:100:100.jpg?dr=14579&refresh_token=63d706ae&x-expires=1775102400&x-signature=ArohVx0fl6LDPYKmINmIcDY6n4A%3D&t=4d5b0474&ps=13740610&shp=30310797&shcp=ff37627b&idc=my,,,,,,,,,
k18!! i personally do use elvive,0,,2026-03-21T09:48:20.000Z,dearghalooy,https://www.tiktok.com/@jemaialzonia/video/7619318530185432334,7538798529335739409,7619643460117136136,https://p16-sign-sg.tiktokcdn.com/tos-alisg-avt-0068/751ebb7193aeb64be1b608db2a5cbd6d~tplv-tiktokx-cropcenter:100:100.jpg?dr=14579&refresh_token=3123031f&x-expires=1775102400&x-signature=WXPKTzGERhoQx4t8i5mcQu%2FXXLY%3D&t=4d5b0474&ps=13740610&shp=30310797&shcp=ff37627b&idc=my,,,,,,,,,
I'm such a mask girly,0,0,2026-03-12T22:15:49.000Z,kittykellyanne,https://www.tiktok.com/@kittykellyanne/video/7616324624246246669,7072411703467689002,7616496261118624525,https://p16-common-sign.tiktokcdn-us.com/tos-useast8-avt-0068-tx2/f4be31cce4ec9cdec7767a87a0927e57~tplv-tiktokx-cropcenter:100:100.jpg?dr=9640&refresh_token=73cbc336&x-expires=1775102400&x-signature=bQ9NLWBYeSHJ4ETeu293S94upls%3D&t=4d5b0474&ps=13740610&shp=30310797&shcp=ff37627b&idc=useast8,,,,,,,,,
Looks amazing,1,0,2026-03-07T20:54:44.000Z,justtiffanys,https://www.tiktok.com/@ugcbyyhibuh._1/video/7614590588377140493,6800255269194236934,7614619941190353694,https://p16-common-sign.tiktokcdn-us.com/tos-useast8-avt-0068-tx2/ec7bc5fc84fe9e014cdc2ecb9b1d086b~tplv-tiktokx-cropcenter:100:100.jpg?dr=9640&refresh_token=d978e933&x-expires=1775102400&x-signature=fH3k5Vg2HFsC6NQ6KsTEScnDNf0%3D&t=4d5b0474&ps=13740610&shp=30310797&shcp=ff37627b&idc=useast8,,,,,,,,,
😍😍,1,0,2026-03-09T11:30:01.000Z,iixwe0,https://www.tiktok.com/@ugcbyyhibuh._1/video/7614590588377140493,7258910296013702145,7615216634542506760,https://p16-common-sign.tiktokcdn-us.com/tos-alisg-avt-0068/48b211edf42f238e43444c31d95174d5~tplv-tiktokx-cropcenter:100:100.jpg?dr=9640&refresh_token=09772f05&x-expires=1775102400&x-signature=4edkh3AaC8m3wSOibcbug30PKPI%3D&t=4d5b0474&ps=13740610&shp=30310797&shcp=ff37627b&idc=useast8,,,,,,,,,
💗💗💗,1,0,2026-03-08T07:06:36.000Z,viviennesverse,https://www.tiktok.com/@ugcbyyhibuh._1/video/7614590588377140493,7409705947901461547,7614777504309953294,https://p16-common-sign.tiktokcdn-us.com/tos-useast8-avt-0068-tx2/401732c9738d8770da16975d0690c067~tplv-tiktokx-cropcenter:100:100.jpg?dr=9640&refresh_token=31ea7b3f&x-expires=1775102400&x-signature=Jw%2F8cOj5jalvwukCEXbH89fmGX4%3D&t=4d5b0474&ps=13740610&shp=30310797&shcp=ff37627b&idc=useast8,,,,,,,,,
"Hey Cutie! 💖
Wanna rock some lovely, glasses, outfits,
Bags, rings, bracelets & earrings? 💍✨
DM us! 📩🎁",0,0,2026-03-08T00:19:53.000Z,fashionbrand127,https://www.tiktok.com/@ugcbyyhibuh._1/video/7614590588377140493,7611833765123965953,7614672846388839185,https://p16-common-sign.tiktokcdn-us.com/tos-alisg-avt-0068/621e3b1f60197df9d8289e742ad8e716~tplv-tiktokx-cropcenter:100:100.jpg?dr=9640&refresh_token=521bb4d0&x-expires=1775102400&x-signature=q9P%2FpNYptQiEhyoETM%2BnGmFebuQ%3D&t=4d5b0474&ps=13740610&shp=30310797&shcp=ff37627b&idc=useast8,,,,,,,,,
It’s looks right up my alley bestie 🥰🥰🥰,0,,2026-03-03T17:52:59.000Z,glowwithkimfnp,https://www.tiktok.com/@housewifehaymoor/video/7612663327453465886,7358209324407833646,7613088745215542047,https://p16-common-sign.tiktokcdn-us.com/tos-useast8-avt-0068-tx2/3618dc9aa1df0dc06d5ead736b0d7a5b~tplv-tiktokx-cropcenter:100:100.jpg?dr=9640&refresh_token=8622e918&x-expires=1775102400&x-signature=UDPUj2ks4ZnF1DrFxBG4fjGle2w%3D&t=4d5b0474&ps=13740610&shp=30310797&shcp=ff37627b&idc=useast8,,,,,,,,,
🥰🥰🥰,0,,2026-03-03T09:25:29.000Z,xpocho2016,https://www.tiktok.com/@housewifehaymoor/video/7612663327453465886,7478757298510644267,7612957697629618974,https://p16-sign-va.tiktokcdn.com/tos-maliva-avt-0068/4575e62d33e9ca619d4b6f8029b13be7~tplv-tiktokx-cropcenter:100:100.jpg?dr=14579&refresh_token=bcb3ce51&x-expires=1775102400&x-signature=csEai6k2Kl%2BhCQo%2FpgNBCFLAMmw%3D&t=4d5b0474&ps=13740610&shp=30310797&shcp=ff37627b&idc=my2,,,,,,,,,
❤️❤️❤️,0,,2026-03-06T06:07:52.000Z,tamara..arellano,https://www.tiktok.com/@housewifehaymoor/video/7612663327453465886,6833506155705828357,7614020189952754446,https://p16-common-sign.tiktokcdn-us.com/tos-useast5-avt-0068-tx/768ac34bf7954559e0307b23ac1c804d~tplv-tiktokx-cropcenter:100:100.jpg?dr=9640&refresh_token=899e1abc&x-expires=1775102400&x-signature=alJ2B4hWpu%2BIB3HcGmRxJdkn7OM%3D&t=4d5b0474&ps=13740610&shp=30310797&shcp=ff37627b&idc=useast5,,,,,,,,,
❤️❤️,0,,2026-03-06T06:07:41.000Z,tamara..arellano,https://www.tiktok.com/@housewifehaymoor/video/7612663327453465886,6833506155705828357,7614020145896129294,https://p16-common-sign.tiktokcdn.com/tos-maliva-avt-0068/768ac34bf7954559e0307b23ac1c804d~tplv-tiktokx-cropcenter:100:100.jpg?dr=14579&refresh_token=668e64f4&x-expires=1775102400&x-signature=sxAUr82RWr2X%2Bjno7wZJg85uHEo%3D&t=4d5b0474&ps=13740610&shp=30310797&shcp=ff37627b&idc=my2,,,,,,,,,
They always slip! That’s why I hate wearing them and they’re usually cold and uncomfortable 😂😂😂😂😂,0,,2026-03-04T01:52:31.000Z,kristinelynnmontello,https://www.tiktok.com/@housewifehaymoor/video/7612663327453465886,7136298085873173546,7613212344751817503,https://p19-common-sign.tiktokcdn-us.com/tos-useast5-avt-0068-tx/d29acfb92adefd3e1f9702a3a7b2b057~tplv-tiktokx-cropcenter:100:100.jpg?dr=9640&refresh_token=c043a900&x-expires=1775102400&x-signature=3STJW7Jesjl91E%2B0XhTzNQSGo6U%3D&t=4d5b0474&ps=13740610&shp=30310797&shcp=ff37627b&idc=useast5,,,,,,,,,
🥰🥰🥰,1,,2026-03-04T12:58:15.000Z,glowwithkimfnp,https://www.tiktok.com/@housewifehaymoor/video/7612663327453465886,7358209324407833646,7613383870121280287,https://p16-common-sign.tiktokcdn-us.com/tos-useast8-avt-0068-tx2/3618dc9aa1df0dc06d5ead736b0d7a5b~tplv-tiktokx-cropcenter:100:100.jpg?dr=9640&refresh_token=8622e918&x-expires=1775102400&x-signature=UDPUj2ks4ZnF1DrFxBG4fjGle2w%3D&t=4d5b0474&ps=13740610&shp=30310797&shcp=ff37627b&idc=useast5,,,,,,,,,
Packaging matters! I always say that!,1,,2026-03-06T09:12:47.000Z,kristinelynnmontello,https://www.tiktok.com/@housewifehaymoor/video/7612663327453465886,7136298085873173546,7614067648271811341,https://p16-common-sign.tiktokcdn-us.com/tos-useast5-avt-0068-tx/d29acfb92adefd3e1f9702a3a7b2b057~tplv-tiktokx-cropcenter:100:100.jpg?dr=9640&refresh_token=278a0edb&x-expires=1775102400&x-signature=QlPqkAsI4h9PcMdl%2F7tAgFah5y8%3D&t=4d5b0474&ps=13740610&shp=30310797&shcp=ff37627b&idc=useast5,,,,,,,,,
Yes absolutely when I owned my boutique I was all about packaging 🫶,1,,2026-03-06T13:06:27.000Z,housewifehaymoor,https://www.tiktok.com/@housewifehaymoor/video/7612663327453465886,6554127048582873097,7614128068370268959,https://p16-common-sign.tiktokcdn-us.com/tos-useast8-avt-0068-tx2/ec41ba98c072a76094137acf20659742~tplv-tiktokx-cropcenter:100:100.jpg?dr=9640&refresh_token=1de2304f&x-expires=1775102400&x-signature=fArsW8e9eesJ3GMxmcN59iCSXMY%3D&t=4d5b0474&ps=13740610&shp=30310797&shcp=ff37627b&idc=useast5,,,,,,,,,
It makes a difference,0,,2026-03-06T13:36:19.000Z,kristinelynnmontello,https://www.tiktok.com/@housewifehaymoor/video/7612663327453465886,7136298085873173546,7614135779393372942,https://p16-common-sign.tiktokcdn-us.com/tos-useast5-avt-0068-tx/d29acfb92adefd3e1f9702a3a7b2b057~tplv-tiktokx-cropcenter:100:100.jpg?dr=9640&refresh_token=278a0edb&x-expires=1775102400&x-signature=QlPqkAsI4h9PcMdl%2F7tAgFah5y8%3D&t=4d5b0474&ps=13740610&shp=30310797&shcp=ff37627b&idc=useast5,,,,,,,,,
I bet I would! The lips are so cute!,0,,2026-03-04T03:41:05.000Z,clairethebear11,https://www.tiktok.com/@housewifehaymoor/video/7612663327453465886,7446191700200899630,7613240309556691743,https://p16-common-sign.tiktokcdn-eu.com/tos-maliva-avt-0068/15eadc22c21b63618a001b1854e83e02~tplv-tiktokx-cropcenter:100:100.jpg?dr=10399&refresh_token=5bb25524&x-expires=1775102400&x-signature=QsGjxS9zzWvtcz9kkFWxJ%2BU6XwU%3D&t=4d5b0474&ps=13740610&shp=30310797&shcp=ff37627b&idc=no1a,,,,,,,,,
How nice is this 🥰,0,0,2026-03-14T19:08:51.000Z,sammieboo_1,https://www.tiktok.com/@couchboundrealitytv/video/7616821250341522695,6852060045494256645,7617190301283353360,https://p16-common-sign.tiktokcdn-us.com/tos-alisg-avt-0068/87a236a4a251ccde7c8cdf178a0837df~tplv-tiktokx-cropcenter:100:100.jpg?dr=9640&refresh_token=e824a523&x-expires=1775102400&x-signature=OwwudNSnP6uBNlzk6YKSodccogQ%3D&t=4d5b0474&ps=13740610&shp=30310797&shcp=ff37627b&idc=useast5,,,,,,,,,
Love the glow,0,0,2026-03-18T13:36:24.000Z,chinny742,https://www.tiktok.com/@couchboundrealitytv/video/7616821250341522695,7431292271041791008,7618588963644687126,https://p16-common-sign.tiktokcdn-us.com/tos-maliva-avt-0068/0aeb683c9777fecd8d1d217ee59044de~tplv-tiktokx-cropcenter:100:100.jpg?dr=9640&refresh_token=333a3364&x-expires=1775102400&x-signature=AtDORVY4mDUfXzj5DQWfXfSSHfA%3D&t=4d5b0474&ps=13740610&shp=30310797&shcp=ff37627b&idc=useast5,,,,,,,,,
So hydrating,0,0,2026-03-16T17:29:47.000Z,_devi_ad,https://www.tiktok.com/@couchboundrealitytv/video/7616821250341522695,6557611518236966918,7617906947295249159,https://p16-common-sign.tiktokcdn-us.com/tos-maliva-avt-0068/a9c74a1966f341980b5020144c5bb78e~tplv-tiktokx-cropcenter:100:100.jpg?dr=9640&refresh_token=00ec5aed&x-expires=1775102400&x-signature=9405sO5NPWEPDfJp2U%2FHkYMN1lE%3D&t=4d5b0474&ps=13740610&shp=30310797&shcp=ff37627b&idc=useast5,,,,,,,,,
This looks so good,0,0,2026-03-16T19:59:20.000Z,allthingsbeautyandnice,https://www.tiktok.com/@couchboundrealitytv/video/7616821250341522695,7072949276050342954,7617945325148685070,https://p16-common-sign.tiktokcdn-us.com/tos-useast5-avt-0068-tx/21c18949c9ff2f4cb458648bc51821c9~tplv-tiktokx-cropcenter:100:100.jpg?dr=9640&refresh_token=b2391e52&x-expires=1775102400&x-signature=VEv7NwqMQ%2BVno6RmkMu3tS9hUs8%3D&t=4d5b0474&ps=13740610&shp=30310797&shcp=ff37627b&idc=useast5,,,,,,,,,
I love how hydrating this is,0,0,2026-03-14T22:40:59.000Z,glow_with_onyx,https://www.tiktok.com/@couchboundrealitytv/video/7616821250341522695,7589263157371192341,7617244940196152084,https://p16-common-sign.tiktokcdn-us.com/tos-alisg-avt-0068/559003a706c903aa02856b3b775b2777~tplv-tiktokx-cropcenter:100:100.jpg?dr=9640&refresh_token=2132ba3d&x-expires=1775102400&x-signature=nXLRqkCyDnCddNqSLM94E1WddKw%3D&t=4d5b0474&ps=13740610&shp=30310797&shcp=ff37627b&idc=useast5,,,,,,,,,
This looks so good,0,0,2026-03-14T04:30:38.000Z,teddievic,https://www.tiktok.com/@couchboundrealitytv/video/7616821250341522695,6809371755653743622,7616963978065724178,https://p16-common-sign.tiktokcdn-us.com/tos-alisg-avt-0068/758d1a0c548774f3907e6d073f1b2c4c~tplv-tiktokx-cropcenter:100:100.jpg?dr=9640&refresh_token=8aad8063&x-expires=1775102400&x-signature=Bqnw0wYZMJAAsTSABDGhiecnavs%3D&t=4d5b0474&ps=13740610&shp=30310797&shcp=ff37627b&idc=useast5,,,,,,,,,
Love a good face sheet.. so relaxing,0,0,2026-03-14T20:34:29.000Z,e.fosaa,https://www.tiktok.com/@couchboundrealitytv/video/7616821250341522695,6841130893358302214,7617212338605163285,https://p16-common-sign.tiktokcdn-us.com/tos-alisg-avt-0068/b727eb13c58c940b0e6339a5784fff1f~tplv-tiktokx-cropcenter:100:100.jpg?dr=9640&refresh_token=efc0d81c&x-expires=1775102400&x-signature=nlA2KNlen1J4u6vNhIWWlzqSOqQ%3D&t=4d5b0474&ps=13740610&shp=30310797&shcp=ff37627b&idc=useast5,,,,,,,,,
Love this clear mask! 💖The lip mask is wow,1,0,2026-03-14T11:42:00.000Z,rima_k0,https://www.tiktok.com/@couchboundrealitytv/video/7616821250341522695,7048678101676819462,7617075127843439381,https://p16-common-sign.tiktokcdn-us.com/tos-alisg-avt-0068/8ff679467b64dea07556f7e0ffe5cd17~tplv-tiktokx-cropcenter:100:100.jpg?dr=9640&refresh_token=80fe9111&x-expires=1775102400&x-signature=IGtwZHD0%2FHHaMc2hd1jtDTlJrUI%3D&t=4d5b0474&ps=13740610&shp=30310797&shcp=ff37627b&idc=useast5,,,,,,,,,
super hydrating,0,0,2026-03-14T10:53:49.000Z,helywinss,https://www.tiktok.com/@couchboundrealitytv/video/7616821250341522695,6824232974197720070,7617062727345472274,https://p16-common-sign.tiktokcdn-us.com/tos-alisg-avt-0068/fa1244165cdd013151d1a3fffc088db5~tplv-tiktokx-cropcenter:100:100.jpg?dr=9640&refresh_token=20f453c8&x-expires=1775102400&x-signature=eSLqyl%2FC%2FS%2Bbwqbeix%2BMms%2BCI%2F4%3D&t=4d5b0474&ps=13740610&shp=30310797&shcp=ff37627b&idc=useast5,,,,,,,,,
Ooo clear mask😻,0,0,2026-03-14T07:33:04.000Z,_llysasoo,https://www.tiktok.com/@couchboundrealitytv/video/7616821250341522695,6689761287985890309,7617010992535503624,https://p16-common-sign.tiktokcdn-us.com/tos-alisg-avt-0068/fdf7054a137e33bbc90db5e58b7bcff7~tplv-tiktokx-cropcenter:100:100.jpg?dr=9640&refresh_token=a947ce5e&x-expires=1775102400&x-signature=DIMBxeU3%2FiToWIr39CvaAI7YQek%3D&t=4d5b0474&ps=13740610&shp=30310797&shcp=ff37627b&idc=useast5,,,,,,,,,
Súper hydrating,0,0,2026-03-14T03:33:54.000Z,wendy_mariel22,https://www.tiktok.com/@couchboundrealitytv/video/7616821250341522695,6822569630058824710,7616949355584602900,https://p16-common-sign.tiktokcdn-us.com/tos-alisg-avt-0068/188633a55cd70e9193d40647fd9d5755~tplv-tiktokx-cropcenter:100:100.jpg?dr=9640&refresh_token=34000421&x-expires=1775102400&x-signature=hOGKa%2FvdGhLxWzSqocIr9UJd9C8%3D&t=4d5b0474&ps=13740610&shp=30310797&shcp=ff37627b&idc=useast5,,,,,,,,,
Love the glow,0,0,2026-03-13T20:11:41.000Z,beautyworld51,https://www.tiktok.com/@couchboundrealitytv/video/7616821250341522695,7236743361963623429,7616835401546072850,https://p16-common-sign.tiktokcdn-us.com/tos-alisg-avt-0068/cfa72eeedd8040c304d949a1fd782146~tplv-tiktokx-cropcenter:100:100.jpg?dr=9640&refresh_token=62326c93&x-expires=1775102400&x-signature=7JiVNiTwMk4%2FOCrpaE4yhF5k0sY%3D&t=4d5b0474&ps=13740610&shp=30310797&shcp=ff37627b&idc=useast5,,,,,,,,,
looks so great🥰,0,0,2026-03-14T01:50:44.000Z,fabricguru_accessories,https://www.tiktok.com/@couchboundrealitytv/video/7616821250341522695,6915524152888050694,7616922735516779284,https://p16-common-sign.tiktokcdn-us.com/tos-alisg-avt-0068/c8e9f08b0a91d8e150ac15f6eb5158f6~tplv-tiktokx-cropcenter:100:100.jpg?dr=9640&refresh_token=ae471e54&x-expires=1775102400&x-signature=zn3GgMuJs5%2BYAKF4tkqzBiIYP10%3D&t=4d5b0474&ps=13740610&shp=30310797&shcp=ff37627b&idc=useast8,,,,,,,,,
seriously! 😍,0,,2026-03-14T23:28:03.000Z,highvibebeth_beauty,https://www.tiktok.com/@couchboundrealitytv/video/7616821250341522695,7020220883801981958,7617257019849900813,https://p16-sign-va.tiktokcdn.com/tos-maliva-avt-0068/ed698fae8301b1ce3166e68c4af9b951~tplv-tiktokx-cropcenter:100:100.jpg?dr=14579&refresh_token=5bdf03ec&x-expires=1775102400&x-signature=GP362PLPs6FN6gO9GoQPyDbSuZE%3D&t=4d5b0474&ps=13740610&shp=30310797&shcp=ff37627b&idc=my2,,,,,,,,,
Glass skin goals 😍,0,0,2026-03-13T23:34:25.000Z,miriamvelas84,https://www.tiktok.com/@couchboundrealitytv/video/7616821250341522695,6767204758185853958,7616887515657061133,https://p16-common-sign.tiktokcdn-eu.com/tos-maliva-avt-0068/088f383044fba82dbd0e5e29a40490c0~tplv-tiktokx-cropcenter:100:100.jpg?dr=10399&refresh_token=0921d764&x-expires=1775102400&x-signature=nYMa0bEuifjMl7HGxBoO8fIe38k%3D&t=4d5b0474&ps=13740610&shp=30310797&shcp=ff37627b&idc=no1a,,,,,,,,,
Glass Skin 🤩🤩🤩,0,0,2026-03-14T00:16:54.000Z,rozi1809,https://www.tiktok.com/@couchboundrealitytv/video/7616821250341522695,6950049047399924737,7616898574735393557,https://p16-common-sign.tiktokcdn-eu.com/tos-alisg-avt-0068/40c2f3de11a3fdc81353f66745dc100a~tplv-tiktokx-cropcenter:100:100.jpg?dr=10399&refresh_token=ea94bd73&x-expires=1775102400&x-signature=yw67dOu16%2BkKS4heAwaQGyj1orw%3D&t=4d5b0474&ps=13740610&shp=30310797&shcp=ff37627b&idc=no1a,,,,,,,,,
ouuu is this new,0,0,2026-03-13T21:26:17.000Z,shevycake,https://www.tiktok.com/@couchboundrealitytv/video/7616821250341522695,6724029162561356805,7616854549676114701,https://p19-common-sign.tiktokcdn-eu.com/tos-maliva-avt-0068/d6004a5fea29c08230236464d774d440~tplv-tiktokx-cropcenter:100:100.jpg?dr=10399&refresh_token=e25627b4&x-expires=1775102400&x-signature=pGnHzL4778fGMl0ACPDXsPHUtl0%3D&t=4d5b0474&ps=13740610&shp=30310797&shcp=ff37627b&idc=no1a,,,,,,,,,
I love this,0,0,2026-03-13T20:13:15.000Z,olawunmi_ugc,https://www.tiktok.com/@couchboundrealitytv/video/7616821250341522695,7378032916108887072,7616835819998970646,https://p16-common-sign.tiktokcdn-eu.com/tos-no1a-avt-0068c001-no/708465762557ee2e311233561f931143~tplv-tiktokx-cropcenter:100:100.jpg?dr=10399&refresh_token=476663a4&x-expires=1775102400&x-signature=hrsuim5LS542YbIDh2%2BpFHjmiDk%3D&t=4d5b0474&ps=13740610&shp=30310797&shcp=ff37627b&idc=no1a,,,,,,,,,
how long hydration effect lasts ?,1,1,2026-03-24T02:44:34.000Z,orange.1795,https://www.tiktok.com/@oldi456/video/7620220323660614943,7315485125231100933,7620647490626814741,https://p16-common-sign.tiktokcdn-us.com/musically-maliva-obj/1594805258216454~tplv-tiktokx-cropcenter:100:100.jpg?dr=9640&refresh_token=25475cfd&x-expires=1775102400&x-signature=CPOYycLevTZ8W3HjkM5ZHmUdHjE%3D&t=4d5b0474&ps=13740610&shp=30310797&shcp=ff37627b&idc=useast8,,,,,,,,,
about a day,0,,2026-03-24T03:04:29.000Z,oldi456,https://www.tiktok.com/@oldi456/video/7620220323660614943,6827479918948860933,7620652598726722334,https://p16-common-sign.tiktokcdn-us.com/tos-useast8-avt-0068-tx2/5989a5d70c51e3e2e8ce7d3dfc587de4~tplv-tiktokx-cropcenter:100:100.jpg?dr=9640&refresh_token=01a5ffdc&x-expires=1775102400&x-signature=i57eI7t9C9MZWeCh7lAs%2BcFzEgM%3D&t=4d5b0474&ps=13740610&shp=30310797&shcp=ff37627b&idc=useast8,,,,,,,,,
Mask is my favourite part of skincare ❤️,1,1,2026-03-24T23:03:23.000Z,makeupbynanuka,https://www.tiktok.com/@oldi456/video/7620220323660614943,7483112209955668999,7620961508383507220,https://p16-common-sign.tiktokcdn-us.com/tos-alisg-avt-0068/bc4f90d13655a54cd7437d9bba73539a~tplv-tiktokx-cropcenter:100:100.jpg?dr=9640&refresh_token=26408a80&x-expires=1775102400&x-signature=nJaawQPHzw50qSRWFR5e6sl1hsY%3D&t=4d5b0474&ps=13740610&shp=30310797&shcp=ff37627b&idc=useast8,,,,,,,,,
i like them too 🫶🫶🫶,0,,2026-03-25T00:07:30.000Z,oldi456,https://www.tiktok.com/@oldi456/video/7620220323660614943,6827479918948860933,7620977970782733086,https://p16-common-sign.tiktokcdn-us.com/tos-useast8-avt-0068-tx2/5989a5d70c51e3e2e8ce7d3dfc587de4~tplv-tiktokx-cropcenter:100:100.jpg?dr=9640&refresh_token=01a5ffdc&x-expires=1775102400&x-signature=i57eI7t9C9MZWeCh7lAs%2BcFzEgM%3D&t=4d5b0474&ps=13740610&shp=30310797&shcp=ff37627b&idc=useast8,,,,,,,,,
Love this mask,2,1,2026-03-24T01:28:02.000Z,sammieboo_1,https://www.tiktok.com/@oldi456/video/7620220323660614943,6852060045494256645,7620627756607177488,https://p16-common-sign.tiktokcdn-us.com/tos-alisg-avt-0068/87a236a4a251ccde7c8cdf178a0837df~tplv-tiktokx-cropcenter:100:100.jpg?dr=9640&refresh_token=e824a523&x-expires=1775102400&x-signature=OwwudNSnP6uBNlzk6YKSodccogQ%3D&t=4d5b0474&ps=13740610&shp=30310797&shcp=ff37627b&idc=useast5,,,,,,,,,
"thank you , me too 💕",0,,2026-03-24T03:03:46.000Z,oldi456,https://www.tiktok.com/@oldi456/video/7620220323660614943,6827479918948860933,7620652412411839263,https://p16-common-sign.tiktokcdn-us.com/tos-useast8-avt-0068-tx2/5989a5d70c51e3e2e8ce7d3dfc587de4~tplv-tiktokx-cropcenter:100:100.jpg?dr=9640&refresh_token=01a5ffdc&x-expires=1775102400&x-signature=i57eI7t9C9MZWeCh7lAs%2BcFzEgM%3D&t=4d5b0474&ps=13740610&shp=30310797&shcp=ff37627b&idc=useast5,,,,,,,,,
Perfect!!!,1,0,2026-03-29T21:19:45.000Z,tetiana_mas,https://www.tiktok.com/@oldi456/video/7620220323660614943,7560370343362380855,7622790265459344159,https://p16-common-sign.tiktokcdn-us.com/tos-useast8-avt-0068-tx2/7f7d0108449c5505f798707379d30973~tplv-tiktokx-cropcenter:100:100.jpg?dr=9640&refresh_token=b1fc55fa&x-expires=1775102400&x-signature=5yp5L8Rf27mqT%2FAxgpJ%2FoxkXvPQ%3D&t=4d5b0474&ps=13740610&shp=30310797&shcp=ff37627b&idc=useast5,,,,,,,,,
A noticeable result after using the mask🤩,1,0,2026-03-24T05:00:34.000Z,alexandra_in_usa,https://www.tiktok.com/@oldi456/video/7620220323660614943,7279563054119257090,7620682531265086215,https://p16-common-sign.tiktokcdn-us.com/tos-alisg-avt-0068/145e662a89c19df7436b43b44ffd8032~tplv-tiktokx-cropcenter:100:100.jpg?dr=9640&refresh_token=4201bf68&x-expires=1775102400&x-signature=Q%2BZkf%2BTPInE9AVNmlXCGM0p%2BE2w%3D&t=4d5b0474&ps=13740610&shp=30310797&shcp=ff37627b&idc=useast5,,,,,,,,,
Wow definitely so hydrating,1,0,2026-03-24T21:06:01.000Z,huneza21,https://www.tiktok.com/@oldi456/video/7620220323660614943,6544055550252946432,7620931183297495838,https://p16-common-sign.tiktokcdn-us.com/tos-useast8-avt-0068-tx2/43e1106bcefac00cee4e27a4e59e4acb~tplv-tiktokx-cropcenter:100:100.jpg?dr=9640&refresh_token=f015fa87&x-expires=1775102400&x-signature=e9PF2NtNVQh7%2BcrKOKUnnbCeEHo%3D&t=4d5b0474&ps=13740610&shp=30310797&shcp=ff37627b&idc=useast5,,,,,,,,,
"wow, it must be super hydrating 😍",1,1,2026-03-23T00:49:01.000Z,domitzcreates,https://www.tiktok.com/@oldi456/video/7620220323660614943,7403072578703983658,7620246582080865054,https://p16-common-sign.tiktokcdn-us.com/tos-useast8-avt-0068-tx2/59d00f885ed28ae6f9f722aa2e741b7b~tplv-tiktokx-cropcenter:100:100.jpg?dr=9640&refresh_token=29e42965&x-expires=1775102400&x-signature=ZJeJzT2UgGWV%2B0YYMEToJ47zD%2BA%3D&t=4d5b0474&ps=13740610&shp=30310797&shcp=ff37627b&idc=useast5,,,,,,,,,
it really is very hydrating ✨✨✨,0,,2026-03-23T00:50:05.000Z,oldi456,https://www.tiktok.com/@oldi456/video/7620220323660614943,6827479918948860933,7620246895843394334,https://p16-common-sign.tiktokcdn-us.com/tos-useast8-avt-0068-tx2/5989a5d70c51e3e2e8ce7d3dfc587de4~tplv-tiktokx-cropcenter:100:100.jpg?dr=9640&refresh_token=01a5ffdc&x-expires=1775102400&x-signature=i57eI7t9C9MZWeCh7lAs%2BcFzEgM%3D&t=4d5b0474&ps=13740610&shp=30310797&shcp=ff37627b&idc=useast5,,,,,,,,,
"Omg, looks so hydrating 😍",1,0,2026-03-24T13:56:48.000Z,eva_eva3737,https://www.tiktok.com/@oldi456/video/7620220323660614943,7455133509358683182,7620820613788091150,https://p16-common-sign.tiktokcdn-us.com/tos-useast5-avt-0068-tx/e47d1b00fc08fb2ee528e4a8c8463526~tplv-tiktokx-cropcenter:100:100.jpg?dr=9640&refresh_token=fe5b53f1&x-expires=1775102400&x-signature=kyQY82R6d0Lck5MlvxUEClprgUc%3D&t=4d5b0474&ps=13740610&shp=30310797&shcp=ff37627b&idc=useast5,,,,,,,,,
Wow! Looks so amazing,1,0,2026-03-28T22:31:54.000Z,lifestyle.ugc.by,https://www.tiktok.com/@oldi456/video/7620220323660614943,7487656072218510382,7622437569272464158,https://p16-common-sign.tiktokcdn-us.com/tos-useast8-avt-0068-tx2/2b3233e72e3dbe0ab7086b03023ebbbc~tplv-tiktokx-cropcenter:100:100.jpg?dr=9640&refresh_token=5a0a1437&x-expires=1775102400&x-signature=Ge8eY4juTbace%2FLzze6kSKQodi0%3D&t=4d5b0474&ps=13740610&shp=30310797&shcp=ff37627b&idc=useast5,,,,,,,,,
This mask is so amazing,1,0,2026-03-24T18:00:43.000Z,skinbyfavvy,https://www.tiktok.com/@oldi456/video/7620220323660614943,7281042493481681925,7620883573583823636,https://p16-common-sign.tiktokcdn-us.com/tos-alisg-avt-0068/e2c4080525049eb20bbd34a75772d62e~tplv-tiktokx-cropcenter:100:100.jpg?dr=9640&refresh_token=5593317d&x-expires=1775102400&x-signature=BwVEE4cDKTqgk5fA0dLzIGn1wwA%3D&t=4d5b0474&ps=13740610&shp=30310797&shcp=ff37627b&idc=useast5,,,,,,,,,
This is such an amazing sheet mask❤️,1,0,2026-03-24T06:53:59.000Z,nova_ugc8,https://www.tiktok.com/@oldi456/video/7620220323660614943,7496545971548701742,7620711460390552333,https://p16-common-sign.tiktokcdn-us.com/tos-useast5-avt-0068-tx/68b9a915bf040cefd3deacb0b7a12c0c~tplv-tiktokx-cropcenter:100:100.jpg?dr=9640&refresh_token=76ffc2cc&x-expires=1775102400&x-signature=cmBiVDxqg7KHL5sWrbOYqPEDDlE%3D&t=4d5b0474&ps=13740610&shp=30310797&shcp=ff37627b&idc=useast5,,,,,,,,,
"Excellent product, I love it and am delighted with the result.",1,0,2026-03-24T05:36:56.000Z,marinaglow.ugc,https://www.tiktok.com/@oldi456/video/7620220323660614943,7606137933221610517,7620691911226344210,https://p16-common-sign.tiktokcdn-us.com/tos-alisg-avt-0068/97f257dd8b293e2a9664397cbc69f51a~tplv-tiktokx-cropcenter:100:100.jpg?dr=9640&refresh_token=f76f5550&x-expires=1775102400&x-signature=f3pD4CK6euM5IU87Ork2T84L75U%3D&t=4d5b0474&ps=13740610&shp=30310797&shcp=ff37627b&idc=useast5,,,,,,,,,
"Wow, I need a mask like that too!💞",1,0,2026-03-24T06:22:32.000Z,ira.bellydance,https://www.tiktok.com/@oldi456/video/7620220323660614943,6568869191364198406,7620703368600191758,https://p16-common-sign.tiktokcdn-us.com/tos-useast5-avt-0068-tx/31421a6d166fba52615433dcb1ea3724~tplv-tiktokx-cropcenter:100:100.jpg?dr=9640&refresh_token=c59b6054&x-expires=1775102400&x-signature=jTKH7z357gETwGBTu%2Bf65ZwNY6s%3D&t=4d5b0474&ps=13740610&shp=30310797&shcp=ff37627b&idc=useast5,,,,,,,,,
I love it 😍,1,1,2026-03-23T00:20:42.000Z,aibylopez,https://www.tiktok.com/@oldi456/video/7620220323660614943,6820517747128370181,7620239312827663118,https://p16-common-sign.tiktokcdn-us.com/tos-useast5-avt-0068-tx/fec4a2426f09ecd6c51c576d180ab40f~tplv-tiktokx-cropcenter:100:100.jpg?dr=9640&refresh_token=30996db1&x-expires=1775102400&x-signature=ws%2BF7VrKy5PZ36axA3CtLrsN0zA%3D&t=4d5b0474&ps=13740610&shp=30310797&shcp=ff37627b&idc=useast5,,,,,,,,,
thank you ✨✨✨,0,,2026-03-23T00:21:59.000Z,oldi456,https://www.tiktok.com/@oldi456/video/7620220323660614943,6827479918948860933,7620239616713507614,https://p16-common-sign.tiktokcdn-us.com/tos-useast8-avt-0068-tx2/5989a5d70c51e3e2e8ce7d3dfc587de4~tplv-tiktokx-cropcenter:100:100.jpg?dr=9640&refresh_token=01a5ffdc&x-expires=1775102400&x-signature=i57eI7t9C9MZWeCh7lAs%2BcFzEgM%3D&t=4d5b0474&ps=13740610&shp=30310797&shcp=ff37627b&idc=useast5,,,,,,,,,
Korean skin care is the best 😍,1,0,2026-03-24T19:28:05.000Z,ugc_family.florida,https://www.tiktok.com/@oldi456/video/7620220323660614943,7408089083711489067,7620905974690628382,https://p16-common-sign.tiktokcdn-us.com/tos-useast5-avt-0068-tx/8ca3c5008753adc22ac484098e1db091~tplv-tiktokx-cropcenter:100:100.jpg?dr=9640&refresh_token=b0373733&x-expires=1775102400&x-signature=QTtEUe1BGh6GIOGaOLNN9CDg%2Foc%3D&t=4d5b0474&ps=13740610&shp=30310797&shcp=ff37627b&idc=useast5,,,,,,,,,
Your skin looks radiant,1,0,2026-03-24T16:58:47.000Z,mishuleopardi,https://www.tiktok.com/@oldi456/video/7620220323660614943,7122138918913410091,7620867567515288350,https://p16-common-sign.tiktokcdn-us.com/tos-useast8-avt-0068-tx2/6e40a4346f66d55aa74a1bdf6120aaca~tplv-tiktokx-cropcenter:100:100.jpg?dr=9640&refresh_token=b34580a7&x-expires=1775102400&x-signature=A%2F6DMUEOVw8R%2Fq%2FTPmc14rW2yhk%3D&t=4d5b0474&ps=13740610&shp=30310797&shcp=ff37627b&idc=useast5,,,,,,,,,
Amazing and cool,1,0,2026-03-24T03:51:50.000Z,dilya2129,https://www.tiktok.com/@oldi456/video/7620220323660614943,6723617649232888837,7620664780307071758,https://p16-common-sign.tiktokcdn-us.com/tos-useast5-avt-0068-tx/309e4db24caf6a1acf088f55499b91d4~tplv-tiktokx-cropcenter:100:100.jpg?dr=9640&refresh_token=722aa23e&x-expires=1775102400&x-signature=uLmqtmWIDdpyi2p8E7QO6Kts3Wk%3D&t=4d5b0474&ps=13740610&shp=30310797&shcp=ff37627b&idc=useast5,,,,,,,,,
Look so hydrated 😍,1,0,2026-03-24T18:07:07.000Z,anastasiiainusa,https://www.tiktok.com/@oldi456/video/7620220323660614943,7348165507709748266,7620885103053816589,https://p16-common-sign.tiktokcdn-us.com/tos-useast5-avt-0068-tx/aec4202bb8c9ba9cd5e98fac9c81bdd9~tplv-tiktokx-cropcenter:100:100.jpg?dr=9640&refresh_token=1ea4c918&x-expires=1775102400&x-signature=4ECnwWXUBReAGwZROWFxTu%2FY4rs%3D&t=4d5b0474&ps=13740610&shp=30310797&shcp=ff37627b&idc=useast5,,,,,,,,,
You are perfect !!! Amazing video !!!!!,1,0,2026-03-24T03:39:23.000Z,redginskaya_ugc,https://www.tiktok.com/@oldi456/video/7620220323660614943,7562002425122915342,7620661560374035213,https://p16-common-sign.tiktokcdn-us.com/tos-useast5-avt-0068-tx/7a83000bba329487c6d218efe570877d~tplv-tiktokx-cropcenter:100:100.jpg?dr=9640&refresh_token=64f2ba36&x-expires=1775102400&x-signature=QOfjdI%2FVcULDWt4SopYQNCC%2BO1g%3D&t=4d5b0474&ps=13740610&shp=30310797&shcp=ff37627b&idc=useast5,,,,,,,,,
Nice face mask girl,1,0,2026-03-24T16:09:16.000Z,khatia_ch1,https://www.tiktok.com/@oldi456/video/7620220323660614943,6807495087674377222,7620854776351687438,https://p16-common-sign.tiktokcdn-us.com/tos-useast5-avt-0068-tx/f341662a620cbf276274f5b3fd057973~tplv-tiktokx-cropcenter:100:100.jpg?dr=9640&refresh_token=4f6b8afe&x-expires=1775102400&x-signature=scK1%2Bx%2FBX1vcz8AkczwZZI38308%3D&t=4d5b0474&ps=13740610&shp=30310797&shcp=ff37627b&idc=useast5,,,,,,,,,
🥰🥰🥰🥰,1,1,2026-03-23T05:18:20.000Z,ninel0183,https://www.tiktok.com/@oldi456/video/7620220323660614943,7495872169751790625,7620315954915935009,https://p16-common-sign.tiktokcdn-us.com/tos-maliva-avt-0068/61e7a40c7541eef5ca09237fc0dac57f~tplv-tiktokx-cropcenter:100:100.jpg?dr=9640&refresh_token=e7d53c40&x-expires=1775102400&x-signature=cE3mHC2hRXfgpAZ2WXPOmh9XGxA%3D&t=4d5b0474&ps=13740610&shp=30310797&shcp=ff37627b&idc=useast5,,,,,,,,,
thank you ✨✨✨,0,,2026-03-23T05:27:56.000Z,oldi456,https://www.tiktok.com/@oldi456/video/7620220323660614943,6827479918948860933,7620318179827942175,https://p16-common-sign.tiktokcdn-us.com/tos-useast8-avt-0068-tx2/5989a5d70c51e3e2e8ce7d3dfc587de4~tplv-tiktokx-cropcenter:100:100.jpg?dr=9640&refresh_token=01a5ffdc&x-expires=1775102400&x-signature=i57eI7t9C9MZWeCh7lAs%2BcFzEgM%3D&t=4d5b0474&ps=13740610&shp=30310797&shcp=ff37627b&idc=useast5,,,,,,,,,
🥰🥰🥰,1,1,2026-03-23T07:03:23.000Z,marinaglow.ugc,https://www.tiktok.com/@oldi456/video/7620220323660614943,7606137933221610517,7620343131728577298,https://p16-common-sign.tiktokcdn-us.com/tos-alisg-avt-0068/97f257dd8b293e2a9664397cbc69f51a~tplv-tiktokx-cropcenter:100:100.jpg?dr=9640&refresh_token=f76f5550&x-expires=1775102400&x-signature=f3pD4CK6euM5IU87Ork2T84L75U%3D&t=4d5b0474&ps=13740610&shp=30310797&shcp=ff37627b&idc=useast5,,,,,,,,,
thank you ✨✨✨,0,,2026-03-24T03:04:04.000Z,oldi456,https://www.tiktok.com/@oldi456/video/7620220323660614943,6827479918948860933,7620652482460615454,https://p16-common-sign.tiktokcdn-us.com/tos-useast8-avt-0068-tx2/5989a5d70c51e3e2e8ce7d3dfc587de4~tplv-tiktokx-cropcenter:100:100.jpg?dr=9640&refresh_token=01a5ffdc&x-expires=1775102400&x-signature=i57eI7t9C9MZWeCh7lAs%2BcFzEgM%3D&t=4d5b0474&ps=13740610&shp=30310797&shcp=ff37627b&idc=useast5,,,,,,,,,
🔥🔥,1,0,2026-03-24T03:51:54.000Z,dilya2129,https://www.tiktok.com/@oldi456/video/7620220323660614943,6723617649232888837,7620664741229544205,https://p16-common-sign.tiktokcdn-us.com/tos-useast5-avt-0068-tx/309e4db24caf6a1acf088f55499b91d4~tplv-tiktokx-cropcenter:100:100.jpg?dr=9640&refresh_token=722aa23e&x-expires=1775102400&x-signature=uLmqtmWIDdpyi2p8E7QO6Kts3Wk%3D&t=4d5b0474&ps=13740610&shp=30310797&shcp=ff37627b&idc=useast5,,,,,,,,,
✨✨✨,1,0,2026-03-22T23:07:04.000Z,oldi456,https://www.tiktok.com/@oldi456/video/7620220323660614943,6827479918948860933,7620220312248091422,https://p16-common-sign.tiktokcdn-us.com/tos-useast8-avt-0068-tx2/5989a5d70c51e3e2e8ce7d3dfc587de4~tplv-tiktokx-cropcenter:100:100.jpg?dr=9640&refresh_token=01a5ffdc&x-expires=1775102400&x-signature=i57eI7t9C9MZWeCh7lAs%2BcFzEgM%3D&t=4d5b0474&ps=13740610&shp=30310797&shcp=ff37627b&idc=useast5,,,,,,,,,
😍😍😍,0,0,2026-03-19T06:31:15.000Z,agathalimm,https://www.tiktok.com/@janicelovesyouu/video/7616451454135504149,6792767925805171713,7618850237319496478,https://p16-common-sign.tiktokcdn-us.com/tos-useast8-avt-0068-tx2/2eba93a8d06d211f83c83a69131c3646~tplv-tiktokx-cropcenter:100:100.jpg?dr=9640&refresh_token=372f1f93&x-expires=1775102400&x-signature=PO7KUzlR8QtuHDLXON1BBSGsjI4%3D&t=4d5b0474&ps=13740610&shp=30310797&shcp=ff37627b&idc=useast5,,,,,,,,,
🥰🥰🥰,0,,2026-03-08T03:05:06.000Z,dakexs_accesoriosymas,https://www.tiktok.com/@yanetortegaugc/video/7614700680699350293,6904766295147201538,7614715406191821585,https://p16-common-sign.tiktokcdn-us.com/tos-alisg-avt-0068/f64b4aa4a3f06d58f67807bcce5362b7~tplv-tiktokx-cropcenter:100:100.jpg?dr=9640&refresh_token=74884d13&x-expires=1775102400&x-signature=5h%2FS1VTrRASikuq6jtAs6vV0WZE%3D&t=4d5b0474&ps=13740610&shp=30310797&shcp=ff37627b&idc=useast5,,,,,,,,,
I totally agree!!,0,,2026-03-13T12:33:14.000Z,carol.map.mkt,https://www.tiktok.com/@carol.map.mkt/video/7616546574709132574,7466558029636060190,7616717098953982750,https://p19-common-sign.tiktokcdn-us.com/tos-useast8-avt-0068-tx2/5a69fad140ce583e66fea64ea5089933~tplv-tiktokx-cropcenter:100:100.jpg?dr=9640&refresh_token=e9a4ed8c&x-expires=1775102400&x-signature=ij%2FauCWPeQbGdyvD70UKXPbqot8%3D&t=4d5b0474&ps=13740610&shp=30310797&shcp=ff37627b&idc=useast5,,,,,,,,,
con Lili uno aprende más 🥰🥰🥰,0,0,2026-03-08T00:00:16.000Z,sugeysoriano2,https://www.tiktok.com/@lilianagarridoso/video/7614666331446643989,6803116899581510658,7614667767820960530,https://p16-common-sign.tiktokcdn-us.com/tos-alisg-avt-0068/45515bfbb946aed6c05ec683d3aea8eb~tplv-tiktokx-cropcenter:100:100.jpg?dr=9640&refresh_token=553410b0&x-expires=1775102400&x-signature=UPPc%2FKGLPjx26iE%2FJpS46irdEQI%3D&t=4d5b0474&ps=13740610&shp=30310797&shcp=ff37627b&idc=useast8,,,,,,,,,
que te pareció la mascarilla del rostro ?,1,1,2026-03-08T00:59:24.000Z,sairasoto46,https://www.tiktok.com/@lilianagarridoso/video/7614666331446643989,6800564687593079813,7614682988445893406,https://p16-common-sign.tiktokcdn-us.com/tos-useast8-avt-0068-tx2/db52d99b3321b27cd45221f45a065538~tplv-tiktokx-cropcenter:100:100.jpg?dr=9640&refresh_token=64076502&x-expires=1775102400&x-signature=RqSFFEzGgfbcNwFmvqvAN%2BuUg94%3D&t=4d5b0474&ps=13740610&shp=30310797&shcp=ff37627b&idc=useast8,,,,,,,,,
Demasiado rico desde el inicio al ponerla hasta retirarla y ver el resultado la volvería adquirir sin lugar a dudas,1,,2026-03-08T01:30:00.000Z,lilianagarridoso,https://www.tiktok.com/@lilianagarridoso/video/7614666331446643989,6801529935669396485,7614690874061423380,https://p19-common-sign.tiktokcdn-us.com/tos-alisg-avt-0068/a7e4fadb7ece9be23c27693497129ad4~tplv-tiktokx-cropcenter:100:100.jpg?dr=9640&refresh_token=e193f289&x-expires=1775102400&x-signature=hlJs5CmEWkvL9pX%2BCLQffPkHyZI%3D&t=4d5b0474&ps=13740610&shp=30310797&shcp=ff37627b&idc=useast8,,,,,,,,,
You’ll 😍,0,,2026-03-13T12:32:48.000Z,carol.map.mkt,https://www.tiktok.com/@carol.map.mkt/video/7616546574709132574,7466558029636060190,7616716990572462878,https://p16-sign-va.tiktokcdn.com/tos-maliva-avt-0068/5a69fad140ce583e66fea64ea5089933~tplv-tiktokx-cropcenter:100:100.jpg?dr=14579&refresh_token=0ec26d1e&x-expires=1775102400&x-signature=wNnd%2BWUGB6rrMVD21gIet5K61uY%3D&t=4d5b0474&ps=13740610&shp=30310797&shcp=ff37627b&idc=my2,,,,,,,,,
Lipcare is a must too🤩,0,0,2026-03-10T03:18:42.000Z,chi.mi.5._,https://www.tiktok.com/@cinnylove30/video/7615351797741407496,7323582814615913477,7615461099626775297,https://p16-common-sign.tiktokcdn-us.com/tos-alisg-avt-0068/88e751b56ba24ccb4fc5ecebeb181afd~tplv-tiktokx-cropcenter:100:100.jpg?dr=9640&refresh_token=93b2340a&x-expires=1775102400&x-signature=UDGfufjiBe6UAwT5RfRld0zNnco%3D&t=4d5b0474&ps=13740610&shp=30310797&shcp=ff37627b&idc=useast8,,,,,,,,,
Its so cute 🥰,0,0,2026-03-10T03:16:17.000Z,rabyaaai,https://www.tiktok.com/@cinnylove30/video/7615351797741407496,7566667394833646647,7615460407692182286,https://p16-common-sign.tiktokcdn-us.com/tos-useast5-avt-0068-tx/3164edb765d136e0ad7204ed57d4d736~tplv-tiktokx-cropcenter:100:100.jpg?dr=9640&refresh_token=b151dc17&x-expires=1775102400&x-signature=jibKaIjtU22e75fi0JE5iVHiqX8%3D&t=4d5b0474&ps=13740610&shp=30310797&shcp=ff37627b&idc=useast8,,,,,,,,,
Love the lips mask I need right now,0,0,2026-03-10T04:27:36.000Z,vidarealconkat,https://www.tiktok.com/@cinnylove30/video/7615351797741407496,7599567962571834399,7615478759442334478,https://p19-common-sign.tiktokcdn-us.com/tos-useast5-avt-0068-tx/5a7dadea7ae2b91edc204b0e2cd6f4d2~tplv-tiktokx-cropcenter:100:100.jpg?dr=9640&refresh_token=69be3372&x-expires=1775102400&x-signature=sf16n%2FUqNNYQ6Dr%2FV%2Br2x7M6unA%3D&t=4d5b0474&ps=13740610&shp=30310797&shcp=ff37627b&idc=useast8,,,,,,,,,
I want 🥰🥰,0,0,2026-03-14T18:29:28.000Z,gifteey33,https://www.tiktok.com/@cinnylove30/video/7615351797741407496,7098686076142879749,7617180132994614033,https://p16-common-sign.tiktokcdn-us.com/tos-maliva-avt-0068/9c634b72c2cf4d81809f913212a416b9~tplv-tiktokx-cropcenter:100:100.jpg?dr=9640&refresh_token=29cfb812&x-expires=1775102400&x-signature=rlad9XXER0LOM9JfYjTbq55Wjww%3D&t=4d5b0474&ps=13740610&shp=30310797&shcp=ff37627b&idc=useast8,,,,,,,,,
Wow amazing dear🥰🥰 Love the box 😍,0,0,2026-03-09T21:28:43.000Z,oana23alexandra,https://www.tiktok.com/@cinnylove30/video/7615351797741407496,6820821174625960965,7615370919527121686,https://p16-common-sign.tiktokcdn-us.com/tos-maliva-avt-0068/50442780ea1e6deecebbbe1a88417f8c~tplv-tiktokx-cropcenter:100:100.jpg?dr=9640&refresh_token=a0dcd12e&x-expires=1775102400&x-signature=i4UorFwe2YD4aGU0cYfI7aYo8zE%3D&t=4d5b0474&ps=13740610&shp=30310797&shcp=ff37627b&idc=useast8,,,,,,,,,
Love love love it❤️,0,0,2026-03-10T22:47:35.000Z,skinxshine,https://www.tiktok.com/@cinnylove30/video/7615351797741407496,7582364599036445707,7615762226146853633,https://p16-common-sign.tiktokcdn-us.com/tos-alisg-avt-0068/06e8b46d2595f293529e3401f612df9a~tplv-tiktokx-cropcenter:100:100.jpg?dr=9640&refresh_token=596a2203&x-expires=1775102400&x-signature=tKMUi7gF%2FMxT%2BAO%2FOQW7Ar5Lxeo%3D&t=4d5b0474&ps=13740610&shp=30310797&shcp=ff37627b&idc=useast8,,,,,,,,,
Congrats !! Need to try 💕,0,0,2026-03-13T18:04:27.000Z,bubuzluv,https://www.tiktok.com/@cinnylove30/video/7615351797741407496,7444628464290087958,7616802608053617430,https://p16-common-sign.tiktokcdn-us.com/tos-maliva-avt-0068/b3b1a7616e48bbb4964c4d6a58645b3d~tplv-tiktokx-cropcenter:100:100.jpg?dr=9640&refresh_token=4ad72db9&x-expires=1775102400&x-signature=D5gJ%2FQmR5o%2Br158EzeXaW8R%2BBjY%3D&t=4d5b0474&ps=13740610&shp=30310797&shcp=ff37627b&idc=useast8,,,,,,,,,
Need to try these lip masks!,0,0,2026-03-15T01:23:28.000Z,sweetmissysvibe,https://www.tiktok.com/@cinnylove30/video/7615351797741407496,7268772447750112261,7617286788420584199,https://p16-common-sign.tiktokcdn-us.com/tos-maliva-avt-0068/e2eafbba7585bf3e7e1ebaaed53014fb~tplv-tiktokx-cropcenter:100:100.jpg?dr=9640&refresh_token=46d7a3cf&x-expires=1775102400&x-signature=WIfZQJLUm54k6sLOXyNVlZkd5n4%3D&t=4d5b0474&ps=13740610&shp=30310797&shcp=ff37627b&idc=useast8,,,,,,,,,
I love the packaging! Reminds me of Amanda Lepore 😄,0,0,2026-03-10T18:31:56.000Z,ashivibesss,https://www.tiktok.com/@cinnylove30/video/7615351797741407496,7375493557552415777,7615696434559386370,https://p16-common-sign.tiktokcdn-us.com/tos-maliva-avt-0068/6544e58328a94e65f27835ef9716b39c~tplv-tiktokx-cropcenter:100:100.jpg?dr=9640&refresh_token=f9d9dddd&x-expires=1775102400&x-signature=fEhde53Lh%2Bo9Bimk3IWDua8UaZs%3D&t=4d5b0474&ps=13740610&shp=30310797&shcp=ff37627b&idc=useast8,,,,,,,,,
How fun!!,0,0,2026-03-26T14:00:10.000Z,meghagandhi355,https://www.tiktok.com/@cinnylove30/video/7615351797741407496,7187496889386271790,7621563507587269390,https://p16-common-sign.tiktokcdn-us.com/tos-useast5-avt-0068-tx/7349879364999184430~tplv-tiktokx-cropcenter:100:100.jpg?dr=9640&refresh_token=eacc1e64&x-expires=1775102400&x-signature=tS7vVDdVF2cj9f8VptcWCCbcQdc%3D&t=4d5b0474&ps=13740610&shp=30310797&shcp=ff37627b&idc=useast8,,,,,,,,,
Pretty 💋,0,0,2026-03-10T03:36:53.000Z,sicilianashley1985,https://www.tiktok.com/@cinnylove30/video/7615351797741407496,7001898395905737733,7615465748237206293,https://p19-common-sign.tiktokcdn-us.com/tos-maliva-avt-0068/5e82d2aed5e94742e9ef89158ef31d3b~tplv-tiktokx-cropcenter:100:100.jpg?dr=9640&refresh_token=2feea362&x-expires=1775102400&x-signature=I8xVlpWrgBgywT5Syj9KXA6iAFM%3D&t=4d5b0474&ps=13740610&shp=30310797&shcp=ff37627b&idc=useast8,,,,,,,,,
the packaging is so cute 😍♥️,0,0,2026-03-13T00:40:52.000Z,ugcbyelgie,https://www.tiktok.com/@cinnylove30/video/7615351797741407496,7525515823826846751,7616533497612927774,https://p19-common-sign.tiktokcdn-us.com/tos-useast8-avt-0068-tx2/594b337b6311341df11be70ec90c4159~tplv-tiktokx-cropcenter:100:100.jpg?dr=9640&refresh_token=9ad156ef&x-expires=1775102400&x-signature=eoup9KUDVC5wB6ZoidEzxUwMU5s%3D&t=4d5b0474&ps=13740610&shp=30310797&shcp=ff37627b&idc=useast8,,,,,,,,,
The intro >>>🤭🤭,0,0,2026-03-10T21:08:39.000Z,_.jjksyeon,https://www.tiktok.com/@cinnylove30/video/7615351797741407496,6611850649770688518,7615736809830089494,https://p16-common-sign.tiktokcdn-us.com/tos-maliva-avt-0068/eed4bc55375dd86749fa7ad90e7a3e45~tplv-tiktokx-cropcenter:100:100.jpg?dr=9640&refresh_token=381e8e19&x-expires=1775102400&x-signature=eUwwsLyEhIFzvN56WTRnRsqxH%2Fw%3D&t=4d5b0474&ps=13740610&shp=30310797&shcp=ff37627b&idc=useast8,,,,,,,,,
The lip masks are so cute & defo want to try the masks 🤩💗,0,0,2026-03-09T23:12:48.000Z,sk1ncaresecrets,https://www.tiktok.com/@cinnylove30/video/7615351797741407496,7432304512697156640,7615397666382086934,https://p16-common-sign.tiktokcdn-us.com/tos-maliva-avt-0068/4b6c5f68b6529fdd699be2645b0eda24~tplv-tiktokx-cropcenter:100:100.jpg?dr=9640&refresh_token=46ba8d44&x-expires=1775102400&x-signature=QJOX9oSPURXsypbFP%2BAzlleerJY%3D&t=4d5b0474&ps=13740610&shp=30310797&shcp=ff37627b&idc=useast8,,,,,,,,,
I need to add this to my routine,0,0,2026-03-10T00:56:04.000Z,mlbb.elle,https://www.tiktok.com/@cinnylove30/video/7615351797741407496,7414497199210726401,7615424347637089041,https://p16-common-sign.tiktokcdn-us.com/tos-alisg-avt-0068/9afacfc4fe514c3496e70a038f37ab50~tplv-tiktokx-cropcenter:100:100.jpg?dr=9640&refresh_token=f7475ee4&x-expires=1775102400&x-signature=T8NOE7a4b4ju7yFckOXtd1NdN9E%3D&t=4d5b0474&ps=13740610&shp=30310797&shcp=ff37627b&idc=useast8,,,,,,,,,
Lo necesito!!!,0,0,2026-03-09T21:16:14.000Z,kasssanchez21,https://www.tiktok.com/@cinnylove30/video/7615351797741407496,7189144449086211078,7615367624305722113,https://p16-common-sign.tiktokcdn-us.com/tos-alisg-avt-0068/56caa13b82e9f649d1da25a33e18a631~tplv-tiktokx-cropcenter:100:100.jpg?dr=9640&refresh_token=538b5e53&x-expires=1775102400&x-signature=f1zSA%2ByNlB9urx7V1xA9ulRuTO4%3D&t=4d5b0474&ps=13740610&shp=30310797&shcp=ff37627b&idc=useast8,,,,,,,,,
Needs to take care of my lips more 🥰,0,0,2026-03-11T07:51:44.000Z,imsyneathita2,https://www.tiktok.com/@cinnylove30/video/7615351797741407496,7422623835130889223,7615902542207337236,https://p16-common-sign.tiktokcdn-us.com/tos-alisg-avt-0068/1b98c0eff9e3df54a3d6944578fcec4d~tplv-tiktokx-cropcenter:100:100.jpg?dr=9640&refresh_token=bd84d080&x-expires=1775102400&x-signature=AzXOCuEK%2Fszlf2ZpsnBlqWwBL50%3D&t=4d5b0474&ps=13740610&shp=30310797&shcp=ff37627b&idc=useast8,,,,,,,,,
wow🔥🥰,0,0,2026-03-14T06:56:56.000Z,anastasiia_ugc00,https://www.tiktok.com/@cinnylove30/video/7615351797741407496,7598640166298879008,7617001637336597280,https://p16-common-sign.tiktokcdn-us.com/tos-useast2a-avt-0068-euttp/2ab491abd6ca2b4fed99fa57dcf9ec65~tplv-tiktokx-cropcenter:100:100.jpg?dr=9640&refresh_token=a99ebd99&x-expires=1775102400&x-signature=2Hetl4ok9LL5A1cO7aFFFqfpQPw%3D&t=4d5b0474&ps=13740610&shp=30310797&shcp=ff37627b&idc=useast8,,,,,,,,,
Ah cool🤩🤩🤩,0,0,2026-03-09T20:45:07.000Z,elenagreek28,https://www.tiktok.com/@cinnylove30/video/7615351797741407496,7413774777557255200,7615359683138257686,https://p16-common-sign.tiktokcdn-us.com/tos-useast2a-avt-0068-euttp/37f6779d1768016b3fa40ef95ba4a5a9~tplv-tiktokx-cropcenter:100:100.jpg?dr=9640&refresh_token=c056e3c4&x-expires=1775102400&x-signature=7iKCp91m2Uew1xLrv83JUxNxSA8%3D&t=4d5b0474&ps=13740610&shp=30310797&shcp=ff37627b&idc=useast8,,,,,,,,,
Soo hydrating 😍😍,0,0,2026-03-12T04:25:12.000Z,life_onloop,https://www.tiktok.com/@cinnylove30/video/7615351797741407496,7174265310206854190,7616220292948214558,https://p16-common-sign.tiktokcdn-us.com/tos-useast8-avt-0068-tx2/75c3c91509d4aa51c3a74ed30c389375~tplv-tiktokx-cropcenter:100:100.jpg?dr=9640&refresh_token=220afec3&x-expires=1775102400&x-signature=TIvCU5T%2B%2FQwK8%2BCjUPDPc%2F6cdNo%3D&t=4d5b0474&ps=13740610&shp=30310797&shcp=ff37627b&idc=useast8,,,,,,,,,
must be part of my skincare ✨️,0,0,2026-03-09T21:04:43.000Z,yasbeautyguide,https://www.tiktok.com/@cinnylove30/video/7615351797741407496,7508745598343414840,7615364717724631825,https://p19-common-sign.tiktokcdn-us.com/tos-maliva-avt-0068/4f34037e54ed031f5840304f9d4c5183~tplv-tiktokx-cropcenter:100:100.jpg?dr=9640&refresh_token=1b613acf&x-expires=1775102400&x-signature=o0UuNTzk0NFR4IgW8fOE%2Fu%2Bcv74%3D&t=4d5b0474&ps=13740610&shp=30310797&shcp=ff37627b&idc=useast8,,,,,,,,,
I love the package. I would save it once im done with the masks 💋,0,0,2026-03-09T21:09:42.000Z,skindeepmegan,https://www.tiktok.com/@cinnylove30/video/7615351797741407496,6772777156923851781,7615366000535552782,https://p19-common-sign.tiktokcdn-us.com/tos-useast5-avt-0068-tx/f82e30c92d3ef53e9d954e401ff7c34f~tplv-tiktokx-cropcenter:100:100.jpg?dr=9640&refresh_token=7beffa91&x-expires=1775102400&x-signature=eJlLu%2B4mhlLlzgHOa%2B3hcJe8Jw4%3D&t=4d5b0474&ps=13740610&shp=30310797&shcp=ff37627b&idc=useast8,,,,,,,,,
I can’t wait to try this ❤️❤️,0,0,2026-03-29T02:29:34.000Z,tunicanadienne.ugc,https://www.tiktok.com/@cinnylove30/video/7615351797741407496,7482823751038485526,7622498697322906390,https://p16-common-sign.tiktokcdn-us.com/tos-maliva-avt-0068/e995b4382dc1eaffceff84d27c2b554a~tplv-tiktokx-cropcenter:100:100.jpg?dr=9640&refresh_token=949ebd7e&x-expires=1775102400&x-signature=BWH%2F1jOi%2FJdBG%2FpZPKkDDVE19qI%3D&t=4d5b0474&ps=13740610&shp=30310797&shcp=ff37627b&idc=useast8,,,,,,,,,
so gorgeous sissy 😍,0,0,2026-03-16T11:02:29.000Z,aliasy_syy,https://www.tiktok.com/@cinnylove30/video/7615351797741407496,6897602384102999041,7617807101101359893,https://p16-common-sign.tiktokcdn-us.com/tos-alisg-avt-0068/42837e268abdc386d136cfb823764b9a~tplv-tiktokx-cropcenter:100:100.jpg?dr=9640&refresh_token=7263ea77&x-expires=1775102400&x-signature=wiCinspa5OMminHAWIf4%2B3SXKAU%3D&t=4d5b0474&ps=13740610&shp=30310797&shcp=ff37627b&idc=useast8,,,,,,,,,
[Sticker] ,1,0,2026-03-10T17:23:18.000Z,venus_knightley,https://www.tiktok.com/@cinnylove30/video/7615351797741407496,7103085408598983685,7615678741818426132,https://p19-common-sign.tiktokcdn-us.com/tos-alisg-avt-0068/299a2f9e47a2afa2be813c60b59c015d~tplv-tiktokx-cropcenter:100:100.jpg?dr=9640&refresh_token=d663e38c&x-expires=1775102400&x-signature=Zg37fKEdshTzp5L9la1RwZGQOng%3D&t=4d5b0474&ps=13740610&shp=30310797&shcp=ff37627b&idc=useast8,,,,,,,,,
😍😍😍😍,0,0,2026-03-09T22:04:07.000Z,umiugc,https://www.tiktok.com/@cinnylove30/video/7615351797741407496,7554462260518142990,7615379878498583326,https://p16-common-sign.tiktokcdn-us.com/tos-useast8-avt-0068-tx2/b9659728122fc5f6b0ac30f9d29b759b~tplv-tiktokx-cropcenter:100:100.jpg?dr=9640&refresh_token=bc5d024e&x-expires=1775102400&x-signature=rWxo1jithOICLxSmO1zhUMjO%2BOg%3D&t=4d5b0474&ps=13740610&shp=30310797&shcp=ff37627b&idc=useast8,,,,,,,,,
Pero que buena mascarilla 👏✨ tanto de rostro como de labios que humectada te dejo tu piel 👏✨,1,1,2026-03-14T11:57:08.000Z,lolita150996,https://www.tiktok.com/@novasbeauty16/video/7616827510587788574,6861557494569960453,7617079056973955858,https://p16-common-sign.tiktokcdn-us.com/tos-alisg-avt-0068/63c071d7fc18cad7186dab046340dc92~tplv-tiktokx-cropcenter:100:100.jpg?dr=9640&refresh_token=7e1709c9&x-expires=1775102400&x-signature=68fPWaa%2FCp2dUaa08iUIK%2BfVCwI%3D&t=4d5b0474&ps=13740610&shp=30310797&shcp=ff37627b&idc=useast8,,,,,,,,,
Muchas gracias linda❤️❤️,0,,2026-03-16T02:07:32.000Z,novasbeauty16,https://www.tiktok.com/@novasbeauty16/video/7616827510587788574,6853302013343024134,7617669168288826142,https://p16-common-sign.tiktokcdn-us.com/tos-useast8-avt-0068-tx2/603c38e5727b4959235c2677894942f5~tplv-tiktokx-cropcenter:100:100.jpg?dr=9640&refresh_token=46c976ec&x-expires=1775102400&x-signature=hxfUrQBPNYCz%2B%2BGmZvKmpRbnsqc%3D&t=4d5b0474&ps=13740610&shp=30310797&shcp=ff37627b&idc=useast8,,,,,,,,,
estos parchesitos son excelentes 😍 me encantan,1,1,2026-03-14T18:15:51.000Z,zulykeithbastida,https://www.tiktok.com/@novasbeauty16/video/7616827510587788574,6869891381608875014,7617176626036278034,https://p16-common-sign.tiktokcdn-us.com/tos-alisg-avt-0068/d7c5914b269f593410a2eca4056d10dd~tplv-tiktokx-cropcenter:100:100.jpg?dr=9640&refresh_token=9e42ba91&x-expires=1775102400&x-signature=7tTtn%2Fu%2BGCsAbVcrmKABIO5TOKM%3D&t=4d5b0474&ps=13740610&shp=30310797&shcp=ff37627b&idc=useast8,,,,,,,,,
Muchas gracias linda!💕💕,0,,2026-03-16T02:05:37.000Z,novasbeauty16,https://www.tiktok.com/@novasbeauty16/video/7616827510587788574,6853302013343024134,7617668642382562079,https://p16-common-sign.tiktokcdn-us.com/tos-useast8-avt-0068-tx2/603c38e5727b4959235c2677894942f5~tplv-tiktokx-cropcenter:100:100.jpg?dr=9640&refresh_token=46c976ec&x-expires=1775102400&x-signature=hxfUrQBPNYCz%2B%2BGmZvKmpRbnsqc%3D&t=4d5b0474&ps=13740610&shp=30310797&shcp=ff37627b&idc=useast8,,,,,,,,,
"me encantaron , que son transparentes♥️",1,1,2026-03-13T23:11:20.000Z,perla.mkup,https://www.tiktok.com/@novasbeauty16/video/7616827510587788574,6654975220707786757,7616881674144482055,https://p16-common-sign.tiktokcdn-us.com/tos-maliva-avt-0068/9ec5ead3694a2cb9d775cdf8657c1b0c~tplv-tiktokx-cropcenter:100:100.jpg?dr=9640&refresh_token=1bae2645&x-expires=1775102400&x-signature=I3yrzM9VYapuECf1p6OigN0xfYM%3D&t=4d5b0474&ps=13740610&shp=30310797&shcp=ff37627b&idc=useast8,,,,,,,,,
Muchas gracias linda💕💕,0,,2026-03-16T02:13:31.000Z,novasbeauty16,https://www.tiktok.com/@novasbeauty16/video/7616827510587788574,6853302013343024134,7617670712874976031,https://p16-common-sign.tiktokcdn-us.com/tos-useast8-avt-0068-tx2/603c38e5727b4959235c2677894942f5~tplv-tiktokx-cropcenter:100:100.jpg?dr=9640&refresh_token=46c976ec&x-expires=1775102400&x-signature=hxfUrQBPNYCz%2B%2BGmZvKmpRbnsqc%3D&t=4d5b0474&ps=13740610&shp=30310797&shcp=ff37627b&idc=useast8,,,,,,,,,
esta padrísimo todo te deja la piel muy luminosa ♥️,1,1,2026-03-14T11:19:36.000Z,claudiasierra180593,https://www.tiktok.com/@novasbeauty16/video/7616827510587788574,6908571865809683461,7617069392232432400,https://p16-common-sign.tiktokcdn-us.com/tos-alisg-avt-0068/af5effaae3dedb3b750578a5e2daae05~tplv-tiktokx-cropcenter:100:100.jpg?dr=9640&refresh_token=0bc4e550&x-expires=1775102400&x-signature=90r9BKYwBtj27gcra%2BqfA%2BFK8u8%3D&t=4d5b0474&ps=13740610&shp=30310797&shcp=ff37627b&idc=useast8,,,,,,,,,
Muchas gracias bella❤️❤️,0,,2026-03-16T02:04:08.000Z,novasbeauty16,https://www.tiktok.com/@novasbeauty16/video/7616827510587788574,6853302013343024134,7617668360960000799,https://p16-common-sign.tiktokcdn-us.com/tos-useast8-avt-0068-tx2/603c38e5727b4959235c2677894942f5~tplv-tiktokx-cropcenter:100:100.jpg?dr=9640&refresh_token=46c976ec&x-expires=1775102400&x-signature=hxfUrQBPNYCz%2B%2BGmZvKmpRbnsqc%3D&t=4d5b0474&ps=13740610&shp=30310797&shcp=ff37627b&idc=useast8,,,,,,,,,
que refrescantes e hidratante se ve 🥰,1,1,2026-03-14T15:13:31.000Z,jahtzmakeup,https://www.tiktok.com/@novasbeauty16/video/7616827510587788574,6522566980942173184,7617129661101392648,https://p16-common-sign.tiktokcdn-us.com/tos-alisg-avt-0068/68f1371d883bfb8eb994cc810bb3b199~tplv-tiktokx-cropcenter:100:100.jpg?dr=9640&refresh_token=35245491&x-expires=1775102400&x-signature=egW%2FRkUFs%2Bb4PfjOBN2YPWZzdbw%3D&t=4d5b0474&ps=13740610&shp=30310797&shcp=ff37627b&idc=useast8,,,,,,,,,
Muchas gracias linda💕💕,0,,2026-03-16T02:07:50.000Z,novasbeauty16,https://www.tiktok.com/@novasbeauty16/video/7616827510587788574,6853302013343024134,7617669304238162718,https://p16-common-sign.tiktokcdn-us.com/tos-useast8-avt-0068-tx2/603c38e5727b4959235c2677894942f5~tplv-tiktokx-cropcenter:100:100.jpg?dr=9640&refresh_token=46c976ec&x-expires=1775102400&x-signature=hxfUrQBPNYCz%2B%2BGmZvKmpRbnsqc%3D&t=4d5b0474&ps=13740610&shp=30310797&shcp=ff37627b&idc=useast8,,,,,,,,,
Woow súper buena esa mascarilla ❤️,1,1,2026-03-14T13:03:05.000Z,ana.makeup_art,https://www.tiktok.com/@novasbeauty16/video/7616827510587788574,7298032496674259973,7617096060980282120,https://p16-common-sign.tiktokcdn-us.com/tos-alisg-avt-0068/4e9e0001567680ffbb2b03834c77fbb5~tplv-tiktokx-cropcenter:100:100.jpg?dr=9640&refresh_token=585de17a&x-expires=1775102400&x-signature=pPgvRfpjwIzA1xLgEY63VWupVP8%3D&t=4d5b0474&ps=13740610&shp=30310797&shcp=ff37627b&idc=useast8,,,,,,,,,
qué bonito cuidas tu piel🥰,1,1,2026-03-14T05:55:37.000Z,makeupandnailsjazz,https://www.tiktok.com/@novasbeauty16/video/7616827510587788574,6821378411089363973,7616985872324150024,https://p16-common-sign.tiktokcdn-us.com/tos-alisg-avt-0068/4e58492beb4d3cf3d6e938ff90b6f434~tplv-tiktokx-cropcenter:100:100.jpg?dr=9640&refresh_token=af6f46d1&x-expires=1775102400&x-signature=57m0plqRjRRIUAi1DZi68Ej1qzI%3D&t=4d5b0474&ps=13740610&shp=30310797&shcp=ff37627b&idc=useast8,,,,,,,,,
Muchas gracias linda❤️❤️,0,,2026-03-16T02:07:22.000Z,novasbeauty16,https://www.tiktok.com/@novasbeauty16/video/7616827510587788574,6853302013343024134,7617669082373145375,https://p16-common-sign.tiktokcdn-us.com/tos-useast8-avt-0068-tx2/603c38e5727b4959235c2677894942f5~tplv-tiktokx-cropcenter:100:100.jpg?dr=9640&refresh_token=46c976ec&x-expires=1775102400&x-signature=hxfUrQBPNYCz%2B%2BGmZvKmpRbnsqc%3D&t=4d5b0474&ps=13740610&shp=30310797&shcp=ff37627b&idc=useast8,,,,,,,,,
Que bonitos esos productos 🥰,2,1,2026-03-13T23:30:30.000Z,brengarcia_,https://www.tiktok.com/@novasbeauty16/video/7616827510587788574,7022412766766171141,7616886625356088082,https://p16-common-sign.tiktokcdn-us.com/tos-alisg-avt-0068/b6d9455966cc3e062407ff0a02177274~tplv-tiktokx-cropcenter:100:100.jpg?dr=9640&refresh_token=59230e55&x-expires=1775102400&x-signature=NkHiwAEaLFT5utDqCmZv%2BUc1KSM%3D&t=4d5b0474&ps=13740610&shp=30310797&shcp=ff37627b&idc=useast8,,,,,,,,,
Muchas gracias linda❤️❤️,0,,2026-03-16T02:04:17.000Z,novasbeauty16,https://www.tiktok.com/@novasbeauty16/video/7616827510587788574,6853302013343024134,7617668376487494430,https://p16-common-sign.tiktokcdn-us.com/tos-useast8-avt-0068-tx2/603c38e5727b4959235c2677894942f5~tplv-tiktokx-cropcenter:100:100.jpg?dr=9640&refresh_token=46c976ec&x-expires=1775102400&x-signature=hxfUrQBPNYCz%2B%2BGmZvKmpRbnsqc%3D&t=4d5b0474&ps=13740610&shp=30310797&shcp=ff37627b&idc=useast8,,,,,,,,,
omg que padre esas mascarillas 💕,1,1,2026-03-14T16:14:47.000Z,gabs_remi09,https://www.tiktok.com/@novasbeauty16/video/7616827510587788574,6562277607311458309,7617145414412845840,https://p16-common-sign.tiktokcdn-us.com/tos-alisg-avt-0068/a3d3152c559d9ec5ffd36002d4e896de~tplv-tiktokx-cropcenter:100:100.jpg?dr=9640&refresh_token=3ce2f92a&x-expires=1775102400&x-signature=ym2n5FiEojPdT%2BkoTZU8qSINMRY%3D&t=4d5b0474&ps=13740610&shp=30310797&shcp=ff37627b&idc=useast8,,,,,,,,,
Muchas gracias bella❤️❤️,0,,2026-03-16T02:08:04.000Z,novasbeauty16,https://www.tiktok.com/@novasbeauty16/video/7616827510587788574,6853302013343024134,7617669369485017887,https://p16-common-sign.tiktokcdn-us.com/tos-useast8-avt-0068-tx2/603c38e5727b4959235c2677894942f5~tplv-tiktokx-cropcenter:100:100.jpg?dr=9640&refresh_token=46c976ec&x-expires=1775102400&x-signature=hxfUrQBPNYCz%2B%2BGmZvKmpRbnsqc%3D&t=4d5b0474&ps=13740610&shp=30310797&shcp=ff37627b&idc=useast8,,,,,,,,,
que buena rutina mana❤️❤️,1,1,2026-03-14T07:35:55.000Z,isa_beauty.0,https://www.tiktok.com/@novasbeauty16/video/7616827510587788574,6954379551490245637,7617011732347257618,https://p16-common-sign.tiktokcdn-us.com/tos-alisg-avt-0068/2624bf3b9a60b4960ef57a4b6dec422a~tplv-tiktokx-cropcenter:100:100.jpg?dr=9640&refresh_token=61fcb6a9&x-expires=1775102400&x-signature=uyKhRR8soAncxKeg4VbAzI4Erxo%3D&t=4d5b0474&ps=13740610&shp=30310797&shcp=ff37627b&idc=useast8,,,,,,,,,
Muchas gracias linda💕💕,0,,2026-03-16T02:08:29.000Z,novasbeauty16,https://www.tiktok.com/@novasbeauty16/video/7616827510587788574,6853302013343024134,7617669389655999263,https://p16-common-sign.tiktokcdn-us.com/tos-useast8-avt-0068-tx2/603c38e5727b4959235c2677894942f5~tplv-tiktokx-cropcenter:100:100.jpg?dr=9640&refresh_token=46c976ec&x-expires=1775102400&x-signature=hxfUrQBPNYCz%2B%2BGmZvKmpRbnsqc%3D&t=4d5b0474&ps=13740610&shp=30310797&shcp=ff37627b&idc=useast8,,,,,,,,,
Se ve de maravilla 🤩✨💕,1,1,2026-03-14T17:39:02.000Z,luceroreyees,https://www.tiktok.com/@novasbeauty16/video/7616827510587788574,6872992785525326853,7617167172007641864,https://p16-common-sign.tiktokcdn-us.com/tos-alisg-avt-0068/71130424d1a60debb72bd91dc9459c83~tplv-tiktokx-cropcenter:100:100.jpg?dr=9640&refresh_token=36537e3a&x-expires=1775102400&x-signature=5NQnxSl%2FEXvQA7F090r%2BiOyf3Pg%3D&t=4d5b0474&ps=13740610&shp=30310797&shcp=ff37627b&idc=useast8,,,,,,,,,
Muchas gracias linda💕💕,0,,2026-03-16T02:07:57.000Z,novasbeauty16,https://www.tiktok.com/@novasbeauty16/video/7616827510587788574,6853302013343024134,7617669304238736158,https://p16-common-sign.tiktokcdn-us.com/tos-useast8-avt-0068-tx2/603c38e5727b4959235c2677894942f5~tplv-tiktokx-cropcenter:100:100.jpg?dr=9640&refresh_token=46c976ec&x-expires=1775102400&x-signature=hxfUrQBPNYCz%2B%2BGmZvKmpRbnsqc%3D&t=4d5b0474&ps=13740610&shp=30310797&shcp=ff37627b&idc=useast8,,,,,,,,,
"se ve suoer hidratada tu carita muy buenas mascarillas ,tengo que implementarlo 🥰♥️",1,1,2026-03-13T21:58:09.000Z,lupita13_19,https://www.tiktok.com/@novasbeauty16/video/7616827510587788574,6885742093299926017,7616862849813562129,https://p16-common-sign.tiktokcdn-us.com/tos-alisg-avt-0068/c5f2fff2d1d74b0bc7cb9152032069f7~tplv-tiktokx-cropcenter:100:100.jpg?dr=9640&refresh_token=a700594e&x-expires=1775102400&x-signature=KvS5SvgqzSKZFPzrN6LPbxHUc0A%3D&t=4d5b0474&ps=13740610&shp=30310797&shcp=ff37627b&idc=useast8,,,,,,,,,
Muchas gracias bella❤️❤️,0,,2026-03-16T02:11:55.000Z,novasbeauty16,https://www.tiktok.com/@novasbeauty16/video/7616827510587788574,6853302013343024134,7617670341322441502,https://p16-common-sign.tiktokcdn-us.com/tos-useast8-avt-0068-tx2/603c38e5727b4959235c2677894942f5~tplv-tiktokx-cropcenter:100:100.jpg?dr=9640&refresh_token=46c976ec&x-expires=1775102400&x-signature=hxfUrQBPNYCz%2B%2BGmZvKmpRbnsqc%3D&t=4d5b0474&ps=13740610&shp=30310797&shcp=ff37627b&idc=useast8,,,,,,,,,
Esa mascarilla se ve súper buena 🤩,1,1,2026-03-14T03:05:10.000Z,mgbeaty,https://www.tiktok.com/@novasbeauty16/video/7616827510587788574,7010852781566247942,7616941927225459477,https://p16-common-sign.tiktokcdn-us.com/tos-alisg-avt-0068/20a3d3d836f5f2eb6c21150912fbdcb4~tplv-tiktokx-cropcenter:100:100.jpg?dr=9640&refresh_token=3fa06ec5&x-expires=1775102400&x-signature=%2FzHEM2Ro8JTVa5un%2BMmFisEOg4I%3D&t=4d5b0474&ps=13740610&shp=30310797&shcp=ff37627b&idc=useast8,,,,,,,,,
Muchas gracias linda💕💕,0,,2026-03-16T02:11:16.000Z,novasbeauty16,https://www.tiktok.com/@novasbeauty16/video/7616827510587788574,6853302013343024134,7617670029434503966,https://p16-common-sign.tiktokcdn-us.com/tos-useast8-avt-0068-tx2/603c38e5727b4959235c2677894942f5~tplv-tiktokx-cropcenter:100:100.jpg?dr=9640&refresh_token=46c976ec&x-expires=1775102400&x-signature=hxfUrQBPNYCz%2B%2BGmZvKmpRbnsqc%3D&t=4d5b0474&ps=13740610&shp=30310797&shcp=ff37627b&idc=useast8,,,,,,,,,
Amoo la necesito también 🥰,1,1,2026-03-14T15:42:30.000Z,bere708,https://www.tiktok.com/@novasbeauty16/video/7616827510587788574,6674709693862773765,7617137127705789191,https://p16-common-sign.tiktokcdn-us.com/tos-alisg-avt-0068/ba55a0c4179e3b0f3c5800e30d94399a~tplv-tiktokx-cropcenter:100:100.jpg?dr=9640&refresh_token=3a51dd55&x-expires=1775102400&x-signature=Bw%2F%2Fji%2B2lixI9mR0y%2FIk%2B3taCvg%3D&t=4d5b0474&ps=13740610&shp=30310797&shcp=ff37627b&idc=useast8,,,,,,,,,
deja la piel y labios increíble ❤️,1,1,2026-03-14T08:44:17.000Z,_lizzgarcia,https://www.tiktok.com/@novasbeauty16/video/7616827510587788574,6881429636779426817,7617029307256914704,https://p16-common-sign.tiktokcdn-us.com/tos-maliva-avt-0068/a2fef6e8ddc6ca7c2fb3e57e0d5a2356~tplv-tiktokx-cropcenter:100:100.jpg?dr=9640&refresh_token=c7f8d5e4&x-expires=1775102400&x-signature=3rLjYhocAFWSmr6%2FIQlg9uUbzx0%3D&t=4d5b0474&ps=13740610&shp=30310797&shcp=ff37627b&idc=useast8,,,,,,,,,
woooo que fresca mascarilla buena rutina 😍😍😌,1,1,2026-03-14T05:48:42.000Z,lizgomez22,https://www.tiktok.com/@novasbeauty16/video/7616827510587788574,6641718152013742086,7616984095763120904,https://p19-common-sign.tiktokcdn-us.com/tos-alisg-avt-0068/873fb26965dc13d3d8cc1f050273c9e2~tplv-tiktokx-cropcenter:100:100.jpg?dr=9640&refresh_token=1a9aa319&x-expires=1775102400&x-signature=q91alBPy4KqdQ5K%2Bubl3dM%2F3AHE%3D&t=4d5b0474&ps=13740610&shp=30310797&shcp=ff37627b&idc=useast8,,,,,,,,,
Muchas gracias bella❤️❤️,0,,2026-03-16T02:08:46.000Z,novasbeauty16,https://www.tiktok.com/@novasbeauty16/video/7616827510587788574,6853302013343024134,7617669466525238046,https://p16-common-sign.tiktokcdn-us.com/tos-useast8-avt-0068-tx2/603c38e5727b4959235c2677894942f5~tplv-tiktokx-cropcenter:100:100.jpg?dr=9640&refresh_token=46c976ec&x-expires=1775102400&x-signature=hxfUrQBPNYCz%2B%2BGmZvKmpRbnsqc%3D&t=4d5b0474&ps=13740610&shp=30310797&shcp=ff37627b&idc=useast8,,,,,,,,,
está genial este tipo de mascarillas 🥰,1,1,2026-03-14T15:24:31.000Z,zuu_1819,https://www.tiktok.com/@novasbeauty16/video/7616827510587788574,6821736676356883461,7617132499412304658,https://p19-common-sign.tiktokcdn-us.com/tos-alisg-avt-0068/eb49c07aece5fcc36d04357cd3bb3c9a~tplv-tiktokx-cropcenter:100:100.jpg?dr=9640&refresh_token=0bae7dc2&x-expires=1775102400&x-signature=GoSbR8s9s0lc1cBVTJlakUUHQXU%3D&t=4d5b0474&ps=13740610&shp=30310797&shcp=ff37627b&idc=useast8,,,,,,,,,
Muchas gracias linda💕💕,0,,2026-03-16T02:11:46.000Z,novasbeauty16,https://www.tiktok.com/@novasbeauty16/video/7616827510587788574,6853302013343024134,7617670334338056990,https://p16-common-sign.tiktokcdn-us.com/tos-useast8-avt-0068-tx2/603c38e5727b4959235c2677894942f5~tplv-tiktokx-cropcenter:100:100.jpg?dr=9640&refresh_token=46c976ec&x-expires=1775102400&x-signature=hxfUrQBPNYCz%2B%2BGmZvKmpRbnsqc%3D&t=4d5b0474&ps=13740610&shp=30310797&shcp=ff37627b&idc=useast8,,,,,,,,,
muy buenas mascarillas nena 😍,1,1,2026-03-14T03:27:01.000Z,lila.marmolejo,https://www.tiktok.com/@novasbeauty16/video/7616827510587788574,6567854972025143301,7616947588817928980,https://p16-common-sign.tiktokcdn-us.com/tos-maliva-avt-0068/7334406904556290054~tplv-tiktokx-cropcenter:100:100.jpg?dr=9640&refresh_token=b1403393&x-expires=1775102400&x-signature=gJD2iCxyf3U8wVLyxczvC4lH1VA%3D&t=4d5b0474&ps=13740610&shp=30310797&shcp=ff37627b&idc=useast8,,,,,,,,,
Muchas gracias linda💕💕,0,,2026-03-16T02:03:56.000Z,novasbeauty16,https://www.tiktok.com/@novasbeauty16/video/7616827510587788574,6853302013343024134,7617668306153325343,https://p16-common-sign.tiktokcdn-us.com/tos-useast8-avt-0068-tx2/603c38e5727b4959235c2677894942f5~tplv-tiktokx-cropcenter:100:100.jpg?dr=9640&refresh_token=46c976ec&x-expires=1775102400&x-signature=hxfUrQBPNYCz%2B%2BGmZvKmpRbnsqc%3D&t=4d5b0474&ps=13740610&shp=30310797&shcp=ff37627b&idc=useast8,,,,,,,,,
La mascarilla dejó tu piel increíble🥰,1,1,2026-03-14T07:14:33.000Z,diana.di,https://www.tiktok.com/@novasbeauty16/video/7616827510587788574,6933037942885794822,7617006206863524628,https://p16-common-sign.tiktokcdn-us.com/tos-alisg-avt-0068/780acbbf9a4a5a772287e229b79b22ce~tplv-tiktokx-cropcenter:100:100.jpg?dr=9640&refresh_token=71160885&x-expires=1775102400&x-signature=VsaGwDDURjfUQcOUtkAdSzZW8wo%3D&t=4d5b0474&ps=13740610&shp=30310797&shcp=ff37627b&idc=useast8,,,,,,,,,
Muchas gracias bella❤️❤️,0,,2026-03-16T02:12:15.000Z,novasbeauty16,https://www.tiktok.com/@novasbeauty16/video/7616827510587788574,6853302013343024134,7617670403909387038,https://p16-common-sign.tiktokcdn-us.com/tos-useast8-avt-0068-tx2/603c38e5727b4959235c2677894942f5~tplv-tiktokx-cropcenter:100:100.jpg?dr=9640&refresh_token=46c976ec&x-expires=1775102400&x-signature=hxfUrQBPNYCz%2B%2BGmZvKmpRbnsqc%3D&t=4d5b0474&ps=13740610&shp=30310797&shcp=ff37627b&idc=useast8,,,,,,,,,
Amo amo amo. Me gusta la mascarillas debe ser súper rica. Y la de los labios 💋 es tan tierna. 😍,1,1,2026-03-14T03:34:43.000Z,bylennymakeup28,https://www.tiktok.com/@novasbeauty16/video/7616827510587788574,6718535099845280774,7616949561508184849,https://p16-common-sign.tiktokcdn-us.com/tos-alisg-avt-0068/350e54f5b1d9b2cb8a2ff8b2a9934ec7~tplv-tiktokx-cropcenter:100:100.jpg?dr=9640&refresh_token=72d780d3&x-expires=1775102400&x-signature=btAzUxU4N9tlp1197ZbEghLHK0A%3D&t=4d5b0474&ps=13740610&shp=30310797&shcp=ff37627b&idc=useast8,,,,,,,,,
Si verdad! Muchas gracias bella💕💕,0,,2026-03-16T02:05:24.000Z,novasbeauty16,https://www.tiktok.com/@novasbeauty16/video/7616827510587788574,6853302013343024134,7617668488141177630,https://p16-common-sign.tiktokcdn-us.com/tos-useast8-avt-0068-tx2/603c38e5727b4959235c2677894942f5~tplv-tiktokx-cropcenter:100:100.jpg?dr=9640&refresh_token=46c976ec&x-expires=1775102400&x-signature=hxfUrQBPNYCz%2B%2BGmZvKmpRbnsqc%3D&t=4d5b0474&ps=13740610&shp=30310797&shcp=ff37627b&idc=useast8,,,,,,,,,
se ve muy refrescante🥰,1,1,2026-03-14T07:02:18.000Z,angiie_mlz,https://www.tiktok.com/@novasbeauty16/video/7616827510587788574,6979355446118679557,7617003054668333840,https://p16-common-sign.tiktokcdn-us.com/tos-alisg-avt-0068/034212dd9797284417c66b6c5b10f71b~tplv-tiktokx-cropcenter:100:100.jpg?dr=9640&refresh_token=57d5e2f3&x-expires=1775102400&x-signature=T5PM3l01XWGOWfhew9D%2FYXysLO4%3D&t=4d5b0474&ps=13740610&shp=30310797&shcp=ff37627b&idc=useast8,,,,,,,,,
Si linda! Muchas gracias❤️❤️,0,,2026-03-16T02:08:57.000Z,novasbeauty16,https://www.tiktok.com/@novasbeauty16/video/7616827510587788574,6853302013343024134,7617669528893293342,https://p16-common-sign.tiktokcdn-us.com/tos-useast8-avt-0068-tx2/603c38e5727b4959235c2677894942f5~tplv-tiktokx-cropcenter:100:100.jpg?dr=9640&refresh_token=46c976ec&x-expires=1775102400&x-signature=hxfUrQBPNYCz%2B%2BGmZvKmpRbnsqc%3D&t=4d5b0474&ps=13740610&shp=30310797&shcp=ff37627b&idc=useast8,,,,,,,,,
que bonita piel y los labios súper lindos 💖,1,1,2026-03-14T08:02:44.000Z,hannieprieto0721,https://www.tiktok.com/@novasbeauty16/video/7616827510587788574,6531136427017638927,7617018651945812744,https://p16-common-sign.tiktokcdn-us.com/tos-alisg-avt-0068/b85dc5895cdaab6f3c72fd301a92fcd8~tplv-tiktokx-cropcenter:100:100.jpg?dr=9640&refresh_token=56c23e33&x-expires=1775102400&x-signature=fjMYo4DpmdmnZQNXSa8EVQmvoow%3D&t=4d5b0474&ps=13740610&shp=30310797&shcp=ff37627b&idc=useast8,,,,,,,,,
Muchas gracias linda💕💕,0,,2026-03-16T02:05:55.000Z,novasbeauty16,https://www.tiktok.com/@novasbeauty16/video/7616827510587788574,6853302013343024134,7617668810510697247,https://p16-common-sign.tiktokcdn-us.com/tos-useast8-avt-0068-tx2/603c38e5727b4959235c2677894942f5~tplv-tiktokx-cropcenter:100:100.jpg?dr=9640&refresh_token=46c976ec&x-expires=1775102400&x-signature=hxfUrQBPNYCz%2B%2BGmZvKmpRbnsqc%3D&t=4d5b0474&ps=13740610&shp=30310797&shcp=ff37627b&idc=useast8,,,,,,,,,
que bonita dejo tu piel 🥰,1,1,2026-03-13T22:22:53.000Z,_almita98,https://www.tiktok.com/@novasbeauty16/video/7616827510587788574,6858415035635500037,7616869172329775880,https://p16-common-sign.tiktokcdn-us.com/tos-alisg-avt-0068/d69cfd8a89e54f1f9431dedb17aaf712~tplv-tiktokx-cropcenter:100:100.jpg?dr=9640&refresh_token=514a2411&x-expires=1775102400&x-signature=kDmRX1yn2R4Nw%2F34Hn6oWXE57kc%3D&t=4d5b0474&ps=13740610&shp=30310797&shcp=ff37627b&idc=useast8,,,,,,,,,
Muchas gracias linda💕💕,0,,2026-03-16T02:17:42.000Z,novasbeauty16,https://www.tiktok.com/@novasbeauty16/video/7616827510587788574,6853302013343024134,7617671788113773342,https://p16-common-sign.tiktokcdn-us.com/tos-useast8-avt-0068-tx2/603c38e5727b4959235c2677894942f5~tplv-tiktokx-cropcenter:100:100.jpg?dr=9640&refresh_token=46c976ec&x-expires=1775102400&x-signature=hxfUrQBPNYCz%2B%2BGmZvKmpRbnsqc%3D&t=4d5b0474&ps=13740610&shp=30310797&shcp=ff37627b&idc=useast8,,,,,,,,,
que increíble se ve super hidratante 🤩✨,0,1,2026-03-14T11:52:17.000Z,noemi.make_up,https://www.tiktok.com/@novasbeauty16/video/7616827510587788574,7295216219333985286,7617077800452801288,https://p16-common-sign.tiktokcdn-us.com/tos-alisg-avt-0068/107c1c6c53c07c5600ce556e963ceabd~tplv-tiktokx-cropcenter:100:100.jpg?dr=9640&refresh_token=0e40d026&x-expires=1775102400&x-signature=flqoB4UqGSY4n8yyvhHzXamjFes%3D&t=4d5b0474&ps=13740610&shp=30310797&shcp=ff37627b&idc=useast8,,,,,,,,,
Muchas gracias linda💕💕,0,,2026-03-16T02:04:32.000Z,novasbeauty16,https://www.tiktok.com/@novasbeauty16/video/7616827510587788574,6853302013343024134,7617668436814529311,https://p16-common-sign.tiktokcdn-us.com/tos-useast8-avt-0068-tx2/603c38e5727b4959235c2677894942f5~tplv-tiktokx-cropcenter:100:100.jpg?dr=9640&refresh_token=46c976ec&x-expires=1775102400&x-signature=hxfUrQBPNYCz%2B%2BGmZvKmpRbnsqc%3D&t=4d5b0474&ps=13740610&shp=30310797&shcp=ff37627b&idc=useast8,,,,,,,,,
Se ven super también es bueno eso de hidratar los labios 😍,2,1,2026-03-13T19:58:02.000Z,nanibeauty03,https://www.tiktok.com/@novasbeauty16/video/7616827510587788574,7016122516071089157,7616831857892705045,https://p19-common-sign.tiktokcdn-us.com/tos-alisg-avt-0068/c1d194e89da75d50ea121aa4b4df8a87~tplv-tiktokx-cropcenter:100:100.jpg?dr=9640&refresh_token=b33725eb&x-expires=1775102400&x-signature=viTEQ%2FAmrTkvc7UUzLB9SM4SZE4%3D&t=4d5b0474&ps=13740610&shp=30310797&shcp=ff37627b&idc=useast8,,,,,,,,,
Si bella! Muchas gracias❤️❤️,0,,2026-03-16T02:04:55.000Z,novasbeauty16,https://www.tiktok.com/@novasbeauty16/video/7616827510587788574,6853302013343024134,7617668487569802014,https://p16-common-sign.tiktokcdn-us.com/tos-useast8-avt-0068-tx2/603c38e5727b4959235c2677894942f5~tplv-tiktokx-cropcenter:100:100.jpg?dr=9640&refresh_token=46c976ec&x-expires=1775102400&x-signature=hxfUrQBPNYCz%2B%2BGmZvKmpRbnsqc%3D&t=4d5b0474&ps=13740610&shp=30310797&shcp=ff37627b&idc=useast8,,,,,,,,,
"Que bueno es darse una consentida con estos productos, excelente spa para el rostro 🤩",1,1,2026-03-14T03:06:59.000Z,rbknissonmkup,https://www.tiktok.com/@novasbeauty16/video/7616827510587788574,6781237551355511813,7616942314145776415,https://p16-common-sign.tiktokcdn-us.com/tos-useast8-avt-0068-tx2/11f5ce51d0400809db62d870ab9624bf~tplv-tiktokx-cropcenter:100:100.jpg?dr=9640&refresh_token=9f316563&x-expires=1775102400&x-signature=Qcr1QqA4uCd60BuEpuKFlQZFzds%3D&t=4d5b0474&ps=13740610&shp=30310797&shcp=ff37627b&idc=useast8,,,,,,,,,
Si linda! Muchas gracias❤️❤️,0,,2026-03-16T02:05:05.000Z,novasbeauty16,https://www.tiktok.com/@novasbeauty16/video/7616827510587788574,6853302013343024134,7617668546017280798,https://p16-common-sign.tiktokcdn-us.com/tos-useast8-avt-0068-tx2/603c38e5727b4959235c2677894942f5~tplv-tiktokx-cropcenter:100:100.jpg?dr=9640&refresh_token=46c976ec&x-expires=1775102400&x-signature=hxfUrQBPNYCz%2B%2BGmZvKmpRbnsqc%3D&t=4d5b0474&ps=13740610&shp=30310797&shcp=ff37627b&idc=useast8,,,,,,,,,
Que padre se ve esa rutina 👌👌,1,1,2026-03-14T15:36:44.000Z,fanncastillo,https://www.tiktok.com/@novasbeauty16/video/7616827510587788574,6555632473936510981,7617135640132043541,https://p16-common-sign.tiktokcdn-us.com/tos-alisg-avt-0068/3b0ed077171f1e2b79cf602b2465dc4d~tplv-tiktokx-cropcenter:100:100.jpg?dr=9640&refresh_token=cc3c24e7&x-expires=1775102400&x-signature=E3cxinnu7r5YeOD29pZcmxEoJ4E%3D&t=4d5b0474&ps=13740610&shp=30310797&shcp=ff37627b&idc=useast8,,,,,,,,,
Muchas gracias linda❤️❤️,0,,2026-03-16T02:08:22.000Z,novasbeauty16,https://www.tiktok.com/@novasbeauty16/video/7616827510587788574,6853302013343024134,7617669442369422110,https://p16-common-sign.tiktokcdn-us.com/tos-useast8-avt-0068-tx2/603c38e5727b4959235c2677894942f5~tplv-tiktokx-cropcenter:100:100.jpg?dr=9640&refresh_token=46c976ec&x-expires=1775102400&x-signature=hxfUrQBPNYCz%2B%2BGmZvKmpRbnsqc%3D&t=4d5b0474&ps=13740610&shp=30310797&shcp=ff37627b&idc=useast8,,,,,,,,,
ayyy que refrescante se ve esa máscarilla 😍😍,1,1,2026-03-13T19:53:20.000Z,jenn__vibes,https://www.tiktok.com/@novasbeauty16/video/7616827510587788574,7112538060172887045,7616830651468055314,https://p16-common-sign.tiktokcdn-us.com/tos-alisg-avt-0068/a48386358d730d5f67f02be342966f3b~tplv-tiktokx-cropcenter:100:100.jpg?dr=9640&refresh_token=62b3a463&x-expires=1775102400&x-signature=ThjMbGvnTlO5xeLpjv5yuR1J4VE%3D&t=4d5b0474&ps=13740610&shp=30310797&shcp=ff37627b&idc=useast8,,,,,,,,,
Muchas gracias bella💕💕,0,,2026-03-16T02:07:06.000Z,novasbeauty16,https://www.tiktok.com/@novasbeauty16/video/7616827510587788574,6853302013343024134,7617669084838544159,https://p16-common-sign.tiktokcdn-us.com/tos-useast8-avt-0068-tx2/603c38e5727b4959235c2677894942f5~tplv-tiktokx-cropcenter:100:100.jpg?dr=9640&refresh_token=46c976ec&x-expires=1775102400&x-signature=hxfUrQBPNYCz%2B%2BGmZvKmpRbnsqc%3D&t=4d5b0474&ps=13740610&shp=30310797&shcp=ff37627b&idc=useast8,,,,,,,,,
que padre mascarilla 🥰,1,1,2026-03-14T14:06:47.000Z,betty_guzman16,https://www.tiktok.com/@novasbeauty16/video/7616827510587788574,6793525623476470789,7617112462697956104,https://p16-common-sign.tiktokcdn-us.com/tos-alisg-avt-0068/8e581b5530445b5b59167b8ceb056b42~tplv-tiktokx-cropcenter:100:100.jpg?dr=9640&refresh_token=bf1348b6&x-expires=1775102400&x-signature=gSToXhcnBWifjoE64fuwynIeyxs%3D&t=4d5b0474&ps=13740610&shp=30310797&shcp=ff37627b&idc=useast8,,,,,,,,,
Muchas gracias linda❤️❤️,0,,2026-03-16T02:03:48.000Z,novasbeauty16,https://www.tiktok.com/@novasbeauty16/video/7616827510587788574,6853302013343024134,7617668221563814687,https://p16-common-sign.tiktokcdn-us.com/tos-useast8-avt-0068-tx2/603c38e5727b4959235c2677894942f5~tplv-tiktokx-cropcenter:100:100.jpg?dr=9640&refresh_token=46c976ec&x-expires=1775102400&x-signature=hxfUrQBPNYCz%2B%2BGmZvKmpRbnsqc%3D&t=4d5b0474&ps=13740610&shp=30310797&shcp=ff37627b&idc=useast8,,,,,,,,,
Que rico se ve eso 😍😍😍 spa para el rostro 💗💗💗,1,1,2026-03-13T19:45:59.000Z,rossie_rm23,https://www.tiktok.com/@novasbeauty16/video/7616827510587788574,6772667095399646213,7616828760898208519,https://p16-common-sign.tiktokcdn-us.com/tos-alisg-avt-0068/c7b250149474961890a624b40d575474~tplv-tiktokx-cropcenter:100:100.jpg?dr=9640&refresh_token=660500f4&x-expires=1775102400&x-signature=uumJo15WeZLnnWL6hq3OpFBWmk0%3D&t=4d5b0474&ps=13740610&shp=30310797&shcp=ff37627b&idc=useast8,,,,,,,,,
Totalmente de acuerdo linda❤️❤️,0,,2026-03-16T02:04:46.000Z,novasbeauty16,https://www.tiktok.com/@novasbeauty16/video/7616827510587788574,6853302013343024134,7617668498428887838,https://p16-common-sign.tiktokcdn-us.com/tos-useast8-avt-0068-tx2/603c38e5727b4959235c2677894942f5~tplv-tiktokx-cropcenter:100:100.jpg?dr=9640&refresh_token=46c976ec&x-expires=1775102400&x-signature=hxfUrQBPNYCz%2B%2BGmZvKmpRbnsqc%3D&t=4d5b0474&ps=13740610&shp=30310797&shcp=ff37627b&idc=useast8,,,,,,,,,
love this 😍😍,0,0,2026-03-11T18:02:15.000Z,v.sweety93,https://www.tiktok.com/@cinnylove30/video/7615351797741407496,287435985171353601,7616059885721551624,https://p16-common-sign.tiktokcdn-us.com/tos-alisg-avt-0068/a5a3fe5af05f6ef3d98c0f67cabc61b7~tplv-tiktokx-cropcenter:100:100.jpg?dr=9640&refresh_token=b14fc0a6&x-expires=1775102400&x-signature=TDUjsXVrc0DR7Ki%2B5K%2BoklbRnI8%3D&t=4d5b0474&ps=13740610&shp=30310797&shcp=ff37627b&idc=useast5,,,,,,,,,
so cute!!💗💗,0,0,2026-03-10T13:01:43.000Z,ugcbyfayla,https://www.tiktok.com/@cinnylove30/video/7615351797741407496,7571810200953570321,7615611340347425544,https://p16-common-sign.tiktokcdn-us.com/tos-alisg-avt-0068/a4056cebf65186b07526e22ad7dd39e9~tplv-tiktokx-cropcenter:100:100.jpg?dr=9640&refresh_token=18440d00&x-expires=1775102400&x-signature=NFfmRwYdN2D3mcTwS17mNmfhJXk%3D&t=4d5b0474&ps=13740610&shp=30310797&shcp=ff37627b&idc=useast5,,,,,,,,,
Wow looks amazing 🥰🥰,0,0,2026-03-12T23:16:19.000Z,erjola.dervishi,https://www.tiktok.com/@cinnylove30/video/7615351797741407496,7045845437350020102,7616511840570622752,https://p16-common-sign.tiktokcdn-us.com/tos-useast2a-avt-0068-euttp/671875b6c06d13b3e7e4b58100c4b938~tplv-tiktokx-cropcenter:100:100.jpg?dr=9640&refresh_token=b085fa2c&x-expires=1775102400&x-signature=uKMM1I3OkqnSKrZ%2BFfnONPWtUHM%3D&t=4d5b0474&ps=13740610&shp=30310797&shcp=ff37627b&idc=useast5,,,,,,,,,
Omg what a great lip mask 😍 I need this in my routine! ♥️,0,0,2026-03-19T03:02:56.000Z,ugcshayy,https://www.tiktok.com/@cinnylove30/video/7615351797741407496,6792769020052538374,7618796753739219726,https://p16-common-sign.tiktokcdn-us.com/tos-useast5-avt-0068-tx/916fd92b5f2ac780770f4627ae932f40~tplv-tiktokx-cropcenter:100:100.jpg?dr=9640&refresh_token=ab850b90&x-expires=1775102400&x-signature=XiK8%2FUUtjjvsUhCvgY2ekNswc1Q%3D&t=4d5b0474&ps=13740610&shp=30310797&shcp=ff37627b&idc=useast5,,,,,,,,,
Such cute packaging✨❤️,0,0,2026-03-10T20:12:31.000Z,beauty.byiqra,https://www.tiktok.com/@cinnylove30/video/7615351797741407496,6761093215262344198,7615722364944663303,https://p19-common-sign.tiktokcdn-us.com/tos-alisg-avt-0068/c7b24d13da09876aa9337fc01625a686~tplv-tiktokx-cropcenter:100:100.jpg?dr=9640&refresh_token=e6c5f975&x-expires=1775102400&x-signature=3oV8SlrTDz0nmNZaznQxJ3WbOtU%3D&t=4d5b0474&ps=13740610&shp=30310797&shcp=ff37627b&idc=useast5,,,,,,,,,
adorable 😍,0,0,2026-03-09T21:19:25.000Z,andreeacipria,https://www.tiktok.com/@cinnylove30/video/7615351797741407496,7572984597123908630,7615368487125795606,https://p16-common-sign.tiktokcdn-us.com/tos-maliva-avt-0068/efb4bcb9fef4cbe49b85b504bfe29a38~tplv-tiktokx-cropcenter:100:100.jpg?dr=9640&refresh_token=13f63760&x-expires=1775102400&x-signature=0tNdfq78Een05PEnoQ9Z31CbeAc%3D&t=4d5b0474&ps=13740610&shp=30310797&shcp=ff37627b&idc=useast5,,,,,,,,,
Wow que bella te quedó la piel 🥰🥰🥰,0,0,2026-03-13T22:42:44.000Z,fabioladiaz8080,https://www.tiktok.com/@novasbeauty16/video/7616827510587788574,6807175146408969221,7616874276172088078,https://p16-common-sign.tiktokcdn-us.com/tos-useast5-avt-0068-tx/9d8ee3d85d4a9bc056ce669172f776b6~tplv-tiktokx-cropcenter:100:100.jpg?dr=9640&refresh_token=5218aead&x-expires=1775102400&x-signature=puh9miMA5xfwU9QVrkUudxR0BGM%3D&t=4d5b0474&ps=13740610&shp=30310797&shcp=ff37627b&idc=useast8,,,,,,,,,
Super interesting jelly mask 🤩🤗,0,1,2026-03-14T14:55:51.000Z,kalaveraacitlalli,https://www.tiktok.com/@novasbeauty16/video/7616827510587788574,6666881197568475142,7617125053796320013,https://p16-common-sign.tiktokcdn-us.com/tos-useast5-avt-0068-tx/78242137efbf5beda52347c528d27482~tplv-tiktokx-cropcenter:100:100.jpg?dr=9640&refresh_token=ec3bad05&x-expires=1775102400&x-signature=m5%2BQf2CfTfW3kBkqvuPod%2FEX4%2BE%3D&t=4d5b0474&ps=13740610&shp=30310797&shcp=ff37627b&idc=useast8,,,,,,,,,
Muchas gracias linda✨✨,0,,2026-03-16T02:07:41.000Z,novasbeauty16,https://www.tiktok.com/@novasbeauty16/video/7616827510587788574,6853302013343024134,7617669248139707166,https://p16-common-sign.tiktokcdn-us.com/tos-useast8-avt-0068-tx2/603c38e5727b4959235c2677894942f5~tplv-tiktokx-cropcenter:100:100.jpg?dr=9640&refresh_token=46c976ec&x-expires=1775102400&x-signature=hxfUrQBPNYCz%2B%2BGmZvKmpRbnsqc%3D&t=4d5b0474&ps=13740610&shp=30310797&shcp=ff37627b&idc=useast8,,,,,,,,,
me gustan los parches para los labios siento que da una hidratación increíble 🥰,1,1,2026-03-13T21:32:54.000Z,lesly96nat,https://www.tiktok.com/@novasbeauty16/video/7616827510587788574,7020880388777165829,7616856325625660181,https://p16-common-sign.tiktokcdn-us.com/tos-alisg-avt-0068/c74eafcc1a24d1e5a19c03d36286e0a6~tplv-tiktokx-cropcenter:100:100.jpg?dr=9640&refresh_token=00fecad2&x-expires=1775102400&x-signature=HNI9Wvk9NDeuiE1ebgA9NnAVCbA%3D&t=4d5b0474&ps=13740610&shp=30310797&shcp=ff37627b&idc=useast8,,,,,,,,,
Si linda! Muchas gracias❤️❤️,0,,2026-03-16T02:12:07.000Z,novasbeauty16,https://www.tiktok.com/@novasbeauty16/video/7616827510587788574,6853302013343024134,7617670414877393695,https://p16-common-sign.tiktokcdn-us.com/tos-useast8-avt-0068-tx2/603c38e5727b4959235c2677894942f5~tplv-tiktokx-cropcenter:100:100.jpg?dr=9640&refresh_token=46c976ec&x-expires=1775102400&x-signature=hxfUrQBPNYCz%2B%2BGmZvKmpRbnsqc%3D&t=4d5b0474&ps=13740610&shp=30310797&shcp=ff37627b&idc=useast8,,,,,,,,,
que refrescante me encantan las mascarillas 😊,1,1,2026-03-13T22:50:31.000Z,antonio_isel,https://www.tiktok.com/@novasbeauty16/video/7616827510587788574,6800177278905222150,7616876326348112656,https://p16-common-sign.tiktokcdn-us.com/tos-alisg-avt-0068/6f00da8f81780010acf7c61a5e79dc1a~tplv-tiktokx-cropcenter:100:100.jpg?dr=9640&refresh_token=25786973&x-expires=1775102400&x-signature=7rdE4ZPjD2O%2Fw8BHjLsG8eRgggU%3D&t=4d5b0474&ps=13740610&shp=30310797&shcp=ff37627b&idc=useast8,,,,,,,,,
Si linda! Son de lo mejor!❤️❤️,0,,2026-03-16T02:17:31.000Z,novasbeauty16,https://www.tiktok.com/@novasbeauty16/video/7616827510587788574,6853302013343024134,7617671796804387614,https://p16-common-sign.tiktokcdn-us.com/tos-useast8-avt-0068-tx2/603c38e5727b4959235c2677894942f5~tplv-tiktokx-cropcenter:100:100.jpg?dr=9640&refresh_token=46c976ec&x-expires=1775102400&x-signature=hxfUrQBPNYCz%2B%2BGmZvKmpRbnsqc%3D&t=4d5b0474&ps=13740610&shp=30310797&shcp=ff37627b&idc=useast8,,,,,,,,,
Que bella dejo tu piel y labios 🥰,0,0,2026-03-13T22:58:51.000Z,makeupbeautyrossistudio,https://www.tiktok.com/@novasbeauty16/video/7616827510587788574,6965695357456237570,7616878449512907541,https://p16-common-sign.tiktokcdn-us.com/tos-alisg-avt-0068/5f06361ad4562cbf3d86aeb3cbaebf4d~tplv-tiktokx-cropcenter:100:100.jpg?dr=9640&refresh_token=650c3ea7&x-expires=1775102400&x-signature=6UDejiMD9s9nKgObh2w9pc4VRNg%3D&t=4d5b0474&ps=13740610&shp=30310797&shcp=ff37627b&idc=useast8,,,,,,,,,
Justo lo que mi carita necesita🥰✨,0,0,2026-03-14T04:33:18.000Z,anagarciasoto5,https://www.tiktok.com/@novasbeauty16/video/7616827510587788574,6646832094575247366,7616964641923924757,https://p16-common-sign.tiktokcdn-us.com/tos-maliva-avt-0068/7322225082327203846~tplv-tiktokx-cropcenter:100:100.jpg?dr=9640&refresh_token=d3dd59d3&x-expires=1775102400&x-signature=uitTzqKGMAl9YE9rcubr7f66dMc%3D&t=4d5b0474&ps=13740610&shp=30310797&shcp=ff37627b&idc=useast8,,,,,,,,,
se miran bien padres esos productos bb 🥰🥰,0,0,2026-03-14T16:28:38.000Z,angies.vaz15,https://www.tiktok.com/@novasbeauty16/video/7616827510587788574,7143730448936551429,7617149007739847442,https://p19-common-sign.tiktokcdn-us.com/tos-alisg-avt-0068/449c03bbe94cd4b323f909020ada3dc9~tplv-tiktokx-cropcenter:100:100.jpg?dr=9640&refresh_token=783e2a1a&x-expires=1775102400&x-signature=CRh04%2FaCVyQ8SDoMQFx%2Fw60OdaE%3D&t=4d5b0474&ps=13740610&shp=30310797&shcp=ff37627b&idc=useast8,,,,,,,,,
que padre máscara super relajante 😍,0,0,2026-03-13T20:39:40.000Z,esme20575,https://www.tiktok.com/@novasbeauty16/video/7616827510587788574,7463174433387168773,7616842591796380417,https://p16-common-sign.tiktokcdn-us.com/tos-alisg-avt-0068/f7ac49a777fa197cec8695497ffe6fae~tplv-tiktokx-cropcenter:100:100.jpg?dr=9640&refresh_token=e1f55df3&x-expires=1775102400&x-signature=avCKpnm2xlReLc4%2BR8UMLufV%2BdY%3D&t=4d5b0474&ps=13740610&shp=30310797&shcp=ff37627b&idc=useast8,,,,,,,,,
ay me dió una sensación de frescura 🥰,1,1,2026-03-14T00:39:43.000Z,feryiiss,https://www.tiktok.com/@novasbeauty16/video/7616827510587788574,7109630096949068806,7616904453719606037,https://p16-common-sign.tiktokcdn-us.com/tos-maliva-avt-0068/7036543f8e9b73b533d8dd2098ddb080~tplv-tiktokx-cropcenter:100:100.jpg?dr=9640&refresh_token=66c55708&x-expires=1775102400&x-signature=mN%2FkdVNZYyysVMpK33Bw5Bk9vEs%3D&t=4d5b0474&ps=13740610&shp=30310797&shcp=ff37627b&idc=useast8,,,,,,,,,
Muchas gracias linda💕💕,0,,2026-03-16T02:06:59.000Z,novasbeauty16,https://www.tiktok.com/@novasbeauty16/video/7616827510587788574,6853302013343024134,7617669051456340766,https://p16-common-sign.tiktokcdn-us.com/tos-useast8-avt-0068-tx2/603c38e5727b4959235c2677894942f5~tplv-tiktokx-cropcenter:100:100.jpg?dr=9640&refresh_token=46c976ec&x-expires=1775102400&x-signature=hxfUrQBPNYCz%2B%2BGmZvKmpRbnsqc%3D&t=4d5b0474&ps=13740610&shp=30310797&shcp=ff37627b&idc=useast8,,,,,,,,,
me encantan las mascarillas son muy relajantes ♥️,0,0,2026-03-13T20:29:19.000Z,nallely_riios,https://www.tiktok.com/@novasbeauty16/video/7616827510587788574,6534482815805821967,7616839918619230997,https://p16-common-sign.tiktokcdn-us.com/tos-alisg-avt-0068/6f3557551784832da06dc2dc15fdfabb~tplv-tiktokx-cropcenter:100:100.jpg?dr=9640&refresh_token=d0a5416b&x-expires=1775102400&x-signature=2nOs14Jg2q7erVpTsmNGwlzZRzA%3D&t=4d5b0474&ps=13740610&shp=30310797&shcp=ff37627b&idc=useast8,,,,,,,,,
Esos parches de labios están súper 👌,0,0,2026-03-13T21:12:47.000Z,mari_carmenh5,https://www.tiktok.com/@novasbeauty16/video/7616827510587788574,6836451363876389894,7616851152759505682,https://p16-common-sign.tiktokcdn-us.com/tos-maliva-avt-0068/52577b0fd8a4aa372f76c92e7061daa8~tplv-tiktokx-cropcenter:100:100.jpg?dr=9640&refresh_token=ba8743c0&x-expires=1775102400&x-signature=Y919TXy3vnubissTVwaBe8rP4YE%3D&t=4d5b0474&ps=13740610&shp=30310797&shcp=ff37627b&idc=useast8,,,,,,,,,
Yo quiero probar la de labios 🥰 te los dejo muy bonitos,0,0,2026-03-14T02:41:57.000Z,andiie.makeup,https://www.tiktok.com/@novasbeauty16/video/7616827510587788574,6974241296559391749,7616935984894133010,https://p16-common-sign.tiktokcdn-us.com/tos-alisg-avt-0068/cf3446b0c8b32b3ab8a306217b2d7b87~tplv-tiktokx-cropcenter:100:100.jpg?dr=9640&refresh_token=4c8df1db&x-expires=1775102400&x-signature=szOObsRrxLvS0InAMTH1w4Mm4Cc%3D&t=4d5b0474&ps=13740610&shp=30310797&shcp=ff37627b&idc=useast8,,,,,,,,,
Se ve que es una maravilla 😍 genial,0,0,2026-03-14T05:03:20.000Z,lala.ytbe,https://www.tiktok.com/@novasbeauty16/video/7616827510587788574,7203090811306132523,7616972321231864589,https://p16-common-sign.tiktokcdn-us.com/tos-useast5-avt-0068-tx/9af81c3aa6bad3fd94285b6296c0c44b~tplv-tiktokx-cropcenter:100:100.jpg?dr=9640&refresh_token=19a251b2&x-expires=1775102400&x-signature=h16rRU8NN5PyudBYj%2Bzd4HDCIyg%3D&t=4d5b0474&ps=13740610&shp=30310797&shcp=ff37627b&idc=useast8,,,,,,,,,
Muchas gracias bella❤️❤️,0,,2026-03-16T02:04:24.000Z,novasbeauty16,https://www.tiktok.com/@novasbeauty16/video/7616827510587788574,6853302013343024134,7617668376450827039,https://p16-common-sign.tiktokcdn-eu.com/tos-maliva-avt-0068/603c38e5727b4959235c2677894942f5~tplv-tiktokx-cropcenter:100:100.jpg?dr=10399&refresh_token=6194e043&x-expires=1775102400&x-signature=P4xyTLxsGgHEKYXee2M6xng9FOQ%3D&t=4d5b0474&ps=13740610&shp=30310797&shcp=ff37627b&idc=no1a,,,,,,,,,
Si linda! Muchas gracias❤️❤️,0,,2026-03-16T02:08:15.000Z,novasbeauty16,https://www.tiktok.com/@novasbeauty16/video/7616827510587788574,6853302013343024134,7617669384987378463,https://p16-common-sign.tiktokcdn-eu.com/tos-maliva-avt-0068/603c38e5727b4959235c2677894942f5~tplv-tiktokx-cropcenter:100:100.jpg?dr=10399&refresh_token=6194e043&x-expires=1775102400&x-signature=P4xyTLxsGgHEKYXee2M6xng9FOQ%3D&t=4d5b0474&ps=13740610&shp=30310797&shcp=ff37627b&idc=no1a,,,,,,,,,
de ve super esa mascarilla bb 🤩,0,0,2026-03-14T22:22:05.000Z,montzemkp,https://www.tiktok.com/@novasbeauty16/video/7616827510587788574,6800965609754772485,7617240043703599893,https://p16-common-sign.tiktokcdn-eu.com/tos-alisg-avt-0068/c702babe2b9daffc13cc2aed11eee836~tplv-tiktokx-cropcenter:100:100.jpg?dr=10399&refresh_token=bb76dfc7&x-expires=1775102400&x-signature=CumaOz2Bx4dVyjKt1ulGTyI5DHw%3D&t=4d5b0474&ps=13740610&shp=30310797&shcp=ff37627b&idc=no1a,,,,,,,,,
esta divino ese mascarilla ♥️,1,0,2026-03-14T03:36:03.000Z,montmakeupbeautystudio,https://www.tiktok.com/@novasbeauty16/video/7616827510587788574,6806451387136852998,7616949909979480852,https://p16-common-sign.tiktokcdn-eu.com/tos-maliva-avt-0068/354bb7d6374ce323c4137f820742824f~tplv-tiktokx-cropcenter:100:100.jpg?dr=10399&refresh_token=a4571f67&x-expires=1775102400&x-signature=MsE2K0TRfWnGLJCJCIHeqANB480%3D&t=4d5b0474&ps=13740610&shp=30310797&shcp=ff37627b&idc=no1a,,,,,,,,,
se ve muy buena está mascarilla 😊,0,1,2026-03-13T22:42:07.000Z,bygiocruz,https://www.tiktok.com/@novasbeauty16/video/7616827510587788574,7333273187168650245,7616874140213986056,https://p16-common-sign.tiktokcdn-eu.com/tos-alisg-avt-0068/ca09903840b116b7ffea494fe49b50d1~tplv-tiktokx-cropcenter:100:100.jpg?dr=10399&refresh_token=0a500c19&x-expires=1775102400&x-signature=bteoNiTOua0pgHB9jow6CBLQWfE%3D&t=4d5b0474&ps=13740610&shp=30310797&shcp=ff37627b&idc=no1a,,,,,,,,,